:020000021000EC
:10200000C80A002001310100C3080300C30803000F
:1020100055210300C3080300C3080300C3080300DD
:10202000C3080300C3080300C3080300C308030078
:10203000C3080300DCEF030007220300C30803000A
:10204000C3080300C3080300C3080300C308030058
:10205000C3080300C3080300C3080300C308030048
:10206000C3080300C3080300C3080300C308030038
:10207000358B0100C3080300C3080300E12B0100F6
:1020800015080300C3080300C3080300C3080300C6
:10209000C30803000D390100C3080300C30803008F
:1020A000C30803006924010001350100C3080300CF
:1020B000C3080300C9A90200C308030021B4020039
:1020C000C5A80300C1A80300FDAB0200DBA8030004
:1020D000C9A80300F1B30200CDA8030061B4020057
:1020E000358A0200F98B0200CDB40200C308030058
:1020F000C3080300C3080300C3080300C3080300A8
:10210000C3080300C3080300C3080300C308030097
:10211000C3080300C3080300C3080300C308030087
:10212000C3080300C3080300C3080300C308030077
:10213000C3080300C3080300C3080300C308030067
:1021400082B030BF074BD3F8F030DB0704D5002353
:102150000193019B052B01DD02B07047019B013308
:10216000F6E700BF00ED00E0F0B5114A114C124E49
:1021700000F00105E3695F0713D40DB9334213D1B1
:1021800003EA00078F4207D10B4A1A40002A0CBF0E
:1021900000206FF00100F0BD013AEBD16FF00200BA
:1021A000F9E74FF0FF30F6E76FF00100F3E700BF0B
:1021B0008096980000000350020001000B4B70B5A0
:1021C000D96911F480310DD101244FF48072084E89
:1021D000084DF46020462C641A61FFF7C5FF346493
:1021E000EC6070BD6FF00100FBE700BF0000035022
:1021F00000100350002003504FF4003238B50F4B4D
:102200000F4C9A6641F671330122E569E3630D4B89
:102210000021DA60022360612120236105F480350A
:10222000FFF7A2FF10B92120FFF79EFF0122064B06
:10223000DA600DB10023E36338BD00BF00900050A9
:1022400000000350001003500020035070B5134CE1
:102250006061E3695B071ED40E4656F8043B8D1897
:10226000A361AE420BD10423002121202361FFF79B
:102270007BFF58B9BDE870402120FFF775BF0821EA
:102280000846FFF771FF10B10423236170BD56F8B3
:10229000043BA361E5E74FF0FF30F7E70000035090
:1022A0002DE9F84315464FF40032184B89469A66DB
:1022B00041F6713203F51C33DF69DA630122064609
:1022C00003F58053DFF84C8007F48037DA6055B9A6
:1022D000284601220E4BDA601FB10022A3F50053FD
:1022E000DA63BDE8F88306F5005404EA0804A41B89
:1022F000AC4228BF2C46494622463046FFF7A6FF8F
:102300000028E6D12644A1442D1BE0E700900050B0
:102310000020035000E0FFFF00000000000000006C
:1023200007B588B10BA3D3E900230949C1E902230A
:10233000CDE900234FF0FF324FF0FF33086927F05B
:102340008DFC03B05DF804FB00220023EDE700BF25
:10235000500B00200DD50155200000000348044B10
:10236000834202D0034B03B1184770479C2D0020D5
:102370009C2D002000000000064B0749C91A891057
:1023800048BF0131491003D0044B0BB10148184735
:10239000704700BF9C2D00209C2D002000000000F5
:1023A00010B5064C237843B9FFF7D8FF044B13B19F
:1023B0000448AFF300800123237010BD06280020DD
:1023C000000000007436040008B5054B1BB1054938
:1023D0000548AFF30080BDE80840FFF7CDBF00BF60
:1023E00000000000A80D002074360400A3F5803A18
:1023F000704700BF174B002B08BF134B9D46FFF7DC
:10240000F5FF00218B460F461348144A121A28F094
:1024100023FB0E4B002B00D098470D4B002B00D018
:1024200098470020002104000D000D48002802D02C
:102430000C48AFF3008019F0F3FB200029001EF0D8
:1024400072F919F057FA00BF000008000000000000
:1024500000000000C80A0020C80A0020402900200F
:102460000000000000000000044B0120D3F82024ED
:1024700003F50053C3F8202411F0D8BD00C0035069
:102480007FB50368AD4A23F47F4323F007039342EB
:1024900000F09C810DD8AA4A934200F0DF8002F13F
:1024A0008072934200F0E680A64A934229D004B09D
:1024B00070BDA54A934200F0698102F180629342A7
:1024C000F5D1B0F805001B28F1D10DF10B03012265
:1024D0000093002103AB0EF043FF9DF80B20102367
:1024E000002A00F02881994A13611EF09CF91EF021
:1024F0009BF9974B9DF80B20964918681FF093F8AD
:10250000D5E7954E304611F0B5FD054618B3904C11
:10251000924920681FF087F8914920681FF083F8DE
:102520001EF081F91EF080F98E4B8F4A00938F497F
:102530006F2320681FF077F88D492B468D4A20685D
:102540001FF071F8284600F061FC8B4920681FF0ED
:102550006AF800BEFDE70221307811F0C5FD04469F
:1025600018B37B4D7D4928681FF05DF87C492868C9
:102570001FF059F81EF057F91EF056F9794B7A4AB8
:1025800000937A49742328681FF04DF87849234650
:10259000784A28681FF047F8204600F037FC764953
:1025A00028681FF040F800BEFDE7A0220090034617
:1025B0001146307811F078FD054618B3644C674930
:1025C00020681FF030F8664920681FF02CF81EF0D4
:1025D0002AF91EF029F9634B634A009363497D236E
:1025E00020681FF020F862492B46624A20681FF0DD
:1025F0001AF8284600F00AFC5F4920681FF013F81B
:1026000000BEFDE70221307811F082FD054600286A
:102610003FF44DAF4E4C514920681FF004F850492B
:1026200020681FF000F81EF0FEF81EF0FDF84D4B7C
:102630004D4A00934D49812320681EF0F4FF4C4918
:102640002B464C4A20681EF0EEFF284600F0DEFBC9
:10265000494920681EF0E7FF00BEFDE71EF0E3F8E1
:102660001EF0E2F83A4B4549186804B0BDE87040E6
:102670001EF0D9BF364C1EF0D6F81EF0D5F84049F2
:1026800020681EF0D0FF0022334E3E4B02213078EE
:102690001A7011F029FD054610B3304920681EF06C
:1026A000C2FF2F4920681EF0BEFF1EF0BCF81EF0CE
:1026B000BBF82C4B2C4A00932C49952320681EF024
:1026C000B2FF2B492B462B4A20681EF0ACFF284650
:1026D00000F09CFB284920681EF0A5FF00BEFDE726
:1026E0000221307811F014FD054600283FF4DFAEDA
:1026F0001A4920681EF097FF194920681EF093FFC1
:102700001EF091F81EF090F8164B174A00931749E7
:102710009A2320681EF087FF15492B46154A20682A
:102720001EF081FF284600F071FB134920681EF05F
:102730007AFF00BEFDE7144AD6E600BFA000010301
:10274000A0000600A0000100A0000A0300D0035072
:10275000E40E002055EB0300742D002027EB03004E
:10276000D0EA0300C9EB0300D5EA0300DEEA030068
:10277000EDEA0300EAEA030002EB030013EB0300B7
:1027800029EB03000728002000E00350B0F80530D3
:102790001D2B7FF48CAE03891A4E13F001041A4DE1
:1027A0000AD01EF040F81EF03FF8184930681EF0BD
:1027B0003AFF01232B707AE61EF035F81EF034F84C
:1027C000134930681EF02FFF2C7070E64468012C0E
:1027D0007FF46DAE0F4B22465B6F0021C3F3C01335
:1027E0008DF80C301D2003AB0EF0EAFD064B1B7874
:1027F000002B3FF45CAE214603AA1D200EF00CFE18
:1028000055E600BFE40E00200728002060EB03001F
:1028100093EB030000C003500022014B1A80704765
:10282000CC27002030B503687E4A23F47F4323F091
:102830000703934289B040F0F3800622002116205E
:10284000794B0EF0BDFD044618B3784D78492868E1
:102850001EF0E9FE774928681EF0E5FE1DF0E3FF53
:102860001DF0E2FF744B754A009375496C2328688C
:102870001EF0D9FE73492346734A28681EF0D3FE22
:10288000204600F0C3FA714928681EF0CCFE00BE55
:10289000FDE70146082212206D4B0EF091FD044623
:1028A00018B3624D624928681EF0BDFE6149286870
:1028B0001EF0B9FE1DF0B7FF1DF0B6FF5E4B5F4A7C
:1028C00000935F49782328681EF0ADFE5D492346DA
:1028D0005D4A28681EF0A7FE204600F097FA5B4983
:1028E00028681EF0A0FE00BEFDE70146032214206A
:1028F000584B0EF065FD054618B34C4C4C4920680A
:102900001EF091FE4B4920681EF08DFE1DF08BFFDE
:102910001DF08AFF484B494A0093494986232068A5
:102920001EF081FE47492B46474A20681EF07BFE79
:10293000284600F06BFA454920681EF074FE00BE80
:10294000FDE70DF10F0104A811F006FC044618B3D1
:10295000364D374928681EF066FE364928681EF055
:1029600062FE1DF060FF1DF05FFF334B334A0093A2
:102970003349952328681EF056FE32492346324AD1
:1029800028681EF050FE204600F040FA2F492868C3
:102990001EF049FE00BEFDE7BDF8143001465BBAEB
:1029A000ADF818309DF8133008228DF81A30FF2347
:1029B0008DF81B30FE238DF81C309DF81230182046
:1029C0008DF81D30BDF810305BBAADF81E3006AB87
:1029D0000EF0F6FC054618B3144C154920681EF09D
:1029E00022FE144920681EF01EFE1DF01CFF1DF083
:1029F0001BFF114B114A00931149A52320681EF0BB
:102A000012FE10492B46104A20681EF00CFE284684
:102A100000F0FCF90D4920681EF005FE00BEFDE740
:102A200009B030BDA000010049EC0300E40E002015
:102A300027EB0300D0EA030009EC0300D8EB030006
:102A4000DEEA0300EDEA0300EAEA030002EB03001A
:102A500041EC03003EEC0300064B1B681A7A022A85
:102A600004D812B11B68044A13607047032AF9D0D6
:102A7000704700BF2C2B0020C00D002070B5274DE3
:102A8000A8B012AC0FCD0FC495E80700032384E86B
:102A900007008DF861302923214A2249CDE903231B
:102AA000214B0024CDE905134FF4807307934FF4B5
:102AB000A023CDE909440B94089319AD08AE0FCEBD
:102AC000CDE90E4410940FC5184B0DAE2B60184B7A
:102AD0001EAD0D930FCE0FC52020164B19A92B60EC
:102AE000154B12AA2393154B2694CDE92403144BBE
:102AF00014482793144B009303AB05F009FC0446DC
:102B00009DF897304FF4E130002B0CBF03210021DA
:102B10001DF0C9FE204628B070BD00BF28EF03009D
:102B200000000650000500060008000724000650BB
:102B3000020005003C0006500828002000010100AA
:102B4000402B00207C0E0020C40D0020831E012B92
:102B500010B50C4619D801290DD8184B04221B6951
:102B600005210020C3F3401303F08AFB24B1144B6A
:102B700018680368F3B910BD114B18680368002B7F
:102B8000F9D0BDE8104005F091BB8B1E012B0CD88D
:102B90000128F0D8BDE810400022084B05211B6930
:102BA0001046C3F3401303F06BBB0029E4D00129A6
:102BB000DDD0E0E7BDE810401EF004BF00C00350C8
:102BC000542B002008B50449044805F097FDBDE8E2
:102BD0000840FFF753BF00BF582B0020A40E002071
:102BE00001481EF074BF00BF7C0E0020014B5A6AE2
:102BF000186810477C0E0020044B834205D1044B1B
:102C00001B7813B1C8B211F097BA7047AC0E002010
:102C10002828002030B5002503685A4A23F47F4352
:102C200023F0070385B0934204460295ADF80C509B
:102C300000F0828002F1C06202F5802293420DD042
:102C4000514A934240F09C80504B1B78002B00F07F
:102C5000978005B0BDE830401FF0D1BAB0F805301C
:102C6000212B40F08D80FF2304A91A4611E90300AF
:102C70001DF0D2FD012814BF41F2FC15434B05F0B5
:102C8000FC0208BF1870212120790EF0AFFB054629
:102C900018B33F4C3F4920681EF0C5FC3E492068F0
:102CA0001EF0C1FC1DF0BFFD1DF0BEFD3B4B3C4ABC
:102CB00000933C49592320681EF0B5FC3A492B4645
:102CC0003A4A20681EF0AFFC284600F09FF83849C9
:102CD00020681EF0A8FC00BEFDE73649009023796D
:102CE000354A0968354800F0EDF80546002847D018
:102CF000274C284920681EF096FC274920681EF0C2
:102D000092FC1DF090FD1DF08FFD244B244A009392
:102D10002449622320681EF086FC23492B46234A5F
:102D200020681EF080FC284600F070F820492068DA
:102D30001EF079FC00BEFDE7B0F80530B7EE047A6E
:102D400007EE903AF8EE677AB0F8073067EE877AC8
:102D5000013307EE103AB8EEC77A67EE877AB1EE24
:102D6000047A67EE877AFAFE677AFCEEE77A17EE66
:102D7000903AB3F57A7F38BF4FF47A730D4A1360F7
:102D800005B030BDA0000602A000060128280020E2
:102D9000E40E002027EB0300D0EA0300B5EF0300A8
:102DA00044EF0300DEEA0300EDEA0300EAEA030071
:102DB00002EB0300602B0020F92B0100AC0E002079
:102DC000012208B5074B1A700022074B1A70042223
:102DD000064B1A701F22064B1A7004F049FF054B70
:102DE000186008BD772D002029280020762D0020AE
:102DF000752D0020E40E0020024B034918681EF0D8
:102E000012BC00BFE40E0020D5EF030070B50C4CDF
:102E10000C49064620681EF006FC04F029FF054612
:102E2000206804F019FF3046FFF7E6FF284604F05B
:102E300013FF20680449BDE870401EF0F4BB00BFDA
:102E4000E40E0020D7EF0300D9EF030038B50546A4
:102E50002BF02EFC00230B4A14685CB1AC4206D167
:102E6000A96A6BB199622BF01EFC012007E0234692
:102E7000A46AF2E7002DF3D02BF015FC204638BDF4
:102E80001160F0E7E80E002010B50446B0B12BF059
:102E90007FF92046FFF7DAFF10B194F82C300BB918
:102EA000002010BD064C2368002BF9D02BF000FC4D
:102EB0002368013B23602BF0F6FBF1E72220F0E7CB
:102EC000EC0E00202DE9F04385B00546914698466A
:102ED0000E469DF8307009B9002F5CD12846FFF7E7
:102EE000D3FF0446002836D185F82C00686305F02E
:102EF000DFFD864233D92BF0DFF92146844640F2CC
:102F0000E7304FF47A720023E6FB0C0118F062FB05
:102F10004FF0FF32002318F05DFB2B46E886114688
:102F20002846CDE900441D4A2BF060FD044690B9C7
:102F3000C5E9089885F82D702E632BF0B9FB184A67
:102F4000136833B31A469B6A002BFBD195620023AA
:102F5000AB622BF0A8FB204605B0BDE8F08347B17B
:102F60002B4631462846CDE900440C4A2BF0F6F9B1
:102F7000DCE7304603A92BF0A5F904460028EAD186
:102F80002B462846CDE90077044A03992BF00AFD29
:102F9000CCE71560DBE72124DDE700BFA52F0100AA
:102FA000E80E002091F82C3013B50C4683B98B8EB7
:102FB000CA8E93420ED243B9CDE9003320460B4668
:102FC000124A4FF0FF312BF0D1FCA38E0133A386C0
:102FD00002B010BD52B191F82D3093B1012300938E
:102FE000D1E908232046096BFFF76CFF012384F821
:102FF0002C30074B1A6801321EBF1A6801321A6062
:10300000E6E708462BF0C4F8F0E700BFA52F010063
:10301000EC0E00202DE9F041154E336833B34FF02C
:103020000008144F2BF044FB05463C6824B92846A1
:10303000BDE8F0412BF037BB94F82C30A3B13368D6
:1030400084F82C8013B13368013B336094F82D3041
:1030500013B92046FFF7FAFE28462BF024FBD4E9EB
:10306000083120469847DDE7A46ADFE7BDE8F08134
:10307000EC0E0020E80E0020034B1B68002B14BF51
:1030800004200120704700BFEC0E0020024B18689E
:10309000B0FA80F040097047EC0E002008B50348F4
:1030A0002BF0E7FBBDE808401DF06ABBE4F003002D
:1030B00001482BF0DEBB00BFE4F0030007B5082099
:1030C0001DF023FC0222064B6846CDE900231DF0CB
:1030D000AEFB082003B05DF804EB1DF021BC00BF7F
:1030E000006A18100348044A0449121A92101DF08D
:1030F000E9BB00BF4021010020230100402900203E
:1031000008B5154B83F30A8800F030F8FFF7EAFFA3
:10311000124B13498B4212D30020124B12498B429F
:1031200018D3FFF767F9186850F82240586840F83C
:103130002240013298688242F5D30C33EAE700223C
:10314000F8E71C6844F8220001325C68A242F8D318
:103150000833E4E70022F8E7080000207C3604008A
:103160008836040088360400883604004FF4004195
:10317000134B144A70B59A60D3F88820124D42F46C
:103180007002C3F88820114A05F5005491664FF08B
:10319000FF3222664FF6DF7262660222C3F8D02049
:1031A000BFF34F8FBFF36F8F4FF44036032004F00F
:1031B00045FD0320E66004F025FD2E6170BD00BFD3
:1031C00000ED00E00020010000800044009000506D
:1031D000014B1860704700BF682B0020054B18603A
:1031E000054B1B6F03F00703032B01D12AF042B9F3
:1031F000704700BF702B00200080005000239B6AA6
:10320000B3F5903F03D21968064A914203D00023D8
:10321000037083607047012202709A689B69426064
:10322000F7E700BF07B0CD5E00239B6A10B5B3F58A
:10323000903F11D219680A4A91420DD1094C227867
:1032400012F0FD0F01D0002010BDDB699847002867
:10325000FAD101232370F6E74FF48170F4E700BF41
:1032600007B0CD5E2A280020024B034A1A601EF0E8
:103270008AB900BF0000002002020FF0BFF34F8F99
:103280000549064BCA6802F4E0621343CB60BFF302
:103290004F8F00BFFDE700BF00ED00E00400FA051E
:1032A000002307B5294801932BF0E3FA4FF440734C
:1032B000012204216846ADF8003000F095F80122A3
:1032C000234B0520C3F8442401A92BF0CDFA002894
:1032D00039D1204BD3F8F02042F00102C3F8F0209E
:1032E000D3F8FC2042F08072C3F8FC201A4AA3F500
:1032F0005D431A60019B194A03F5D52303F2FC4391
:10330000B3FBF2F3164A013B13610223C2F8F0301B
:103310004FF48073C2F804334FF06043114AC3F88E
:10332000B02F114AC3F8802ED3F8002E42F48072D9
:10333000C3F8002EFF2283F82020D3F8002E22F4B9
:103340008072C3F8002E03B05DF804FBE4F00300C4
:1033500000D0035000ED00E0FF030040F8590D00DD
:10336000000004E055CEACC5090001004FF06043F9
:10337000D3F8802E30B5D20715D501240B4D8440EB
:10338000D5F8FC2042F08072C5F8FC20D3F8002E5E
:103390002243C3F8002E53F82020002AF0D003F86F
:1033A0002010002030BD1120FCE700BF00ED00E040
:1033B00008B50C482BF05DFA192004F031FC28B157
:1033C000192004F03BFC192004F01CFC1A2004F026
:1033D00027FC28B11A2004F031FC1A2004F012FC5A
:1033E000002008BDE4F003002DE9F0410E46174629
:1033F000054610B30F2922D80378DBB1013BDBB2BD
:10340000022B1CD8104AD35C6A78D340DB0716D550
:103410000E4BD3F81043A4B92BF04AF980463A4634
:103420002846314603F0DEF940462BF03CF92046B1
:10343000BDE8F08140F2FF13E6E72224F7E72124FC
:10344000F5E70224F3E700BF2CF0030000C00350AF
:1034500010B5044608B30378E3B1013BDBB2022B9D
:103460001DD8104AD35C6278D340DB0717D52BF008
:103470001FF90122617823788A4030214B4341F2C1
:10348000100103F1A04303F570335A502BF00BF9F0
:10349000002010BD40F2FF13E5E72220F9E72120CC
:1034A000F7E700BF2CF0030010B5044608B303781B
:1034B000E3B1013BDBB2022B1DD8104AD35C62782A
:1034C000D340DB0717D52BF0F3F80122617823787E
:1034D0008A4030214B4342F2100103F1A04303F52F
:1034E00070335A502BF0DFF8002010BD40F2FF136C
:1034F000E5E72220F9E72120F7E700BF2CF00300E1
:10350000F8B503F065F90C250127164B00F055348A
:1035100024F05024144EC3F820440CB314F00100DE
:103520000BD0002024F0010405FB00635A68002A38
:10353000F3D09968C0B29047EFE7234601302028C6
:103540004FEA530301D0DA07F8D507FA00F30F2842
:1035500024EA0304E8D9103805FB0063B433E5E737
:10356000F8BD00BF00E00350F00E00202DE9F04F41
:103570009A46564B85B01B7806460F461546DDF831
:103580003C909DF844B0DDF85080002B00F097800F
:10359000072A00F296800E9B002B00F09280B9F172
:1035A000000F00F08E80129BB3F5006F00F389804E
:1035B000012803D1109B002B00F08380444B03EBC8
:1035C00005131B7B002B7ED0424C10220021684645
:1035D00027F042FA04EB45141022A7BB39462046D7
:1035E00027F03AFA43F210036380BBF1000F03D1D6
:1035F000E37843F00303E370364A0E9B02EB451C6D
:10360000CCE90193129B6901581E9DF84C30C0F320
:103610000A0003F003039B0643EA001E53582E489A
:10362000012E00EA03004EEA0003CDF800A053503B
:1036300017D0B8F1000F2ED19CF8023068F30413B4
:103640008CF8023027E00021204627F005FA4FF4DD
:1036500044736380BBF1000FCED1E37843F03003B5
:10366000C9E713230CF1100ECCF80C309CE80F00C6
:103670008EE80F006FF00301DCF81C20109B61F353
:103680009F02012FCCF81C20CCF8143003D1CCF8C9
:103690001890CCF8043000270D4A290102EB0513DD
:1036A00042F80180159A28465A60694622469F6072
:1036B0005E7302F079FE384605B0BDE8F08F07482A
:1036C000FAE70748F8E70748F6E700BF2B2800208D
:1036D00058110020581000200F80FFF3028000F0E6
:1036E000018000F0078000F038B5124B05461B78CA
:1036F000DBB1E0B12AF0DCFF0F4A00231146147B56
:1037000054B92B6001251A0101EB03131D738C5072
:103710002AF0C9FF204638BD0133082B02F1100200
:10372000EDD12AF0C0FF0548F5E70548F3E7054865
:10373000F1E700BF2B28002058110020048000F082
:10374000028000F0018000F038B52AF0B1FF0023BC
:1037500005460B4A147B6CB90133082B02F11002A9
:10376000F8D102F0CDFD074B28461C702AF09BFFD4
:10377000204603E028462AF096FF034838BD00BFE4
:10378000581100202B280020058000F00D4B10B5AB
:103790001B78044693B1072812D82AF089FF0A4BF8
:1037A00003EB04131A7B2AB100241C732AF07BFF5D
:1037B000204610BD2AF077FF0448FAE70448F8E7EE
:1037C0000448F6E72B28002058110020068000F05E
:1037D000028000F0018000F0154B13B5186800233B
:1037E00001908DF804302AF063FF124B1C7824B14D
:1037F0002AF059FF104802B010BD01221A702AF0B9
:1038000052FF0E4B01A81C731C7783F82C4083F8E1
:103810003C4083F84C4083F85C4083F86C4083F86C
:103820007C4008238DF8073002F08EFD2046E2E749
:103830002FF003002B280020038000F058110020F7
:10384000F8B50D4D2D7885B1072810DC0B4D06011C
:1038500005EB0014277B67B1AB510025069BA560E3
:10386000636002F0A1FD2846F8BD0548FCE7054865
:10387000FAE70548F8E700BF2B2800205811002080
:10388000028000F0018000F0078000F00A4A08B5CD
:1038900012785AB107280BD8084A02EB00131B7B99
:1038A00043B1002102F042FD002008BD0448FCE7BE
:1038B0000448FAE70448F8E72B28002058110020B4
:1038C000028000F0018000F0078000F00A4A08B58D
:1038D00012785AB107280BD8084A02EB00131B7B59
:1038E00043B1012102F022FD002008BD0448FCE79D
:1038F0000448FAE70448F8E72B2800205811002074
:10390000028000F0018000F0078000F0184B2DE9E4
:10391000F0411F6D5B6D1F4000D5FEE701260025BD
:10392000144CDFF85880374218D02368C8F850602C
:10393000A3B1A168284601316268A1609847637B02
:10394000012B0BD150B90C4B03EB45131A7B60F3E1
:1039500041021A731A7F60F341021A770135082D6C
:103960004FEA460604F11004DDD1BDE8F08100BF46
:10397000000004505811002058100020002004506E
:103980002DE9F04F144605460E469B46C36B87B0A3
:1039900001225B6902A960689847EB6B01225B69B1
:1039A00003A93046984702A81DF0DDFB074648B141
:1039B0000023A37563754FF0FF33A360002007B0A9
:1039C000BDE8F08F03A81DF0DBFB0123A375237E68
:1039D00004EBC303DE611F846368B3420ED1206031
:1039E00003A81DF0EFFB4FF0FF332075A360237D8C
:1039F000043B022B26D80023A375DFE723681A1A9D
:103A000053425341A37503A81DF0DCFB237D834281
:103A100018BFA77503A81DF0B7FB074602A81DF045
:103A2000B3FB874218BF002303A818BFA3751DF07E
:103A3000B3FB074602A81DF0AFFB87421CBF002363
:103A4000A375D4E703A81DF09FFB80B1EB6B0222A6
:103A500030465B6904A9984704A81DF0A4FB0346FF
:103A6000207D032839D8DFE800F03838040903A89E
:103A7000F3E7CC22237E04EBC3031A8401F0EAFAB5
:103A8000109B187003A8277E1DF072FB04EBC7077C
:103A900087F82200237E03A804EBC303B3F8209029
:103AA00093F822701DF070FB804603A81DF074FB94
:103AB0008246B8F1000F15D0EB6B022230465B69ED
:103AC00004A9984704A81DF033FB6075637D6BB9AA
:103AD0000023A3754FF0000838E0227E04EBC202F9
:103AE0001384CBE703A81DF00EFBEEE794F81680D5
:103AF000B8F1000FEED0B9F1000F09D1DFB1012309
:103B0000E375637E002B4FD1012F42D1677614E01D
:103B10006B6C06EB0A02594286EA020008421CBF9F
:103B20000021A175591E0A409B1A9945D0D8A37D42
:103B3000002BE3D1CEE7E37D43B94FF000084B46BD
:103B40005246314628461DF04CF8A060A27D12B1C5
:103B500023694B4423611A49237E097899422AD963
:103B600001332376BBF1000F27D032B3E37D23B3BB
:103B7000B8F1000F21D1032F1FD0A1684B1C1CD01E
:103B8000109B2246009328460123FFF7F9FEA075FB
:103B900013E095F8343063B9EB6A0133CFD1032FCA
:103BA000CDD10123A376C8E7012FCFD0032FC4D1F5
:103BB000F7E79846C3E70023A375A07DFFE600BFA3
:103BC00054F003002DE9F04F0E46984600238BB0C9
:103BD00004464FF0FF31104617468DF8133001F0C0
:103BE00023FAB6F5801F3BD3B21C53D1E56A6B1C98
:103BF00057D12046616A1CF03AFF0546B31C18BF36
:103C00000123DFF810910193636A626C02932368C9
:103C100005A902FB053AE36B05225B69504698470C
:103C200005A81DF03BFB1DF05EFB50461DF066FB3A
:103C30004FF0000B824601464B1C05D0636C81EAB5
:103C40000A025B42134232D0294620461CF00FFF85
:103C5000029BAB424DD0BBF1000F4DD10546D3E7DF
:103C6000314605AA04F108001DF0CBF90146481CB5
:103C700010D0384601F0D8F90122394620460DF11E
:103C800013031DF000F828B19DF8133088F80030B8
:103C9000002003E0237C002BA8D12D200BB0BDE831
:103CA000F08F2368ED1A636CB5FBF3F5A6E7484681
:103CB00001F0BAF90DF1130349462046019A1CF0B0
:103CC000E2FF034690B1B21C03D0D9F80020B24203
:103CD0000CD19DF8132003930D4B88F80020494622
:103CE0001A68384626F0C3FE039B9B46D9F8081095
:103CF000A2E7BBF1000FD0D0B6F5801FC8D2314685
:103D000098F800307A6804F1080001F0BBF8BFE7CA
:103D100050F003004C1800202DE9F34104461746EB
:103D200098460E46194D816AE36A8B422AD04B1C95
:103D300018E0284601F078F90122294620460DF1C5
:103D400007031CF0A0FF30B14346294620469DF8EA
:103D50000720B847B0B1A9684A1C05D0012E0AD087
:103D6000E36A9942E5D10DE0696820461CF00CFF3A
:103D7000012E0146D8D16B6881EA0302636C5B4275
:103D80001A42D1D002B0BDE8F08100BF2018002057
:103D90002DE9F04F4FF0FF334FF6FF720025044638
:103DA00000F10806C0E909238BB0C3620562056310
:103DB00030460F461DF0F6F820461CF028FE20BBCA
:103DC000204639461CF0A3FE20461CF020FE20BBF6
:103DD0005E200BB0BDE8F08FE26B2368606CD2F818
:103DE00014C000FB0530052205A9E04705A81DF019
:103DF00055FA012828D1294620461CF059FE421CBC
:103E0000294620461CF022FE0135E3699D42E3D39A
:103E100020461CF0FCFD0028D2D000254FF0FF39D1
:103E20004FF6FF73CA46A846C4E90853E3699845AC
:103E300014D3A5EB0905012D36D84FF6FF72636A3E
:103E4000934246D16720C4E71DF052FA0028DBD028
:103E5000294620461CF02CFE0246D1E72368E26B7F
:103E6000606C576900FB0830052205A9B84705A812
:103E70001DF014FA834605A81DF0E7F907465846D9
:103E80001DF031FA68B1574538BFC4F82480B945F0
:103E900028BFB946BD4238BF3D46BA46236A013302
:103EA000236208F10108C1E74FF6FF730025636242
:103EB000E3699D42C1D2676C2068E36B052207FB72
:103EC00005005B6905A9984705A81DF0BEF90135F5
:103ED000EEE7E26B676C2068694607FB03005569F3
:103EE0000522A84768461DF0B0F9626A2368606C35
:103EF0004B4D00FB02301DF001FA4FF0FF33A06282
:103F0000E3622A466FF00101204605ABFFF75AFE37
:103F1000002846D1AD6829462046E5621CF053FDD5
:103F2000206320B92046E16A1CF02EFEE06229469B
:103F300020461CF029FE0546A36A9D4233D1204647
:103F40001CF014FD00278046B946E36999453CD32F
:103F5000B84559D92046616A1CF089FD00260546FE
:103F600004F1400AB74212D8626C2368694602FB2A
:103F70000539E36B05225B694846984768461DF0A2
:103F800064F9534602464946E06B1DF0B9F92946EB
:103F900020461CF06CFD0136B0450546E2D1642098
:103FA00017E7A56AB7E7294620461CF00CFD236BEE
:103FB000294603440746236320461CF0E5FD0546D9
:103FC000002FB9D1C4E90B07B6E7636C2568052259
:103FD00003FB0955E36B05A95B692846984705A8CB
:103FE0001DF05CF91DF07FF958B128461DF086F9E7
:103FF000014620461CF0E7FC636C143B984208BF66
:10400000013709F10109A0E730461CF0CBFF00237E
:1040100020461946034AFFF77FFE0020D9E600BF7D
:1040200078180020750C03002DE9F041036B9046D1
:10403000826B07689A4288BF8363426C436A90B080
:1040400002FB0377C36B0E46052201A95B69044698
:104050003846984701A81DF021F901280146307023
:1040600057D0656CE26B2368606AD2F814C005FB18
:104070000030052206A9E04706A81DF00FF9012827
:104080004FF0000523D0D4E90A3201219342CDE953
:104090000B458DF834800E958DF83C102AD11946C9
:1040A00020461CF071FD236B626C14339B1AE06296
:1040B00023630C9B53B99DF83C303BB1626A616C41
:1040C0002368E06B01FB02311DF0A0F80C9DE36B4F
:1040D00005225B6901A93846984701A81DF0DEF862
:1040E00030702846236BA26B9A4288BFA36310B03E
:1040F000BDE8F081237C33B91C490BAA04F1080008
:1041000000F00EFFD5E72046194A0BABFFF704FE7F
:10411000CFE7237C23BB2246164904F1080000F0B8
:10412000FFFE616A20461CF0C3FC616A421C204607
:104130001CF08CFC054620B9236B626C1344143BC5
:1041400023632046A16A1CF01FFD2368A062C01AE9
:10415000636CB0FBF3F0606220461CF058FDB6E7DC
:1041600000232046044AFFF7D7FDDAE79D48010007
:10417000194801000F0D0300AB0C030073B50D4689
:10418000D11E4A421C461B7E4A419A4226D12968CA
:104190002368994222D3636899421FD8114E0DF1CA
:1041A00007033246FFF70EFDC0B972686B689A428A
:1041B00014D19DF80730DA1E53425341227E9342B8
:1041C0000CD1636901336361D4E90323934205D2BF
:1041D0002968A26842F8231001332361012002B04C
:1041E00070BD00BF781800202DE9F04F9A468BB0C3
:1041F0009DF85030DFF850B10293DBF81030804664
:1042000053450D461646C0F09980D146DBF8043080
:104210000193B9F1000F00F08D80D8F83C300122F5
:104220005B6907A90198984707A81CF0A9FFDBF86C
:104230000030984240F0858007A81CF0ADFF0428AC
:10424000074614D107A81CF0AEFF019B029A044652
:104250003B44002A3FD1864212D91446361A4046C2
:1042600001991CF091FCA9EB04090190D1E7D8F861
:104270003C3002225B69019808A9984708A8E2E748
:10428000841B544528BF5446032C03EB0607AAEBB6
:10429000040A4FEA94021CD9D8F83C302946384623
:1042A0005B69984724F0030304F003061F441D4490
:1042B000002ED4D0D8F83C3001225B6908A93846DA
:1042C00098473246284608A9354426F0D0FB0026F8
:1042D000C5E72646ECE7074600F0030203920344D5
:1042E0002A1804920593049BDD1B059BD81B039B96
:1042F0009F420FD1002FB2D0D8F83C30012208A93C
:104300005B6998473A46284608A926F07BFB78B9AE
:104310003D44A4E7D8F83C30012208A95B699847DE
:104320000422284608A926F06DFB08B9043FDAE705
:104330004FF0360948460BB0BDE8F08F4FF06309E7
:10434000F8E74FF06F09F5E7A41800202DE9F041D8
:104350000F4616469846044688B060B390F834502D
:10436000FDB101211CF048FB00210E9BCDE9051198
:10437000CDE902379DF83C30CDF804808DF81C3033
:10438000237C04968BB90D4901AA04F1080000F0C2
:10439000C7FDDDE90553E06B002E08BF1D461CF08C
:1043A000C4FC284608B0BDE8F0812046044A01ABB1
:1043B000FFF7B2FCEDE70546F3E700BFD90C0300B9
:1043C0007D4101002DE9F04F99B00F4609920A692D
:1043D000416C0E931439D31DB3FBF1F3013302EB9F
:1043E000C302036B04469342C0F0B3810023DFF89D
:1043F00024940D93E36A48461946079300F014FE8F
:10440000D7E9033604930E9B022B4ED1CC2E40F0FD
:104410008A81099B002B42D0394620461CF0E3FCE0
:10442000656C079A6B1E13401490ED1AE36B012222
:104430005B6916A97868984716A81CF0A5FE0028A5
:104440000CBF04230823782E06933DD901230025B1
:104450004FF0080A05933B6805990E98C9F800309B
:10446000C9F810601CF0B2FE4FEA9A0310930023C3
:10447000DDF81CB089F814000B930F9308930C938C
:10448000616C4A1E0BEA02028B1A002E38D055448A
:10449000AB4240D8236B5B1A13442363ABE0049B0D
:1044A0001B68149308230693D0E7656C079A6B1E6C
:1044B0001340782EA5EB030516D8FB7D7BB9099B2D
:1044C000002BB3D104230693331DAB4210D9A6B100
:1044D000082DBBD804250023AA460593BBE7099BFA
:1044E000002BA3D10823EEE7099B002B9ED1D9E72F
:1044F000002505954FF0040AADE704250596F9E778
:104500005345C7D3B0460BEB0A030393089B002B1C
:1045100018BF032313E0A3EB0A039E42B0460BEB44
:104520000A0228BF98469E420392EFD90123D9F888
:10453000102089F81730964271D1C9F804B0089359
:1045400099F81730002B6CD099F818200899D31CD3
:1045500009EBC3030132C3F804B0A3F808809972D1
:1045600089F81820B8F1000F14D00E9B022B5BD1F4
:104570000B9B7BB90F9B4344032B0BD9E36B0122AD
:104580009B69039814A998470546002840F0E380EA
:1045900001230B93089B16A80193059B009399F8A0
:1045A00014204346396800F0F5FCE36B58469B69DC
:1045B000109A16A99847051E0D9B18BF5B465246D8
:1045C0000D935946434620461CF00BFB236B08F124
:1045D0000302A3EB0A0322F003029B1AC9F80800A6
:1045E0002363002D40F0B7800F9BDDF80CB04344EF
:1045F000A6EB08060F93594620461CF0C5FA002585
:104600008346002E7FF43CAF824A3968936804F1F8
:104610000800E36252680E9B00F034FC84E0022341
:104620008DE7C9F804B09DE7099B002B30D1049BAE
:10463000B8F1030F43440A9327D9DDE90301E36B83
:104640004FEA98029B6998470546002865D118F003
:1046500003025FD0049B28F003052B440493039BC3
:104660001D444FF0FF33049915A8159326F0FFF968
:10467000E36B28469B69012215A9984705460A9BCA
:104680000493002D86D0039B99E74246039DE8E7FB
:10469000039B0A9307F120031193FB7D78689BB17C
:1046A00000233D7E0C9AD9B28D4211D9119903F1A4
:1046B000010C31F83310914226D9069907EBC30358
:1046C000D8690A44104403E00C9B069A134418442A
:1046D000E36B01225B6915A99847159B012213938F
:1046E0000C9B0A9804330C93E36B13A99B699847BE
:1046F000039B0A9A43449B1A042B054607D978B9B1
:10470000134604330A93C8E76346521ACBE70A9B61
:104710000393B6E70A9B04933CE70A9B0493B2E732
:104720000A9B0393AFE77026304619B0BDE8F08FBF
:104730004FF0000A4FE03A69616CD31D1439B3FBA6
:10474000F1F3013302EBC302236B9342BFF452AE89
:104750005DE01C26E8E73D2D59D104F108030393E1
:104760002368079A606CA2EB030ABAFBF0FA00FB1D
:104770000A301CF0C3FDE16A804620461CF004FAB2
:10478000A26A8242D7D0626CD9F80830511E0B4021
:10479000216B2668891A0B4423630D9BE0629E1BE4
:1047A000B6FBF2F6B245C3D1079BB3EB080A12D0B1
:1047B000E36B4FEA9A0241469B6998478346E36A56
:1047C000079A5344E362236B03989B1A4344236381
:1047D0001CF0E8FBDA462368616CE06B01FB0631F4
:1047E0001CF001FD20461CF012F920461CF00FFAC7
:1047F0002063BAF1000F9ED03A69616CD31D143961
:10480000B3FBF1F3013302EBC3029042A8D22E4670
:104810008AE700BF4C180020032A2DE9F341064621
:104820000D4617461C4606D1237A012B23D00120C2
:1048300002B0BDE8F081DFF86080096842460DF102
:104840000703FFF7BFF960600028EDD19DF807204E
:10485000237A032AE8D0D8F804106A689142E3D199
:10486000012B2969D4F80CC007D172690CEB010344
:10487000934202D92074207CDAE708316144E16078
:104880003B46012229463046FFF79CFD6060002828
:10489000CAD00020CCE700BF781800202DE9F341F2
:1048A000089C032A1746266806D1237A012B24D0B8
:1048B000012002B0BDE8F081DFF89080304642462A
:1048C0000DF10703FFF77EF960600028EDD1256840
:1048D000D8F80400A96AD5F844C04840CCF10003D8
:1048E0001840227AE1D1012A09D1E268D8F81030C3
:1048F00013447269934202D92074207CD9E7286856
:10490000EB6A1B1A081AB3FBFCF3B0FBFCF0834202
:104910000BD1706CF36A421E1340326B121A1344AF
:10492000284633631CF030F9E862D8F81020E368B9
:1049300008321344E36001223B4604492068FFF734
:1049400041FD60600028B0D00020B2E77818002058
:104950002DE9F0410025634B0E46D3F80080044654
:104960001D6018B921252846BDE8F08190F8347003
:1049700007B30A6803689A4240F0AA804A6843680D
:104980009A4240F0A5808A6883689A4240F0A080ED
:10499000CA68C3689A4240F09B800A6943699A4298
:1049A00040F096808A69C36B9A4240F091804B69CF
:1049B0008361D8E768223946856B26F04DF8D6E941
:1049C0000212336804F1080023607368A563636012
:1049D000336963617369A3611CF0F6FAB36904F18A
:1049E0004000E3639B68984720B9676C17B1636820
:1049F000B3FBF7F794F84330E761002BB2D0002304
:104A0000656C2366002D6BD0002F69D02368B3FB43
:104A1000F5F205FB1233002B5CD16768B7FBF5F6A6
:104A200005FB1676002E55D120461BF0BCFFA3696E
:104A3000043303449F424FD340F634726369CC3B46
:104A400093424BD8B5F5805F4AD3032120461BF033
:104A5000D3FFD4E90001E36B1B6898470546E36B7D
:104A60000220DB6898472DB184F83460E06B1CF0BD
:104A70005CF978E741462046FFF78AF96428054645
:104A800004D141462046FFF783F90546636C143B89
:104A9000D5B9226A204602FB03F61BF084FFA36906
:104AA000043303449E4203D284F834505A25DDE790
:104AB0000123D4E900010C4A84F83430136801332F
:104AC00013601CF01BFBD1E7002384F83430CDE7E2
:104AD0005D2548E7592546E75A2544E75F2542E723
:104AE0005B2540E7DC110020D81100202DE9FF41B3
:104AF0000C4616461F46054680B390F834307BB30B
:104B0000B1F5801F2ED2DFF8608001211BF074FF09
:104B10002146424628460DF10F03FFF753F804469D
:104B200070B99DF80F30012B11D1D8F81030BB426D
:104B300012D10246009031462846FFF755FB044645
:104B4000E86B1CF0F2F8204604B0BDE8F081022BBF
:104B500014BF2D246024F3E76324F1E72124F2E756
:104B60001124F0E72924EEE7A41800202DE9F043F2
:104B700085B00C4617461E460546DDF8308098B3D2
:104B800090F8343093B3B1F5801F31D2DFF86490E0
:104B900001211BF031FF21464A4628460DF10F0343
:104BA000FFF710F8044688B99DF80F30012B14D197
:104BB000D9F8102006EB08039A4213D3009043461D
:104BC000324639462846FFF70FFB0446E86B1CF0D7
:104BD000ACF8204605B0BDE8F083022B14BF2D24AD
:104BE0006024F3E76324F1E72124F2E71124F0E7DE
:104BF0002924EEE7A41800202DE9F3411F460023E5
:104C00000C46164605463B6050B390F834304BB323
:104C1000B1F5801F28D2DFF8548001211BF0ECFE93
:104C20002146424628460DF10703FEF7CBFF044616
:104C3000A0B99DF80730032B10D0022B0AD1012315
:104C4000336004233B60E86B1CF06FF8204602B031
:104C5000BDE8F081D8F810303060F3E72D24F2E79A
:104C60002124F3E71124F1E72924EFE7A418002019
:104C700073B50446056B1BF096FE636E03449D42BC
:104C80002CBF00230123854294BF00252D1A207CD0
:104C900084F85030656584F85800A8B100230C4EA4
:104CA0001A461946204600961CF06AF9002305466C
:104CB0001A461946204600961CF06BF9E368284412
:104CC000984294BF0020C01AE06502B070BD00BFDA
:104CD000FFFF0F002DE9F3471E4643690446B34228
:104CE000884617469DF828904ED300258DF807502A
:104CF00020461BF058FED4F830A082450AD2236A21
:104D0000B5EB430F06D2002220460DF10701FFF755
:104D10008BF9B8B39DF80730012B05D1002220464E
:104D20000DF10701FFF780F9B9F1030F06D0314605
:104D300020461BF028FE256B854227D3144D4FF0EB
:104D4000FF31284600F070F94B46294600222046E4
:104D5000C5E90376C5F80080FFF734FB236E0546EE
:104D600063B12046FFF784FF94F8503013B994F8EC
:104D700058301BB1236E04F150009847284602B00A
:104D8000BDE8F0870135B3E76225F7E71C25F5E7B5
:104D9000781800202DE9FF410F4690461E46054633
:104DA00098B390F8343093B3B1F5801F31D21A4CD8
:104DB00002211BF021FE2246394628460DF10F0341
:104DC000FEF700FF024678B10123424600933946C0
:104DD00033462846FFF77EFF0446E86B1BF0A5FF2D
:104DE000204604B0BDE8F0819DF80F30012BEBD1D7
:104DF0002169B142E8D10093414633462846FFF786
:104E0000F3F904460028DFD1E7E72124E8E711247D
:104E1000E6E72924E4E700BFA418002030B50C46DB
:104E2000054685B028B390F8343023B3B1F5801F20
:104E300023D202211BF0E0FD0DF10F03214628468D
:104E40000F4AFEF7BFFE034688B99DF80F20032ADC
:104E50000DD003222146009202462846FFF73AFF72
:104E60000446E86B1BF061FF204605B030BD2D24E1
:104E7000F7E72124F8E71124F6E72924F4E700BF37
:104E8000A41800202DE9F043466886B305689846CB
:104E90004FF0000CA946AE4655F83C400CF1010C11
:104EA000C4F31307013401D0B94217D066450EF19F
:104EB000080EF1D12F46002403E0A64207F10807AF
:104EC00012D055F8343001340133F6D1C1F3130157
:104ED00041EA0851C7E90012BDE8F08341EA0851F0
:104EE000CEE90012BDE8F083B8F1030F03D101232E
:104EF0000372BDE8F083002303E09E4209F1080934
:104F0000F5D055F833400133C4F30754032CF4D1E2
:104F1000C1F3130343EA0853C9E90032BDE8F08343
:104F20002DE9F0410646406882B0C0B10F46904678
:104F30000024336853F8345003EBC403C5F307521D
:104F4000C5F31301013504F1010406D05B68304656
:104F5000CDF80080B84710B170688442E9D302B040
:104F6000BDE8F081024B1968024B1868FFF7F0BCEE
:104F7000742B0020942B002008B529F090FB014BE6
:104F8000186008BDD0180020014B186829F082BBBA
:104F9000D018002073B504462248012A00EAC11146
:104FA0009DF8185023F07C4007D9961E012E28D971
:104FB000073303F07F03194308E09DF81C300A43D0
:104FC000DB0603F0C053134343F060410023C4E900
:104FD00000108DF80730B5B1202221460DF10700F1
:104FE0001CF0A8F91A220DF10700211D1CF0A2F9EE
:104FF000082063689DF8072043EA8263636002B07B
:1050000070BD1143E2E71B220DF1070021461CF0A1
:1050100091F923689DF80720042043EAC2632360C6
:10502000EDE700BF80FFFF0738B5094B0D461A6852
:105030000021044625F010FD00234FF0FF322383AA
:10504000C4E900252361A260E382A37638BD00BFD6
:1050500050F003000138C0B205289ABF014B185C1C
:105060000120704755F003002DE9F0410746154631
:1050700000240E46596888B0490A012922464FEAA1
:10508000510104F10104F8D8DC78997824031B88D5
:10509000C90201F4006104F480540C43C3F30A0311
:1050A0005203234492B24FF000089C18274B6FEA3A
:1050B0000444039325F07843ED4302A90DF1070062
:1050C0001B2202938DF807801CF034F99DF807200D
:1050D000029B02A943EAC2630DF107001B2225F0DF
:1050E0007845049302958DF807801CF023F99DF80C
:1050F0000720029B6FEA144443EAC26305934FF012
:10510000FF330794069307A9BB69012206F110003B
:105110009847BB6905A90446012206F10800984793
:10512000BB69404518BF044604A90122301D9847B9
:105130000122404518BF0446BB69304603A9984781
:10514000404508BF204608B0BDE8F08101009AB292
:10515000044BD3F88420D206FBD4D3F88400C0F3E8
:10516000811070470040005038B5184B0546D3F801
:1051700024010C4600F00700062823D8DFE800F0E1
:10518000040A121A1E0E1600012305B1286004B18C
:10519000236038BD28F048F90523F6E728F044F9E4
:1051A0000623F2E728F080F90323EEE728F07CF9E4
:1051B0000423EAE728F074F90223E6E728F07AF9F5
:1051C0000723E2E700231846DFE700BF0080005016
:1051D00038B5104B0546D3F800310C4603F00303F5
:1051E000022B0BD0032B0DD0012B0FD128F05CF933
:1051F000032305B1286004B1236038BD28F05EF9AF
:105200000823F6E728F056F90723F2E701230020E8
:10521000EFE700BF0080005038B5104B0546D3F8CB
:1052200020310C4603F00303022B0BD0032B0DD0CF
:10523000012B0FD128F0F8F8052305B1286004B13F
:10524000236038BD28F030F90323F6E728F028F969
:105250000223F2E701230020EFE700BF00800050A7
:1052600038B5104B0546D3F840310C4603F0030324
:10527000022B0BD0032B0DD0012B0FD129F004FAF8
:10528000092305B1286004B1236038BD28F016F960
:105290000823F6E729F0FBF90B23F2E701230020AE
:1052A000EFE700BF0080005038B5104B0546D3F83B
:1052B00060310C4603F00303022B0BD0032B0DD0FF
:1052C000012B0FD129F0E0F9092305B1286004B1C1
:1052D000236038BD28F0F2F80823F6E729F0D7F963
:1052E0000B23F2E701230020EFE700BF008000500E
:1052F0002E4B98424AD022D82D4B984240D014D8F9
:105300002C4B984239D00AD82B4B984232D02B4B99
:1053100098422FD02A4B98422CD000207047294B1E
:105320009842FAD1284B186F7047284B98422AD0E0
:10533000274B9842F1D1244BD3F880007047254B7E
:1053400098422BD009D8244B984223D0234B984223
:10535000E3D11D4BD3F88C007047214B984221D0EC
:1053600003F5740303F510539842D6D1164BD3F8C6
:1053700098007047144B986D7047134B586E7047E8
:10538000114B586F7047104B986F70470E4BD3F806
:10539000840070470C4BD3F8880070470A4BD3F851
:1053A00090007047084BD3F8940070470048E8011C
:1053B0000024F400C0CF6A0080841E0000093D0074
:1053C00040420F00405DC6000080E00FC0EA2101AE
:1053D00080BA8C01007E560380D54302006CDC024B
:1053E0000090D00373B50D4600210E4B0191D3F808
:1053F0008041064604F00304012C09D0022C0CD095
:105400000C460EB1019B336005B12C6002B070BD3B
:1054100001A8FFF701FF0F24F3E728F041F80190FE
:10542000EFE700BF0080005038B5104B0546D3F8B9
:1054300040320C4603F00303022B0BD0032B0DD09C
:10544000012B0FD129F020F9092305B1286004B1FF
:10545000236038BD28F032F80823F6E729F017F961
:105460000B23F2E700231846EFE700BF008000504F
:1054700038B5144B0546D3F800020C4600F007007F
:1054800004281BD8DFE800F003090D1115000123E3
:1054900005B1286004B1236038BD29F0F5F809236F
:1054A000F6E728F00BF80823F2E729F0F0F80B23D1
:1054B000EEE727F0DFFF0E23800AE9E70023184616
:1054C000E6E700BF0080005010B40D4C0B46D4F846
:1054D000204204F00304012C0AD0022C0CD008B1A5
:1054E000002101600BB100221A605DF8044B704787
:1054F0005DF8044BFFF790BE5DF8044BFFF7B0BEBC
:1055000000800050B0F5207F1FD009D8B0F5007F93
:1055100015D003D868B1B0F5C07F0AD000200CE0E8
:10552000B0F5607FFAD10B4BD3F88000C0F30110C7
:1055300003E0084B186FC0F3033001307047054B90
:10554000D3F89000C0F30460F7E7024B186FC0F384
:105550008020F2E7008000504FF400320E4B0146ED
:1055600010B500209A66FFF7CDFF484341F671322F
:105570000A490B4B884294BF00200120DC69DA63A2
:105580009A6822F4401242EA00529A60E20344BF51
:105590000022DA6310BD00BF00900050005A620282
:1055A00000000350420910B50FD0012A0FD00A4B5A
:1055B0000A4C022A18BF234600F01F0049B103F528
:1055C0008053012282401A6010BD1346F4E7044B59
:1055D000F2E703F50053F4E7688000506082005062
:1055E000648000501FB50021B0F5807F0446019112
:1055F00000F0068100F29D80612800F295801F284E
:1056000005D8002840F0928027F034FFDCE0A0F1BC
:105610002004412C00F28A8001A353F824F000BF3B
:1056200009560100CD57010009560100CD57010070
:10563000ED570100ED570100ED570100ED57010056
:10564000CD570100CD570100A75701006157010058
:10565000235801002D58010061570100CD5701006A
:10566000CD570100CD5701002D5701002D570100E6
:105670002D5701002D5701002D5701002D57010016
:10568000F757010083570100CD570100CD570100A6
:10569000CD5701004158010037580100CD57010096
:1056A0002D5701002D5701002D5701002D570100E6
:1056B0002D5701002D5701002D5701002D570100D6
:1056C0002D5701002D5701002D5701002D570100C6
:1056D0002D570100095601002D5701000956010000
:1056E0000956010009560100ED5701002D57010030
:1056F0002D5701002D5701002D5701002D57010096
:105700002D5701002D5701002D5701002D57010085
:105710002D5701002D5701002D5701002D57010075
:10572000095601000956010080284BD0019804B0A9
:1057300010BDB0F5A06F5ED028D8B0F5607F50D016
:1057400019D8B0F5007F4CD004D8B0F5C07F3FF435
:105750005BAFEBE7B0F5207F38D0B0F5407FE5D107
:1057600027F088FE02464FF42070FFF7CBFEB2FB15
:10577000F0F2520833E0B0F5806F37D0B0F5906F9B
:10578000D4D1002101A8FFF7EFFCCFE7B0F5E06F1F
:1057900051D00DD8B0F5C06F43D0B0F5D06F45D023
:1057A000B0F5B06FC2D1002101A8FFF71BFEBDE725
:1057B000B0F5F06F44D0B0F5086FB7D101A8FFF78E
:1057C00007FDB3E727F036FE0190AFE727F052FE62
:1057D00002464FF42070FFF795FEB2FBF0F2019203
:1057E000A4E727F027FE02462046F4E7002101A89F
:1057F000FFF712FD9AE7002101A8FFF765FE95E784
:105800004FF0E02302911B695B0705D527F032FEBC
:105810000290029B019389E703A902A8FFF720FDEC
:10582000F7E7002101A8FFF71BFD7FE7002101A892
:10583000FFF71EFE7AE7002101A8FFF7F5FD75E7E7
:10584000002101A8FFF730FD70E700BF08B58020F8
:10585000FFF7C8FE034B98429EBF4FF48032024BC5
:105860001A6708BD005A620200A000501FB5034627
:105870000020B3F5807F01906FD027D8382B00F03F
:1058800082800BD8243B092B0FD8092B0DD8DFE8D9
:1058900003F05F5F5F5F0C0C5A0C3675522B57D0CC
:1058A00007D83D2B3AD03E2B72D0019805B05DF859
:1058B00004FB802BF9D1394B1B6F03F00703013B2D
:1058C000032BF2D8DFE803F03D36393BB3F5D06F58
:1058D00054D019D8B3F5A06F55D00AD8B3F5806F5E
:1058E00036D0B3F5906FE0D1002001A9FFF73CFC62
:1058F000DBE7B3F5B06F26D0B3F5C06FD5D100208C
:1059000001A9FFF7ADFCD0E7B3F5006FECD00AD8E2
:10591000B3F5E06F3CD0B3F5F06FC6D1002001A91C
:10592000FFF7C2FCC1E7B3F5086FBED101A9FFF7CD
:105930004FFCBAE705230193B7E70323FBE70723EF
:10594000F9E70223F7E7002001A9FFF74BFDACE7D9
:10595000002001A9FFF760FCA7E74FF0E0230290C9
:105960001B695B0705D527F085FD0C230393039B7B
:10597000E1E703A902A8FFF773FCF8E7002001A9FB
:10598000FFF776FD91E7002001A9FFF79DFD8CE769
:10599000002001A9FFF748FD87E700BF0080005005
:1059A0004FF48032074B0849586E03F580535A660E
:1059B0000B6A23F001030B62C3035CBF034B5A66FF
:1059C000704700BF0080005000C0075000A000508A
:1059D00008B5FFF74BFF082811D00938012802D974
:1059E0004FF6FF7008BD4FF40012064B5A6603F5E0
:1059F000D8335B6ADB07F3D54FF4FA70F2E7024B5A
:105A00001888EFE700900050622D002008B5FFF7DE
:105A10002DFF03280ABF024B4FF6FF70188808BD00
:105A2000602D0020F8B504468020FFF71FFF0328F3
:105A300000F087804FF40022424B02215A6645F65F
:105A40000E03414AC2F88030404B9962012103F5B0
:105A500080539962936DD903FCD4D4E900131B05DC
:105A600043EA0163E17B94F820500B43217BE77EFE
:105A700043EA0143617B6D0143EA0133A17B43EAC1
:105A8000811313619169D4E904031B0643EA80631F
:105A900001F000410B43A17E94F823000B43217ECB
:105AA00043EA0143617E43EA01239361136AE66995
:105AB00023F00D0394F8221043EA8703002E2DD122
:105AC0001362966A94F8213045EA031326F03305F1
:105AD0002B4343F0010393621D4D1B4B9A6D35EA36
:105AE0000202FBD10222194DAA621A659A6D520078
:105AF000FCD41A69A56822F4700242EA05521A61C0
:105B00004FF00042114B9A6119B9022203F58053FC
:105B10009A6278B901220F4B9A620BE0334343F04B
:105B200008031362936A23F0330303432B4343EACE
:105B30004103936294F824301BB1034B064AC3F827
:105B40008020F8BD0090005000C0005000D00050F0
:105B50000300014000E00050F1A7FFFF014B93F963
:105B6000000070472D280020F0B5D0E901434FF424
:105B700080061A4A4178057856664FF4D1560227B6
:105B800002F5B8325662164E4F2977604FF0010782
:105B900028BF4F2106F5805677601669F603FCD4BE
:105BA00041EA052151611B01417B43EA04230B4378
:105BB000017B43EA41039360C37B817B1B0143EA82
:105BC0004113417C0B43017C43EA41035360837CD6
:105BD00013B16FF4D1535362F0BD00BF0090005079
:105BE00000100250014B1880704700BF622D00204A
:105BF000014B1880704700BF602D00204FF4001249
:105C000008B5184B5A660223174A5360936813F479
:105C10008033FBD1012822D127F046FC134B984258
:105C200015D003F5122303F5F863984213D0104BF7
:105C300000EB8002400AB3FBF0F3520A0A49CA6241
:105C40000B6301234B620022074B5A6008BD45F6E7
:105C50007A13084AF2E745F61A03074AEEE7536259
:105C6000F1E700BF009000500040025000F04902F0
:105C700064666666D8B80500BBCF0500B0F5207F26
:105C800010B50C4642D008D8B0F5007F33D003D809
:105C900088B1B0F5C07F0ED010BDB0F5607FFBD1EC
:105CA0001F4A4C1ED2F8803023F0300343EA04131D
:105CB000C2F88030F0E71BF05BFB1BF067FB4FF492
:105CC0008031184B164A1967136F013C23F4704357
:105CD00043EA0433136727F0CDFB0446FFF738FA95
:105CE000C0F1020120461BF04BFB00F035F8BDE887
:105CF0001040FFF7ABBD0A4A4C1ED2F8903023F09B
:105D0000F85343EA0463C2F89030C5E7044A4C1ED6
:105D1000136F23F4806343EA84231367BCE700BF57
:105D2000008000500090005008B50121022000F0D2
:105D300055F94FF42070FFF7E5FB054B18701BF089
:105D400017FB1BF023FB4FF48032024B1A6708BD90
:105D50002C2800200090005008B54FF4C070FFF7C9
:105D600041FCBDE808400449884294BF012102215A
:105D70004FF42070FFF782BF80F0FA0238B5044676
:105D800027F078FB0546FFF7E3F9C0F1020128464A
:105D90001BF0F6FA0121002000F060F92CB1FFF7AA
:105DA000DBFFBDE83840FFF751BD034B4FF42070D7
:105DB0001978FFF763FFF4E72C2800204FF4C02286
:105DC00070B50546FFF794FA314B04465A6603F561
:105DD00098335A68012A04D12E494A609A69920779
:105DE000FCD18020FFF742FD052807D11BF0C0FA47
:105DF0001BF0CCFA4FF48032254B1A67264B24F067
:105E000040749D4230D0254B9D4230D027F00CFB92
:105E10008542064603D90121284600F01FF9204B90
:105E2000DA6812F0060FFBD199689C609A686240AC
:105E300012F4F81F1ED12846FDF7CAF98020FFF79B
:105E400015FD05280DD127F015FB0446FFF780F955
:105E5000C0F1020120461BF093FAFFF77DFFFFF728
:105E6000F5FCAE420CD270BD44F00074CEE744F0B5
:105E70008074CBE780209960FFF7F8FC052805D0F7
:105E8000BDE870400121002000F0E8B83546DAE7AF
:105E90000090005000E0015040420F0080841E003E
:105EA0000000015010B5224B70B94FF40031214A67
:105EB0001860516602F598325268012A03D11E4AD1
:105EC000D2F800211A6010BD1B68002BFBD01B4AC2
:105ED0005268012AF7D0184A8020C2F80031FFF733
:105EE000C5FC05281FD14FF4C070FFF70BFB01283C
:105EF000044604D102214FF4C070FFF7BFFE072211
:105F00000F4B1A610122A3F580535A600B4A1369A3
:105F1000DB07FCD5012CD6D12146BDE810404FF45B
:105F2000C070FFF7ABBE0122064B5A60CBE700BF43
:105F3000D4180020009000500080005000C0015094
:105F400000E0015000D00150044A4178536F23F41F
:105F5000407343EA01235367704700BF004000507D
:105F600010B5044610B10020FFF79CFF124A1369D8
:105F700043F00403136128F009F81BF00CFA0F4BEF
:105F80005B6E5B0142BF0E4B0E4AC3F8202428F023
:105F900086FB28F091FD28F07DFB1BF0FDF902F057
:105FA000DBFC1CB9BDE8104027F064BA0120BDE855
:105FB0001040FFF777BF00BF00ED00E00080005009
:105FC00000E003500000FF0F034A0179D36E23F075
:105FD00030030B43D366704700400050F8B50446C9
:105FE0001C4BD3F88420D106FBD4D3F88430C3F300
:105FF00081139C422CD027F01DFA012C064602D1B9
:1060000021461BF0BDF928F04AFB4FF00072124BFD
:1060100007465A6620461BF0C6F94FF480630D4DC3
:10602000621E93402B676B6E9A0103D4D5F88430BF
:106030009B060AD5384628F02DFB022C08D13046A5
:10604000BDE8F84000211BF09BB9D5F88430EAE7A1
:10605000F8BD00BF004000500060005010B50C4675
:1060600008B927F0E7F9074B21461B783BB1064BEF
:10607000984204D80120BDE81040FFF7AFBF0220CE
:10608000F9E700BF2E280020005A62020278034B75
:10609000012100201A70FFF7E1BF00BF2E28002069
:1060A0004FF0004238B5264B26495A6601224A6015
:1060B0004AF6CD3103F50B235D6C1964154030BBF6
:1060C0009968C9070BD4002401221F4B5A6015B1EF
:1060D0001E4B1F4A1A6423F0DFFD204638BD1A49C3
:1060E0008A601C4AD96ACC0705D4904201D10724A2
:1060F000EAE70130F6E79042E5D1F8E70132DC6AE1
:1061000014F0080406D08A42F8D10724DFE7002201
:106110001049F4E78A42F8D020220B4B0B495A620F
:106120000122A3F580539A6023460A4A486A8006F2
:1061300003D49342E9D00133F8E79342C7D1E4E7AF
:106140000090005000500950006009500040095074
:106150003254FFFF40420F004FF0004238B5174B5A
:10616000174C5A66012203F50C235A604AF6CD33C8
:10617000656C2364437893401343124AD363C37816
:106180008178A2689B0043EA011322F07402134352
:10619000A3600279837943EA022323614279C379B8
:1061A00043EA022363610078FFF77AFFEB0744BFFD
:1061B000054B236423F070FD012038BD0090005092
:1061C00000400950004000503254FFFF072A2DE9DB
:1061D000F041154698464FF0030401F003072DD80F
:1061E0009600B44000FA06F221461C481BF0DCF889
:1061F00021461B4807FA06F21BF0D6F8194B1A493C
:106200009DF81800B8F1000F18BF1946012303FAD2
:1062100005F50D60154B1649002818BF0B461D608B
:10622000144B9DF81C00C3F82054103103F2244392
:10623000002818BF0B461D60BDE8F081A2F10806DA
:10624000B600B44000FA06F221460B481BF0ACF849
:1062500021460A4807FA06F2CEE700BF00C4035001
:1062600008C4035010D4035010E4035014E4035046
:1062700014D4035000E0035004C403500CC4035072
:10628000F8B504460D461F4616464AB101238B4019
:106290003021184A01FB0022F7B141F2100153509E
:1062A00004EB4403072D4FF00F014FEA031316D8F8
:1062B000A80006FA00F281400F4818441BF074F859
:1062C0004EB9012330210B4AAB4001FB042277B1C8
:1062D00041F210015350F8BD42F21001DFE7A5F181
:1062E0000800800006FA00F281400448E5E742F227
:1062F0001001EFE700C0035004C003500CC003506E
:1063000010B5152001F06CFC0024FF22064B21463D
:106310005C6520209A625C60FFF744F92146BDE885
:1063200010402120FFF73EB900000450044A054BFD
:10633000002908BF1346012282401A60704700BF3F
:10634000401004504020045010B501210446202084
:10635000FFF728F901212120FFF724F90122114B31
:1063600015205A60227812069A606178A27842EA73
:1063700001429A61FF229A6200229A631A644FF0E6
:1063800000425A654FF0FF3203F500531A6501F0E1
:1063900055FC1520E1781BF0F8F8BDE810401520F9
:1063A00001F030BC00000450F8B50125C3B21E4F07
:1063B000D1F800C09D408E7ACB7A0C46097B3D65B2
:1063C00007F5005747F820C04FF0300C0CFB00F0E9
:1063D0001B05677B00F1A04043EA064300F58020DF
:1063E00043EA415322F003020766C365026728F0BF
:1063F0005FF90E4B227A5D6502B11D64627A02B1CB
:106400009D632279A37943EA0243074A9361617944
:10641000E37943EA014305498B61054B55639D646C
:10642000BDE8F84028F03FB90020045000100450A7
:106430000000045010B50124C0B2844028F038F99F
:10644000044B5A6D22EA04025A659C62BDE8104072
:1064500028F029B90000045010B50124C0B28440CE
:1064600028F026F9074BDA6A224208D15B6B9C437D
:106470000CBF0124002428F016F9204610BD00248A
:10648000F9E700BF0000045070B5054628F010F988
:106490003022084B5E6B02FB05335C6E28F003F97B
:1064A0000123EDB2AB4033420ABFC4F30A1000200F
:1064B000013070BD000004504FF40032054B9A6665
:1064C00041F6713203F51C33DA63012203F5005300
:1064D000DA6070470090005041F671320121064B9E
:1064E000DA6303F50052D1600022DA634FF4003220
:1064F000A3F518339A66704700000350CB784A78AA
:1065000010B55B010C7843EA82030A79234343EA1E
:1065100002130C22424302F1B0421363012C02BF6A
:106520008A78024B43F8202010BD00BFE88003505A
:1065300008B54FF0B0435A686AB958B15B680BB1FF
:106540001AF041FF01210D4B59601AF03CFF4FF04A
:10655000B043D96008BD5B680BB11AF034FF002866
:10656000F0D11AF030FF4FF0B0430222DA601AF097
:106570002AFF0122024B5A60ECE700BF00100058CE
:10658000002000584FF0B0414B6810B50BB11AF025
:106590001AFF01220B4BC4785A608378934043EA78
:1065A000840344782343047943EA0413447943EA97
:1065B000C4038B60044B5A600378C3F10203CB60C1
:1065C00010BD00BF00200058001000584FF480326A
:1065D000064B5A6603F5E6235B69C3F385128270A6
:1065E00003F03F021B0B4270037070470090005095
:1065F000014B986CD96C70470080E00F024B186813
:10660000C0F30740704700BF0080E00F0120034B3C
:106610009B680A3303F01F03984070470080E00F27
:1066200070B5054616461C4621B94FF42070FEF79A
:10663000D9FF0146402C1BD003D8DCB1202C1BD045
:1066400070BD602CFCD1042303FB06F2530803EB5E
:106650004113B3FBF2F36021084A203B02EAC30373
:1066600005F50052916005F580529460EB61E7E713
:106670000623E9E71023E7E70823E5E7F8FF7F00B3
:10668000012200F580535A6040F6AA6341F20502E8
:10669000436100230B498360C365C26000F500526B
:1066A0000361C361C364916407498365884203D170
:1066B00003650023436502E004498842F8D00123C2
:1066C00053607047FFFF010000C0055000000650F6
:1066D00070B50D46FFF7D4FF012300F580567360B7
:1066E000AB7C04461BB1836843F080438360EB7C42
:1066F0004BB1344A2B7D944243D1A2F51032C2F8FB
:106700008C318023F3652A8A6B7B20461343EA8908
:106710001343E3602B7BD5E90112FFF781FF6B7D0B
:106720001BB1A36843F48033A360AB7D1BB1A368A6
:1067300043F40043A360EB7D2A7E1B07120502F49D
:10674000E00203F0E0431343A365697E1D4A8B1EFC
:10675000012B1D4B1FD894421BD002F5804294425E
:106760000CBF01224FF0FF3203EB4213022041F233
:106770001C620329985020D10423F3652B786361B0
:1067800070BD124A944204BFA2F52032C2F89C3177
:10679000B7E70022E8E794420DD00C4A94420CBFC0
:1067A00001224FF0FF3203EB4213022042F21C623F
:1067B00001299850DFE70022F5E7042204F5005391
:1067C000DA65DBE700C0055000C00350000006504A
:1067D000034BD3F82424D3F820041040704700BFA3
:1067E00000C003502DE9F8431E4B0546D3F8103383
:1067F0004B1E0E2B0E46174690F8009044781DD97C
:1068000009B34FF000082846D7B127F057FF09EB2E
:106810004903072C4FF00F014FEA031315D8A400CA
:10682000114808FA04F2A14018441AF0E8FDBEB974
:1068300028468FB1BDE8F84327F040BF8846E2E71D
:106840001AF0ECFDE3E78846E1E7083CA4000748BE
:1068500008FA04F2A140E7E7BDE8F8431AF0DEBD0C
:10686000BDE8F88300C0035004C003500CC00350BF
:106870004FF48032084B5A6603F5E6235B691A0B26
:10688000027003F03F0242704FF6FF72C3F38513AC
:1068900042808380704700BF00900050014B986C8D
:1068A000D96C70470080E00F70B5044623F0C0FA41
:1068B000064630B90FCC044D0FC594E8030085E8B7
:1068C0000300304670BD00BFD818002047F6FF73A4
:1068D0009A42F0B56FD002296FD8394B5B5C012B1F
:1068E0006BD8384DDF0005EBC30415F83330A178C1
:1068F000012B13D10025E078401AA84202D80844A1
:10690000C0B2F0BD431B6668A0EB530336F91360B9
:106910009642D4BF1D4603F1FF30EEE760680028C1
:10692000EFD0B0F90040944204DBB0F90240944249
:10693000B8BF144683883D44FF2B19BFC8224FF0CF
:10694000280CB0F90620B0F908C0A2EB04030CBF74
:106950000126002693FBFCF333446E781BB29E4263
:1069600001DD002B01DA731E1BB24FF47A7C013378
:106970009BB2071D5D1E2DB24FEAC50E00EBC5058B
:10698000EA88AD689E4214FB025222EAE27202F1EA
:106990005C02B2FBFCF204DD37F833500133954260
:1069A000E8D200EB0E039888904228BF1046884238
:1069B00038BF0846A4E7FF20A3E70020A1E700BFF7
:1069C0005BF00300D81800200229F0B555D82C4BF5
:1069D000585C012851D82B4C04EBC00114F830004E
:1069E0004B6801280FD1C8788C78904294BFC4EBD3
:1069F0000001C4EB0201001BCAB28242C8BF0022E0
:106A000033F91200F0BD002B37D08878904202D3C2
:106A1000B3F90200F6E7CC78B3F900009442F1D95B
:106A20004C789988013CA1F1FF06714203F10405FD
:106A3000E4B2714103F10C07CEB2B44216D805EBB3
:106A4000C1014FF47A756A43B1F902404968521A9C
:106A500004EBD47102EB610292FBF4F29042D1DBC1
:106A6000B3F902009042CDDC10B2CBE737F831C069
:106A70004E1C9445E3D33146DEE70348C2E700BF2E
:106A80005BF00300D81800200080FFFF08B5044821
:106A9000FFF70AFFBDE80840012023F0CDB900BF91
:106AA00044F6030000487047642D00207FB50222A1
:106AB000084B0949CDE901234FF00073CDE90313D9
:106AC000052301A94FF0FF30059323F00CFA07B01E
:106AD0005DF804FB006A18000002040006289ABF53
:106AE000014B185C002070475FF003004FF4005228
:106AF000034B00209A660322C3F86022704700BF50
:106B0000009000504FF40052034B00209A6603227D
:106B1000C3F86022704700BF00A0005000F01F02C1
:106B2000A0F50620A0F55060812810D8012309495E
:106B30004009934051F820201A4341F8202006498B
:106B400051F8202022EA030241F8202070474FF03C
:106B5000FF30704708190020F418002000F01F03D0
:106B6000A0F50620A0F55060812810B519D80121A4
:106B70000D4A4009994052F820300B430B4942F826
:106B80002030D1E9004323448C682344CC68096950
:106B900023445B1804D1C2E90033C2E90233136114
:106BA00010BD4FF0FF30FBE7F4180020081900205B
:106BB0002DE9F04FA7B003921F4604460822CDE905
:106BC0000401414021FA02F34B40980702F1080208
:106BD00018BF9B00202A1C44F4D18123B4FBF3F39B
:106BE00003EBC313E41A7F4B04F506241B7804F56A
:106BF0005064002B39D1FEF7B5F9054600286FD156
:106C00000146402206A823F027FF2946402216A865
:106C100023F022FF744D754EA8461035AE4228BFB2
:106C20002E467348013E009643461022006806A98E
:106C30001AF0A6F94FF0000B81460DF1180AD9455C
:106C400041D16B48009643461022006816A91AF0FD
:106C5000A0F94FF00008834616AEC34546D1654BF8
:106C60009D42D8D101225F4B1A704FF08108002657
:106C7000DFF894B1A4F50625A5F550635B095BF830
:106C8000232004F01F01CA40D20746D45A4A52F8C2
:106C90002330CB40DB0732D58123002E08BF2646A8
:106CA000A5F6FF44B4FBF3F303EBC313E41A04F5B6
:106CB0000624B8F1010804F55064DBD1039B03B34B
:106CC000FEB1344625E05AF8040BFFF727FF0130E8
:106CD00009D10022434B1A70424B1B78002BC4D1C0
:106CE0006FF091000FE00BF1010BA8E756F8040BD1
:106CF000FFF734FF0130EFD008F10108ADE7039B47
:106D000023B96FF08B0027B0BDE8F08F002E18BFBD
:106D10003446329B00201C60F5E7309B13B1002302
:106D2000309A1360319B13B10023319A13604FF0F6
:106D3000100ADFF8BC90CDF800A000233A462146A7
:106D4000D9F80000FDF712FF002838D130993A68D1
:106D50002A4BE9B19A42C1F800A01CD02146D9F8CB
:106D60000000FEF75BF80028CBD1D7E90223DDE96C
:106D70000410834208BF8A422AD08123A5F6FF452A
:106D8000B5FBF3F303EBC313ED1A05F5062490E707
:106D90009A42EAD0E2E7319B002BE6D02146D9F8AF
:106DA000000016AAFDF728FF48B9319B309A1B68EE
:106DB0001268934294D39B1A319A1360D5E7104B13
:106DC0009842CBD06328C9D00E4B9842CDD087E7EC
:106DD000039B002B9DD07B68012B9AD16FF0840020
:106DE00091E700BF2F280020006D0800816D08008A
:106DF000942B0020906D0800F4180020105D175EA1
:106E0000FFDF00F0FEDF00F0081900202DE9F04F51
:106E100087B08246894698461646DDF840B02AB1CA
:106E2000002B53D040F26C739A4252D8BBF1010F41
:106E300052D8002406F110073946012005941BF0B2
:106E4000B4F8054600284AD021463A4623F004FE0D
:106E500005ABCDE9014300942B460122504649463B
:106E6000FFF7A6FE044680B110F18C0F08BF6FF04B
:106E70008D043A460021284623F0EEFD28461BF0FB
:106E800076F8204607B0BDE8F08F164BC5E902A999
:106E90002B60C5F804B02EB13246414605F1100012
:106EA00023F0E5FD059E10483B462A463146006822
:106EB000FDF770FF38B93046FFF730FE013008BFEC
:106EC0006FF08604D5E76FF09104D2E76FF0860487
:106ED000D7E76FF09104D4E76FF08504D1E76FF046
:106EE0008C04CEE7105D175E942B00202DE9F04353
:106EF0008DB08146DDE914780E4615461C469BB1DF
:106F0000B8F1000F05D16FF0860630460DB0BDE830
:106F1000F083002FF7D0B7F1005FF4D3C3F1005333
:106F200003F500439F42EED81022002108A823F069
:106F300093FD002207AB029305AB019306AB3146EC
:106F40000093484608ABCDE90522FFF731FE06461F
:106F50000028DAD1059BA4B1AB4215D853EA050449
:106F6000D1D1069B0B48C8F8004000943A460799D7
:106F700000682B44FDF7FAFD002818BF6FF091065A
:106F8000C3E7AB42EDD2BEE75B1B9C4228BF1C4669
:106F9000E7E700BF942B002030B58DB00C460546C6
:106FA0001022002108A823F057FD002207AB02930E
:106FB00005AB019306AB21460093284608ABCDE90B
:106FC0000522FFF7F5FD044608BB099B012B21D0E4
:106FD000079D134B29461868FDF720FFE8B9A5F572
:106FE0000623A3F55063812B05F01F020DD8012164
:106FF0000C485B09914050F823204A4040F8232078
:107000002846FFF7ABFD013001D16FF08604204622
:107010000DB030BD6FF08404F9E76FF09104F6E72E
:10702000942B0020081900202DE9F04F89B0074665
:107030000E4601F073FEC00709D4042401201BF0A2
:107040007EFC80B3013CF9D16FF0920028E0102261
:1070500000210DEB020023F0FFFC04A801F0C0FEAC
:10706000049B002BE9D0059B002BE6D0069B002B50
:10707000E3D0079B002BE0D00025DFF8808008F1EB
:107080000409B54219D34FF48A7401F041FE00F0AF
:107090000E03062B2DD1C30501D501F06BFE002098
:1070A00009B0BDE8F08F01F033FE10F00E03FAD006
:1070B000022BF8D04105DFD5C4E701F023FEA6EB93
:1070C000050A8400544528BF544699E8030000236C
:1070D0008DE80300CDE9054307EB050BCDF810B0B3
:1070E000029404AAD8F8003007CA1BF021FB2544FB
:1070F000C7E724FA03F3DA07A6D5C6E78CF0030046
:107100002DE9F0438BB01746DDE91545DDE913267F
:107110009C46DDE91738894621B96FF086000BB02F
:10712000BDE8F083002FF8D00EB9002CF5D11299EC
:1071300009B9002AF1D10DB9002BEED1B8F1000F39
:10714000EBD0244A944541D10288B2F5105F3DD17D
:107150004288B7EBD20FE0D322F04001802902D061
:10716000B2F5807FD9D16CB3AE421CD232199542B0
:1071700019D29C42D1D831462246284623F052FCEF
:107180002E4614F00F03C8D1CDE90197CDE903369F
:10719000CDE90543CDE907540993FFF7A7FC38B1C2
:1071A0006FF09200BBE79C42EBD96FF08900B6E725
:1071B00007AA04A901A801F0D7FE0546FFF7A2FC23
:1071C0000543EDD10020C8F80040A8E76FF0850026
:1071D000A5E700BF004440042DE9F04FA9B0834665
:1071E00017469A460E46DDF8C890DDF8D88029B9D2
:1071F0006FF08603184629B0BDE8F08F002AF7D05B
:10720000B9F1000FF4D0349B002BF1D0B8F1000F8E
:10721000EED00024424B0CAD93E8070085E8070050
:107220003C22214619A8189423F016FC3388728852
:1072300003F4E040B0F5804FDAD03A4E3A480BEA1A
:10724000060646F01066864263D1B2F5807F60D1B3
:1072500047F2121293425CD10620344ABAF11F0F52
:10726000D3680E940B931369126800FB03F3CDE906
:107270000C23BDD9339B402BBAD9359B1F2B4BD93F
:1072800009F1010220261292402299F800300F974E
:10729000042B18AFCDE91324CDE915721096119483
:1072A0001794A5D1FFF722FC03460028A2D10B9B1F
:1072B00015AACDE9086305AB07CA83E8070002AB4E
:1072C00012AA07CA83E80700DDE910018DE8030070
:1072D0000F9B95E8070001F021FF0546FFF712FC20
:1072E00055EA000384D13D46349A20AE2C4603CCA7
:1072F000B44210605160254602F10802F6D1002226
:107300001146B9540132402AFBD12022C8F800208E
:1073100070E76FF085036DE76FF089036AE700BFE0
:1073200008F203000000FFF6000002091CF203004F
:10733000F0B50E461D468BB0002853D0002951D021
:10734000002A4FD0002B4DD0048804F44F43B3F5EE
:10735000824F03D06FF085000BB0F0BDE3B224F094
:10736000FF04B4F5E24FB0F802C0F3D1122B01D004
:10737000172BEFD10CF10701B2EBD10F4FEAD10778
:1073800033D31D4A04ACBCF5807F07CA84E80700EC
:10739000E0D1122B07D1194B1A691B681344CDE9B0
:1073A0000432002306930023CDE907670993FFF712
:1073B0009DFB0028D0D1124A02AB92E8030083E87B
:1073C00003000AAB13E903008DE80300079B94E870
:1073D00007001BF032F90446FFF794FB204307D166
:1073E0002F60B9E76FF08600B6E76FF08900B3E76A
:1073F0006FF09200B0E700BF08F203001CF2030038
:1074000084F003002DE9F0438FB01D46DDE916C678
:1074100000285CD000295AD0002A58D0002B56D022
:10742000BCF1000F53D0002E51D0038803F44F4419
:10743000B4F5824F51D1DCB223F0FF03B3F5824F94
:1074400040884AD0122C01D0172C46D1C31DB2EB74
:10745000D30F4FEAD3083AD34FEA4802571C674587
:1074600038D8B0F5807F38D1122C18BF4FF0000902
:107470004FF0000308BF1C4CCDE9081805F10101CD
:1074800014BF4C46D4F80C90CDE90B120A930D931F
:10749000FFF72CFBC0B9CDE9058902AB08AA07CAE2
:1074A00083E807000EAB13E903008DE803000B9B94
:1074B00094E807001BF0E0F80446FFF723FB2043A5
:1074C0000ED104232B7037600FB0BDE8F0836FF04E
:1074D0008600F9E76FF08900F6E76FF08500F3E7C3
:1074E0006FF09200F0E700BF1CF203002DE9F043BB
:1074F00089B00E4615461F46DDF8488020B96FF06A
:10750000860009B0BDE8F0830029F8D0002AF6D043
:10751000B8F1000FF3D0038803F44F42B2F5824F65
:1075200002D06FF08500ECE7DAB2122A01D0172AF8
:10753000F7D123F0FF03B3F5E24F41D14488C8F8F7
:10754000004044B9EB00B3F5807FC8F80030E8D1C3
:10755000122A0DD108E0E31DB5EBD30FCFD1B4F55E
:10756000807FDED1122A29D1354B1C681B691C444F
:107570000023194670192C4414F801CD10F8012D80
:107580001143B2EB0C020CBF4FF0FF3C4FF0000C6C
:1075900086420CEA030343EA0203EDD10029AED090
:1075A000002BACDA109B9D4246D82A46314638461D
:1075B00023F05DFA119B00201D60A2E70024D7E7AD
:1075C0003378042B9BD16B1EDB005B08B3F5807F07
:1075D000C8F80030A5D1122A06F1010318BF4FF0F8
:1075E00000094FF0400205934FF000030ABF144C0E
:1075F0004C46D4F80C90CDE90623FFF777FA002823
:107600007FF47FAFCDF80C90D8F800300733DB085B
:10761000029308AB13E903008DE80300059B94E88F
:1076200007001BF0D6F80446FFF76CFA00287FF439
:1076300068AF002CB6D062E76FF0890061E700BF49
:107640001CF203000388B3F5105F0ED14388DB08FA
:10765000103B102B0CD8084A22FA03F313F0010F49
:1076600014BF00206FF0860070476FF085007047F0
:107670006FF08600704700BF010101002DE9F04F57
:107680008FB01546DDE918A91E46DDF868801C9FFD
:1076900009B300B3B8F1000F1DD0E7B1BAF1000F84
:1076A00002D1B9F1000F16D1274B26F47E129A426F
:1076B000B0F802B044D1FFF7C5FF0446A8BBB5EB54
:1076C000DB0F4FEADB0306D316F47C1FC6F3054538
:1076D00004D0102D03D96FF0860426E010251B9AE4
:1076E00095422AD8CDE9011300231022CDE9059354
:1076F0000DF12809CDE9033ACDE90823CDF81C9016
:10770000FFF7F4F9044680B907AA04A901A801F01B
:107710003FFC0646FFF7F6F9044656B958B92A4623
:107720004946404623F0A3F93D6020460FB0BDE82E
:10773000F08F6FF092040025F6E76FF08904F4E70C
:107740006FF08504F1E700BF0002C0032DE9F041AE
:10775000069F0C461646054610B309B302B9FBB99D
:107760006288B3EBD20F4FEAD20819D34C22002122
:10777000284623F071F90D4B27F47E129A4212D15C
:107780002046FFF75FFF044638B942463146281DC0
:1077900023F06DF9C5F824802F602046BDE8F08104
:1077A0006FF08604F9E76FF08504F6E70002C00386
:1077B0002DE9F0410E4614460546002840D0002928
:1077C0003ED092B10368214823F47E1383423AD11C
:1077D000AF6BF7B1C7F1100807F128004245284404
:1077E00006D2274423F043F9AF630020BDE8F081BF
:1077F000424623F03CF91022103C3C19AA63F4D015
:10780000284605F1280119F071FE0028EED1464402
:10781000A863102C0CD9671E27F00F073A46314693
:10782000284619F063FE0028E0D1E41BDDD03E4479
:107830002246314605F1280023F019F9AC63D4E75C
:107840006FF08600D2E76FF08800CFE70002C00338
:107850002DE9F04388461F4605468BB070B169B1EB
:1078600063B10368234923F47E1088423ED113F4A8
:107870007C1FC3F3054604D0102E03D96FF0860495
:107880002AE0102696422BD8FFF730F9044618BBA1
:10789000AB6B05F12802CDE901236B6A2A1DCDE906
:1078A00004231023CDE9083007AB1A460390069055
:1078B00005F13C0901A904A8CDF81C9001F08CFB4E
:1078C0000546FFF71FF904466DB928B93246494607
:1078D000404623F0CCF83E6020460BB0BDE8F08374
:1078E0006FF08904F8E76FF09204F5E76FF0850414
:1078F000F2E700BF0002C00370B504460D4626F053
:10790000D7FE1D2C064608D80C2C0AD8082C2CD0E3
:1079100013D8BB23E340DB0718D4002321242B809A
:107920001EE00123174AA340134224D1122C26D073
:107930000D2CF2D14FF4F06005E0092C18D00C2C7E
:10794000EBD14FF4C060FEF743F802E08020FEF771
:107950005DF84FF6FF7398420CBF0E240024288078
:10796000304626F0A0FE204670BD4FF48060EEE762
:107970004FF49060EBE700230F242B80F0E74FF4E7
:10798000E060E0E70080912030B58BB06C466B4D35
:107990000FCD0FC42B686A4A2360FF238DF8013096
:1079A000D2F84C3113F4802340F0BC80D2F850213F
:1079B0008DF801309DF801306C46FF2B08BF19236C
:1079C0006846604D8DF80130FEF7CEF83220FEF7A4
:1079D00009F90FCD0FC40FCD0FC495E8030084E85B
:1079E0000300574BD3F84C21120340F18780A3F5D5
:1079F000FE431C88B4F5807F28BF8C248DF8194085
:107A0000FEF7ACF8044484F308044F488DF818409E
:107A1000FBF7E4FB6846FEF705F83220FEF7E8F8CE
:107A20004A48FEF7CBF94A4C4A4826F022FF00208C
:107A3000FEF7E4F8FEF778F9236F002023F0070340
:107A400043F003032367FEF799F9236F424923F4B8
:107A500074432367414BD3F8FC2012F0807251D15C
:107A6000C1F880203A4BD3F8202122F0030242F0E3
:107A70000202C3F82021D3F8242122F0070242F0A9
:107A80000202C3F82421D3F8802122F0030242F03D
:107A90000102C3F88021D3F8402122F0030242F012
:107AA0000202C3F84021D3F8602122F0030242F021
:107AB0000202C3F86021D3F8402222F0030242F010
:107AC0000202C3F84022D3F8002222F0070242F05B
:107AD0000202C3F80022D3F8202222F0030242F06F
:107AE0000102C3F82022FDF75BFF4FF0E0220020E7
:107AF000136943F0040313610BB030BDD3F8504158
:107B0000E4B27BE7D3F8FC2022F08072C3F8FC20BB
:107B10000022C1F88020D3F8FC2042F08072C3F824
:107B2000FC209FE74FF07E6393F89C2093F99C30F4
:107B3000002BFFF63FAF8DF801203BE798F00300E4
:107B40000080E00FACF0030000F0490200B4C40470
:107B500000800050E0F003000090005000ED00E0D5
:107B600007B56B46054A1068516803C36846FEF7BF
:107B7000F3FA002003B05DF804FB00BFD4F003006B
:107B80000028ACBF00F16040064B4FEA0111C9B2BA
:107B9000ABBF00F5614000F00F0080F800131954EE
:107BA000704700BF14ED00E008B526F081FD0B4BD7
:107BB0001A7872B901221A7026F075FD6FF004026E
:107BC00010460132052152B2FFF7DAFF402AF7D101
:107BD00008BDBDE8084026F066BD00BF3028002083
:107BE00000280CDB01220649430900F01F008240F7
:107BF000203341F82320BFF34F8FBFF36F8F7047BF
:107C000000E100E0002807DB01234109034A00F0FE
:107C10001F00834042F82130704700BF00E100E0C0
:107C2000054B421153F8223000F01F0023FA00F0F8
:107C3000C04300F00100704700E100E0002808DBCD
:107C400001224309034900F01F008240603341F8DC
:107C50002320704700E100E010B5044626F01FFD28
:107C6000024B1C6026F016FD002010BD1C190020E0
:107C700010B526F014FD034B1C6826F00BFD2046C2
:107C800010BD00BF1C190020034B022218680023FE
:107C90008068194613F040BE6C2C0020302337B5A5
:107CA000007D0DF10701434303F1A04303F5802359
:107CB000DD6E1C6F25F032FC9DF8070040B9054BC6
:107CC0009D4203D184F00204C4F3400003B030BDF0
:107CD0000120FBE7312800203021037D02464B4381
:107CE00003F1A04303F58023D86E07491B6F884238
:107CF00008D113F0020006D0106A136D1B1A584207
:107D000058417047002070473128002070B5044664
:107D100008B9012070BD057D2846FBF7B7FD30236B
:107D20006B4303F1A04303F580232846DE6EFBF787
:107D3000CDFD0A4B9E421CBF042384F8A13094F869
:107D4000953094F8A1002BB1022803D1012384F8C7
:107D5000A130DFE70428DCD1F8E700BF312800209C
:107D60002DE9F743D0E9043404F17C07D0F80C90F6
:107D70000646013B102200213846D4F874809DB29B
:107D800022F06AFE0B4BC5F30A0543EA0513C4E96A
:107D90001F39012394F8780084F88C30C4F884806B
:107DA0003A46054B009604F16401FBF749FD03B028
:107DB000BDE8F08300001030CD1603002DE9F04F30
:107DC00004464FF444764FF030093F4D00F1380738
:107DD0001022002185B0384622F03EFE6687C4E9B5
:107DE0000F55207DFBF752FD10220021384622F06E
:107DF00033FE6687207D354EC4E90F5509FB0063CD
:107E0000DB6EAB4204D105B0BDE8F04FFBF75EBDC1
:107E10000DF10B0125F082FB9DF80B50002D4CD18C
:107E2000204619F037FC804603A9207D25F098FBF9
:107E3000039B2946013B1FFA83FB04F118031D46EF
:107E400010221846D4F810A022F006FEA169204A9C
:107E5000CBF30A031B010A4043F040731343C4E908
:107E6000063A237DC4F8208009FB0366336F94F83B
:107E700024205B0863F3410284F82420326F94F8D5
:107E8000243025F0030562F3000384F82430336FB7
:107E9000626A9B0863F39F0245F0020562626564B3
:107EA00000943A4621460B4B207DFBF7C9FC207D10
:107EB000FBF70CFD05B0BDE8F08F94F844306FF38C
:107EC000410384F84430EBE73128002000000450DF
:107ED0000F80FFFC3B1703002DE9F04F994600236C
:107EE00004468DB008910692C9F80030D9F80050C8
:107EF000069B5E1B00F09E80089B5D1900F09A8037
:107F0000207DFBF7C3FC2046FFF7E6FE8046207D80
:107F1000FBF7DCFCB8F1000F40F08C80204619F034
:107F2000B9FB216D94F89AA088429CBFD4E9120352
:107F3000C018401A864228BF0646BAF1000F00F06A
:107F4000A98026F0B5FB236D079020460993FFF723
:107F5000A5FE3746099B834698198342D4F89C2096
:107F600071D1D4E9120303449A4208BFC4F89C00BB
:107F7000079826F098FBDA46207DFBF787FC0DF189
:107F80002F01207D25F0CAFA204619F083FB236DCE
:107F90008346984240F28C80A26CB5B293427FD166
:107FA000099304F128082369102200214046079311
:107FB00022F052FD3021079B013DE362099BC5F38E
:107FC0000A052363237D2D014B4328F0030803F1A9
:107FD000A04345F0407548F0020203F58023A562F6
:107FE0001A67236DD4E9121233440A44934208BF3E
:107FF0000B465B45236505D10123204684F85430A8
:10800000FFF7DCFE207DFBF761FC94F89A303BB172
:10801000BAF1000F04D0236E112120465B68984707
:10802000D9F8003037B1069A3B449342C9F8003082
:10803000FFF45CAFD9F80030002B14BF00201B20E8
:108040000DB0BDE8F08F013303F1FF3C624510D164
:10805000C4F89C3013F8012C112A01D0132A15D131
:10806000013FA2F111014A424A41D04684F8A020C2
:1080700073E713F8012C02F0FD0CBCF1110F06D1CF
:10808000013FB8F1000F3FF468AFEAE7D04605F8CA
:10809000012B62E73246284622F0E9FC37466BE7BF
:1080A000238DC3F30A12154465F30E13238598E755
:1080B0009DF82F30207D93B93023584300F1A04024
:1080C00000F58020426E436EC2F30A1223F4FF4390
:1080D000324423F0700343EA0213436681E70C4BFA
:1080E000049403930023CDE90163012300935A46CE
:1080F0002369216818F020FC3022237D534303F1CB
:10810000A04303F580235A6E22F480125A6668E772
:108110003B170300F0B50C4615460646A422002185
:1081200089B0204622F098FC2746AC46BCE80F00F8
:108130000FC7DCF8003005F1140C3B6004F1640754
:10814000BCE80F000FC7DCF80030EA6A3B60AB6A9E
:10815000C4E9132395F83020A36484F8992095F896
:108160003320C4F89C30012384F89A2084F8A0308E
:1081700084F85430AB6B236695F8313084F898302E
:108180003F4B346073603F4BB3603F4BF3603F4BFA
:1081900073613F4BB3613F4B3361FBF71DFB10B184
:1081A0003D4B98420ED1002107A8FBF79DFA0146EE
:1081B00040B9079B07A82375FBF796FA28B1207DE5
:1081C000FBF7E4FA102009B0F0BD0127079B84F803
:1081D0007830324B7362324B84F8A170F361314BCB
:1081E00095F83210336284F8960084F89570204632
:1081F00019F073FBAB6B93F91100FFF71FFDAB6B2D
:1082000093F91100FFF7FEFC207DFBF73FFB0028F0
:10821000D8D1254B0494CDE90203E36CCDE900737A
:108220002369A26C2168207D18F086FB0028C9D143
:108230003022237D4FF48011534342F2640203F154
:10824000A04303F580239950AB6B93F91000FFF71F
:10825000F5FCAB6B93F91000FFF7D4FC04F1900030
:1082600018F03DFB3046FFF7F7FC2046FFF7A6FD70
:10827000207DFBF72BFB003818BF01200001A2E78F
:10828000AB170300F5160300D97E01008316030027
:108290008916030053190300038000F00D7D0100CF
:1082A000DB1803008F1603003B17030070B5056849
:1082B000144E2C7D2046FBF7E9FA302303FB0463C0
:1082C000DA6E114B9A420FD12846FFF7E7FC80B1D6
:1082D00026F0EEF901230D4AA3405365A2F5805222
:1082E0009362536326F0DFF92046BDE87040FBF748
:1082F000EDBA2846FFF7F0FC0028F5D10123A34092
:10830000B364F1E70000045031280020002004503D
:10831000F8B517461C46564A8B6B069D1A60554A9F
:108320005A60554A9A60554ADA600A462946FFF76C
:10833000F1FE0646002840F0958023680121C5F82B
:10834000A43063683A20C5F8A830637A85F8AD3068
:10835000237A85F8AC30E37A85F8AF30A37A85F8D4
:10836000AE30637B85F8B130237B85F8B030E37B9A
:1083700085F8B330A37B85F8B230FDF713F90123FC
:108380000422617A207AFDF77BFF01230222E17A41
:10839000A07AFDF775FF01216068FDF703F93E70D3
:1083A00039462068FEF794F91422637C5B0103F1DF
:1083B000A04303F57033C3F81C26617A227A42EA9F
:1083C0000142C3F83426E17AA27A42EA0142C3F8B4
:1083D0002C2685F8B4607B7E032B47D8DFE803F0BA
:1083E0003444021C022385F8B43000230422E17BCC
:1083F000A07BFDF745FF022741F21C61627C204B08
:1084000003EB42104750E07BA17BB13241EA0041CF
:1084100003EB4213996017E0012785F8B43002227C
:108420000023617B207BFDF72BFF637B227B617C3C
:1084300042EA0342134B49015A500422236803F5D0
:108440008053DA65002FD0D1237A0F4A85F8AC30FB
:10845000637A052185F8AD30206800F500539A64F1
:1084600018F0B9FF3046F8BD0027D6E72326F9E714
:10847000151A0300A71A0300B51A0300291A0300EE
:1084800000C0035024D60350FFFF010007B5684623
:1084900000F028F8DDE900010022034B03B05DF88D
:1084A00004EB19F039BE00BF2019002007B5009376
:1084B00013460A460146034819F067FB03B05DF80E
:1084C00004FB00BF2019002007B5009313460A469D
:1084D0000146034819F04DFD03B05DF804FB00BFF1
:1084E000201900200249034A0160521A4260704775
:1084F000A02D002000800020004870472019002097
:10850000BFF35F8F074B5A6A22F480325A62D3F866
:10851000942022F00102C3F89420BFF34F8FBFF3E1
:108520006F8F704700ED00E038B5FFF7E9FF274A8D
:108530002748D2F8C030274D23F0FF0343F0A003B3
:10854000C2F8C030244B04689D4204F101011DD1E2
:10855000224BC2F89840C2F89C3003F5FF437E33AB
:10856000C2F8A0300160BFF35F8F0522174BC3F83C
:1085700094205A6A42F480325A62BFF34F8FBFF39D
:108580006F8FBFF34F8FBFF36F8F38BD23F01F0383
:10859000203BB3F1005F09D3C2F898400F4C43F081
:1085A0000103C2F89C40C2F8A03001600C4B016886
:1085B000064A23F01F0343F00303C2F89810C2F8E1
:1085C0009C30084B0131C2F8A030CBE700ED00E051
:1085D00048190020202B0020402900200300002003
:1085E0003F2B0020E17F00202DE9F0410D46114690
:1085F000DFF8E080D8F80040B4F5807F34BF002772
:108600001A27FFF77DFF1F292ED90021C2061CBFA4
:1086100020F01F0020302E4EEB0618BF25F01F055E
:10862000CBB29C4235D8D6F8C03020F01F0023F4DE
:108630007F4343F48073C6F8C03040F0030426F053
:1086400037F8D8F8003025F01F0141F00301C6F8D3
:108650009830C6F89C40C6F8A01026F024F8D8F848
:1086600000300133C8F80030BFF35F8F0522184B8C
:10867000C3F894205A6A42F480325A62BFF34F8F93
:10868000BFF36F8FBFF34F8FBFF36F8F3846BDE8D7
:10869000F081C6F89830D6F89C30D6F8A02023F0A8
:1086A0001F03984222F01F0201D195420BD0904245
:1086B00001D89D4209D2D6F89830013123F0FF034A
:1086C000C6F89830ACE70027CEE72827CCE700BFF4
:1086D00000ED00E048190020BFF34F8F0549064B1D
:1086E000CA6802F4E0621343CB60BFF34F8F00BF50
:1086F000FDE700BF00ED00E00400FA0538B5416079
:10870000044625F0CCFF05462146044818F0EAF857
:108710002846BDE8384025F0BDBF00BF4C190020F9
:10872000014818F0DCB800BF4C19002070B525F0E6
:10873000B6FF174E0546174826F09BF83378CBB99D
:1087400000F07CF9044620B1284625F0A3FF20461E
:1087500070BDFFF7E5FF26F089F90F4B1C6025F08F
:10876000ABFD0E4B0E4A1860536F43F00103536785
:1087700019F0F4FC00F078F819F007FD094B00241B
:10878000186001232846337025F084FFDFE700BF1F
:108790003E280020E4F00300501900207819002042
:1087A000004000505419002038B5044625F077FFEA
:1087B0000F4D02462B78FF2B04D1B4B1BDE83840F1
:1087C00025F068BF1BB9002CF8D0012103E0002C74
:1087D0000CBFFF2101210B44DBB22B70B3FA83F3F2
:1087E00004495B0910460B70E8E71946F3E700BF40
:1087F0003B2800203A280020054B1B685843054BB6
:1088000000F5742000F23F20B0FBF3F0704700BF8A
:108810007819002040420F0073B5114E044633789A
:1088200083420FD04FF400730E4DADF8043058B1B1
:1088300001A8FDF789FB4020FFF7DEFF2B68181A1F
:108840002860347002B070BD8DF8050001A8FDF7F6
:108850007BFB4020FFF7D0FF2B681844F0E700BFF8
:10886000782D0020B019002073B5002401A88DF8E0
:108870000440FDF70BFC2046FFF7CEFF2C4B2D4AA2
:10888000D3F8003103F0030313604FF400222A4BA6
:108890005A664FF400325A6625F074FA4FF4C870E5
:1088A000FFF7AAFF254B264A1860264913680134B2
:1088B000E4B20A2C41F8040BF9D1034400EBC000E8
:1088C00003441360204B214D1B7813B3184BD3F88E
:1088D000003103F00303022B23D0032B24D0012B00
:1088E00017D124F0E1FD024698B1194B194EDC680E
:1088F00000231946C4F30B04013404EB840401384B
:10890000E4FB060112F066FEFFF776FF2B680344D6
:108910002B601F20FFF770FF2B6803442B6002B011
:1089200070BD24F0CBFDDEE724F0C4FDDBE700BF23
:1089300000800050B8190020009000507C190020E1
:10894000801900208419002042280020B01900203E
:1089500000C0015040420F000122154B10B55A676C
:10896000144B154C1B7813B3022026F070F8F0B1AD
:1089700025F036FDD8B1A36DD90302D5E36D9A0772
:1089800015D40D4B9B6DDB0711D401220B4B1A70D4
:1089900026F051F8BDE81040094B0A4A1860136FE1
:1089A00023F0070343F00303136724F063BD10BDF6
:1089B00000D000504328002000C000504028002074
:1089C000AC190020008000500122014B1A70704742
:1089D0004328002008B5FFF759FDFDF70FFE0128D9
:1089E0000ED1134B04205A6E4FF4802311495203C9
:1089F00058BF114A4B6601F51041086258BF5366D3
:108A000019F0C7FBFFF7D0F8FFF7AAF818F0B9FD87
:108A1000FFF78CFE00F012F8FFF786FD19F0BAFBA5
:108A200019F0C7FB17F0BFFEBDE8084019F0B3BB53
:108A3000008000500090005000A0005070B525F05C
:108A400037FE144E05463478FCB9134B1C60134BAB
:108A50001C60134B1C6000F031F8012025F0A8FDCC
:108A600025F09AFD0F4B0246186020B9284625F0E4
:108A70001AFE232070BD234640F2E7310A4812F067
:108A8000A9FD0A4B186001233370284625F00BFE20
:108A90000020EFE746280020CC190020C81900204C
:108AA000D4190020D019002018FCFFFFC4190020A1
:108AB000014B1868704700BFC41900201FB500247F
:108AC000194B18689A880290D3F806009B7A009098
:108AD0001648ADF80C208DF8043025F0CAFE02A827
:108AE0008DF808408DF80C40FDF74CFD69460120DB
:108AF0008DF80040FDF702FD40F2FF320C4B9A6109
:108B00005A614FF0B042936A13F00803FBD113622D
:108B10000120FDF70DFD0C20FFF790F80C20FFF76A
:108B200071F804B010BD00BFF7F00300DCF00300E3
:108B30000020005810B525F0BBFD4FF0B0430446AF
:108B40005B695A06074A03F0010003F0510348BF6E
:108B500040F00200536125F059FC2046BDE810406A
:108B600025F0A1BD0020005838B5044605F0DEF818
:108B700000283DD10323A38340F2FD532383042324
:108B8000A376A368A07743F48013A36019F028FBB1
:108B9000A368A0801B030CD4B0F5FA7F09D925F097
:108BA0007EFD01210546084624F060FF284625F099
:108BB00071FD204605F0E2F8D8B9E068D0B106F0C2
:108BC000FDFA1AF017FE04F015FA1BF083FF1CF0F3
:108BD0004AFD0022012104201DF025FD032104206F
:108BE00002F0E0FD0A2001F0B1F8204619F005FB83
:108BF000002038BD0048E2E77A2D002008B504497E
:108C000004480BF053FDBDE808400BF081BD00BFE8
:108C100004F10300CCF103004FF08052014B5A6085
:108C2000704700BF00ED00E0F8B50E460546D0B134
:108C3000C9B10E4B0E4F19683868FBF789FE044620
:108C400078B9062332460B493868FBF74FFF0446D4
:108C500038B901232A4608493868FBF747FF00B1B5
:108C60002C702046F8BD2124FBE700BF742B0020A8
:108C7000942B00202C0004003C0004001B0603F091
:108C8000706300F00F000902034301F470611204E5
:108C900002F470220B431343014A1360704700BF74
:108CA0000020025C60B5054619B10139B1F5806F4D
:108CB0000FD2094EF06810F48030FBD143EA012353
:108CC00012072B4302F08052134343F000437360BA
:108CD00060BD0120FCE700BF0020025C0122054BC3
:108CE0009A60DA68D203FCD4D86820F00F00000440
:108CF000000C70470020025C014B1868704700BFF1
:108D00000040025C014B5868704700BF0010025CD5
:108D1000014B186B704700BF0010025C014B1868D4
:108D2000704700BF0010025C014B9860704700BFA5
:108D30000010025C014B1864704700BF0010025C19
:108D4000014B5864704700BF0010025C014B586330
:108D5000704700BF0010025C0022014B1A60704790
:108D60000010025C024A136843F00103136070476D
:108D70000010025C024A136823F00103136070477D
:108D80000010025C43F20402014B1A60704700BFFE
:108D90000010025C024A136843F03003136070470E
:108DA0000010025C044B1A6842F480721A601A6860
:108DB00022F480721A6070470010025C024A136845
:108DC00043F48063136070470010025C034A136829
:108DD00023F4702343EA0043136070470010025CE1
:108DE000044B1A6902605A6942609A698260DB69C1
:108DF000C36070470010025C0268044B1A6142684D
:108E00005A6182689A61C268DA6170470010025C38
:108E1000024B1A6BD207FCD4186270470010025C38
:108E20000322024B186019615A6370470000025C0C
:108E300082B01FB507930A9B04AC8B4228BF0B4638
:108E400004E907001048D100079948BF03330160C7
:108E5000099948BF23F0030323F0704301F0E04178
:108E6000194341F000518160002102F0E042019C71
:108E70001A4342F00052C16004618261416304B050
:108E8000BDE8104002B070470000025C3F22034B77
:108E90001A631022DA6103229A6370470000025CB1
:108EA000024AD36B9B07FCD4704700BF0000025CF2
:108EB000044B9B6A13F0240F14BF01200020800094
:108EC000704700BF0000025C08B5FFF7F1FF064BDA
:108ED000DB6B23F47F4323F0EF0303431EBF012228
:108EE000024BC3F8FC2F08BD0000025C00F0FF3FFE
:108EF0004368182B0AD0202B1DD0102B2BD1174BD9
:108F0000D3F80434DB010AD401207047134BD3F8A3
:108F100004349A01F8D50B6843F008030B6003682A
:108F20000F4A934210D10B6843F040030B600023BB
:108F3000436000207047094BD3F804345B01E3D54C
:108F40000B6843F00403E9E7064A9342F1D10B684A
:108F500043F08003EAE70720704700BF0000025C8F
:108F600048280020472800200B4607B50749D1F8BC
:108F70000414C90708D5002100920246084600F0F3
:108F80005BF803B05DF804FB0120FAE70000025C27
:108F90001346064AD2F80424D20504D50A460146EF
:108FA000002019F040BB0120704700BF0000025CA8
:108FB00013B5084CD4F80444E40508D500931346CF
:108FC0000A460146002000F061F802B010BD012001
:108FD000FBE700BF0000025C13B5084CD4F8044462
:108FE000E40508D5009313460A460146002000F028
:108FF00071F802B010BD0120FBE700BF0000025C69
:1090000070B504460D4616468CB00A4A09AB07CA2D
:1090100083E807001A462146CDE90563CDE903330D
:10902000CDE9013300954FF4803019F028FA0CB0E7
:1090300070BD00BF08F20300F0B51C465B68154622
:109040008DB01A07129E1AD1CBB17268934216D115
:109050000C4B0D4A53F8217009AB07CA83E807008F
:109060001A462946CDE90533CDE90333CDE901633D
:10907000009447F4807019F002FA0DB0F0BD07209B
:10908000FBE700BF14F2030008F20300F0B5164638
:109090005A688DB0102A0D46129F15D17A68102A91
:1090A00012D10A4A09AC07CA84E8070022462946B9
:1090B000CDE90547CDE90344CDE9014404480096D4
:1090C00019F0DDF90DB0F0BD0720FBE708F2030051
:1090D00030000100F0B516465A688DB0102A0D46D2
:1090E000129F15D17A68102A12D10A4A09AC07CA10
:1090F00084E8070022462946CDE90574CDE90344FA
:10910000CDE901440448009619F0B9F90DB0F0BD5D
:109110000720FBE708F203001000010082B070B5E1
:1091200086B0149D03AE202D86E807000B9359D816
:1091300005EB85038B4203D006236B438B4253D14F
:109140000C9BAB4250D10F9BB3EB450F4CD1129A05
:10915000934249D1012229462220159BFFF7A2FD07
:10916000044630BB034606220E210C20FFF786FD85
:109170000123CDE900332B4696E8070019F012F9D8
:109180000E230BAA009307CA2B4619F056F80C239E
:10919000164C00930EAA2B4607CA19F07EF8636896
:1091A00023F07F0343F026036360FFF797FD30B1A0
:1091B0000624204606B0BDE8704002B070476368E0
:1091C00023F07F0343F022036360FFF787FD04462B
:1091D0000028EDD1062311AA009307CA2B4619F0E7
:1091E0008FF8E6E70124E4E70724E2E70020025CC9
:1091F00070B598B0002843D02C4C08AD0FCC0FC5EB
:109200000FCC0FC50FCC0FC594E80F0085E80F00F9
:109210006D4604AE04F1100320340FCB85E80F0037
:1092200094E80F0086E80F00FFF7BCFD0420FFF76D
:10923000CDFDFFF7A7FD3046FFF7DEFD002408AEA9
:1092400056F8040B0134FFF7E3FD102CF8D1FFF7BB
:1092500059FD0328FBD90024FFF77EFD2646FFF7C2
:109260004BFD55F8043B01365840042E44EA0004F7
:10927000F5D12CB1012206200D4B1A7018B070BD2B
:10928000FFF790FD0820FFF74FFD0020FFF752FD8C
:109290000720FFF755FD4FF40070FFF757FD08203A
:1092A000FFF794FDFFF75EFD0020E7E7F0F2030013
:1092B0004A28002008B5FFF775FD0122014B1A70FE
:1092C00008BD00BF492800201FB519F02BFB04463C
:1092D00030B1012206240D4B1A70204604B010BD97
:1092E000FFF70AFD0090FFF707FD0190FFF704FD6F
:1092F0000290FFF701FD03906846FFF77DFDFFF741
:10930000D9FFFFF747FDFFF759FDE6E74A280020A0
:1093100010B50A46044619B1024B00211B68984754
:1093200010BD00BF982B00200E4B0340B3F1607FAF
:1093300006D1B1F5885F14BF6FF08600002070473A
:10934000B3F1707F0BD101F4E043B3F5005F06D1B8
:1093500011F4E06F0CBF6FF08600002070476FF0D3
:10936000860070470000C07F8A42F8B507460C4669
:1093700000F019818F4922F4FF7323F001038B421F
:109380000ED08D4B22F0FF01994209D08B4822F478
:109390007F7323F00303834202D0894B994228D183
:1093A000884B24F0FF0199420FD114F0FF000BD03D
:1093B000854B40F00070984240F0F78082EA04004C
:1093C000FF288CBF00200120F8BD7B4B9942ECD0D8
:1093D000A3F588539942E8D024F4FF7323F00103E6
:1093E000B3F1062FE1D076488142DED073498B423B
:1093F000DBD004F0FE43B3F1A06F14D102F0FE43C2
:10940000B3F1A06F40F0D18082EA040333F47E13FD
:1094100040F0CB8014F40040D6D0C4F30540C2F332
:1094200005429042CDE7B3F1407F40F0A88002F0C2
:10943000FE43B3F1407F40F0B88082EA040535F482
:109440007E1540F0B28039462046FFF76DFF0028B8
:1094500040F0AB805D4B12F47C1603EA020319D096
:10946000B3F1607FC2F3054679D15949D3B243F0D5
:1094700000738B4277D003F17E43043B0F2B5CD803
:10948000DFE803F05A5A5B716567696B65675B5B80
:109490006567696BB3F1607F34D14D49D3B243F056
:1094A00000738B4244D003F17E43043B0F2BDCD886
:1094B00001A151F823F000BF359501003595010059
:1094C0006B94010031950100AF950100F994010002
:1094D000FD94010001950100AF950100F994010090
:1094E0006B9401006B940100AF950100F9940100A9
:1094F000FD940100019501002026B6E73026B4E76F
:109500004026B2E7B3F1707F17D107F4E043B3F51B
:10951000005F03D10126C7F302239E4007F4E04316
:10952000B3F5005F09D10125C7F302218D4004E0A6
:1095300010269AE7142698E7142514F47C1FC4F328
:10954000054312D1B54214BF002001203CE71C2581
:10955000F3E72025F1E73025EFE74025EDE7B3F10C
:10956000707FEAD1DAE71025E7E712F47C1F01D11A
:10957000AB4218D022047FF527AFB34221E7B3F105
:10958000106F12D124F01F6020F4702068B902F02F
:10959000FE43B3F1106F7FF417AF0E48104040F058
:1095A0001060A042CFE701200EE700200CE71C2648
:1095B0005BE700BF0002000600130006000400067F
:1095C0000009000600030006FF0000020000C07F43
:1095D000030000020000FFF637B50D4D0C466B7816
:1095E000022B12D12B78072B0FD100230A460193AF
:1095F000014601AB281D17F0AAFF20B9019BA34229
:1096000018BF6FF0930003B030BD6FF08800FAE729
:10961000D81900202DE9F843884617461C4600F06B
:10962000D5FA054688BBD8F80060B6F8009009F472
:10963000E043B3F5804FB36808BF27F0010737EA6E
:1096400003031AD10CB3254B24F0FF029A421FD119
:1096500014F0FF0304D0224A43F00073934232D047
:1096600022464846F168FFF77FFE074668B9224662
:1096700048463169FFF778FE70BB6FF08405002320
:109680003046C8F8003019F065FF2846BDE8F88379
:10969000144B9A42DCD0A3F588539A42D8D024F4D4
:1096A000FF7323F00103B3F1062FD1D00E498A4294
:1096B000CED00E4A9342CBD004F0FE43B3F1407FAC
:1096C00004D12304CCD56FF08605D8E7B3F1A06FA1
:1096D000F7D0034B9C42C2E73D46D6E700030006A5
:1096E000FF00000200130006000900060004000647
:1096F00000F0FE43B3F1407F70B504460E4619D129
:10970000FFF712FE00285ED114F47C1F15D0C4F3BD
:109710000543032B137054D9554D2540B5F1607F97
:1097200040F09380534AE4B244F00074944256D11E
:10973000102B48D96FF0860045E04D4B2340B3F124
:10974000607F39D14B4BE4B244F000749C4202D1AB
:109750001023137037E004F17E44043C0F2C2ED804
:1097600001A353F824F000BFA9970100A9970100B5
:10977000BF970100519701006D980100AD9701005E
:10978000B1970100B59701006D980100AD970100F8
:10979000BF970100BF9701006D980100AD970100D0
:1097A000B1970100B59701001423D2E7202307E009
:1097B000302305E0402303E0B3F1707F04D00023A1
:1097C00013706FF0850070BD01F4E043B3F5005FE6
:1097D000F5D10123C1F302218B40DBB299E704F1FB
:1097E0007E44043C0F2CA5D801A252F824F000BFFF
:1097F0003F9801003F980100359701003197010023
:1098000069980100319801004398010047980100D0
:1098100069980100319801003597010035970100E2
:1098200069980100319801004398010047980100B0
:1098300020218B423FF67EAF142BC4D9C1E7142BF5
:1098400077E73021F5E74021F3E7B5F1707F7FF44A
:1098500071AF06F4E042B2F5005F7FF46BAF012117
:10986000C6F302229140E4E71C21E2E71C23A7E7AC
:109870000000C07F030000022DE9F04F9B4600234B
:10988000924601F0FE428FB0B2F1806F0E46DDE9E4
:109890001878DDF86890099305D0184619F05AFE3B
:1098A0006FF086052EE00B464FF4807209A9FFF792
:1098B000B1FE0546099815B119F04CFE22E0038867
:1098C00003F4E042B2F5005F1FD113F4E06FC3F37D
:1098D00002211AD0364C26F48072A2420AD004F536
:1098E0000074A64206D0334CA64203D0A4F53F44F0
:1098F000A2420AD101248C40102C11D919F02AFE61
:109900006FF083052E46002448E042F204029342A1
:1099100002D1294B9E420AD0284B9E4211D10D24E0
:10992000A04506D219F016FE6FF08905EAE70C246F
:10993000F6E721460AA8FFF74FFE054610B1099841
:10994000BAE700240998D0E908126FB307EB040CBA
:109950004568A8EB04032D0AA0D10DF12808CDE934
:109960000539CDE903BC3346CDE9014ACDF8008085
:10997000FDF7C6FB054615F1860F09989CD019F036
:10998000E9FD0646002DBDD180B924B122464146ED
:10999000384621F06CF8D9F800301C443046C9F83C
:1099A00000400FB0BDE8F08FBC46D1E70546A9E7FF
:1099B0000010C00400FF4004000180040013C00434
:1099C000002307B51A460091024919F03BFC03B089
:1099D0005DF804FB50F3030010B5114C23785807D1
:1099E00044BF23F0040323702378990705D500F0C2
:1099F00093F8237823F00203237063781BB10023CC
:109A0000084A636053600023082106486370FFF72B
:109A10007FFC2378DA0744BF23F00103237010BDD5
:109A2000D8190020DC19002038B51A4C6278237848
:109A3000022A01D1072B11D0DD0712D52378980710
:109A400007D400F061F82378054643F00203237041
:109A500080B96278237882B15A0716D50025284646
:109A600038BD17F072FD2378054643F001032370DB
:109A70000028E3D0FFF7B0FFF1E7D907ECD506499E
:109A800062604A6002226270E6E743F004032370DA
:109A9000E4E700BFD8190020DC19002000F14043A2
:109AA000032B70B505460E460CD82822154C02FB38
:109AB0000344237E022B02D16369834218D06FF0E6
:109AC0008B001AE0012119F01FFDB8B10D4B0022E7
:109AD0001C46197E022902D15969A94205D00132DA
:109AE000042A03F12803F4D1E9E7282303FB024405
:109AF000204619F0FCFC00B9346070BD6FF087009F
:109B0000FBE700BFE41900200122024B002083F88C
:109B1000A0207047E41900202DE9F0410A4C0025EF
:109B200026464FF0010803272046C4F81C802776FC
:109B3000013519F0C4F8042D04F12804F4D10023F0
:109B400086F8A030BDE8F081E4190020F8B51E4D7C
:109B5000064695F8A0300F4683B300242B462246D4
:109B6000197ED1B13CB9022905D1D96919B9197940
:109B7000002918BF1C460132042A03F12803EFD143
:109B800014B96FF08C0006E0204619F0B0FC2046B6
:109B900019F095F810B100240EE01C46237E83B91D
:109BA000012323763EB1651BED1003F1CC335D43F9
:109BB00005F18045356000203C60F8BD6FF08800FD
:109BC000E9E76FF09600E6E7E4190020F7B5002614
:109BD0002C4B0E6093F8A03007460D46002B4ED05C
:109BE000FFF75CFF10F18C0F044645D12946304643
:109BF000FFF7ACFF044600283ED101232E68CDE9D3
:109C00000000694630467761736001AA19F025FDAE
:109C1000044670B1DDE9000119F01DFD286819F056
:109C20004EF814F18C0F08BF6FF0870400232B60EF
:109C300022E0DDE90012304618F0CCFF0446DDE9F1
:109C4000000119F008FD002CE8D128688368D904C8
:109C500044BF43F48063836083689A0444BF43F441
:109C600000638360037E012B04BF0223037619F097
:109C70003EFC04460028D9D1204603B0F0BD6FF069
:109C80008804F9E7E419002030B40D4D2C681C60FD
:109C90006C685C6000249C605468DC6014881C82E2
:109CA00054885C8294685C61D4689C61126930BCA1
:109CB000DA6119620A46014603F1240020F0D7BE9A
:109CC00054F303002DE9F843232904460F46914637
:109CD0009846089E04D86FF098052846BDE8F8839A
:109CE0000822194920F08EFE05460028F3D1A3680A
:109CF000002BF0D1216A243F8F42C8F80010EAD32C
:109D0000B1F5005FE7D271B9C9F80000E36873608C
:109D1000238A3380638A73806369B360A369F360C5
:109D2000E3693361D9E7012018F03FF9C9F8000071
:109D300030B1D8F8002004F1240120F098FEE5E7C6
:109D40006FF08C05C9E700BF54F30300014B187096
:109D5000704700BF8B2D0020F7B505466B461646B1
:109D6000174A0C461068516803C395F858300833F9
:109D70006B4413F8087CB5F85030DA0609D4334642
:109D800022463946284619F010FD00F5FA7003B056
:109D9000F0BD204621F043FAB5F8503000F10A0436
:109DA0009B074FEAC40405D0304621F038FA04F589
:109DB0000C740444E823781E584304FB0700E4E7CE
:109DC0005CF303009022174B10B51C68002102FBC6
:109DD0000044204620F040FE134B04F108001B68AD
:109DE0000021DB7863751AF03EFF4FF00823E3642F
:109DF0001323A4F85030236A0C4A43F01303236260
:109E00004FF60773A4F85830FF2384F85A30084BF4
:109E10002046C4E91B32C4E91F32BDE8104019F0E6
:109E2000EBBC00BF881A0020441D0020555555008A
:109E3000D6BE898EF0B5104B02461E6893F804C05A
:109E400035464FF0FF3400239C4508DC91B1631C7C
:109E500010D0902303FB046080F85920F0BD95F8E2
:109E6000597028469742F9D0FF2F08BF1C469035FD
:109E70000133E9E70020F1E7881A002070B50446B5
:109E8000234D002842D0083001F010FD0026FF23AA
:109E900004F1280084F85930A66121F03BF904F15F
:109EA0002C0021F037F904F1300021F033F904F1EE
:109EB000340021F02FF904F1400021F02BF928683B
:109EC000144B201A00115843C0B219F029FC014666
:109ED000304619F020FCE06B10B100F0F3FFE663B0
:109EE000606C18B119F029FC00236364A06C19F0B0
:109EF00063FC0023A36470BD286806FB0400FFF721
:109F0000BDFF01342B79A342F6DCF4E79026F9E794
:109F1000881A0020398EE338F7B504461CF0CDFCD2
:109F2000C0F30F23542B3ED9AA2B34BF01230223A5
:109F3000C0B27E288CBF0222012203218DF804309A
:109F40001344B3FBF1F000EB40001B1A8DF8053011
:109F50001344B3FBF1F202EB42029B1A8DF8063078
:109F6000002318461D461A46104901AF4B7517F8D5
:109F7000016B44FA06FC1CF0010F06D053009E4012
:109F8000012330430132C0B2D2B20135EDB2032D0C
:109F9000EDD103B148754B7D43EA82134B75FF2326
:109FA0000B7503B0F0BD0023C2E700BF881A002084
:109FB000064B1B68D97ADA78437D5B1A9342A8BFB7
:109FC000DAB20021427519F056BC00BF441D0020D2
:109FD000027D034622F00802027511B1012910D05A
:109FE0007047094A407D1168CA7A897802448A42DA
:109FF000D8BFD1B29A6959752AB10121184619F012
:10A000003ABCFFF7D5BF7047441D00202DE9F04151
:10A010000025354E8AB03379AB4203DC01200AB00B
:10A02000BDE8F0819023346803FB054494F859306F
:10A03000FF2B0DD0236A980106D504F14008404655
:10A0400021F0E5F8074628B9226A12F0A06F1ED168
:10A050000135E0E7BB7908A90C333B44D8689A7A0C
:10A060001B8AC2F38012ADF8243000238DF81F2024
:10A0700008901A460DF11F0019F0A4FB38469DF810
:10A080001F2094F8591008AB1AF08DFED7E7B4F8EA
:10A0900050301D2B18D13C23FF210020CDE9043185
:10A0A000CDE902000121CDE9000004F16203C2F311
:10A0B00080221BF02CF90028B1D04FF0A06104F1F0
:10A0C000200019F046FBC3E712F0807F08BF3C2157
:10A0D0004FF0000218BF432194F8573094F859000C
:10A0E0001AF0B8FFE7E700BF881A00202DE9F04119
:10A0F0001F46836904460D4616468BB169B924F0A4
:10A10000D7FA06462946A06C19F051FB204629468D
:10A1100019F099FB304624F0C6FA0020BDE8F08122
:10A120000029FAD0036A03F01203022B00F0BD806D
:10A13000236ADD0700F1C18094F85930FE2B0CD161
:10A1400004F15B001CF053FB1CF04AFB28B14FF4F8
:10A15000001104F1200019F0F4FA256A624B2B403B
:10A16000B3F5807F00F0BC80A80531D5C5F380250C
:10A1700004F1620800224146284619F029FB00211B
:10A1800084F85A0019F035FB41460022284619F0A0
:10A1900024FBB4F8501020B194F95A00002880F242
:10A1A00098804FF4007104F1200019F0D2FAB4F84D
:10A1B000502002F00302012A0AD14146284619F034
:10A1C0000CFB28B14FF4006104F1200019F0B9FA3A
:10A1D000236AD90600F18280D4E90A122046FFF7EB
:10A1E000BBFD012F11D040F27123B4F84C205A432B
:10A1F00090420AD9B4F84E205A43904272D800F5E2
:10A200001C70B0FBF3F0A4F84C00384BA3610023A2
:10A2100084F85730236A84F8567013F0100F0CBF7F
:10A220004FF48C778C27E16823F48032226221611D
:10A2300007F2631756B140F27121B4F84E3042F480
:10A240008032C3EB06134B4322626362236A43F4FA
:10A2500000232362264B1B68DB78637524F028FA01
:10A26000237D054643F0080304F1080039462375B1
:10A270001AF0F9FC012003F0D1FB28B9237D5A071D
:10A280005CBF43F00203237526B11CF057FB636AE1
:10A290000344636220461CF099F9284624F003FA2F
:10A2A0000121A06C19F083FA37E7C06A20F0B7FFEC
:10A2B00000287FF43DAF0C2030E7E36B002B7FF4E8
:10A2C0003BAF00F0ADFDE06300287FF435AF09201F
:10A2D00024E701F0010119F08CFA68E7054B95E7D6
:10A2E00012201BE7452019E7000120007B370300FF
:10A2F000441D0020F1A3010070B500249026094DF3
:10A300002B79A34200DC70BD286806FB040090F89E
:10A310005930FF2B04D000231A461946FFF7E6FEFA
:10A320000134EDE7881A00202DE9F04304468F79C7
:10A330008BB00C370DF10409CD1901220E460DF139
:10A340000300494619F04FFAE36B8046039300235C
:10A35000E363236AE879C3F300138DF82530298974
:10A36000F7591CF06BFB214B07441B6805975B7981
:10A3700005F118026375012306928DF8103005F17E
:10A380000C03B8F1000F26D09DF80330CDF81C90D7
:10A390008DF820309DF8252094F859308DF8213023
:10A3A0000123EAB98DF8223094F884308DF82330F7
:10A3B0006B7903A88DF8243000F03EFE1CF059F9AB
:10A3C0000121204619F03FFA304612F099FA012097
:10A3D0000BB0BDE8F0830793AB7AC3F38013D7E7E4
:10A3E000AA7AC2F340128DF82220DFE7441D002034
:10A3F000022810B50C4621D0032827D001282AD1E5
:10A40000084619F055FC40F27121B4F84C30B4F80C
:10A410004E2094F85800D21AE36803F59C53083391
:10A4200001FB02332361FFF777FD0B4B2046996850
:10A43000A36ABDE810400B6003F0C0BD03F01EFC32
:10A44000844208D1BDE810401CF013B90846BDE8AD
:10A450001040FFF7ADBD10BD881A002038B50A4D79
:10A460000020FFF70BFDAB6813B100221A60DA8001
:10A470001AF01BFD00242B79A34200DC38BD2046D6
:10A48000FFF7A0FC0134F6E7881A002070B52A4CCB
:10A490000546A06818B112F033FA0023A360FFF755
:10A4A000DDFF002019F040F955B903202571256022
:10A4B000E58212F095F9207919F036F928B970BDC6
:10A4C000022020F0EBFFA06048B90025A0682571AC
:10A4D000256060BB002019F027F90720EFE7002670
:10A4E000032025712660E68212F07AF9B542E2DD9A
:10A4F00005EBC501090133460122032089B212F0A0
:10A500002BF906460028E0D1032012F08BF92060D9
:10A510000028DAD0902231466A4320F09DFA237950
:10A52000B342C8DD3046FFF74DFC0136F7E712F0C5
:10A53000E7F9A560CEE700BF881A002006222DE9C2
:10A54000F341354B06469C688846A5790C35635D1A
:10A55000671903F04F036355B0F850307A70103B21
:10A560000D2B31D8DFE803F055305107300C303077
:10A5700030303030300C635D6FF30303635523E0FC
:10A580000123625D006A63F3030262550C2210F43A
:10A59000006F7A7006F1620107F108020CD0019297
:10A5A0004FF0FF32C0F3802000921A4619F013F9E1
:10A5B000635D43F08003E1E7D6F86230BB608B88CF
:10A5C0009380336A5B05F3D4B6F85020635D304660
:10A5D00062F345136355B91C19F0EFFB635D60F33B
:10A5E00086136355A3797A7802331344E371B6F87E
:10A5F000503003F01403142B04D0B8F1000FC4BF83
:10A6000042447A7002B0BDE8F081635D62F30303F7
:10A61000B4E70222635DF9E7881A00202DE9F043D0
:10A620008B7906460C33CC18237985B0DA0737D5F9
:10A63000E77A252F34D8484B9A6893790C33D11890
:10A64000D35CA27AC3F38013B3EBD21F28D1056A7F
:10A650000622EB064CBF0231043104F1120020F057
:10A66000D1F9E8B994F80A9019F0B9F805F4C045A1
:10A6700080F001032A1EC9F3801904F10C08414639
:10A6800018BF01224846DBB21CF0E2F9014650B186
:10A69000A37A03F00F03032B1BD1336A980712D45C
:10A6A0004FF0FF3012E019F0A0F80028F8D1A37A9B
:10A6B00003F00F03002DEED0032B85F4C0451CD111
:10A6C000A904EDD5E9E70C2FEAD1032005B0BDE8D8
:10A6D000F083052BE4D1306AC207E1D500F0140302
:10A6E000142B0FD0012202A90DF1070019F07BF8FD
:10A6F00008BBA17AC1F3801121E0052BD0D16B04F6
:10A70000E9D4CDE706F162052946C0F3802019F0AF
:10A710005BF80028E6D1A27A336AC2F38012C3F351
:10A7200080239A42BCD106222946404620F06AF98D
:10A730000028B5D1D6E79DF807100DF1080840466E
:10A7400000F0E2FB0028ABD104F1180019F0E9FA9F
:10A750000028A5D00520B9E7881A002038B504469E
:10A76000D0F8A00010B9D4F8A400D0B194F83051BA
:10A7700020F001FD81B2063128461CF05FF983B25A
:10A7800040F271200849B4F87820098E42434143D1
:10A790008A42B8BF0A4603F548709042B8BF1046D7
:10A7A00038BD0346ECE700BFA01A002030B5174BB8
:10A7B000826A1B681206597926D5028F1C79436B71
:10A7C0001203B2FBF3F2631AB2FBF3F2B0F89C305F
:10A7D00003B1013BD0F8A05005B15B101B02B3FBE5
:10A7E000F2F35B180CD090F895200F2A08D91209C3
:10A7F000B3EB820FB8BF00234FEA8201A8BF5B1AF8
:10A800009C42A8BF1C46E1B2417530BD441D0020EA
:10A810002DE9F0411A4C06462368A3B92EB1002554
:10A820004FF4A478EFB2B74211DB0020BDE8F0810D
:10A830002068013507FB030018F065FFA27EEBB22C
:10A840009A42F5D8EAE700254FF4A477F6E72068A6
:10A85000013508FB070018F054FF0028E2D000255E
:10A860004FF4A47605E0206806FB050018F04BFFC6
:10A870000135EBB2BB42F6D341F20700D6E700BF89
:10A88000A01A0020084B9A7E82420AD94FF4A47283
:10A890001B6802FB0030836A13F0100F08BF002012
:10A8A00070470020704700BFA01A0020084A0949DD
:10A8B0001368C31AD810002B01FB00F005DB937E50
:10A8C0008342D8BF4FF0FF3070474FF0FF307047E2
:10A8D000A01A0020199C8FC170B504460E4623F0C3
:10A8E000E7FE3146054604F1300019F08FFA2046A4
:10A8F000FFF7DCFF01218140054819F087FA4FF48A
:10A90000807009F0C5FD2846BDE8704023F0CBBE3D
:10A91000C81A0020F3292DE9F84304460D468C4E51
:10A920001ED1738C5BB9A36813F4601F6ED0238FA4
:10A93000626B1B01B3FBF2F3F32D9FB225D12046CE
:10A9400019F0E7FAB4F89C30002B38D1A26A984687
:10A9500012F0800F0CBF3E22082284F8772030E0EE
:10A96000736959064BD5836A1A0748D5336900F1D4
:10A97000400143601AF0ECFE738C002BD3D0238F80
:10A98000626B1B01B3FBF2F39FB2618FB4F89C20A2
:10A990009BB25B1A9A423BDC736994F831019B07C6
:10A9A0004CBF002102211CF0A3F840F2022372697F
:10A9B0009343C4D12046A4F89C7019F0ABFA4FF031
:10A9C00001082046FFF7F2FEFFF770FF87B2384616
:10A9D00018F0E4FE8146384618F0DEFE30B1384605
:10A9E00018F0D0FE0021384618F0D5FEF32D04D023
:10A9F000A36A190701D5628F8AB9012334E0718CEB
:10AA0000238F626B00298ED01B01BBE773848EE716
:10AA1000B37F002BC9D0032194F83101C3E713F4AD
:10AA2000C05FEAD1726912F00C0FE6D140F2022346
:10AA30009343E2D1D4F8A430002BDED12046FFF7B7
:10AA400035FF80B218F0A2FE0028D6D12046A18F93
:10AA50001BF006F8031E69DD628F0132934265DC4C
:10AA6000012BCAD0013B9BB2A4F87C30384618F0C9
:10AA70008BFEB4F87C301844A4F87C00384618F0FB
:10AA800082FE236B5A0409D54FF4804104F1300053
:10AA900019F0C4F900212046FFF71EFFA58FB4F876
:10AAA0007C302B44A387B8F1000F0AD0204619F060
:10AAB000EEF9204618F028FE2046A18F1AF084FEF9
:10AAC0008046384618F06AFE48450DD0A36A1B0739
:10AAD0000AD43846A58718F057FEA38F013080B2FC
:10AAE000A4F87C001844A087A38FAB4202D238465A
:10AAF00018F050FEB4F87C20B4F89C3094F8701034
:10AB00009B1AA4F89C3094F86F3002FB0133252285
:10AB1000B3FBF2F102FB113384F86F30B8F1000F90
:10AB200007D02046BDE8F84319F09EBA638F013381
:10AB300099E7204608211AF083FE20460221FFF7FC
:10AB4000CBFE41462046BDE8F8431BF04CBD00BF9C
:10AB5000A01A002038B500230C4D0446AB77202303
:10AB60004FF400306B6104F08FFA58B103F0A4F891
:10AB7000E862204619F077F984F83101204619F08F
:10AB8000D9FA38BD02F032FFF2E700BFA01A002068
:10AB9000022810B50C462CD0032832D001283FD112
:10ABA00091F8953008466FF3071381F89530FFF759
:10ABB000D1FFA36A20461B0718D503F0B5FB04207C
:10ABC00004F062FA60B3174AD37F4BB392F8203097
:10ABD0000133DBB282F8203092F824209A421FD849
:10ABE000BDE810404FF0806009F052BC03F088FDD2
:10ABF000E5E703F043F8844212D1BDE8104003F0CA
:10AC000087BB91F895302046C3F30312013262F3FB
:10AC1000071381F89530BDE81040F321FFF77ABEA5
:10AC200010BD00BFA01A002008B504F0B9FAFB223D
:10AC3000114B10F0020FDA7644F290229A830CBF87
:10AC4000012203224107197E48BF42F0040262F349
:10AC5000030119761A7EC2F3030161F307121A7613
:10AC600000229A621A61DA774FF480621A62032234
:10AC700083F8242008BD00BFA01A00202DE9F84366
:10AC8000574C0546A06818B111F03AFE0023A360A6
:10AC9000EFB2384619F006F98046002839D1384617
:10ACA00019F00BF90646A0BBFFF7B2FD8146022062
:10ACB00011F096FD002D58D005EB850105EBC10183
:10ACC000C90033460122022089B211F045FD002857
:10ACD00046D102204FF4A479A77611F0A3FD3146A6
:10ACE00009FB05F220601FF0B7FE2368681EF1B271
:10ACF000814209FB01F206F101062CDB0021284606
:10AD000099506360FFF784FD50BB384618F036FD5C
:10AD100090B30025002019F0C5F8002019F0CDF8F7
:10AD20000020FFF775FD022011F05AFD2846C4E906
:10AD30000055A57618F022FD284619F0A6F82846F9
:10AD400019F09FF8284618F0EDFC022011F048FD9C
:10AD50004FF0070840E002F5A47119449950C6E786
:10AD60000023C4E90033A376D3E7C4E90055A576F0
:10AD7000B9F1000FC9D0CCE7384619F086F80028A1
:10AD8000C7D1284618F0CEFC0028C2D1384619F0A9
:10AD900078F80028BDD1384619F07CF8064600281E
:10ADA000B7D1002D18DD022020F078FB0223A0602F
:10ADB000C37183793146C3F102020C33D2B2184415
:10ADC0001FF04AFE0121A3689A7913441A7B61F3AC
:10ADD00001021A73FFF728FF4046BDE8F88300BF61
:10ADE000A01A0020014B987E704700BFA01A0020D7
:10ADF00030B50A4B4FF4A4751A689C7E00231846A0
:10AE00002832D9B28C4200D830BD05FB03F151582D
:10AE10000133490644BF0130C0B2F2E7A01A002056
:10AE20002DE9F04123F044FC244D06466C6824B91A
:10AE300023F039FC2046BDE8F0814FF4A477236865
:10AE4000D4F81C803A46002120466B601FF004FEB7
:10AE5000402104F12800C4F81C8018F0D7FF3046C8
:10AE600023F021FC0123237584F83031A3F1011371
:10AE7000A367EB7E2A8B84F84231AB8B0021A4F8C8
:10AE80004031072384F885300D4BA4F84421C4F8E1
:10AE9000883003F1CE5303F59813C4F88C3041F693
:10AEA0001B33A4F890301B23A4F8867084F89230EA
:10AEB00004F1080019F0D7FEBCE700BFA01A00207B
:10AEC0004801480170B5044619F0AAF804F10800D9
:10AED00000F0ECFC23F0ECFB4FF4A47205460021DB
:10AEE0002046E6691FF0B8FD064BE66153F8042FD3
:10AEF0002AB928461C60BDE8704023F0D4BB134635
:10AF00001268F5E7A01A00202DE9F04106464FF43B
:10AF100080400F4604F0B8F8044630B90E4B1D6867
:10AF200093F81A807135A04502D80020BDE8F08161
:10AF300055F8493CDA0609D5C3F38003BB4205D175
:10AF40000622294630461FF05DFD18B1013405F593
:10AF5000A475E8E70B20E9E7A01A002010B5044625
:10AF600010B9084B198610BDA0F87810A0F87A2007
:10AF7000FFF7F4FB2169E0602046BDE8104018F0BF
:10AF800056BF00BFA01A0020B0F8943010B55A1C6C
:10AF900062F30B030446A0F89430042004F074F824
:10AFA000C0B12046FFF782FC80B218F0E9FB78B10F
:10AFB0004188094AD37F0B44DBB2D37792F8212032
:10AFC0009A4207D8BDE810404FF0806009F060BA9F
:10AFD0000121EEE710BD00BFA01A002038B58B7923
:10AFE00005460B449B7D0C4603F00303032B09D15C
:10AFF00001212C3018F00AFF4FF4006105F1280000
:10B0000018F004FF21460548A56020F06AF9BDE864
:10B0100038404FF0005009F03BBA00BFAC1A002096
:10B02000014BD87699837047A01A0020014BD87E37
:10B03000704700BFA01A00202DE9F04FD0E902753B
:10B0400090F9181087B00291417E046890F804804E
:10B05000D0F810A0037D427D90F816B090F81790BC
:10B06000002940F0E680A9F1030101298CBF0226E6
:10B07000032603932B8984F89B202A4652F8101B41
:10B08000BBF1000018BF0120C4F8281104F14401ED
:10B09000019305F083FB20461AF0CBFB204618F005
:10B0A0000EFF1BF02BFD49460246204618F001FF1B
:10B0B000C82220460DF11601ADF8162018F0ECFE5E
:10B0C0000022C4F83421AA88039BA4F82C21AA7971
:10B0D00084F82E21DAF80020C4F87120BAF8042090
:10B0E00004F1280AA4F875201BB10421504618F079
:10B0F0008DFEBBF1000F04D04FF40051504618F004
:10B1000085FE4FF4607003F0BFFFC0F3C0134FEA39
:10B11000831BC30548BF4BF0800B810548BF4BF430
:10B12000807B23F0C5FA4FF482610390504618F0FB
:10B130006DFE594604F12C0018F068FE039823F0C8
:10B14000B2FAA8F10203012B75D84FF40021504642
:10B1500018F05CFE01212046FFF7BEFB04212046CB
:10B160001AF06EFB6B7D2046C3F3040384F8703045
:10B170006A8952006263697B2A7B42EA0122628704
:10B18000E97BAA7B42EA012222876A7D84F86F303C
:10B19000C2F3421284F83E2000220523A287012236
:10B1A000A4F89C30A4F87C20029918F08DFE03F0DE
:10B1B000F1FF20F40060C4E908012046FFF7F6FA29
:10B1C0003A493B4AB1F822B008F0FD03BBF1000F49
:10B1D00066D1B3BB40F2C71B6760A26120460F6116
:10B1E000FFF7BCFAB9F1010FE06005D049462046EF
:10B1F00084F8309119F00AF804F10800594619F062
:10B2000032FD012002F00AFC28B9237D5A075CBFF9
:10B2100043F00203237540F271216B892046013B04
:10B22000594318F004FE20461BF0D0F907B0BDE8E2
:10B23000F08F01261DE7B8F1010F8BD140F20141DB
:10B2400089E74FF4D77BA26140F27128019B760019
:10B2500006EB430608FB06F6374440F60801504665
:10B26000676004F1400718F0D1FD394620461AF016
:10B270006FFA33463946204604F1340200F032FEBC
:10B28000EB7901225B003946204608FB03F31AF0F4
:10B2900065FA236C20469E08FFF760FA3044A1E768
:10B2A0006760A261002BCFD198E700BFA01A0020F1
:10B2B00091AB010070B51D46C36A04461B071646D4
:10B2C00013D408212C3025F4105518F09FFD25F0DB
:10B2D0001005064B2D0433402D0C2046C4E90835DB
:10B2E000BDE870404021FFF7F7BA70BD2FCF87F758
:10B2F0002DE9F04F85B004460191084689B34B799A
:10B300009A071FD41FF08BFF019D70B96B79DB0783
:10B3100005D54FF4803104F1280018F077FD01A81D
:10B320001FF0F8FE05B0BDE8F08FA36ADF0309D572
:10B330004FF4803104F1280018F070FD6B7943F070
:10B3400001036B71019E23F0B3F9737931469E07B7
:10B3500005461ED504F1AC001FF0D2FF284623F0AD
:10B36000A2F9DFF8909123F0A3F9A36A0746DD055F
:10B3700014D5D4F8AC3043B19A7913441B7B3A2BE3
:10B3800003D829FA03F3D80711D4384623F08BF9F0
:10B39000C8E704F1A8001FF0A4FFDFE794F94631E5
:10B3A000022BF2DCD4E92A2372B9002BEDD004F190
:10B3B000AC001FF0CDFE0546384623F074F929464F
:10B3C000204619F0D6F8CEE7002BF0D194F8928001
:10B3D000039304F1A80BD4F8A86096F807A0B379FA
:10B3E000AAEB030A5FFA8AFAC24527DC58461FF027
:10B3F0000EFF0546A8EB0A086B7929466FF3C303D5
:10B400006B7103A81FF06DFFD4F8A8302BB15B79E6
:10B41000990702D1B8F1000FDDD1039B002BB4D006
:10B420009B79022B40D8002020F038F8014670BBF1
:10B43000039904F1A8001FF063FFA6E7002020F0A5
:10B440002DF8054630B9039904F1A8001FF058FF04
:10B4500003959AE78079B1790C300C31424631443A
:10B4600028441FF004FBEB7953FA88F3EB71B379AE
:10B47000727953FA88F3B3716B794FF0000862F375
:10B4800000036B7173796FF300037371B4E7039B6F
:10B490004A79587960F300024A715A7903A86FF328
:10B4A00000025A711FF027FFE36A9A0512D503982C
:10B4B000034600680028FBD1DB79C3F14503DBB20A
:10B4C000032B07D81FF0EAFF01460028B0D003A8DD
:10B4D0001FF007FFD4F8A83013B15B79DB0704D560
:10B4E000039A537943F008035371384623F0DBF88D
:10B4F000039965E77C2C0200F8B50023124A02F19B
:10B50000280151E8004F41E80035002DF7D101270F
:10B5100034B9BDB10D48294618F078FC2046F8BD75
:10B5200094FAA4F0B0FA80F007FA00F624EA0604D0
:10B53000FFF7A8F90028EBD019F0A9F80028E7D107
:10B540003543E5E70120EAE7A01A0020C81A0020E9
:10B550002DE9F74F04460190002862D0C5794FF0DD
:10B5600000080C35054423F0A3F8464600904FF43C
:10B57000A47A40462C4FBA7E5FFA88F94A4517D91B
:10B580000AFB09FB3A685A44916ACB0646D5B2F8E1
:10B590009420C2F30B02002A40D0E279C2F14502A6
:10B5A000D2B2032A17D802201FF078FF044650B900
:10B5B00000230098FB7787F8203023F074F830469A
:10B5C00003B0BDE8F08F014601A81FF08AFE0020FD
:10B5D000E5790C35254404220123002112FB0033B8
:10B5E00005F82090E9543B6802FB005C5B44B3F82B
:10B5F000943001368CF80230032312FB0032A95438
:10B600003B6801305B44B3F89420C0B261F30B0295
:10B61000A3F89420E379F6B20433E37108F101084A
:10B62000A9E70646CBE700BFA01A0020F7B5684699
:10B6300005F0A8F800254FF4A477124EB37EAB4274
:10B6400001DC03B0F0BD346807FB0544A36A03F0D6
:10B650001803102B13D10522694604F145001FF091
:10B66000D1F960B1012120461AF09EFA38B90120C3
:10B670001FF014FF014610B1204601F065F80135B6
:10B68000DCE700BFA01A00202DE9F74F23F010F8E7
:10B69000424BDA6800920022DA6023F004F8009B43
:10B6A00013B903B0BDE8F08F68461FF051FD8279F1
:10B6B000876802F10C04044401460190A07A0A3222
:10B6C00010F0200F14BF0320022002448A71FA6A8E
:10B6D00052050FD5E07AA27A42EA0022384619F0E4
:10B6E000AAFA38B901A81FF015FD3D21384619F016
:10B6F000ADF9D4E7BA6A94F80AB012F4007201996D
:10B700000BF0030013D003288A79EBD10A44127B93
:10B710003A2AE7D8224B23FA02F2D307E2D54A7934
:10B72000384642F002024A7100F0EEFCB7E7032807
:10B73000F5D048790BF0030B62F3410048710846DD
:10B7400094F8069094F905A01FF069FD019D064646
:10B75000AC793846063CE4B2AC71FFF7A7F80C347C
:10B76000C0F3032305EB040843EA0B1388F8033006
:10B770002B46F6B288F80200A8F8046005F804A089
:10B7800088F801905A796FF341025A711B68002BB7
:10B79000F8D1284619F037FB81E700BFA01A002036
:10B7A0007C2C0200012838BF0120012938BF01216B
:10B7B000024B83F8210083F824107047A01A002060
:10B7C000104B1A7842F0F0021A701A7C42F0F00224
:10B7D0001A7493F8202042F0F00283F8202093F8A6
:10B7E000302042F0F00283F8302093F8402042F0FD
:10B7F000F00283F8402093F8502042F0F00283F8E2
:10B8000050207047D41A00200368054A23F07F6354
:10B8100023F4002302EAC14213430360704700BFD0
:10B820000000F80FF8B54488054604F00704072C1B
:10B830001C4E28D122F03CFF00221101735C06EB64
:10B8400002171B090F2B0AD00132062AF5D1164A1E
:10B8500013880133138022F026FF1920F8BD2B68CE
:10B8600094B27B801123735422F01DFF1BF066F805
:10B8700006EB0413D8602B68002023F4E02343EA8E
:10B8800004432B60EAE72301F15CC1F303120132A8
:10B8900002F00F02052A28BF002262F30711F154BB
:10B8A000E4E700BFD41A0020CE27002038B5448832
:10B8B000054604F00704072C0FD022F0F9FE074AD2
:10B8C0002401135D43F0F00313552B6843F4E02388
:10B8D0002B60BDE8384022F0E6BE38BDD41A002007
:10B8E0002DE9F0474588074605F00705072D8946ED
:10B8F00037D01D4C4FEA051814F808601BF01EF8ED
:10B9000004EB051ADAF80C30360906EBC506C01A46
:10B9100004EB4606708014F8083003F00F02042A86
:10B920009EBF013262F3030304F80830B9F1030F3C
:10B9300014D114F8081004EB0514A01C01F00F0139
:10B940001AF046FD044622F0B3FE3A68074B134056
:10B9500023433B60BDE8F04722F0A5BE4FF6FF74DD
:10B96000F1E7BDE8F08700BFD41A00200000FF7F98
:10B97000064A08B59268824207D0427922F0030253
:10B9800042F00302427108F0DDFD08BD341B0020C7
:10B9900010B5064C20461FF0BDFB201D1FF0BAFB62
:10B9A00004F10800BDE810401FF0B4BB341B0020B8
:10B9B00010B502201FF072FD034C606002201FF0E2
:10B9C0006DFDA06010BD00BF341B002008B5FFF75F
:10B9D000DFFF0022024BDA60BDE80840FFF7E8BF56
:10B9E000341B0020014B5868704700BF341B0020F7
:10B9F000014B9868704700BF341B002038B50C4CD1
:10BA0000E3681BB1E36898470023E36023686BB1E8
:10BA100007481FF09DFB054640B123681BB14FF05E
:10BA2000004008F035FD284619F0CCFD38BD00BFB8
:10BA3000341B002010B5084CE0604FF0004008F0C7
:10BA400027FD00BF00BF00BF00BFE3681BB1E36874
:10BA500098470023E36010BD341B002038B583797C
:10BA6000044603445B7B13F0300F437923F0030358
:10BA700008BF43F00103437122F01AFE0546214638
:10BA800005481FF02EFC4FF0004008F001FD28464D
:10BA9000BDE8384022F007BE341B00202DE9F041FC
:10BAA000234F00217C68FE20A679FEF7C3F90546E6
:10BAB00001F028FB40B10C22B8680023BDE8F0413A
:10BAC00042F2050119F0E2B801F05CFB0028F2D166
:10BAD0000C363444237AE61C9B09022BEBD0012B55
:10BAE00018D9237AA11C03F03F02073443F0C003A6
:10BAF00011F8010F8C4242EA000203EA0003F7D179
:10BB0000002AD8D0FF2BD6D055B930461AF03BFECC
:10BB10000022D1E731461AF04AFE0028E1D0CAE7F8
:10BB20003146284618F0A7F80028EED1C3E700BF39
:10BB3000341B0020F0B5184E85B07568AB790C3316
:10BB40001D4403F02DFBB5F80920B5F807108A4213
:10BB50001FD8032A1DD903291BD96F79CFB1C04340
:10BB600060F0050010EA070413D1EB78A879CDE95D
:10BB700001742C79009401F07DFA00280CBF0C228E
:10BB8000002242F24101B06805B0BDE8F04019F072
:10BB9000CEB81122F5E700BF341B002010B50D4CC4
:10BBA000626893790C331A441179D078003918BF40
:10BBB00001210038B2F8073018BF0120B2F8052083
:10BBC00001F066FD42F242010246A068BDE8104065
:10BBD00019F0ADB8341B002010B5084C60688379AB
:10BBE00018440F301AF0B3FD0023A0681A46BDE8D0
:10BBF00010404FF6284119F049B800BF341B00200F
:10BC0000242816D80F2805D802280CD8B0FA80F0BE
:10BC100040097047084B103880B2C34003F001035D
:10BC200083F0010070470538012894BF00200120EF
:10BC300070470120704700BF2D2011002DE9F04F03
:10BC400095B0FFF7CFFE42F23603867905460C36F3
:10BC500030F80680841998450ED1FFF7C3FE022103
:10BC60001FF028FA7F22A3780233A370AA5500237D
:10BC700020222377627063770121E078FEF7DAF8FB
:10BC800000230646002800F0D280CDE91233E28876
:10BC9000237AADF848208DF84A30B4F80920E37AC9
:10BCA000ADF84C208DF84E30A288E37802F01C01EC
:10BCB000FE2B4FF6FF7308BF4FF480431C2925D09D
:10BCC000DDE9120188421DD900251126FFF790FEFB
:10BCD000012332464146ACB218F0D8FF002DCCBF4C
:10BCE0000534053C24B2002E40F0A4800A2394FBC6
:10BCF000F3F4E4B2FFF77CFEC3791844C47215B0C4
:10BD0000BDE8F08F1F28DFD99942DDD8D206E77D44
:10BD1000657E04D5012F16D000251226D6E7012F07
:10BD200074D0032FD0D16B1EDBB2022BCCD803F022
:10BD300037FA04270742C7D0032D08BF042528403F
:10BD4000C0B20028C0D0E07817F02DFD20B1A08847
:10BD5000FFF756FF0028DFD0374A237F1278002AEA
:10BD60005CD0042BD8D8637F042BD5D8A388DB06FE
:10BD70005BD41AF0C3FE0121C822084004F0D8F9B0
:10BD800094F91630B4F804E003EB8303B0EB430FEF
:10BD90004FEA4302637B677E0F93A37BE188109396
:10BDA00004F10F031193637F94F80C9094F815A09D
:10BDB00094F818B00546E07DC8BF15B2B4F8092064
:10BDC0000C93237F03280B93E37E08BF0420032FEB
:10BDD00008BF0427003B18BF01230A93A37E1FFA64
:10BDE00085FCCDE90873119BCDE9060B0293109BEE
:10BDF000CDE904ACCDF80C9001930F9B3046009335
:10BE00005FFA8EF317F088FD06465FE76B1EDBB224
:10BE1000022B3FF659AF03F0C3F98BE7002B7FF4F9
:10BE200053AF637F002BA1D04EE70020A3E7054668
:10BE300007264BE700245DE74B280020F8B50746AE
:10BE40000D4616461C4623B901201FF027FB044669
:10BE5000C8B106220C21204618F03AFF691EC9B26B
:10BE6000032988BF0022A37998BF074A03F10C0376
:10BE700098BF525C234420469F80DE70DA719A712D
:10BE8000FFF776FD0120F8BD64F30300F8B5FFF776
:10BE9000A9FD83791844B0F80F60B0B2FEF7F2FC48
:10BEA0000446C0B118F029FB0138C0B2032814D8E9
:10BEB00000270B4B1C5CFFF79BFD054604233A460D
:10BEC00042F2300118F0E2FEAB790C33E818C6807C
:10BED00004724472F8BD0227EDE700242746EAE722
:10BEE00064F303002DE9F0411D4690460E460746D7
:10BEF00001F092FF01F08AFF044698F80A0001F071
:10BF000085FF1A4B04449D4225D9194B9D4215D9F2
:10BF1000184B013D93FBF4F3002BB8BF03339A1089
:10BF200005EBA305B5FBF2F379683268A1EB930149
:10BF300002EB430279603260BDE8F0810E4B0F4A9C
:10BF4000A3FB05535B0904FB03F303F6C313A2FB36
:10BF50000323DB0AE8E704FB05F3094A03F574331E
:10BF60008F33A2FB03231B0CDEE700BF4C621000E3
:10BF70001366660640420F001F85EB515917B7D173
:10BF800083DE1B43024B1A6802601860704700BFD3
:10BF9000481B00200022024B1A6000F045BA00BF87
:10BFA000481B00202DE9F843064617F0CDFF044654
:10BFB000002835D045784DB922F07AFB237863709C
:10BFC0001B4B1B682570636022F06DFB4FF001086E
:10BFD000677837B923781BB34FF4007008F058FA2C
:10BFE0001EE097FAA7F5B5FA85F508FA05F55FFAA8
:10BFF00085F9636833B90E4B27EA050565701B6840
:10C000006360E5E79B681BB963681B686360F0E7E2
:10C01000494630469847012805D163681B6863602C
:10C020000120BDE8F8830228EED10020F9E700BF27
:10C03000481B002070B500250D4EFEF7D3FEA84228
:10C0400001D8012012E03068FEF71CFC50B93468BA
:10C05000FEF7C8FE0134B4FBF0F303FB10440135D6
:10C060003460EAE7FFF79EFF0028F0D170BD00BF03
:10C07000441B002010B50446837903441B7B3A2BF4
:10C0800096BF044AFF21D15C1FF014F8A0790C3050
:10C09000204410BD68F30300F8B5174606460C4669
:10C0A0001D4617F049FF020713D50221304618F04C
:10C0B00088FC70B11121204619F0DAFB2046FFF709
:10C0C000D9FF4570877021463046BDE8F840FFF73C
:10C0D0000FB929200B49C5F12002A5F12003E94041
:10C0E00000FA02F220FA03F311431943CB07E1D41B
:10C0F0000D21204619F0BCFB2046FFF7BBFF47701F
:10C10000E1E700BF000040842DE9F34105460C46FD
:10C11000019117F009FF830605D501A81EF0FAFF6B
:10C1200002B0BDE8F081019FBE790C36BB5D3A2BB1
:10C1300018D8164A12F80380B8F1FF0F12D038460B
:10C140001FF06DF8013840450CD1114B1E6896B9AF
:10C1500021462846A37923441A7B02B0BDE8F0416A
:10C1600019F09ABB01981EF0D5FF2846BA5D0199D7
:10C1700019F092FBD4E773680BB93668E7E72146FC
:10C18000284698470028F8D0CAE700BF68F30300A4
:10C19000481B002037B504460D46202117F0C6FE87
:10C1A0002946204617F014FF2146012019F01BFCF8
:10C1B0002146002019F017FC012000232146034AE4
:10C1C000009019F0A1FB03B030BD00BFC5570300BC
:10C1D00037B5044619F085FD0321204617F0FBFE14
:10C1E0000025034621460120034A009519F08CFBE7
:10C1F000284603B030BD00BFBD5B03002DE9F3410D
:10C2000004460D460146012017F085FE0121074630
:10C21000284619F02DFB2846FFF72CFF064600F1B3
:10C220000108404604F0AEFAD6F801300221C7F802
:10C23000123073792046BB7517F0CDFE29460746AC
:10C24000F080204619F012FB2023214600930120A4
:10C250003B46034A19F058FB002002B0BDE8F081CC
:10C26000A35C03007FB504460D4619F02EFDD8B33C
:10C27000204617F061FE430715D5002320461A46D5
:10C280000DF10F0118F020F99DF80F30062B0AD898
:10C29000284610F035FB012200232046FFF70AF85C
:10C2A000002004B070BD0E21284619F0E1FA28469E
:10C2B000FFF7E0FE064602F06DFFC6F8051002F03B
:10C2C00069FF2946C6F80100204619F0CFFA03217C
:10C2D000204617F080FE00220346009221460120EE
:10C2E000024A19F011FBDBE70821DDE7C15B03001F
:10C2F000F7B50D460446174619F0E7FC80F001003B
:10C300002146C0B217F007FEC668012DB37907D0E9
:10C310003A462946204603B0BDE8F04019F000BD7A
:10C320000C3320461E44FEF7C1FA718980B217F023
:10C3300038FA10227389214600920020024A19F02F
:10C34000E3FA284603B0F0BD215D03002DE9F74F65
:10C350000746884617F0F0FD10F480165DD10220E4
:10C360001FF09CF80546002859D098F80630314651
:10C370000C334344B3F80490B3F806B0B3F808A004
:10C3800019F076FA2846FFF775FE02210446384672
:10C3900017F021FEA4F804906081A4F806B0A4F878
:10C3A00008A01AF08AFA09F10109B0FBF9F303FBBE
:10C3B0001900022360806370AB7988F80630EA794F
:10C3C00003F10C0088F80720D21AD2B22918404491
:10C3D0001EF04DFB3946012017F09DFDC0F80C8082
:10C3E0003846FEF763FA618980B2013917F0D9F94E
:10C3F000102263893946012000920A4A19F084FA12
:10C400004FF48031384617F099FD3846294619F027
:10C410002DFA304603B0BDE8F08F2320FAE707205D
:10C42000F8E700BF215D030010B5054C054A204622
:10C43000054919F0B4FB2046BDE81040FFF7A2BD46
:10C440004C1B0020AD5D0300A9C501002DE9F041A2
:10C4500091F806800F4686B008F10C080391044657
:10C4600001EB08060146012017F055FD17F80830CA
:10C470000546023B0F2B00F28E80DFE803F0088CAC
:10C480008C8C8C638C6D8C8C2D5C8C8C8C4D22F008
:10C490000FF971780546204617F09AFD20212046B5
:10C4A00017F044FD2146012019F09DFA2146002095
:10C4B00019F099FA01230093002321461846374AC0
:10C4C00019F022FA03A81EF025FE284622F0EBF808
:10C4D000012006B0BDE8F081B388204672887178EB
:10C4E00017F0D8FF204617F027FD830708D4204611
:10C4F000039919F0F6FB0121204619F0A1F9E7E7AD
:10C50000AA68274B9A4203D12146012019F03BFA31
:10C5100003A81EF0FFFDEEE7836843B103AA04926F
:10C52000B27803218DF8142004AA2046984703A866
:10C530001EF0F0FDCCE78368002BF8D003AA04922C
:10C540007278EEE78368002BF1D00022059203AAEF
:10C550000492042104AAE8E7039D21460120AE7954
:10C5600017F0D9FC0F4B82689A4203D0284610F08E
:10C57000C7F9ADE7AB19D3F80D202046D3F8113039
:10C58000FEF798FE284610F0BBF92146012019F06D
:10C59000FAF90221B0E700209BE700BFD75C030057
:10C5A000BD5B0300C15B03002DE9F3410D4604466A
:10C5B00019F08BFBAB7900287DD00C3315F8038084
:10C5C000EE18B8F1010F53D0B8F1080F4BD0B8F105
:10C5D000000F63D12046718919F084F9B3887288FD
:10C5E0009A4294BF07460027092B38BF0923727867
:10C5F000013B9BB29A421BD8002A08BF0027204665
:10C60000FEF754F91FFA80F8404617F0B9F888B1E0
:10C610004388B18800930846F388328919F0A8F856
:10C6200050B9284610F06CF9012002B0BDE8F08145
:10C630004746E4E70123ECE7002FF2D02146002033
:10C6400017F069FCC56071894046013917F0A9F8F7
:10C65000102273890092013B1B4A9BB221460020A5
:10C6600019F052F9E0E72946204619F0CCFADBE749
:10C670002046F18819F036F90746701C1AF050FA76
:10C680000028CED0002FCCD02146002017F043FC4C
:10C690002023C5600093F3880C4ADFE72946204633
:10C6A00019F084FE0028BFD12946204602B0BDE81B
:10C6B000F041FFF7CBBE2B441B7B0E2BD3D029467A
:10C6C000204619F062FEEDE7F1C201005B5C030059
:10C6D00038B504460D4617F02FFC42070FD420460C
:10C6E00017F02AFC83070AD42046022117F026FC03
:10C6F00029462046BDE83840034A19F0E5B92846E6
:10C7000010F0FEF8002038BDD1C1010038B5044654
:10C710000D4617F009FC00F0180010280CD1204637
:10C7200017F00AFC10F4C02F06D129462046BDE8B8
:10C730003840044A19F0C8B9284610F0E1F80C2036
:10C7400038BD00BF4DC30100014A19F0BDB900BF9B
:10C75000FDC1010070B505460C460146012017F0E9
:10C76000DAFB0646284617F0E7FB020704D5204609
:10C7700010F0C6F8002070BD33685B05F7D428467A
:10C7800019F0A3FA40B121462846FFF7A1FF18B9D6
:10C790001EF084FE044670B156E8003F43F4806307
:10C7A00046E80032002AF7D121462846BDE870400D
:10C7B000024A19F089B90720DDE700BF65C2010010
:10C7C00073B504460E4617F0AFFB00F0300010289A
:10C7D0004FF0020031D11EF061FE054678B3437977
:10C7E000022143F00203437119F042F82846FFF793
:10C7F00041FC29464670204619F038F8162120469B
:10C8000017F0E6FB2021204617F090FB214601207F
:10C8100019F0E9F82146002019F0E5F8204619F052
:10C8200088F90121204617F0D6FB03460120214656
:10C830000090044A19F068F8002002B070BD07208B
:10C84000FBE700BFEB5B03002DE9F04387B0044634
:10C850000E4617F071FB00F4C060B0F5C06F06D152
:10C8600002201EF01BFE054610B9072054E00025EB
:10C870002146012017F04FFB814696F8068000F113
:10C88000120208F10C08B04408F10F0308F11F016F
:10C8900053F8040B8B4242F8040BF9D103213046C4
:10C8A00018F0E6FF3046FFF7E5FB0A22074608F1DD
:10C8B000050101301EF0B6F80C210DEB010000F06F
:10C8C00029FB03AB03CBC7F80B00C7F80F10059B80
:10C8D00007F10B02C7F813300DB30A21284618F0F0
:10C8E000C7FF2846FFF7C6FB2946204618F0BEFFC3
:10C8F0004FF480712046C9F80C6017F017FB032134
:10C90000204617F068FB00250346214601200C4A0B
:10C91000009518F0F9FF284607B0BDE8F0832046DF
:10C9200007F11303012118F0E5F82046314618F00D
:10C930009DFF2046C9F80C5018F0F8F8DFE700BF5B
:10C94000EF5D0300F0B589B00D46044619F049FAD1
:10C95000AB79002800F0A3800C33EA18EB5C033BB2
:10C96000082B00F23881DFE813F0090036013601A8
:10C9700084003601360136015D007E00D2F80100E8
:10C98000D2F8051003ABB2F8097003C302F1130328
:10C9900001210B32204618F0ADF80421284618F08A
:10C9A00067FF2846FFF766FB06460C2105A800F046
:10C9B000B1FA05AB03CB3346C6F80100C6F8051043
:10C9C000079A002143F8092F2046721C18F092F8AC
:10C9D0002146002017F09FFA034603AA478303CAA3
:10C9E000C3F81200C3F8161020460821FDF774FFA3
:10C9F0004FF40071204617F099FA204618F096F887
:10CA00002946204618F032FF0321204617F0E3FAAA
:10CA1000034600202146714A009018F075FF01205E
:10CA200009B0F0BD0B21284618F022FF2846FFF779
:10CA300021FB2946204618F019FF21F039FE054652
:10CA40004FF44071204617F071FA4FF480512046A0
:10CA500017F074FA284621F026FE4FF48061204634
:10CA600017F06FFADBE728460FF04AFF4FF400712A
:10CA7000F5E70621284618F0FBFE2846FFF7FAFAEC
:10CA8000204617F032FD2946204618F0EFFE2046DA
:10CA900018F072F82146002018F075FFBFE72B440C
:10CAA0001B7B043B072BBBD801A252F823F000BF2D
:10CAB000D1CA0100F7CA010059CB010021CA010007
:10CAC00021CA010021CA010021CA01006FCB010067
:10CAD00020464FF4007117F029FAAA7920460C324B
:10CAE0002A4402F109030021013218F003F8284614
:10CAF0000FF006FF93E74FF4806002F0C5FAB0B183
:10CB000000274FF40061204617F010FA2046CDE9C7
:10CB10000577FDF7CBFE0646204617F003FA3946A7
:10CB20000346009505AAB0B218F0DBFC77E7214672
:10CB3000012017F0F0F900F11201204618F031F849
:10CB40000621284618F094FE2846FFF793FA294656
:10CB5000204618F08BFE62E728460FF0D1FE2146F2
:10CB6000012018F040FF204618F006F857E721F0A2
:10CB70009FFD06464FF40071204617F0D7F94FF499
:10CB80008051204617F0DAF9304621F08CFD4FF441
:10CB9000C061204617F0D5F92946204618F066FEF8
:10CBA0002146012017F0B7F9C268054682B1937992
:10CBB00001210C331A4402F1130320460B3217F003
:10CBC00099FF204617F0B2FF2046E96818F04EFEA4
:10CBD0000023EB6023E7002022E700BFEF5D0300A6
:10CBE00010B5074C07492046002218F0D8FF204610
:10CBF000FFF7C8F9BDE810400120002102F04ABA51
:10CC0000581B002045C9010038B505460C4617F0F1
:10CC10008BF900F01800102806D121462846BDE8FF
:10CC20003840044A18F050BF20460FF069FE0C202F
:10CC300038BD00BF49C8010038B50C468B790546A0
:10CC40000C331944E35C142B03D0152B0FD00020B8
:10CC500038BD013119F09DF915212846224619F0F9
:10CC6000E0F92146284618F001FE0120F0E70146D0
:10CC7000012017F050F90B4B82689A4203D02046EE
:10CC80000FF03EFEF1E7A179284621440D3119F05D
:10CC900080F920460FF034FE2946012018F073FE7B
:10CCA000E3E700BF7760030037B504460D460A4648
:10CCB000142119F0B6F92946204618F0D7FD0321B2
:10CCC000204617F088F930220346009221460120C1
:10CCD000024A18F019FE002003B030BD776003004F
:10CCE00010B5074C07492046074A18F058FF204660
:10CCF000FFF748F9BDE810402020002102F0CAB932
:10CD0000641B002039CC01007B60030073B51E4614
:10CD1000ADF800208DF80230009B044601A8019375
:10CD20000D46114619F01FF99DF80630B34203D1A4
:10CD3000BDF804308B4205D028460FF0E1FD1220EB
:10CD400002B070BD204617F05FFA9DF80230827A7B
:10CD50009A4209D18288BDF800309A4204D128460F
:10CD60000FF0CEFD0020EBE76946204617F09AFE53
:10CD700029462046014A18F0A7FEE1E7A9CC0100A8
:10CD80002DE9F0411D46134307460C461646BDF8F3
:10CD9000188006D12046BDE8F0411A46194619F020
:10CDA000D0B94146204618F089FD78B12146384671
:10CDB00017F0B1F840238674C574214606933846AF
:10CDC0004346BDE8F041024A18F09EBDBDE8F0813F
:10CDD00021620300F7B50E46054617F08BFBB379C9
:10CDE0000C3333445F789B781F400378C3F3030010
:10CDF00000EA1310384019F06DF9044668B9284666
:10CE000019F071F9384019F065F9044628B9284637
:10CE100017F073FB00F0D4FF04462846002117F0FA
:10CE2000F5F91721304618F023FD3046FFF722F9B7
:10CE3000314644708470284618F018FD03212846B6
:10CE400017F0C9F840220346009229460020024A02
:10CE500018F05AFD03B0F0BDD56103002DE9FF4184
:10CE600007460E461446DFF8388043466946384682
:10CE70000A4A03F0B9FB0028F7D0102C254628BF3A
:10CE8000102530462A4669461DF0F1FD641B2F44EB
:10CE90002E44EAD104B0BDE8F08100BF5C28002038
:10CEA0004C28002030B589B020226946FFF7D6FF14
:10CEB0006A460C4D04AB144603CC9C422860696062
:10CEC000224605F10805F6D1074C08AD1A4603CAFB
:10CED000AA4220606160134604F10804F6D109B04B
:10CEE00030BD00BF4C2800205C28002010B588B061
:10CEF000694620200FF0C0FE044630B96846FFF7AF
:10CF0000D1FF0122024B83F82020204608B010BD3B
:10CF10004C28002070B5134B054693F820300C4682
:10CF20008CB00BB9FFF7E2FF0023CDE90033CDE968
:10CF3000023354B91C22214605A804941DF08CFD2F
:10CF400004A8FFF7AFFF0CB070BD102C264628BF19
:10CF50001026294632466846FFF780FF3544A41B59
:10CF6000E7E700BF4C28002008B581B2074817F05A
:10CF70007AFE012000F052FD30B9054A137D5907B1
:10CF80005CBF43F00203137508BD00BF781B00208F
:10CF9000701B002001238340DB43064901F124027A
:10CFA00052E8002F1A4001F1240C4CE80020002820
:10CFB000F4D17047701B00200123074A03FA00F0E8
:10CFC00002F1240353E8003F034302F1240C4CE830
:10CFD00000310029F4D17047701B0020044A4FF043
:10CFE0008040536A43F40023536207F051BA00BFF4
:10CFF000701B002038B54FF01013194C00256364E6
:10D000004FF4E063A4F848300123164A84F85C30FA
:10D01000154B6562C4E91532256602F0C1F84FF47C
:10D020008073A4F84E30114B84F85200A361104B6A
:10D0300025751A6829461378527804F108001344BC
:10D040005B106375A4F8B450A4F8AE5017F00BFE53
:10D05000294604F19000BDE8384017F004BE00BF37
:10D06000701B002055555500D6BE898EB76403004D
:10D07000441D00202DE9F843214C9946636A0F4670
:10D08000DB0715469DF824609DF8288035D468B3E9
:10D090000120FFF791FF626A9DF8203022F4C072F0
:10D0A00042EAC312052E626284F8506007D102F092
:10D0B00007FD48B96D00ADB2BD4228BF3D4694F8AA
:10D0C000500019F0EEF90646636A84F85C60A4F833
:10D0D0004470A4F8465084F84890B8F1000F09D085
:10D0E00043F4801301206362BDE8F8830120FFF759
:10D0F00051FFD0E723F48013F4E70020F4E700BFEA
:10D10000701B0020024B586AC0F38000704700BFBC
:10D11000701B002010B51A4CFFF7F4FF636A13F080
:10D12000010313D1A8B994F85D3094F84910253B58
:10D13000DBB20133DBB2032B28BF002341FA03F239
:10D14000D207F6D5253384F85D3014E094F85030DA
:10D1500010B194F85120134303F00503052BE2D1DD
:10D1600002F0AEFC0028DED194F85C30012B03D134
:10D17000032384F85C3010BD012384F85C30D2E7CF
:10D18000701B0020024B586A00F00100704700BF7E
:10D19000701B0020F8B540F271232F4CE36018B1EA
:10D1A000237D43F00803237519F0C8FB40F2712179
:10D1B000B4F84620E66B151F4D43AE42236CB4F81D
:10D1C000447018D2A3F5967301FB0733E768181A69
:10D1D00023893B4483420EDA5143237D891B43F06C
:10D1E000080323758142D4BF216120611A48BDE83C
:10D1F000F84019F0EBB940F271277A43A2F5E172D9
:10D200002261FFF787FFB4F84420236CAE4207FB8E
:10D210000233636023644FF00003104AE3630DD3CD
:10D22000FFF770FF136838B19A791B7B617D0B445F
:10D2300093420DDC6375D9E71A78F6E7FFF762FFD2
:10D24000136838B1DA79197B637D5B1A9342F1DA9E
:10D250006275CBE75A78F6E7701B0020441D00206A
:10D2600038B505460D4C80B10320FFF793FE00232F
:10D2700084F84D300123A4F84A300420FFF78AFED9
:10D28000BDE838401020FFF785BE0520FFF782FE7D
:10D29000012384F8AD50A4F8B030EEE7701B0020F5
:10D2A000274B70B55A6A0D4609B3160747D503F1E7
:10D2B0004D0603F14A0428B3D1061FD52388012B5C
:10D2C0001CD95B0804202380FFF764FE1020FFF7C1
:10D2D00061FE19F0F2FA2388B0FBF3F202FB1300AF
:10D2E000307055B30320BDE87040FFF753BE94067D
:10D2F00025D503F1AD0603F1B004DCE70420FFF708
:10D300005BFEE3E7D20314D5B3F84A10B3F84E201E
:10D3100091420ED222881020520092B22280B3F89D
:10D320004E30934228BF13462380FFF733FE04207C
:10D33000CDE71020FFF740FEF9E70520D3E770BDE9
:10D34000701B002070B58AB005466B46484AAC7920
:10D3500010685168127A03C30C3408201A702C44E8
:10D3600001F092FE20B101222846A11D1DF0AEFE63
:10D370000021A379CDF821108DF80F30A37AADF8F4
:10D38000251003F00F0303F128026A4412F8282C39
:10D390008DF82010ADF81020062B08D8DFE803F038
:10D3A000044F07075F074B000D20FFF705FEA37A28
:10D3B0000DF11301C3F380138DF81230E3680DF102
:10D3C0001200CDF81330238A09AEADF817300023D0
:10D3D0001A4616F0F7F9E3791C218DF819304FF44D
:10D3E0007F43ADF81A307F238DF81C3063792846CF
:10D3F0008DF81D300023ADF81E30AB7903AC12332D
:10D40000AB711DF0C7FEAB792B440C33224603CA27
:10D41000B24218605960144603F10803F6D110684F
:10D420002946186013481DF05CFF4FF0804007F05C
:10D430002FF80AB070BD0D20FFF7ACFDB7E7D4F8A8
:10D440001230CDF82130E38AADF82530EB79063B78
:10D45000EB71A37AC3F3C0138DF82030A7E7064B16
:10D460005B6A9B0444BF42F00102ADF810209EE7C6
:10D47000A3F30300901B0020701B002070B583797C
:10D480000C33C4182379DA0702D44FF0FF3070BD93
:10D49000A37AE27A03F00F05082DF6D8062D01D9FC
:10D4A0002846F4E7911F1F29EFD8012D1FD10C2A20
:10D4B000EBD1244E736A13F0060F01D1DB05EFD4D4
:10D4C00016F08DF920B916F081F90028E8D1DCE7D3
:10D4D000A37A96F84820C3F3C010B2EBD31FD4D17F
:10D4E00004F1120100F0010019F061F9EDE7042DDB
:10D4F000D6D11449144A486A0240002AC5D0096BA3
:10D500000029CDD08A79C3F380130C3288188A5C45
:10D51000B3EBD21F08D016F062F90028C0D116F084
:10D520004CF90028BCDBB0E704F10C0106220830FE
:10D530001DF068FA044616F052F90028B0D1002C0C
:10D54000AED0ECE7701B002008000400F0B5214CC1
:10D5500087B0A06A00B3E76ABE79FDF7A7F9022396
:10D56000FF210C36BA5DCDE90431BD1995F82330A1
:10D5700000215B090393AB8BD20902936B8B80B2C2
:10D5800001932B8B009305F1080317F0C0FEA06AEE
:10D59000FDF798FC0023A362E06A0FF0B1F90023C5
:10D5A000E362636A23F00402DB07626208D594F841
:10D5B0005050052D06D102F083FA18B184F85C5062
:10D5C00007B0F0BD94F8500018F06BFF84F85C00D1
:10D5D000F6E700BF701B002013B5154C21F068F86A
:10D5E000236A01930023236221F05DF8019BA3B914
:10D5F000636A1A0406D517F0C9FBA0B1636A23F465
:10D6000000436362636A1B0305D5FFF79FFF636AEC
:10D6100023F40023636202B010BD01A81DF098FD41
:10D6200017F01FFCE2E74FF0804006F031FFE9E71A
:10D63000701B002038B50E4D044601F07DF8286BB4
:10D6400018B10FF05DF900232B6317F01CFB09489C
:10D65000FEF72CF9EB6A0BB1FFF7C0FC044884F02D
:10D66000010118F0C0FFBDE8384003481DF052BD6D
:10D67000701B0020781B0020901B0020034B586A71
:10D6800010F0050001D1FFF7D5BF7047701B0020D7
:10D6900070B53B4C1646636A03F0010270B95AB18B
:10D6A00021F006F8636A054623F001036362FFF781
:10D6B000E5FF284620F0F7FF002070BD002AFBD1CF
:10D6C0009B0704D5236BBBB10120FFF7C9FD94F87C
:10D6D000483003F0FD03012B16D020F0E9FF05468A
:10D6E000C6B10E20FFF768FC19F028F942F210735A
:10D6F00003FB0600606310E002201DF0CFFE2063F4
:10D700000028E1D10720D8E719F06AF80028E4D111
:10D710001220D2E70E20FFF73DFC0020FFF74CFC63
:10D72000636A13F00403C4D140F27122E363B4F8D6
:10D730004630E260023B5343236119F0BEF80323F5
:10D74000B0FBF3F303EB4303C31A253384F85D30D6
:10D75000FFF7E0FC19F0F2F860602064B4F8B40060
:10D76000002808BFF520FFF7FFFB064B04481A68A6
:10D770001378527813445B10637518F027FF98E70D
:10D78000701B0020441D002038B51A4C0546237D2F
:10D7900023F00803237500F0CFFFB4F8B4302BB9A1
:10D7A000A36813F4601F08BFA4F8B4300021114827
:10D7B00018F019FF104BA361636A5A0405D485F071
:10D7C0000100BDE83840FFF7E5BC626B6168521AA2
:10D7D000002AF4DA23F0010343F400436362FFF705
:10D7E0004DFF4FF0804006F053FEFFF78BFC002802
:10D7F000E5D138BD701B0020B764030008B5FFF702
:10D8000081FCB0B10B4B586A20F0040210F001000B
:10D810005A6203D1BDE80840FFF70CBF00F08CFF4F
:10D8200017F031FAFFF7DAFBBDE808400020FFF7F8
:10D83000ABBF08BD701B00202DE9F04F4FF0000B6F
:10D840002E4C89B0E66AA36AB779C4E90ABB0C37E3
:10D85000F51901936B6A904682468946039302F05C
:10D8600085F8F35D05F108073946C3F3C01306A830
:10D870008DF8183015F0BBFFFF238DF81930636A5F
:10D8800001A8C3F380230E358DF81A30CDE9045773
:10D890008DF808B08DF81BA08DF81C908DF81D80B8
:10D8A000FDF7CAFB30460FF02BF8636A23F0240221
:10D8B000DB07626205D40120FFF7BCFE09B0BDE8BA
:10D8C000F08F0F4B94F850501A68052D137852784A
:10D8D00013444FEA630363750AD094F8500018F0BC
:10D8E000E0FD0546012084F85C50FFF74DFFE5E7B9
:10D8F00002F0E6F80028F0D0F4E700BF701B00202B
:10D90000441D002010B5074C2368DA0607D523F024
:10D910001003236018B90220A16815F0F0FE00235F
:10D92000A36010BD281C0020F8B500230360037D10
:10D93000044698070DD5204650F8081FC90C01F47D
:10D94000FC7141F00501FDF75FFF237D23F0020329
:10D950002375237D2589190703D518F0EFFF284487
:10D960006060174E6068314651F8043F2D1A7BB94C
:10D9700023600C60B368D3B1617D5A7D914217D2A8
:10D98000227D12070DD5BDE8F8400020FFF7BABF91
:10D990005A681F892A44D21B002AE9DA19461B68F3
:10D9A000E5E75A681B6913441B1A002BEBDAF8BD34
:10D9B0001A895B68D31AE2680344D342F7D5E2E7D9
:10D9C000281C0020014610B50446032015F097FEE0
:10D9D000054B1B68D90305D4237D5A075CBF43F070
:10D9E0000203237510BD00BF281C0020014BD8681E
:10D9F000DC387047281C0020034B10B5DC6818F099
:10DA00009DFFDC3C201A10BD281C0020182200219C
:10DA100001481DF021B800BF281C0020034B1B68E3
:10DA200013EA004314BF012000207047281C002087
:10DA300070B568B146685EB1154C23691D4645B99D
:10DA4000257D0135EDB242B103602061816025750D
:10DA500070BD8542FCD02D68F1E743B19B68CB1ABD
:10DA600041BF5B42B3FBF6F303FB06668919002353
:10DA700003602369074E816013B903603060E6E7F5
:10DA80009A688A1A002AF8DB1E461B68F4E700BF72
:10DA9000281C0020381C002040B1436833B1084BDB
:10DAA0001A7D013A1A7553F8102F02B97047904247
:10DAB000116801D11960704713460A46F5E700BFA7
:10DAC000281C002038B50446084D0846AB68A34220
:10DAD00001D1FFF717FF6B68054A1BB1A342196814
:10DAE00001D1116038BD1A460B46F6E7281C00200C
:10DAF0002C1C00202DE9F3415A4D2B6858077ED489
:10DB0000AB68002B7BD155E8003F43F0040345E8A8
:10DB10000032002AF7D16C68A4B118F00FFF01AAF7
:10DB2000804601462046276918F02EFD08B9204698
:10DB30001FE0019B2668FF1AA6B96368DC371F4403
:10DB4000C5E9024755E8003F23F0040345E80032E9
:10DB5000002AF7D1AC68002C45D102B0BDE8F041F5
:10DB600001F096BF4146304601AA18F00DFD18B9E4
:10DB70003046FFF727FFCEE7337DD6F804C0328961
:10DB8000D907ACEB020205D4019933695B1AF1683D
:10DB90005B1A1A446368D919891A00291FDD8F425C
:10DBA00004D9E168D21ADC31914217D9207DC2072D
:10DBB0000BD42269F1681344A3EB0C0322895B1A8E
:10DBC0009B1AE268DC3293420BDC727D637D9A42E1
:10DBD00005D20307ABD5F768344600E01746366830
:10DBE000AAE70F46F8E7A36813F4601F0AD121469D
:10DBF0002B6843F010032B60012015F080FD02B06C
:10DC0000BDE8F08104F108063046FDF70BFE2B68F5
:10DC1000214643F010032B600028EDD1012015F0C0
:10DC20006EFDA36813F4601F4FEAD341C3F3C244EF
:10DC30000ED0013CE4B201F4FC7130462143FDF703
:10DC4000E3FD03213046FDF74BFE002CD7D103E066
:10DC500003213046FDF744FE304602B0BDE8F041F6
:10DC6000FDF724BE281C002008B5034B996809B1B4
:10DC700015F045FD08BD00BF281C0020014B986829
:10DC8000704700BF281C00200A4B70B59C68844276
:10DC90000FD12146022015F032FD6668258918F063
:10DCA0004DFEAD1BC54221464CBF0120032015F09F
:10DCB00026FD70BD281C0020104B70B59D682E6994
:10DCC0002C681CB9686864B9304470BD627D6B7D96
:10DCD0009A42F7D9204618F0A2FC0028F2D1246815
:10DCE000EFE76FF0DB0362681B1A134422899B1A6B
:10DCF0002A699342D4BFC0188018E6E7281C002088
:10DD0000542310B5046808490D20B4FBF3F40EF059
:10DD10007DFD002351211846A2B20EF01DFD002802
:10DD200014BF1920002010BD19CC0200014B187837
:10DD3000704700BF6D280020837E0F4A1B01DBB2B5
:10DD400082F81F3382F8203382F8223382F821339D
:10DD500082F8233382F8243382F8253382F826337D
:10DD600082F82A3382F82733837F23B9437E1B014D
:10DD7000DBB282F8223C704700E100E037B5044690
:10DD80000EF08AFD204601F091F9054698B920462B
:10DD9000FFF7D2FFA38A0DF10601ADF80430E38A44
:10DDA00001A8ADF8063018F040FC0122034B1A70B0
:10DDB000284603B030BD0225FAE700BF6D280020D9
:10DDC0000138C0B203289ABF014B185C002070478D
:10DDD000B0F30300431E012B05D9022902D8024BE0
:10DDE000585C704700207047ADF30300431E042BBE
:10DDF000054A07D8052808BF03200621431E01FB5A
:10DE00000320704710467047D8F30300014B53F8C6
:10DE100020007047B4F30300024BDB6993F87F00E6
:10DE2000704700BF500B0020094B10B5D96968B18D
:10DE3000084B1C4653F8042F0AB18242FAD21B1B2E
:10DE40009B10013BDBB281F87F3010BD0123FAE764
:10DE5000500B0020B4F30300054B1B681B6A13F042
:10DE6000100003D013F0030018BF0120704700BF5B
:10DE7000101D00202DE9F34100264FF0FF3104462C
:10DE800001A8019601F010FF019949B12046FCF765
:10DE9000C5FB032806D005282FD001A81DF03AF9AC
:10DEA000012023E01B4D1C4800F06EFF2B6830461C
:10DEB000597D01F073FB2F68184EF86AD6F8088078
:10DEC0001DF0ADF941460246384615F056FF2B6865
:10DED000B068DB6A036002F04BF82B681B6ADB0456
:10DEE00007D52046019915F010FF002002B0BDE8CB
:10DEF000F08101A81DF00EF9F7E7019801F004FF89
:10DF00002046019915F0B5FE0028C9D0304600F032
:10DF10003BFFEAE7101D0020F1E00100881A002015
:10DF200038B5254904460B7D4A7D0133DBB2B3EB9E
:10DF3000921F0B7503D3032300200B7538BD016AB4
:10DF400009042CD5032390F87520243A92FBF3F3AF
:10DF500003EB4303D21A2532D2B2B4F8505094F8EE
:10DF6000743015F01001B4F9540084F875201CD1F8
:10DF700018F0BFFD04F16C050146284602F008FACE
:10DF8000284618F0E0FC00221146104615F0CEFBA2
:10DF900094F87500002118F0ABFD0120CEE75B007E
:10DFA0001A4102F003022532D7E702461946002043
:10DFB00002F0BEF8DEE700BF881A0020204B2DE9F2
:10DFC000F04104461860806A1DF029F90146204698
:10DFD000FCF7B4FAB4F850301A4E03F01403142BC3
:10DFE0000CBF0022A26AB36820461A60FFF798FFB0
:10DFF000FFF732FF144B051E144808BF184600F007
:10E00000C3FE94F81480676818F098FC6D0008F05F
:10E0100008080346627DE8B2B8F1000F03D1FF1A89
:10E02000B7F59B7F07D5114618F0B7FCB068BDE87F
:10E03000F04101F09DBF616818F09BFCF6E700BF5E
:10E04000101D0020881A0020DDE001002DE10100F4
:10E0500070B50546FFF700FF104B041E104808BFBF
:10E06000184600F091FE2846FFF75AFF0D4E054670
:10E0700060B133686000597D00F0FE0018F08DFC3F
:10E08000BDE87040084B986801F072BF00F07CFE5C
:10E0900029463068BDE87040FBF79ABFDDE001001B
:10E0A0002DE10100101D0020881A0020034610B544
:10E0B000094C552B20680AD0562B0CD1002000F0BB
:10E0C00063FE20680121BDE81040FBF781BFBDE879
:10E0D0001040FFF7BDBF10BD101D0020512803D117
:10E0E000024B1868FFF7B4BFFFF7E0BF101D002018
:10E0F0000C4B512810B51C680FD1A06A1DF08FF889
:10E1000001462046FCF71AFA074BA26A9B68204694
:10E11000BDE810401A60FFF79BBFBDE81040FFF755
:10E12000C5BF00BF101D0020881A00200E4A5128CC
:10E1300010B5146805D0532809D0BDE81040FFF78A
:10E14000B5BF617D0120BDE8104001F03DBA204619
:10E15000FFF790FE30B101F009FC2046BDE8104009
:10E16000FFF776BF10BD00BF101D002038B50D466B
:10E170000446002000F008FE01F0F8FB2946204686
:10E18000FCF7C8FB0022014B1A6038BD141D0020AB
:10E190000123074A03FA00F002F1140353E8003F99
:10E1A000034302F1140C4CE800310029F4D170470C
:10E1B000A01A00202DE9F041324E054673690C4645
:10E1C00013F4C07F03D0980659D401200CE039B174
:10E1D000590705D4D5F8A43013B90820FFF7D8FFA4
:10E1E00073699A0602D50020BDE8F081B27FAB6A60
:10E1F000022A03F0080709D927B184F00100400082
:10E20000C0B2F1E7002CEED00320EDE77FBB002C7D
:10E21000E9D05B05D5F8A00048BFD5F8A4001CF0F4
:10E22000AAFFC1B2063195F8300118F007FC95F845
:10E230008F108046063195F8300118F0FFFB054637
:10E2400018F07CFBF36A1FFA88F8A3F596731B1A83
:10E25000A3EB0803ADB25B1B002B0EDB736913F05D
:10E260001C0FC0D137B1002CBDD10520BCE7002C5C
:10E27000CFD0B8E7002CB6D0F7E70420B4E70029E8
:10E28000A6D1B0E7A01A002038B504460B4B1860A1
:10E2900000F5947018F057FB2046FCF707FBC4B25A
:10E2A000204615F039FA0546204615F037FA29467A
:10E2B0000246022015F03AFA38BD00BF141D0020B6
:10E2C00038B50446114D4FF480616B69283043F432
:10E2D00000736B6118F0D5F90121204615F031FE6D
:10E2E00000212046FFF766FF014620B12046BDE829
:10E2F0003840FFF73BBF6869617D80F48070C0F3F0
:10E300000020BDE8384001F05FB900BFA01A00202E
:10E3100008B5002000F038FD01F028FB0022014B79
:10E320001A6008BD141D002010B50446FFF7ACFFAD
:10E33000064800F029FD6168226C637D1120BDE86C
:10E34000104001EB920218F03CBB00BF45E6010013
:10E35000454B37B51C680023A26A01935005D4F8D9
:10E36000A03012D504F1A40001931CF0F1FEC4F812
:10E37000A00050B194F846314FF48061013B84F81D
:10E38000463104F1280018F07CF9D4F8A0500DB9FA
:10E39000364B9D6894F94631022B0DDCD4F8A83039
:10E3A00013B1A36AD90502D5D4F8AC3023B14FF428
:10E3B00080512046FCF790FAD4F8A410A36A0029F3
:10E3C00014BF01210021AA794FEA830302F10C0254
:10E3D00003F00C0343EA0113A95C21F01C0143EA9A
:10E3E0000103AB540DD1214A02F1140353E8003F5D
:10E3F00023F0080302F1140040E800310029F3D1B2
:10E4000002E00320FFF7C4FE284601F0B1FD2046DC
:10E41000FCF74CFAAB792B445B7B1BB1012180B23A
:10E4200015F0B9F9019B53B15B7903F00A03082B8E
:10E4300002D12046FCF7A8FD01A81CF06BFE6B7909
:10E440009A070ED5A36A1B040BD50820FFF7A0FE80
:10E450004FF4004104F1280003B0BDE8304018F04B
:10E4600010B903B030BD00BF141D0020A01A002059
:10E4700000232DE9F04385B00446032103A803934C
:10E4800001F012FC039D35B9F4212046FFF76EFE22
:10E4900005B0BDE8F083AB79694F0C331D442A7990
:10E4A0007B69D6074FD4DD064CBF07200420FFF759
:10E4B0006FFE002601212046FFF77CFE054650B97D
:10E4C0007869617D80F48070C0F30020400001F025
:10E4D00065F8FFF73DFF039801F016FCDDF80C80AE
:10E4E0007A6998F80630510603F10C0308EB03092A
:10E4F00015D458F8033006203B61FFF749FEA36AA4
:10E500001A060CD404F1280252E8003F43F08003BD
:10E5100042E800310029F7D10120FFF739FE4946D2
:10E52000204615F014FD99F80430DB0740F1848093
:10E53000002E52D11DB129462046FFF717FE03A831
:10E5400001F0CAF9A4E7012023F010037B61FFF773
:10E550001FFEAE7AF0062FD50220FFF719FEA36A40
:10E56000AA7A83F00203C2F38002C3F340039A4203
:10E570002FD14FF4006104F1280018F082F850E820
:10E58000002F42F4806240E80023002BF7D1A26AFA
:10E5900082F00202A262BB77AA7AA36AC2F3C00227
:10E5A00003F001018A4284D183F0010316F00306CF
:10E5B00018BF0126A3627DE707F1140353E8003F6B
:10E5C00023F0040307F1140141E80032002AF3D1DB
:10E5D000C5E7BB7F0133DBB2DDE72046FCF766F918
:10E5E000C0B215F099F806462046FCF75FF9CDF861
:10E5F0000480A38F82B2009331460023022015F0DD
:10E6000087F84FF0FF3103A801F04EFB039B9A7986
:10E610001344DB7D002B8DD02046FCF747F9012108
:10E6200080B215F0B8F820460399FCF7D7FC002D0E
:10E630003FF42EAF294628E7002E3FF47BAFE0E7FA
:10E64000A01A002008B50346114A532B10680BD0BE
:10E6500002D8512B18D008BD553B012BFBD8BDE883
:10E660000840F121FFF782BDFFF702FF094A02F1DE
:10E67000140353E8003F23F0200302F1140040E8A4
:10E6800000310029F3D1E6E7BDE80840FFF718BEE6
:10E69000141D0020A01A0020174B513810B51C681B
:10E6A000052819D8DFE800F008180318191F2046BC
:10E6B000BDE81040FFF7DCBE2046FFF701FE0F4A21
:10E6C00002F1140353E8003F23F0200302F1140089
:10E6D00040E800310029F3D110BDF1212046BDE80A
:10E6E0001040FFF743BD4FF4806104F1280017F09C
:10E6F000C8FFF221F2E700BF141D0020A01A00207D
:10E7000010B50446FFF7C0FD054800F03DFBFFF7DC
:10E710001FFE627D61680220BDE8104018F029B933
:10E7200099E60100034B5B6A13F0060F0CBFE22071
:10E73000F1207047701B002008B5FFF79FFA054BCA
:10E74000834206D101F012F9BDE80840002000F034
:10E750001BBB08BD701B002070B51E4C1E4800F08E
:10E7600013FB94F85C3094F85D200021C82018F069
:10E77000C0F9014604F1540001F00AFE04F154000E
:10E7800018F0E1F800221146104614F0CFFF666839
:10E7900018F0D4F80246FFF7C5FFB61AB6F5FA6FBF
:10E7A00005460BDCFFF722F9627DA0F5E1712846F2
:10E7B00018F025F9BDE8704001F0B6B86668FFF7BB
:10E7C00015F93146A0F5E172637D284618F0F9F895
:10E7D000F0E700BF701B002055EB010038B501F0D9
:10E7E000C5F8FFF709F940F2EE2398420E4C0EDD12
:10E7F000FFF798FF0546FFF7F9F8627DA0F5E17194
:10E80000284618F0FCF8BDE8384001F08DB818F043
:10E8100095F8E36B62689B1A0344E3630020BDE84C
:10E82000384017F056BE00BF701B0020F7B5104CE3
:10E83000064694F84D500F462DB10020013D84F856
:10E840004D5003B0F0BD0B4B02201B68597800F00F
:10E85000A5FE94F848303A46CDE9005331460323EB
:10E86000206B17F067FE206B01F082FB0120E8E7C8
:10E87000701B0020441D0020094A02F1240353E8C4
:10E88000003F43F0080302F1240040E80031002972
:10E89000F3D1044B01201B68597800F095BE00BFEE
:10E8A000701B0020441D002070B50A4C636A5B0792
:10E8B0000DD58B790C33CD1850B9E879CE5829890C
:10E8C00018F0BCF80644A6636B7984F84C3070BD30
:10E8D0000120F3E7701B00202DE9F04F16468DB0A4
:10E8E000021E069108BF00211F46964B0592DD6A65
:10E8F0005B6AAC7938460C342A5DC3F3801B61F344
:10E9000045122A55314603F04002039214F069FF84
:10E9100005EB04080790285D08F108094946C0097D
:10E9200014F05FFF039B8246002B44D1002844D1A2
:10E9300014F055FF80F00103DBB25A4631463846E9
:10E9400003F0010318F084F80490002800F08A8096
:10E95000039B002B33D1BAF1000F75D1079B002B1D
:10E9600072D014F02DFF00286ED001220AA90DF1FB
:10E97000270014F038FF002874D09DF827302A5D56
:10E98000591E4B424B41B3EBD21F6BD10622484676
:10E990000AA91CF037F8002864D13368C8F8083099
:10E9A000B388A9F804302B5D67F3C7132B554FF0DC
:10E9B000000AD34619E00123BFE7039BBDE7614B83
:10E9C0005B6A13F4007A1CD115F804B0CBF3801BFA
:10E9D000504614F00DFF3368C8F80830B388A9F822
:10E9E00004302B5D67F3C7132B55059B554E002B49
:10E9F0003ED196F8AD30002B3AD0013B86F8AD30D1
:10EA000030E014F0DAFE002806DA15F804B04FF012
:10EA1000000ACBF3801BDBE700221146104614F0FE
:10EA2000DCFE15F804B08246CBF3801B0028CFD063
:10EA3000002302211A4608EB010017F053FD2B5D5D
:10EA400060F386132B55C3E77A1E57422B5D57415F
:10EA5000B7EBD31F06D10622314648461BF0D2FF42
:10EA60000028A4D00023049304980DB0BDE8F08FD3
:10EA700017F064FFF36A00F196019A7908F10E002D
:10EA800013441A6B059B00939DF8583017F002FE53
:10EA90002D4B059A07461B68A2B95978022000F051
:10EAA0007DFDF06A01F064FAF36A9A7913441F63FA
:10EAB000FFF7E4F8254B8361069BBBB9736A23F427
:10EAC000806316E0D979002000F068FDF06A01F05B
:10EAD0004FFAF36A1E489A7913441F6300F054F901
:10EAE000069BC3B9736A23F4806317E0736A43F427
:10EAF00080637362039B9BB1BAF1000FB4D0002313
:10EB000059461A4608F1020017F0ECFC2B5D60F341
:10EB100086132B55A8E7736A43F480637362EBE7AF
:10EB20002B5D0022C3F3C01349460AA88DF8283094
:10EB300014F059FE2B5D9DF8282062F3C7132B5566
:10EB4000DAE700BF701B0020441D0020854C030045
:10EB500021ED01002DE9F04F532885B01FD005D8D5
:10EB6000512800F0CE8005B0BDE8F08FA0F155032C
:10EB7000012BF8D855384FF0010118BF0120FEF7DE
:10EB80008FFB17F0DBFE644AD36B51685B1A0344BA
:10EB90000020D36305B0BDE8F04F17F09ABC002504
:10EBA00003A84FF0FF31039501F07EF803985A4E09
:10EBB00058B1FEF763FC0828804603D8574B1F5C0A
:10EBC000380709D403A81CF0A5FA736A13F0060FDE
:10EBD00015D0FFF703FE12E0B8F1070F16D1726AE5
:10EBE00012F48012EED13046039916F042F8002854
:10EBF000EBD016F049F810B10120FEF7CBFA012155
:10EC0000084605B0BDE8F04FFEF74ABB039CFEF78F
:10EC1000F3FE736A814613F0040343D017F0020336
:10EC200040D0A0F56E73002B0DDD0120A2790C32CF
:10EC30002244917A0090C1F380130C32C1F3401149
:10EC4000FFF74AFE0546204601F05EF82146012006
:10EC5000FFF72AFE736AD9072ED503F0800A94F8CD
:10EC600006B014F0BCFD0BF10C0BA34480F00103C3
:10EC70009BF80A00BAF1000218BF0122DBB20BF1C7
:10EC80000C01C0F3801017F0E3FE68B155BB736A46
:10EC900020469A073AD5FB0712D47B0739D5FEF7F1
:10ECA00051FB92E71D46CEE7BAF1000F04D1514661
:10ECB00014F09BFD0028E9D020460DF021FE1CE059
:10ECC00017F040FF70B1A9F21659B9F1000F09DD34
:10ECD000A0790C302044817A0C30C1F38011FFF709
:10ECE000A5FD0546B8F1040F02D1736A9907E3D573
:10ECF0007A07E1D52046FEF725FB002D7FF47FAF94
:10ED000063E705B0BDE8F04FFFF7B6BDB8F1040FFB
:10ED1000C3D10DF0F5FD58E7701B0020F0F30300A0
:10ED2000512808B50BD1084800F02EF80122074BF6
:10ED3000104693F94C10BDE80840FEF77DBDBDE8D4
:10ED40000840FFF707BF00BF55EB0100701B002014
:10ED50000022024BC3E90022704700BF381D00208B
:10ED600010B5074C2022002120461BF075FE05231C
:10ED7000A383044BA36100F0DFFA9030206010BD44
:10ED8000181D00208F68030010B504461FF087FC93
:10ED90000022044B5C60044BBDE810409A611FF0F8
:10EDA00079BC00BF381D0020181D0020034B03EB69
:10EDB00080035868003818BF01207047181D0020D4
:10EDC00010B504461FF06BFC0022044B9C61044B01
:10EDD000BDE810405A601FF05DBC00BF181D002048
:10EDE000381D002010B5074CA36953B10020FFF770
:10EDF000E7FFFF23A38300F03DFEBDE8104000F0D5
:10EE000005BA10BD181D002070B5C5B2212D0446ED
:10EE100012D100F0F1FB0A4B220CC4F3074403EBC0
:10EE200084049A8362689A61054A936933B12846DB
:10EE3000BDE8704011681847222DF5D170BD00BFA4
:10EE4000181D002038B50D4B04461A7812B1002267
:10EE50001A7038BDC5B2FEF711FF40B1C38AB3EBDB
:10EE6000144F284605D1BDE83840FEF7FDBEFF230C
:10EE7000F5E7BDE8384017F0EEBC00BF381D0020B4
:10EE8000A0F121030E2B10B5044611D8FEF7F6FEB3
:10EE900060B3C08AFF2829D0222C03D1BDE81040DE
:10EEA000FFF7A0BF44EA0040BDE8104000F012BAEE
:10EEB000A0F131031E2B0ED8114B988B44EA004071
:10EEC00000F01CFA312C11D10020FFF779FFBDE8CA
:10EED000104017F029BDA0F111030E2B06D8132CFA
:10EEE00040F4A02003D006D9142CDDD010BD01229F
:10EEF000044B1A70D8E7BDE8104000F0FFB900BF1E
:10EF0000181D0020381D00200B4A10B593690446D7
:10EF10001BB11168BDE810401847084B5B6813B17E
:10EF2000BDE810401847FEF7A9FE014618B18369F5
:10EF30000BB12046EEE710BD181D0020381D002043
:10EF4000024B186908B105F0A3BA7047300B0020D6
:10EF500038B50A4B1C6804B10C3400F0EDF90025FB
:10EF6000C0F89050204600F0F9FA284617F0EFFB61
:10EF7000BDE8384001481CF0CDB800BF401D00205E
:10EF8000002310B53E4A02F1100151E8001F02F1C2
:10EF9000100C4CE80034002CF5D140EA0104A0022A
:10EFA00001D5FEF7A7FD210101D500F025FDE20303
:10EFB00001D500F05BF9002C01DAFCF71FFD6300BE
:10EFC00001D5FEF709FBA00001D5FCF75DFBE100D0
:10EFD00007D5FBF71BF820B94FF08051294817F0EF
:10EFE00010FC620107D515F0D6FC20B94FF0806106
:10EFF000244817F006FCA30105D517F078FDFCF7AF
:10F0000015FB14F0D5FBE00108D514F041FF0728EB
:10F0100004D14FF080711B4817F0F3FB610201D55A
:10F0200014F0C0FB220201D514F074FBE30207D5F3
:10F0300014F029FF20B94FF48011124817F0E1FBBA
:10F04000A00507D5FCF7F6FF20B94FF400710D4875
:10F0500017F0D7FBE10507D5FCF74EFA20B94FF4BE
:10F060008071084817F0CDFB620503D514F067FBEB
:10F0700014F066FB230501D516F0F7FA10BD00BFAA
:10F08000300B0020400B0020014B1B6818407047DC
:10F09000300B002010B5044BD3E9064204430A4369
:10F0A000C3E9064210BD00BF300B002038B504464E
:10F0B000344DFEF7ABFC0021202228461BF0CCFC8F
:10F0C0004CF20C000021FFF7E5FFC4B1A3684FF636
:10F0D000FF720020A18B2B60FBF740FF02201CF089
:10F0E000DDF9294B1860002849D023460C3004F183
:10F0F000200253F8041B934240F8041BF9D1234B20
:10F100002348AB6000232B730DF036FCFCF758FB53
:10F11000204600F045FD054678BB00F0FFF920B120
:10F120004FF480700021FFF7B5FF00F007FA20B11F
:10F130004FF400600021FFF7ADFF2CB1B4F91210BD
:10F14000B4F9100001F00CF917F0DCFC01F0DEFA64
:10F15000FDF7CCFE054680B9FCF738FC00F03EF820
:10F1600000F0E2F8FFF7F4FD00F068F818B9BDE828
:10F17000384000F069B8FFF7EBFE284638BD01259E
:10F18000FBE700BF300B0020401D002041EF0100D5
:10F19000340B0020014BD3E906017047300B0020EF
:10F1A000054B9B69DA054CBF032001201B0548BFB6
:10F1B00040F00400704700BF300B0020014B186086
:10F1C000704700BF441D00202022034BC3E90022EA
:10F1D0009A6000221A7670476C1D002038B5002511
:10F1E000084C094B1C2229462046C3E900551BF058
:10F1F00033FCFFF7E9FF30236576C4E9033363612D
:10F2000038BD00BF6C1D0020481D002008B51FF050
:10F210004FFA30230749084ACB60D3600B61136172
:10F220004B61536100234B765376BDE808401FF0D5
:10F230003ABA00BF6C1D0020501D0020014B187809
:10F24000704700BF6E28002010B5044C23781BB90E
:10F2500017F015FB01232370002010BD6E2800203D
:10F26000014B1868704700BF481D0020F8B5164EC6
:10F270001FF01EFA3546154C07460FCD0FC495E812
:10F280000700002584E80700FFF79EFF302338467B
:10F29000C6E90333736175761FF005FA0C4E103C16
:10F2A000E068302804D07368C6E90030FFF7CAFD73
:10F2B00054F8040B202801D0FFF7A6FD0135EDB26C
:10F2C000032DEDD1F8BD00BF6C1D0020501D0020A6
:10F2D000481D002010B504461FF0EAF9064A137EC7
:10F2E00042F82340013313761FF0DDF9BDE81040EA
:10F2F0004FF4803005F0CCB86C1D002010B50446EA
:10F300001FF0D6F9074A537E02EB83010133CC602C
:10F3100053761FF0C8F9BDE810404FF4803005F077
:10F32000B7B800BF6C1D00209422002101481BF0DB
:10F3300093BB00BF881D002000487047881D002037
:10F34000074B586940F20D1338B9002BC1BF452255
:10F350004433B3FBF2F0C0B270470068453BF3E7BB
:10F36000500B00202DE9F0414FF0000882B0CDF89D
:10F370000480F8B10546154F01AC09E023601B6815
:10F380007B612368C3F800802668002D344611DDB8
:10F390007B69453D002BF1D101201CF07FF806462A
:10F3A00020600028F1D101A81BF0B4FE304602B065
:10F3B000BDE8F081102000F02DFD019E30467379EC
:10F3C00043F00103737102B0BDE8F081500B0020DF
:10F3D00037B5184D0446EA6992F87D3013B900201C
:10F3E00003B030BD01281CD002280CBF022301232A
:10F3F0008DF8043001238DF80530936F286923F4CC
:10F40000805323F00203936701A91AF025FC00281A
:10F41000E6D1012C07D1EA69936F43F002039367A9
:10F42000DDE70423E4E7022CD9D1EA69936F43F4C2
:10F430008053F4E7500B002037B5174D0446EB69B5
:10F4400093F87D2012B9002003B030BD01281AD0F6
:10F4500002280CBF022201228DF8042001228DF81F
:10F4600005209A6F286922F044029A6701A91AF0D0
:10F47000DDFB0028E8D1012C07D1EA69936F43F046
:10F4800040039367DFE70422E6E7022CDBD1EA6959
:10F49000936F43F00403F4E7500B00200422F0B50F
:10F4A0001D4E0546F36985B083F87C20407917F03E
:10F4B0002BFA2C79074694B1A879FFF7BDFF0446D3
:10F4C00038BB01466A79012017F019FA3B462246FB
:10F4D0007179306905B0BDE8F0401AF005BB2B68C2
:10F4E00068790394029317F00FFA0090224671791D
:10F4F000306902AB1AF0FAFA044650B9A879FFF75E
:10F500009BFF044628B9024601216B79286817F051
:10F51000F7F9204605B0F0BD500B002010B5064CA1
:10F5200020691AF068FD28B920691AF066FD00F01C
:10F53000010010BD0120FAE7500B0020014B1869B3
:10F540001AF05DBD500B002008B5FFF7F5FE024B29
:10F550001030D86108BD00BF500B002038B50446FC
:10F56000084DFFF7F1FFEB692A689A6744B1A0885C
:10F57000FEF75AFC0122EB69002083F87C2038BD9D
:10F580002046F5E7500B0020034BDA69936F43F4F4
:10F5900080339367704700BF500B0020042238B5BA
:10F5A000084B0D46DB6983F87C20FFF745FF0446D6
:10F5B00008B100F03BFC2A460021012017F09FF91A
:10F5C000204638BD500B0020022238B5094B0D46AD
:10F5D000DB6983F87C20FFF7FBFE044608B100F0EE
:10F5E00025FC2A460021012017F089F914F09FF824
:10F5F000204638BD500B0020034A136823F4004313
:10F60000136000F029BF00BF500B00207FB502231C
:10F6100004462A4D1022EE69002186F87C306846A7
:10F620001BF01AFA237A03B301238DF804306368C0
:10F630000293A37A53B196F87D00FEF7D7FB029BA5
:10F6400002881344029301238DF80D30637A207BE6
:10F650008DF80E30FFF7BCFE50B1EA69936F23F4CA
:10F660008033936700F0E2FB20E023680093DEE73D
:10F67000E07A17F049F96A460346697928691AF071
:10F6800037FA0028E9D1EB69227AB3F87A10E37AE5
:10F6900001F0010162B11A46012017F030F914F0AF
:10F6A00046F8EA69936F23F48033936704B070BD22
:10F6B0000A462068012117F023F9F0E7500B0020DB
:10F6C0002DE9F0431C4A87B0D56995F86C3003EBFF
:10F6D000C3004FEA800855F8087005EB80061FB19B
:10F6E000304607B0BDE8F08311791069717301AA43
:10F6F0000321B760B7731AF0D6FBDDE9031245F8B2
:10F700000800304608F11003E9501D446A60BDF856
:10F710000630BDF80820B7839B1A32839DF8042079
:10F720007383072A08BFB368376204BF43F001033D
:10F73000B36007B0BDE8F083500B002083689B07DF
:10F7400000D5704730B5154D87B0044601686A464C
:10F7500028691AF0AAFB50B9238B628B69461344BF
:10F7600003332869ADF804301AF0A3FB08B107B0E1
:10F7700030BD009B9DF90E00636000F001FE207318
:10F78000EB699DF8111093F87D00FEF723FBA36849
:10F79000A07343F00203A36007B030BD500B0020FC
:10F7A0002DE9F04F4FF6FF741F46A142038B458BA6
:10F7B00008BF818B1D4418BF8183A942064683B0D0
:10F7C00059DA4FF6FF708242A5EB010502D095424F
:10F7D000A8BF15468B42ADB20BD84FF00008A84524
:10F7E0002AD345462846B38B2B44B38303B0BDE8E8
:10F7F000F08FA3EB0108A845A8BFA84632691FFAFD
:10F8000088F802EB010BB8F1000F62D0002F5ED038
:10F81000B946C2465246452A594628BF452248465F
:10F820001BF054FC83B2AAEB0304A4B283443CBB98
:10F83000318B0B46A845D4D2C91A7369A5EB0809C8
:10F8400013FA81F41FFA89F9002FCAD04A46452AD3
:10F85000214628BF452238461BF038FC1FFA80F8A5
:10F86000A9EB08039BB20444002BBBD03A68CAB191
:10F8700017469946EAE70025284603B0BDE8F08F11
:10F88000D9F8002012B19146A246C3E799F80400C6
:10F8900001931BF003FE019BC9F8000060B1814693
:10F8A000A246B7E7387901931BF0F8FD386040B104
:10F8B000019B07469946C9E7A3EB0A0343449DB25F
:10F8C00090E7A8EB0908A8441FFA88F58AE73D46A7
:10F8D00088E719460B46ADE72DE9F04106461EF0D4
:10F8E000E7FE0746FFF72CFD35460446286818B1A9
:10F8F0006CB928461BF00EFC31680A481BF0F1FC7D
:10F9000038461EF0D0FE00233360BDE8F081D0F809
:10F9100000801BF0B7FD2B68013CC3F800802D6808
:10F92000E4B2E3E7640B002010B5094CE369986F7B
:10F9300010F400700AD020691AF0D3FA30B901210E
:10F9400020691AF0CCFA80F00100C0B210BD00BFEF
:10F95000500B0020044BDA69926F920503D5002109
:10F9600018691AF0BCBA7047500B002010B5154C3E
:10F97000E36993F87C30012B08D000221146104631
:10F9800016F0BDFF0122E36983F87C2000220321E9
:10F9900020691AF09AF80022012120691AF08BFAE6
:10F9A000FFF7D8FF002016F0B2FF16F0B2FF0020DC
:10F9B00016F0B0FFE269936F23F4847343F4C043FD
:10F9C000936710BD500B002010B51EF071FE044669
:10F9D000FFF7CCFF074B5620DA69B2F874300133D9
:10F9E000A2F87430FFF790FA2046BDE810401EF0F0
:10F9F0005ABE00BF500B0020F8B51C4DEA69936F4A
:10FA00001C0704D523F008039367FFF7DDFFEB69BC
:10FA10009B6FD8060FD51EF04BFE0646FFF790FCF5
:10FA20000446134F24B101201BF038FD0146B0B944
:10FA300030461EF038FEEA69936F990615D523F01B
:10FA40002003936700F04EFF78B11EF031FE0446AC
:10FA5000FFF7BAFF2046BDE8F8401EF024BE384646
:10FA6000013C1BF048FCE4B2DCE7F8BD500B002081
:10FA7000640B002008B5FFF779FF00F0EDFC034AA6
:10FA8000136823F40043136008BD00BF500B00202F
:10FA9000002210B5094C1046114616F030FF2069BF
:10FAA00004F04EFF16F02AFF04F114001BF032FBA5
:10FAB000E269936F23F01003936710BD500B002091
:10FAC000024B1868C0F38020704700BF500B002025
:10FAD00038B5154C0546E36993F87D3083420ED066
:10FAE000431E042B08D8DFE803F0030B0F141600A5
:10FAF000206905F043FB10B9E36983F87D5038BDF8
:10FB0000206916F009FFF6E70121206916F006FFCB
:10FB1000F1E70321F9E7FFF7D3FF0028ECD02069D4
:10FB200016F0FEFEE7E700BF500B002073B5044659
:10FB30000D4D407A0026287116F0C1FE6871207ABA
:10FB4000FFF7C6FF0096637AD4E9002128691AF00E
:10FB5000C7FA32463146304613F0E8FD206816F009
:10FB6000D7FE02B070BD00BF500B002038B50B4C63
:10FB700005462368206923F4806323601AF041FA64
:10FB800038B10DB9002038BD236843F48063236089
:10FB9000F8E7002DF6D00C20F5E700BF500B002051
:10FBA000F0B5394C0546216889B011F0010163D1E7
:10FBB000202220461AF050FF344819F0B7FF0746BC
:10FBC00010B1102009B0F0BD314E324B30463360D9
:10FBD000314B736016F097FE3946304604F046FE0E
:10FBE000AB682061DB0249D40120F2F799FB0028C1
:10FBF000E7D102224FF0FF3120691AF034F80646AF
:10FC00000028DED10120FFF7B1FF4FF40073324628
:10FC1000224920691AF029F9B0F5007FD1D1287E58
:10FC200000F048FA0028CCD120691AF015FA002813
:10FC3000C7D100F0D3FA0028C3D13C239422039308
:10FC4000CDE9013296235022059001A92069CDE922
:10FC50000623049304F01EFF0028B2D1012019F0FE
:10FC600039FF0028ADD00E4A0E49206916F049FE32
:10FC7000236843F0010323600020A3E7012119F06A
:10FC800013FF0028B0D09CE7500B0020690345EC1F
:10FC90002C1E002055FE01001C1E00206C1F0020A1
:10FCA000BB680300E96803002DE9F04105460E46F4
:10FCB000FFF706FD2F680446C7B9638B008B184415
:10FCC0000A30FFF74FFB03462860C0B182790C323F
:10FCD0001344A2681A71618B228BDF710A441A8166
:10FCE000084A0A2112799A711BF0E4F920462B6820
:10FCF000B2B24FF6FF71BDE8F041FFF751BDBDE86C
:10FD0000F08100BF500B002070B505460D4BDC693B
:10FD100094F86C6006EBC60004EB8000FFF70EFD64
:10FD2000AA790C32AB18197941F00201197124211A
:10FD300001FB06446168A950227B5A71A27BDA71EB
:10FD400070BD00BF500B002038B5FDF797FFC8B15C
:10FD5000847DC4B92A4DEB6993F87C20022A10D126
:10FD6000B3F8702053200132A3F87020FFF7CCF8CD
:10FD7000012016F0CFFD2421EA6992F86C304B4344
:10FD8000D45038BDFF242046FFF710F8002831D0AA
:10FD90001B4CE36993F87C20022AF2D1B3F870205F
:10FDA00053200132A3F87020FFF7AEF8012016F0BF
:10FDB000B1FD23681B0407D5E36993F87C30012B60
:10FDC00002D05220FFF7A0F82422E16991F86C30AC
:10FDD0005A438818806810F004001FBF03220133C3
:10FDE000B3FBF2F202EB42021ABF9B1A81F86C30AD
:10FDF0008850C6E75320BDE83840FFF785B800BFFC
:10FE0000500B0020024BDB6993F87D00704700BF68
:10FE1000500B0020044BDA69936F034393674FF054
:10FE2000006004F035BB00BF500B002038B505461C
:10FE30001EF035FC0446064B0820DB6983F87E5033
:10FE4000FFF7E8FF2046BDE838401EF023BC00BFA6
:10FE5000500B0020F8B515461C46064619461046BC
:10FE600016F054FD2A462346304616F069FD3E4FF3
:10FE7000D7E9022300EA020401EA030554EA050374
:10FE80002FD0A4F108032B4325D0A4F58043083BD1
:10FE90002B4327D0A4F10C032B4319D0231F2B4352
:10FEA0003FD0324B23402BB124F0011323F4A04365
:10FEB0002B4346D004F17F432B4335D0600122D53C
:10FEC000FA69936FD9051ED523F48073936704E014
:10FED000002016F01FFDFFF737FF2046294616F0D9
:10FEE00011FDF8BDFFF730FFFA6992F87C30022B64
:10FEF000F3D140F60201906F814318BF01235520D2
:10FF000082F87C302CE01EF0CAFB64220646FB69B6
:10FF1000082083F87E20FFF77DFF30461EF0BAFBF5
:10FF2000DBE716F0F8FCD8E7FA695120B2F86E303A
:10FF30000133A2F86E30FEF7E7FF012016F0EAFC6D
:10FF4000CBE7FB6993F87C20012AC6D040F6020279
:10FF5000996F55208A4314BF0122022283F87C2026
:10FF6000FEF7D2FFB9E700BF500B0020015001009F
:10FF700038B5044680790C4D0C30204413F0D8FB82
:10FF80000123A179E279521A0C3121442869D2B2B5
:10FF900019F069FF246804B938BDA179E27900231A
:10FFA000521A0C31F1E700BF500B002010B4254C61
:10FFB0002269B2F9001081422DDA034694F814C088
:10FFC0000CF18041013932F9210002EB81019842A4
:10FFD00025DD312B28DDA17D8C4530D902EB810058
:10FFE00032F921409C4224DB14D001F1804C0CF109
:10FFF000FF3C32F92CC0E41A002CACEB0303B8BF71
:020000022000DC
:100000006442002BB8BF5B42A34203DA0139C9B294
:1000100002EB8100024610465DF8044B70470A4629
:100020005DF8044B10467047002BD4BF0021617D62
:10003000D2E70131CCB2A44500F10400D0D810467B
:100040000246E8E73C1E0020042307B58DF8073080
:10005000002306481A460DF10701006919F0C6FF92
:100060009DF8070003B05DF804FB00BF500B0020B3
:1000700037B504461EF01CFB0B4B054618689B88E1
:100080000090ADF80430094B694618698DF80040BE
:1000900019F0BDFE47F6FF72054B28469C739A8106
:1000A0001EF001FB03B030BDD0270020500B002014
:1000B0003C1E002037B58DF80700F6F7F3FC134C13
:1000C0000368134D236083889DF80700A380FF28F1
:1000D00003D0FE2809D1FFF7B7FF2070002128695F
:1000E00004F032FE002003B030BD237828698DF87B
:1000F000073000230DF107011A4619F077FF10B100
:100100009DF80700E9E72020EDE700BFD027002099
:10011000500B00200346044AB2F902001BB1034B06
:100120001B8BC01A00B270473C1E0020500B0020F1
:10013000084B10B5B3F9004030B903EB4103B3F9F4
:1001400002309C42A8BF1C46A242A8BF22461046CD
:1001500010BD00BF3C1E0020024B1B69B3F900001C
:10016000704700BF3C1E0020034A137D1269013B0B
:10017000DBB232F9230070473C1E00207FB5ADF89A
:100180000210ADF80420ADF806304FF0C8124FF061
:1001900082136946CDE90223ADF800000C46FFF753
:1001A000E3FF042202ADB1F9003035F9026B83425E
:1001B000A8BF03461BB2B342A8BF334621F8023B97
:1001C000531E13F0FF02EED194E80300024B83E8C4
:1001D000030004B070BD00BF401E00202DE9F04FA9
:1001E000DFF878A189B0DAF80000BAF80430069098
:1001F000C0B2FF28ADF81C3003D1FFF725FF8DF802
:100200001800534F06A9386919F001FE1EF050FA84
:100210004FF4FA710290386919F0DFFD386904F083
:100220007DFD4C490090386919F0D7FD386904F01C
:1002300075FD4FF01E08484D01904FEA88001BF0F5
:1002400083FA064680B14FF000030024DDF80490E5
:100250006B75AB75009B4B451EDA234647F6FF7264
:10026000434571DB2E612C7502981EF01CFA642345
:100270001A4619461846FFF781FFFFF775FF2B69ED
:1002800028801B8800206B8047F6FF73AB810C230E
:10029000AB7309B0BDE8F08F9AF80030ADF8169056
:1002A000FF2B34D14FF00C0338698DF815300DF168
:1002B000150200230DF1160104F02AFF9DF815B078
:1002C000AB7B5B4502D05846FFF7D2FE4946386902
:1002D00019F083FD0028C7D1386904F01FFD019B88
:1002E00083422CDC009B834229DB34B104F1804340
:1002F000013B36F92330834221D0A0450AD830464D
:1003000008F105081BF022FA5FFA88F895E78DF8E6
:100310001530D3E7002802DA6C75AC7501E031289E
:10032000FBDD06EB840326F8240083F802B038696D
:10033000039319F050FD039B0134D870E4B209F126
:1003400001090FFA89F985E726F82320013387E7A9
:10035000500B00200CFEFFFF3C1E0020D027002089
:100360008BB200294FF00A01B4BF053B05331BB225
:1003700093FBF1F3014A108353837047500B002025
:10038000024B5B8BC01A40B2704700BF500B00207D
:10039000044B10B51B8B0446C81A00B2FFF706FECB
:1003A000E06010BD500B002010B5094C2369B3F973
:1003B00000108142B8BF0146FFF7D6FE8842A8BFB1
:1003C000084600B2FFF7F2FD0388638010BD00BF4E
:1003D0003C1E002010B50146FFF7C6FE88420346CA
:1003E000A8BF0B46064C18B22269B2F90020904211
:1003F000B8BF1046FFF7DAFD0388238010BD00BFA9
:100400003C1E002070B5044608B3114DB0F9003011
:10041000B5F90C209A421AD01EF04AF9AB7B064679
:10042000A078834201D0FFF723FEB5F90C20B4F980
:1004300000309A4206D0074BE178186919F0B9FCF0
:100440002388AB813046BDE870401EF02CB970BDEA
:100450003C1E0020500B00200022044BDB691A6078
:100460005A629A64A3F86C20704700BF500B0020BA
:100470002DE9F04F87B0074691469A46ADF80C102B
:100480001AF0CDFEB0F100083DDD002F3ED03C4615
:100490004FF0000B264EA379E57903F10C01ED1A1C
:1004A000EDB2214406EB0B002A461AF0E0FA24686C
:1004B000AB44002CEFD19DF80C101E4801F0230135
:1004C0000091C0F808900DF11409424653461849AE
:1004D000CDF80490A0461EF0B5F93C46A379E57925
:1004E00003F10C00ED1AEDB206EB080120442A4698
:1004F0001AF0BDFA2468A844002CEFD10422494622
:1005000038461BF0C9F807B0BDE8F08F9DF80C1015
:10051000084801F02301C0F808900DF1140900917A
:10052000534642460249CDF804901EF08BF9E5E7A8
:10053000541E00209C2B00202DE9F04784B09046EB
:1005400099460390ADF808101AF069FE071F002FB6
:1005500025DD039D002D40D04FF0000A204EAB79E1
:10056000EC7903F10C01E41AE4B2294406EB0A0029
:1005700022461AF07CFA2D68A244002DEFD11948CA
:10058000F119C0F8088001919DF808104B4601F060
:10059000230100913A4612491EF048F918B1002093
:1005A00004B0BDE8F087039D7DB10746AB79EC79D7
:1005B00003F10C00E41AE4B2F119284422461AF0BF
:1005C00056FA2D682744002DF0D103A804211AF013
:1005D000C8FE012004B0BDE8F087014ECFE700BFA0
:1005E000541E00209C2B002030B514460D460246B8
:1005F000064883B0019580218360234600941EF055
:100600002DF9B0FA80F0400903B030BD9C2B0020DA
:100610000023F0B50E46D1688BB009BA0291C178BB
:1006200090F800C061F3070381781A4D61F30F233E
:10063000417802AF61F317436CF31F63099393682A
:1006400051681BBA0393836809BA1BBA07931368EE
:1006500042681BBA0593C36812BA1BBA06AC049170
:10066000AF60089206932346802229460120009419
:100670001EF0F7F80028F6D1DDE90810DDE90632B2
:1006800000BA09BA12BA1BBA30607160B260F36086
:100690000BB0F0BD9C2B00202DE9F84FDFF86890DF
:1006A0008246D9F800B088461746BBF1000F28D023
:1006B000002699F80450B54207D13D7099F804001E
:1006C000A84214BF0120022017E074196110C1EB89
:1006D000C10159448879C4F3470400F00100B8EB24
:1006E000000003D1062250461AF08CF9002806DBE0
:1006F00002D0661CF6B2DEE73C70BDE8F88F2546F6
:10070000D9E70320F9E700BF641F00200022014B56
:100710001A717047641F0020F8B505461DF0C8FF28
:10072000104C85F3070563790646AB4205D10024DA
:1007300030461DF0B8FF2046F8BD002720686571DF
:10074000277110B11BF002F827606379002BEED0FF
:10075000C5EBC5000CF060FA20600028E7D160719D
:100760000724E5E7641F00204840704700EB0010B5
:10077000084480B2704700BF90FAA0F000BA80B27F
:10078000704700BF044BD3F8012002605B7903F08F
:100790001F030371704700BF6F280020234B2DE912
:1007A000F041002914BF0C461C460025064617469A
:1007B00013688AB0C4F801301379257063715FFA49
:1007C00085F84146384616F087F938B1237803F1A9
:1007D00028026A44013302F8288C23700135252D44
:1007E000EDD194F800803EB142466946A01D1AF052
:1007F0003EF90AB0BDE8F081B8F1000FF9D0053438
:10080000F5B22946384616F067F940B9B5FBF8F35A
:1008100008FB13550AAB53FA85F515F8285C013629
:10082000252E04F8015FEBD1E3E700BF6F2800201D
:10083000034B002818BF03460B449879704700BF4C
:100840006F280020F8B50D4682EA124296B2314672
:1008500003462846FFF788FFFFF78EFFFFF786FF66
:10086000FFF78AFFFFF782FFFFF786FFFFF77EFFA4
:100870000546FFF779FF164C002B14BF1F4627468D
:100880000446144B781CA3FB0423E21A03EB520327
:100890005B0903EBC30203EB8203E41AE4B22146D3
:1008A00016F01AF940B93B786E40B6B206FB03F376
:1008B00007EB1347B879F8BD7B1D2A3701E09F424B
:1008C00004D013F8010F8442F9D1F4E72046F8BDB3
:1008D0006F2800204D91CFBA014B186E80B270473F
:1008E00000C001B80A4BD86800F07060B0F1106F1A
:1008F0000CD008D8B0F1E06F08D0B0F1006F14BF91
:10090000002001207047B0F1406FF8E701207047E8
:10091000000002B80022034B1A609A80FF229A71ED
:10092000704700BFBC280020064A1379834207D9CC
:10093000012312688340134214BF01200020704736
:10094000002070476C210020054A034610680022F1
:1009500008B91A607047C10748BF01324008F7E77D
:100960006C210020F0B541EA002087B040F49027C8
:1009700006200E461546F6F7B1F81AF0E5FE0446D5
:1009800040B901461A200DF05BF96FF08C0528463E
:1009900007B0F0BD43684761DAB222B923F0FF0324
:1009A00043F00103436010F050FD0002062E1C4B83
:1009B00040F0010060600CBF40F201114FF4807103
:1009C000204616F0C1F8E360164B2A46236002ABBE
:1009D0001E4605F110071D4610685168083203C510
:1009E000BA422B46F7D1102130461AF097FE10225A
:1009F0003146204601AB12F06FFA054620B10146A0
:100A000040F207400DF01CF9102130461AF094FE18
:100A1000204612F0EAFC20461AF098FEB7E700BF25
:100A20000044400400248000102A2DE9FF470646B8
:100A30000F46154623D800244FF00109DFF8448003
:100A4000DFF844A0D8F8002009FA04F3134213D0C9
:100A500046EA042040EA0A006A46E9B280B203F09E
:100A6000A9FD48B92A463946684619F0CBFF18B99E
:100A700060B204B0BDE8F0870134202CE2D14FF021
:100A8000FF30F6E76C2100200080FFFF2DE9F341E5
:100A90001D4E054601460622304619F0B3FF20B927
:100AA00096F9060002B0BDE8F0810024A046EF1CD4
:100AB0002046FFF739FFD8B13B88CDF80080ADF86C
:100AC0000330BB786946E0B28DF805301BF097F92A
:100AD00021280DD0A8B903222946684619F092FFB3
:100AE00030B92B6860B23360AB88B071B380D9E79E
:100AF0000134202CDCD12B683360AB88B380FF231A
:100B0000B3714FF0FF30CDE7BC280020034B93F9C1
:100B10000630013301D1FFF7FDBE7047BC2800202D
:100B2000F7B5044618F035FF631C58D1FFF7F2FE05
:100B30000024624E3379A3422CD84FF400410024A4
:100B4000084603F097FD20224FF0FF315C483460E7
:100B500019F082FF204600F04DFEFF260446594D55
:100B60005CBB594812F0C8F8014630B110F1880F4B
:100B700003D040F207400DF063F80C214F4A43F6D2
:100B8000FF7003F0FBFC202138204D4A03F0F6FCF7
:100B900000202AE02046FFF7C7FE60B165B20521BC
:100BA000284615F0D3FF0321284615F0CFFF062174
:100BB000284615F0CBFF0134BCE794F975300133BA
:100BC00005D02B7843B9132120461BF07AF8204634
:100BD00000F010FE0446C3E784F87560F7E720468E
:100BE000FFF7A2FE18B940F2064003B0F0BD6B4615
:100BF00006220021204615F0FFFF002845D049239A
:100C00008DF806304FF47F41304840EA0420084018
:100C100003F030FD0521204615F098FF0321204602
:100C200015F094FF0621204615F090FF012223497C
:100C3000E3B29A400B6823EA02030B60244B93F95A
:100C40000630A34201D1FFF765FE002005460B796F
:100C50001B4A013BC1B2994221DBFF260020D6543A
:100C600000F0C8FD0546174F002D86D095F9753068
:100C7000A34205D13B78EBB9132128461BF021F89C
:100C8000284600F0B7FD0546EEE76B460622012137
:100C9000204615F0B1FF0028B4D07223B0E75656B5
:100CA000A64200D025B1551895F90150555401259B
:100CB0000130CFE785F87560E2E700BF6C210020C6
:100CC0009C2800209A280020370004000080FFFFA5
:100CD000BC2800202DE9FF41354C064601A8FFF74E
:100CE00033FE2379019A93421ED86279012A40D1BA
:100CF00000274FF0FF383D4610E02368EB40D9074E
:100D00000BD5082202AB114668B215F075FF20B171
:100D1000039B43453CBF2F469846013523799D42AE
:100D2000EBD378B2FFF7FCFE236813F0010529D05E
:100D3000002501220135202D18D002FA05F71F42A7
:100D4000F8D13B432360A3680C21013343F6FF70C5
:100D5000174A7361A36003F011FCA8B1236823EA6A
:100D600007032360A368013BA36073614FF0FF3565
:100D700019E0022AFAD10F4A134413F9010D421C5B
:100D8000FBD0CFE70127DCE722790A4C013A214664
:100D9000D2B2601C19F046FE6DB2224620213820E6
:100DA000257003F0EBFB284604B0BDE8F08100BFDE
:100DB0006C2100209C2800202DE9F043002489B0FC
:100DC000AF4D04213F2001AA2C7003F0F3FB00B1CA
:100DD0000194019F002F4FD00026781E47424741C3
:100DE00000242C70A74D0C212A4643F6FF7003F017
:100DF000E1FBC0B10D23AB80019B2C60032BAC60E9
:100E000011D803AC2246142143F6FF7003F0D2FB45
:100E100048B994E8070085E807002A460C2143F604
:100E2000FF7003F0ABFB019B042B06D004213F2095
:100E30000DEB0102019103F0A1FB20213820924A21
:100E400003F0B8FB28B120224FF0FF318E4819F093
:100E500003FE03222B795B00B3FBF2F38B4A137082
:100E6000FFF758FDF8F7E0FD014618B140F20740E2
:100E70000CF0E6FE002413E001263746B0E72B68AD
:100E8000E340D9070BD508224FFA84F811464046B3
:100E900003AB15F0B1FE10B94046FFF741FE013437
:100EA0002B799C42EBD38EB11021372003AA03F09B
:100EB00081FB002852D10620F5F710FE1AF044FC01
:100EC000044680B901461A200CF0BAFE3FB13D201D
:100ED00003F08CFB00242B799C42C0F0AB800020F7
:100EE00009B0BDE8F0836A4A43684261DAB222B9C8
:100EF00023F0FF0343F00103436010F0A6FA000261
:100F0000644B40F0010040F201116060204615F092
:100F10001BFEE360604B1021236003A81AF0FEFB68
:100F2000102202AB03A9204611F0D6FF064610217D
:100F300003A81AF001FC204612F057FA20461AF0D6
:100F400005FC372003F052FB46B140F20740314622
:100F50000CF076FE4FF0FF30FFF7E2FD002623E0B5
:100F60003046FFF7E1FCF0B174B2102203212046B5
:100F700003AB15F041FE1028814620D10321204605
:100F800003AAFFF7EFFC8046494603A81AF0D4FBFA
:100F9000B8F1000F0CD040F2074041460CF050FE73
:100FA0002046FFF7BDFD01362B799E42D8D38DE751
:100FB00048F2030040EA062080B203F017FB10223B
:100FC0000521204603AB15F017FE1028814613D1EA
:100FD0000521204603AAFFF7C5FC8046494603A821
:100FE0001AF0AAFBB8F1000FD5D148F2050040EA8B
:100FF000062080B203F0FAFA10220621204603AB45
:1010000015F0FAFD10288146CDD10621204603AA0D
:10101000FFF7A8FC8046494603A81AF08DFBB8F1FB
:10102000000FB8D148F2060040EA062080B203F073
:10103000DDFAB8E72046FFF777FCF0B166B204228C
:101040000C21304602AB15F0D7FD04280AD1029BD3
:101050000122C3F300238DF80C300C21304603AB82
:1010600015F089FD00231022CDE90333CDE90533C6
:101070000D21304603AB15F07EFD01342BE700BF98
:101080009A2800206C2100209C2800209B2800200A
:10109000370004000044400400248000F8B5104BE1
:1010A000044618790F4B00221D46D1B2884204D95C
:1010B00013F9017B561CA74204D10B4B1B788B42C2
:1010C00002D9F8BD3246F0E70649481C19F0AAFCDF
:1010D0002C702021BDE8F8403820024A03F04EBAB7
:1010E0006C2100209C2800209B28002020F000403C
:1010F000A0F20540F8B5032817D8DFE800F0021782
:1011000028330C790F78A4F11B02534253414E88C7
:10111000CD8801F108021948990015F04DFF20B162
:101120000771A0F80560C4710581F8BD0E784D887F
:101130008C8801F108021248002115F03DFF0028BB
:10114000F3D00671A0F80550A0F80740EDE70D4870
:101150000D784C6815F0F8FE0028E6D00571A0F86F
:101160000540E2E707480C7815F0EEFE0028DCD0D9
:1011700007234371002304718371D6E714F403003D
:1011800010F403000CF4030037B50D4B41881C68C4
:1011900001AA0DF10203008817F091F8043CBDF894
:1011A0000230A4B2A34288BFADF802400546019ABE
:1011B000BDF80210034815F077FE858003B030BDFE
:1011C0007422002020840A16002110B5821D838815
:1011D000044608461AF08DFA024648B16188208814
:1011E00017F099F80446034815F015FF848010BDE8
:1011F0001A24F8E720020A1737B5B0F80140C5787D
:10120000007816F057F968B1002321462A46CDE947
:10121000003317F059FA0446034815F0FCFE8480A9
:1012200003B030BD2524F7E720020A0408B50146C3
:10123000034631F8040B5A8817F003FA034815F0F7
:10124000EAFE00230371437108BD00BF20020A1BA0
:1012500040F2055320F0004098422DE9F0410BD8B0
:1012600040F20153984209D840F2014398420DD010
:1012700040F20A43984214D0BDE8F081A0F2035036
:10128000022816D8DFE800F024495C000D784C886D
:101290002D4815F059FE0028EED00571A0F8054044
:1012A000EAE72A480C7815F04FFE0028E4D00471D4
:1012B000E2E727480F784E880D79CC8815F044FE78
:1012C0000028D9D00771A0F80560C5710481D3E763
:1012D0008C684E880D790F7884B1B1F8068001F1E1
:1012E00008021C48002115F067FE0028C4D00771D1
:1012F000A0F80560C571A0F80880BDE72346224626
:101300002146144815F031FE0028B5D00771A0F829
:101310000560C57104724472AEE70F4891F8008011
:101320004F880E79CD880C8915F00EFE0028A3D0C9
:1013300080F80480A0F80570C671058144819BE7A0
:101340000D784C680548A4E73CF4030028F403003A
:1013500038F4030034F4030030F403002CF40300E9
:101360002DE9F04385B081460F4601A81349164682
:101370001D46DDF8308000F0C1F80446C0B9029B7C
:1013800001A8A3F80490DF8000F01EF9029904463A
:101390000DB1CB882B60B8F1000F06D0CA88B242DD
:1013A0000AD84046083119F062FB01A815F03FFD4C
:1013B000204605B0BDE8F0831D24F6E758F403008D
:1013C00030B587B005460C4600930749134603A87D
:1013D000022200F0B3F828B9049B03A89D80DC80AA
:1013E00015F029FD07B030BD50F403007FB5064667
:1013F0000D4601A80749144600F080F838B9029B51
:1014000001A81E71A3F80550DC7115F014FD04B09D
:1014100070BD00BF48F4030010B586B004460B460B
:1014200000920649022203A800F088F820B9049B24
:1014300003A89C8015F0FFFC06B010BD40F403002B
:10144000044A0346106810B102789A4200D17047EE
:101450004069F8E77821002038B5074D2C784CB961
:1014600015F070FC02F096FD044B1C60044B1C70E0
:1014700001232B7038BD00BFC42800207821002034
:10148000C328002070B5104E04463568B5B9B0F5D4
:10149000006F15D20D490434084610F028FB204691
:1014A0000BF0BAFB224601463060084810F024FBDE
:1014B00033683BB12846064B1C6070BD1220FCE728
:1014C0002120FAE71920F8E78C21002060F40300BE
:1014D00088210020084A136833B94178436141F0FC
:1014E0000101417010607047197802789142FAD07A
:1014F00003F114025B69EFE77821002038B5044658
:1015000008680D4618F01AFA50B9094B1B680020FC
:101510002A68C4E900531A60064B1B68A36038BDF3
:101520002028FCD1044B1B68002BF0D10920F6E7E2
:101530008C21002088210020842100202DE9F04703
:101540001D460C6816464FEA0429C4F3072309F424
:10155000E06949EA03091B4B09EB050A1B680AF11C
:1015600004029A4280462AD80123F20093409D4209
:1015700025D2FFF7C3FF0746C8B924F47F4424F0FF
:10158000C70444EA1A244FEA0A2AD8F804101FFABA
:101590008AFA44EA0A0441F8044B89442A46484638
:1015A000089919F064FA012E04D109F8015C384653
:1015B000BDE8F087022EFAD129F8025CF7E71D2773
:1015C000F5E700BF8821002038B50446054B0068C8
:1015D0001D684068D4E901231146A84763689888CC
:1015E00038BD00BFB02B00202DE9F84F0F468846CC
:1015F00057F8041B0546144600203A461E4615F0CF
:10160000A2FBD8F80080404615F015FB20B19DB92B
:1016100041684FEA186359B90F21334622464046C4
:1016200015F013FC0D461AE04A799A4204D00831AD
:101630000D68002DF8D1EFE7DFF83490DFF8348043
:10164000D9F800B0D8F800A03846C9F80040C8F86A
:101650000060A8470025C9F800B0C8F800A02246DD
:10166000012052F8041B15F06EFB2846BDE8F88FE8
:10167000802100207C21002070B50D4B04020E4615
:1016800004F4E064C0F307211B680C43094A0434E6
:101690009C42126809D9052B02D91D2115F0D5FBF2
:1016A00000231A461046336070BD1060043BF9E712
:1016B0007C21002080210020054B186808B1C368F8
:1016C0001BB1003818BF012070474069F6E700BF22
:1016D0007821002008B539B1FFF7B2FE30B1002003
:1016E000034B1B680B6008BD2220FCE72D20FAE7A6
:1016F0008821002037B50D461446CAB10F4B1B6830
:101700008B4217D815F0BEFB01460190A0B1002313
:101710002A46204619F0EDFC01A819F0FBFC2246F0
:10172000022052F8041B15F00EFB002003B030BD60
:101730002220FBE72120F9E72D20F7E78821002070
:1017400070B504460D461B4A13686BB393F87D10C1
:10175000586811F0040129D110608C22184693F8C2
:10176000706019F079F9034680F870602268C0F85B
:101770005A20A288A0F85E20A27980F8602028680C
:10178000D864AA79A98883F85220FF2283F87520AB
:1017900083F8762040F6FF72A3F86E20064AA3F87D
:1017A0005010116813605960184670BD1A1D034629
:1017B000CBE700BF9421002090210020054A03467A
:1017C000106800B97047B0F86E209A42FAD04068AD
:1017D000F7E700BF90210020054A0346106800B9D2
:1017E000704790F870209A42FAD04068F7E700BF3F
:1017F0009021002010B9024B18687047406870476C
:10180000902100200023114A2DE9F0418C21136022
:101810008046024601200AF09FFF044620B9054693
:101820000B4E3060454502D32046BDE8F0810120D3
:101830000AF0F8FF07468C220021013519F00CF957
:1018400087F8705037603E1DECE700BF9021002004
:1018500094210020012310B58B4090F871100446AC
:1018600021EA030149B280F87110002949D118F02A
:1018700074F820461AF0EEFA102104F1180019F05D
:101880005BFF204601F020FA04F1380019F042FC19
:10189000204617F05DFE214A13681BB19C4259682F
:1018A00030D11160A36859050BD51A0509D443F44A
:1018B0000063A18994F87000A36004F1780202F03B
:1018C0008FFA00232046636019F03EFB15F0B5FB4C
:1018D0004FF48072B2FBF0F2424394F8703003444C
:1018E000B3FBF2F102FB1133DBB2591EC9B2FD2981
:1018F000F5D884F8703000236360094B1A6852B938
:101900001C6010BD1A465B68002BCBD09C42F9D1FD
:1019100063685360C6E7131D5268F0E7902100200A
:101920009421002090F8743003F00B03013BDBB2EC
:101930000A2B9ABF014AD05C002070476EF4030066
:101940001FB5014690F870308DF80430FFF7EAFFBC
:10195000B1F862308DF80C00ADF80630B1F86430A3
:1019600001AAADF80A30B1F86630054840F203111B
:10197000ADF8083019F0FCFA05B05DF804FB00BFC3
:10198000A821002007B590F870308DF8051001AA45
:1019900040F2072103488DF8043019F0E9FA03B04A
:1019A0005DF804FBA821002038B50A4B04461B68EB
:1019B0000D462BB143699B0702D515F002FD30B1EE
:1019C0002A4620680421BDE8384017F06FBDA3699E
:1019D0009D6138BD98210020014B1860704700BF01
:1019E00098210020024B1868003818BF012070476A
:1019F0009821002013B50446019120B901A819F0DF
:101A000089FB212012E008460029FAD019F007FCD2
:101A100080B20028F2D0094B20461B6801994BB1D7
:101A2000984728B92046019900F04AFC02B010BD41
:101A30000020FBE701F086F8F3E700BF98210020C3
:101A400000487047B7210020044890F8261000F1A4
:101A50000B020430012918BF10467047AC2100204A
:101A600038B58379044613F0280F25D00368134D49
:101A7000C5F80B308388A5F80F30837900206B748C
:101A80000BF024FA40B92B68032043F002032B60CB
:101A9000BDE838400BF052BC436A13F4404FEFD11D
:101AA000226843F00803C0F80120A288A0F80520AE
:101AB000A2794362C271E3E7212038BDAC21002046
:101AC0004379024A9B09D05C704700BF89F4030048
:101AD0000B6810B503608B88FF2A0446838002D10F
:101AE0000723A37109E0032A08D8054B9B5C072B49
:101AF000837102D1FFF7E4FFA07110BD0023F0E76E
:101B00008DF403008379024A03F00703D05C704729
:101B100081F4030010B582798B79094C02F0070239
:101B200003F00703A25CE35C9A4206D1062218F098
:101B300069FFB0FA80F0400910BD0020FCE700BF4B
:101B400079F40300F722014B1A8070476A2D0020B8
:101B500010B5044658B30068836CA3421FD1636874
:101B600083642246124919F0CFF904F10C0019F0F0
:101B7000EBF904F1440019F0CDFAA06948B1143032
:101B800019F0C8FAA069183019F0C4FAA06919F060
:101B9000DDFD2046BDE8104019F0D8BD1346002BEE
:101BA000DFD05A68A242F9D162685A60D9E710BD05
:101BB0005374030070B5054648200E4619F0C4FD65
:101BC000044650B1FFF70EFF60B11C2019F0BCFDB8
:101BD000A06128B9204619F0B9FD0024204670BD47
:101BE000002303700321284615F01FFAAB6C224630
:101BF0006360AC641723268100266381144928465C
:101C00002560267766640AF00FFD01F045FF324635
:101C1000014604F10C000AF007FD02232374FFF7CC
:101C2000E1FE18B90B4B1B78002BD7D00A4B198853
:101C30001729D3D9204615F087FA0028CED11321D1
:101C4000204615F0CBFB636943F002036361C5E7EF
:101C500053740300C52800206A2D0020F8B50546FE
:101C600010B3002920DB114C2468247E8C421BDD3C
:101C70003F2919DC032701F0030600EBA10191F8CD
:101C800031407600B74002F0030224EA0704B24074
:101C9000224381F8312013B1002115F059FC284668
:101CA000BDE8F84015F0B1BCF8BD00BFA42100208C
:101CB00070B5164600221A7032800A7A0D46072A3D
:101CC0004DD8DFE802F004090D111A1E304AE86809
:101CD00030F8023B338043E0EB68981D5B88F9E7FE
:101CE000EB68981D9B88F5E7697B15F07EFC022266
:101CF0001C4B18801846328032E002231A48338089
:101D00002EE01A4C2B7BE88923702B88E11C0133D1
:101D100063702B8801331B12A37000F0D9F90330D4
:101D2000308020461CE0124CA889EB89020AA3707F
:101D30001B0A20706270E37000F03CFA58B1C3686F
:101D40001A88022A07D19A782271DB7863710623F8
:101D50000748338004E00423FAE780221A70002049
:101D600070BD00BFDF28002091F40300CC280020C4
:101D7000C6280020054A064B1860136843F001038B
:101D80001360828B034B1A80704700BF9C21002098
:101D9000A4210020D627002000232DE9F04FDFF8F2
:101DA000B89191B0D9F80070054617F00807CDE951
:101DB0000633CDE908330AD0644B03F1100253F81F
:101DC000041B934245F8041BF9D1002015E01022B2
:101DD000394618F041FE0320F4F780FE19F0B4FCF8
:101DE000804648B10620F4F779FE19F0ADFC0646AE
:101DF00030B9404619F0AAFC1A2011B0BDE8F08FA6
:101E0000CDE90477F7F710FE044668B1404619F0B3
:101E10009DFC304619F09AFC40F2074021460BF039
:101E20000FFF40F20740E8E70FF00FFB4FF4A0531D
:101E3000DFF828A10002C6E9023A454B7060336022
:101E400010223046776104AB06A911F045F804462C
:101E5000A0B952464046049911F00CF9044668B9FD
:101E6000BB463C4BBAB21B68D988914227D8102296
:101E70002946404605AB11F01BF90446404611F0D7
:101E800091F8404619F062FC304611F0AEFA304647
:101E900019F05CFC049810F02FFF002CBCD12B4BE8
:101EA00005F1100255F8041B954243F8041BF9D1C3
:101EB000D9F8003043F00803C9F8003085E71A6804
:101EC000BCB2210102EB04142046ADF80EB0019122
:101ED000009215F084FF8246204600F03FF930B3AF
:101EE000DDE90021AAF5205080B2032802D9BAF515
:101EF000245F1ED1525A00202146ADF828200DF152
:101F00000D030DF10E02ADF82AA0FFF7D1FEBDF8CA
:101F10000E2001460BA818F0AAFDBDF80E20404681
:101F200004320AA911F0A9F804460028A6D1013705
:101F300097E70AF55640FF3080B20428F7D8525A86
:101F4000ADF82AA0ADF82820E7E700BFE12800207F
:101F500000248000A42100209C2100200002C00356
:101F6000134B01461B6870B513F0040306D0002222
:101F7000104B1C68E38990B2834209D80E4A14685A
:101F80000022E58990B2854209D84FF6FF7005E03E
:101F9000A56835F8125001328D42ECD170BDA668AB
:101FA00036F8126001328E42ECD1034498B2F5E764
:101FB0009C210020A0210020A4210020094B1B68A7
:101FC0005B070AD5084B1A68D389834203D9936803
:101FD00033F810007047C01A80B2044B1B689B682E
:101FE000F6E700BF9C210020A0210020A4210020B2
:101FF00038B5046805460C222046084918F002FD51
:1020000050B90222064904F10E0018F0FBFC18B981
:1020100002200C342C6038BD1020FCE794F403003F
:10202000A2F403002DE9F743102801910BD00228F8
:1020300004D04FF6FF7003B0BDE8F083019B188811
:10204000FFF78EFFF7E701A8FFF7D2FF0228F5D0D0
:102050001028EED11B4B019F1E6816F0040608D015
:102060000024194BD3F80080B8F81660A5B2AE4230
:102070001AD80025154BD3F80080B8F81690ACB2EA
:102080004C45D6D2D8F81000102200EB0510394686
:1020900018F0B8FC01350028F1D1A0196FEA4040D2
:1020A0006FEA504080B2C6E7D8F81000102200EB6B
:1020B0000410394618F0A6FC01340028D6D145F4A6
:1020C0000040B8E79C210020A0210020A42100208E
:1020D000020408B51DD5124BC0F30E001B685B0748
:1020E00013D5104B1A68D38A98420CD2136903EBAC
:1020F000001000F1100350F8042B984241F8042B13
:10210000F9D1102008BDC01A80B2074B1B681B69AB
:10211000EDE7FFF753FF0870000A48700220F1E76F
:102120009C210020A0210020A421002038B50446D5
:10213000094B1B681D68A54209D2204621B915F03C
:1021400058FE30B1103402E015F05CFE08B12046B4
:1021500038BD103CEFE700BFA4210020437ADA0726
:1021600002D5C3F380007047034BC2881B881A4214
:1021700014BF012000207047D62700200A4B1B689F
:10218000DB0708D570B1094B1B68DB88834234BF7D
:1021900000200120704728B1054B1B88834294BF63
:1021A00000200120704700BF9C210020A4210020B6
:1021B000D827002070B50246FFF7E0FFE8B10F4BCB
:1021C0001968CD88954209D302F180500B68013817
:1021D000040103EB00101B5B93420ED0002398B266
:1021E000854201D8002008E00E681C01345B06EB34
:1021F0000310944203F10103F1D170BDA42100202A
:102200002DE9F34100250E46A846174F01903A6884
:10221000ABB2D18899421DD91468ABB204EB031458
:10222000B4F90430002B1CDA2046FFF797FFC0B149
:10223000E1680B889E4214D132460198023119F0B0
:102240002BFAE36882B21B88934207D0114601A89B
:1022500019F087F8404602B0BDE8F08143441FFA08
:1022600083F80135D3E700BFA42100207FB5134BCD
:102270000E46054604460393A0B115F052F978B90D
:1022800000223146204615F07CFA022807D180232F
:10229000314600932046042303AA15F03FFE0DB1FA
:1022A00004B070BD204615F00BF904460028F7D0A5
:1022B00015F037F90028F5D1E2E700BF0100FFFF74
:1022C0002DE9F04F97B08346099115F070F8099801
:1022D00083790C33C45CC51818F0A1FF202C064686
:1022E000099F26D8012C28D9C74BA21ED2B2D340B1
:1022F000DA0722D5384697F8068018F090FFBBF829
:102300000A2083B29A4228D214F0010240F0A7803A
:1023100004F07F03522B00F0A2801E2C00F09F805F
:10232000099B214600935846042314F01EFF2124E4
:102330000CE004F07F03522BDCD021460623002260
:102340005846009714F011FF41F20614584615F054
:1023500033F8204617B0BDE8F08F47443A7B013B85
:10236000202A9BB246D8012ACED9023A1E2ACBD8BF
:1023700001A151F822F000BF152402000923020038
:1023800019240200092302000D240200092302007F
:10239000012402000923020015240200092302007F
:1023A00019240200092302001D240200092302004F
:1023B00001240200092302004B2402000923020029
:1023C00009230200092302004F240200092302000E
:1023D00053240200092302000923020009230200FA
:1023E00009230200092302005724020009230200E6
:1023F0001D240200522A28D0D22A85D10D2B06E0B6
:10240000062B11D0142B7FF47FAF0DE0052B7FF648
:102410007BAF09E0022BF6E7042BF4E7032B7FF6F2
:1024200073AFDB073FF570AF022C00F00281DBF8E1
:1024300000309B689F0516D40BF1440018F06AFE2B
:10244000099BCBF84430002480E7012BDFE7032B06
:10245000DDE7012BD7E7002B7FF456AFE4E709A8AF
:1024600018F058FE63E71E2C00F03683584615F02E
:1024700058F80746002840F08280584615F04CF87E
:1024800000287CD004F07F03522B00F0CE80082C73
:1024900068D1B6B2152E14BF02201020691D15F0A8
:1024A00026F800285ED0DBF81430D8074BBF23F0A5
:1024B000010343F001033946012158464CBFCBF8D4
:1024C0001430CBF8143015F043F809980D9014F03F
:1024D000BAFD0446B0F80180B0F803900D9818F0EA
:1024E0009EFE152814BF02251025053421462846D6
:1024F000FFF798FD21460390284614F0F8FF04905A
:10250000B8F1000F00F05281C84500F24F8102215E
:1025100009200D9A14F0BAFDBBF80A708246023FFA
:10252000BFB23E4640464FF0FF354946039A15F08C
:10253000DAFA0446002800F07B8115F0AAF800289A
:1025400000F0938101222146584615F049F90346CF
:102550008DF82E00002800F02E810D9A0092224660
:102560000821B2E0DBF8143013F001064ED023F05E
:10257000010300215846CBF8143014F0E9FF202C59
:1025800072D8032C75D9231F1C2B72D801A252F8C4
:1025900023F000BF81280200732602007329020085
:1025A00073260200CB240200732602005D2A02007B
:1025B000732602007B2A020073260200912A020081
:1025C000732602007F26020073260200A92A020059
:1025D000732602007326020073260200C52A020039
:1025E00073260200CF2A020073260200732602001F
:1025F000732602007326020073260200D92A020005
:10260000732602009F2A02005555515043F00103E2
:1026100001215846CBF8143014F09AFF12233246A9
:1026200021465846009614F0A0FD09A818F072FD46
:1026300009E7099DBA4C284614F005FD2188B0F839
:1026400001602A46584614F0A5FD2388BBF80A10FD
:10265000B34228BF3346172BB8BF17235846ABF8F1
:102660000A3014F090FEEEE6522C00F02482D22CB8
:10267000DBD0099B002200932146062325E0099F19
:10268000384614F0E0FC0546B0F80180B0F803A02D
:10269000384618F0C4FD15280CBF20460220691DDD
:1026A000FFF7C0FCB5F8053004900793B8F1000FB0
:1026B00007D0D04505D815F074FB50B9102300970A
:1026C00001E00123009742461021584614F04DFDC9
:1026D000B9E63A460221112014F0D8FC44464FF0E6
:1026E000FF35BBF80A3005909E1E0393063B9BB254
:1026F000B6B2089351462046049A15F0F4F9814683
:1027000068B35146079A15F03BFA0446484614F060
:10271000C0FF40B94FF6FF739C4201D00134A4B210
:102720005445E7D91BE04FF000030DAAADF8343053
:1027300049460CAB584615F0F0F8039ABDF8343012
:10274000053A9A42089A0690D8BF1346002DADF874
:10275000343009DB9D4202D1EB1CB34208DB691C1B
:102760001CD10A230097AEE7351F9D42A8BF1D4626
:10277000042211A93846ADF84490ADF8464018F04F
:102780008BFF2A463846069918F086FF4FF6FF73EE
:10279000043E761B9C42B6B2C0D1E0E73946059BA9
:1027A00004355D705846FFF7FFF84CE60D9B00932B
:1027B00001234246D4E6049B13B1204614F04DFF9A
:1027C000204614F07EFFD8B1002D54DC0DA818F07F
:1027D000A1FC082358468BF81C3050F80C2B40F213
:1027E000025192F870208DF8483000238DF8442073
:1027F00011AAADF84640ADF84A3018F0B9FB22E610
:10280000ADF844000DF12E032146584611AA15F0EB
:1028100084F8BDF844300590BB4228BF3B46002DEC
:10282000ADF844300ADBAB4202D16B1CB34209DB8A
:102830006A1C0D9B1FD100930A23BAE7B51E9D4267
:10284000A8BF1D4602220CA90D98ADF8304018F023
:1028500023FF2A4605990D9818F01EFF4FF6FF73C7
:10286000023E761B9C42B6B2E2D0601C80B281452B
:10287000BFF45BAEDCE702350D998AF8015091E7B1
:10288000DDF82490484614F0DEFBB0F80330B0F8D1
:1028900001800493B8F1000F44D0984542D84FF618
:1028A000FF774A460221052014F0F0FB4546BA4660
:1028B000BBF80A400590023CA4B22946584615F0E0
:1028C000F4F9504506464CD04FF40062294658466C
:1028D00014F086FF00283FD1304615F07EFA00281C
:1028E0000CBF022310235745039321D0304615F027
:1028F00074FA0690384615F070FA069B834203D1AD
:10290000039B0133A34214DB384615F066FA059B9E
:10291000013019465870584614F010FC93E500BF7A
:102920006A2D00200123CDF8009042460421CCE618
:1029300037460DF146013046ADF84450FFF7C8FB6D
:10294000039B48469A1C11A918F0A6FE039B023C63
:10295000E41A5545A4B2D7D0049B0135ADB2AB42C1
:10296000ABD24FF6FF739F42CED10A23CDF8009031
:10297000DBE7DDF824900024484614F064FBB0F84F
:102980000530B0F803A0B0F801600746484603934D
:1029900018F045FCC51FADB2102D0C945AD82A462C
:1029A000F91D0DA818F063F8002E55D0564553D8E0
:1029B0004A460121072014F069FBA046074633462A
:1029C0000A249A45049307D93946BBF80A0014F043
:1029D00040FB0328049B04D8B8F1000F1CD03946F3
:1029E00099E7ADF84430039B5846ADF848300DAB3D
:1029F000139300230BAA009311A90DF12E03ADF838
:102A000046A0ADF8505015F0E7F80A280446E3D088
:102A1000BDF82C3030B11E46234632460621CDF893
:102A2000009052E6ADF83030BDF82E300CAAADF86B
:102A3000323039460423BBF80A0014F015FB4FF678
:102A4000FF72BDF82E309342C9D001334FF0010818
:102A50009BB2B6E70424DFE70124DDE70A23099CE3
:102A60008BF81C30204614F0EEFA23460022B0F812
:102A70000110584615F022FBE5E4099C204614F0AD
:102A8000E2FA0C238BF81C30B0F803202346EEE763
:102A90005A460F210E20099B15F069FBD3E45A46D4
:102AA00021212020099BF7E75846099AB5F8011023
:102AB00015F076FCC7E45846099AB5F8011015F0F0
:102AC000CAFCC0E45846099915F004FDBBE4584619
:102AD000697815F06AFDA8E5584615F086FDA4E56D
:102AE0007FB5174A0646136842F6052023F008030F
:102AF000136015F033F8054650B16846FFF74CF9FE
:102B0000002014F0DDFC044620B92946FFF7AEFB97
:102B100004B070BD1022684604F1210117F072FF65
:102B200038B10121204614F013FD636923F001033D
:102B300063611EB13146204615F0E8F82046E0E713
:102B40009C21002037B58B790A460C33CD180191B2
:102B5000C95C044611F0010329D01D290AD10121C5
:102B60001E2014F093FA0146204614F0E7FA0120E3
:102B700003B030BD032916D10E4BB5F801201B88D8
:102B80004189934228BF1346172BB8BF17234381AF
:102B900014F0F9FB636940F2094123F00203204677
:102BA000636114F018FC01A818F0B4FADFE71846C6
:102BB000DEE700BF6A2D002038B5124B04461B88A3
:102BC00042898B4228BF0B46172BB8BF17231146EB
:102BD000438114F0D8FB636923F002036361A369A6
:102BE0009D693DB10022294620469A61BDE83840E2
:102BF000FEF7DABE40F20941204614F0ECFBA3696F
:102C00001D7038BD6A2D00200148FEF7E5BE00BFEB
:102C10001D300200014818F09BBA00BF0C220020B2
:102C200040F6FF732DE9F3410D46B0F86E100192A6
:102C3000994205D101A818F06DFA02B0BDE8F08103
:102C40001146134601229BBB1E4818F04AFBFFF7B2
:102C5000E1FF04460028F0D018F0E1FA6379074656
:102C600003F001086FF30003637104212046A66896
:102C700018F018FC4379044668F300034371DB4302
:102C80008179B6F86E200C31866003F0010362543E
:102C9000C2F30322084442EA0312427047802246EC
:102CA0003046294616F05AFE2046F8F7D7FECEE702
:102CB0005C79986024F0030414435C7100221B6863
:102CC000C1E700BF0C22002070B50546064C206805
:102CD00000B970BD8368AB4204D1066809F010FEEC
:102CE0002660F4E70446F2E70C2200200146014882
:102CF00018F0F7BA10220020014818F029BA00BFD6
:102D0000102200200146014818F0EBBA08220020EA
:102D1000034BD86818B103F10C0018F019BA7047CA
:102D2000FC210020044BDA6822B95869003818BF2A
:102D30000120704701207047FC210020014800F06D
:102D4000C1BA00BF492D02002DE9F04F867987B046
:102D50000C3605900546805BC0F30B00FEF72EFD98
:102D6000044618B905A818F0D5F94EE090F872306D
:102D7000022BF7D1AB5B059AC3F30B0103F440536D
:102D8000B3F5805F9060A95342D153796FF300038C
:102D90005371836B002BE5D0042105A804F138069C
:102DA00018F0B8FA3046059918F09BFAA06B00238A
:102DB00001465A1CA9BBDBB2012B01D918F002FB5A
:102DC000A06B18F02CFA03281FD9D4F83890484685
:102DD00099F8067018F023FA0C3709EB070539F853
:102DE0000770A0F10408474522D9524FD4F838A003
:102DF00007F1100957F804BB5346424629462046BE
:102E0000D8474F4510D00028F4D007B0BDE8F08F68
:102E1000383018F07FF9059A537943F00103537164
:102E2000BAE713460968C4E70028EED130469AE7AE
:102E3000A06B18F0F4F904378742F7D36988A1F141
:102E400040033F2B0BD80421304618F063FA20468C
:102E5000A26B698816F074FB0023A363D5E70529EC
:102E60000BD0062961D00429E0D1304618F052FA7F
:102E7000A16BA06CFEF7BEFDEEE72946204616F0DA
:102E80005DFB02460028D1D12B79122B06D0132BE3
:102E900036D02046697916F029FBC7E794F87330DD
:102EA000022BF6D040F67A4029898B1F9BB28342D1
:102EB00024D86A89931F9BB283421FD891421DD8A0
:102EC000AB89B3F5FA7F19D240F6764CEF89A7F1BA
:102ED0000A0080B2604511D8B4F86A000290B4F8D4
:102EE0006800CDE90070204600F04AFB021E18BFC2
:102EF00001222046697916F0B5FA97E70122F8E732
:102F000094F87330012B03D12046697916F0EEFA5C
:102F1000A3681A048AD523F40043A3602B89012BEC
:102F200084D120460AF0FCFA80E72046A16B18F015
:102F30006AFF91E7A4F403000138C0B20A289ABFDF
:102F4000014B185C00207047B4F4030001490248AB
:102F500017F0D6BFB42B0020A82100201022074B69
:102F600028215A826422C3E905124FF6FF729A8320
:102F700000221A604FF47062DA847047AC2100209E
:102F800038B5114C94F82630EBB1226812F00105E7
:102F900019D1201D0AF0D8FE236843F002032360F4
:102FA00016F037FB78B14EF6602294F827304FF4D4
:102FB0008271534305482A4609F014FB18B9236867
:102FC00043F00103236038BDAC210020A82100207C
:102FD00022F00042052A10B504D0B2F5827F0AD053
:102FE000002010BD0C4A1B88918C00209942F8D11A
:102FF00090840120F5E7084B1A6893F8264022F0E8
:103000000102012C1A60F4D118F001FDFFF7B8FF9E
:1030100020460AF093F9ECE7AC21002030B50446D5
:1030200085B00846039116F0F0FB830708D410F032
:10303000010003D003A818F06DF8012005B030BDE1
:1030400003998B7903F10C0288188A5C013A202AD3
:1030500000F21781DFE812F021001501B10015011F
:10306000B4001501BD001501C4001501CC00150107
:10307000D4001501DB001501E9001501F10015016F
:1030800015011501F30015010101150103011501D9
:103090000C01150115011501E20003790BB103F5CF
:1030A00088534278023A1E2AC4D801A151F822F06E
:1030B0002D31020035300200373102003530020078
:1030C00043310200353002004F310200353002003A
:1030D0005B310200353002007F31020035300200E2
:1030E00067310200353002008B31020035300200BA
:1030F00097310200353002003530020035300200D1
:10310000A131020035300200B13102003530020039
:103110003530020035300200353002003530020013
:10312000353002003530020073310200172120468D
:10313000FFF742FD7EE700222046114615F0F5FC20
:1031400078E71A460021204615F09CFD72E7002220
:103150002046114615F046FF6CE700222046114636
:1031600015F0EFFD66E71A460021204615F0DCFE5B
:1031700060E71A460021204615F0F5FE5AE71A4688
:103180000021204615F0B3FE54E7002220461146E8
:1031900016F01BF84EE71946204616F07FF849E76F
:1031A0000093002320461A46194616F081F841E79D
:1031B0001946204616F0CEF83CE7B0F80110B6E705
:1031C00002338B710A4600234178204615F0ADFC8E
:1031D00033E70133002220468B7115F053FD2CE7B5
:1031E00002338B7142780023204615F0FBFE24E762
:1031F00001338B71002320461A4615F0A2FD1CE70F
:103200000133002220468B7115F071FE15E7013362
:10321000002220468B7115F087FE0EE70133002255
:1032200020468B7115F09FFE07E702338B714278C1
:103230000023204615F0C9FFFFE60021ACE7053367
:103240008B710023B0F80320B0F8010000930B4607
:103250000146204616F02CF8EFE60021A9E70333DB
:103260008B710A46B0F80110204616F092F8E4E699
:1032700003338B710A46B0F80110204616F092F81D
:10328000DBE60020DAE600BF07B5837801916A46E5
:10329000082104488DF8003017F06AFE03B05DF88D
:1032A00004FB00BFA82100200022054BC3E9032234
:1032B000C3E905221A70DA614FF6FF725A8470472B
:1032C000FC210020014B1860704700BFF82100204E
:1032D00082780D4B13B55A60B0F8032091B21029D3
:1032E00010D040F60344A1420CD041795B8C8DF89C
:1032F0000210ADF8042005216A460448ADF80030FC
:1033000017F036FE02B010BDFC210020A8210020DD
:1033100073B5837901900C33C418C35C132B0ED89A
:10332000042B12D9053B0E2B0FD8DFE803F0200E3B
:103330000E200E0E0E0E0E181C0E0E0E25003E2B2D
:103340001FD0FF2B1DD0302B11D0F8F751FB019B64
:10335000834202D001A817F0DDFE02B070BD204606
:10336000FFF7B6FFF1E7E2780E4B5A60EDE7204633
:1033700001A90AF0E5F8E8E7204601A916F0E9FA04
:10338000E3E70025084E019B3BB1204656F8043B7D
:1033900001A901359847102DF5D101A817F0BAFE03
:1033A000D3E700BFFC210020C0F4030007B5FFF7FE
:1033B000A3FC20B103B05DF804EBFFF7A9BFFFF752
:1033C000A7FC019018B1054B1B681BB1984703B0CF
:1033D0005DF804FB01A817F09DFEF8E7F821002036
:1033E000024B1A78024B53F822301847FC21002078
:1033F00000F5030010B504460120FFF7F1FF034B71
:1034000000201C70BDE81040FFF7EABFFC2100203F
:1034100010B50446062142F2050015F0E3FF2368CB
:10342000C0F80330A388A0F807300648F8F702FB7D
:1034300016F006F8407918B1BDE8104016F03ABA17
:1034400010BD00BF9DBA010010B5044606214FF61D
:10345000284015F0C7FF2368C0F80330A388A0F800
:1034600007300648F8F7E6FA15F0EAFF407918B198
:10347000BDE8104016F01EBA10BD00BFD9BB010058
:1034800038B505460C4669B9022142F21B0015F019
:10349000A9FFB5F86E30A0F803300D48BDE83840FC
:1034A000F8F7C8BA122142F21A0015F09BFF214624
:1034B000B5F86E30053020F8023C04F1100351F8E5
:1034C000042B994240F8042BF9D10248E6E700BFEB
:1034D000035103003F51030008B5002142F20E00E2
:1034E00015F080FFBDE808400148F8F7A3BA00BF17
:1034F0007152030038B590F872300446032B15461C
:1035000006D1FFF7E9FF0123002084F8723019E0AB
:10351000C9B9012B2DD9032140F2064015F062FFF5
:10352000B4F86E304571A0F803301348F8F782FA0A
:1035300015F086FF8378002BE5D015F081FF8078A9
:1035400040F4805038BDA3B102214FF6044015F07D
:1035500049FFB4F86E30A0F803300848F8F76AFA6B
:1035600015F06EFF4379002BCDD015F069FF40793F
:10357000E6E70220E6E700BF85510300BB510300E8
:10358000F8B507460E4642F213000E2115461C46BA
:1035900015F028FFB7F86E30A0F80560A0F80330EA
:1035A000BDF81830A0F80750A0F80B30BDF81C305B
:1035B000A0F80940A0F80D30BDF82030A0F80F3079
:1035C0000648F8F737FA15F03BFF807820B115F080
:1035D00037FF807840F48050F8BD00BFFD510300F4
:1035E000F8B507460D4642F219001C211C46164646
:1035F00015F0F8FEB7F86E300F3020F80C3C2B6851
:1036000004F1100240F80A3C6B6820F8026C40F8A4
:10361000063C234653F8041B934240F8041BF9D19F
:103620000648F8F707FA15F00BFF807820B115F07F
:1036300007FF807840F48050F8BD00BFAD50030014
:1036400070B506460D4642F27A000421144615F084
:10365000C9FEA0F80360457184710648F8F7EAF9DD
:1036600015F0EEFE407918B1BDE8704016F039B99A
:1036700070BD00BF0356030010B50446022142F29C
:10368000300015F0AFFEB4F86E30A0F803300F48EC
:10369000F8F7D0F915F0D4FE437963B915F0D0FEF0
:1036A000C088FEF78BF8044628B115F0C9FE017AF0
:1036B0002046FEF767F915F0C3FE407920B115F0FA
:1036C000BFFE407940F4805010BD00BF8DBE0100A8
:1036D00038B5FEF7B5F90446FEF714FA0546064874
:1036E00013F099FC0023037143712368C0F806307E
:1036F000A3880573438138BD2009020513B5C37A39
:103700000093B0F80930D0F80520D0F80110007807
:1037100018F0A8F90446034813F07DFC848002B039
:1037200010BD00BF20020403FF2337B50DF10700D1
:103730008DF8073009F008FD044604489DF807504D
:1037400013F069FC8480857103B030BD200304014F
:103750004B7937B55B0705460C460CD4204614213F
:10376000064A16F0FCF801A8019413F0E6FB10B924
:10377000A3791C44257403B030BD00BF28F50300B5
:10378000837810B5132B0C4608D1054B1B6803B189
:1037900098472046BDE8104017F0BCBC10BD00BFE4
:1037A0002022002010B500210446007816F0A3F86E
:1037B00048B16178207818F042F90446034813F0C4
:1037C0002AFC848010BD0224F8E700BF20025601C5
:1037D00010B54178007818F0B6F90446024813F0A5
:1037E0001AFC848010BD00BF200256020020024B4C
:1037F0001870024B18707047F2280020F128002042
:10380000F0B583780D460D2B91B04DD1821C09ACDB
:1038100000F11A03264610685168083203C69A421E
:103820003446F7D113881C213380284617F072FDE7
:10383000BDF826402E6814F00C043CD1304617F039
:10384000EEFC871EA7420DDA4FF0FF3400239C42A6
:103850008DF81C301EDB01223146A31C07A817F08F
:1038600048FC17E0631C0122314605A817F041FC13
:103870009DF81430012BE9D023460122314607A8D8
:1038800017F037FC9DF81C3013B101331C44D9E705
:103890008DF81C3009F000FD012807D0022834D033
:1038A00048B9284617F036FC11B0F0BD9DF81C3021
:1038B00013F0010FF5D09DF82F0000F0D3FB044664
:1038C0009DF8300000F0CEFB07AF9DF828200DF1E9
:1038D0002901064605A8FEF7FBF838469DF8362074
:1038E0000DF13701FEF7F4F80C4B1B78DB0711D410
:1038F00005A813F07AF9CDE9010532462146009773
:1039000005AB09A800F00CF8CBE79DF81C3013F0CC
:10391000030FCFE74FF0FF30EDE700BFF1280020A5
:103920002DE9F74FB0F802C006461CF0100F1C46F8
:103930000C9F9DF934A0DDF838B033D05FFA8CF5D8
:103940001CF0080F184614BF05F0080505F00F0518
:1039500018F0CFF98146384618F0CBF996F90F30B8
:1039600080465A46042113480193767813F024FBCD
:10397000019BA0B105712268C0F80520A28880F8DB
:103980000B90A0F8092080F80CA0437386733B6865
:10399000C0F80F30BB8880F81580A0F8133003B052
:1039A000BDE8F08FCDE90DAB0C9703B0BDE8F04F4B
:1039B00015F0B6BF4CF5030010461946F8B522F0D5
:1039C000004340F20A4293420ED8B3F5806F59D9B2
:1039D0006FF480621344092B54D8DFE803F00D1014
:1039E0001F3050505050530D40F20152934234D08A
:1039F000A3F20253032B45D8FDF72AFC0CE00D7807
:103A00004C688A6901F108031F48002113F0ADFAE0
:103A100010B10571C0F805400120F8BD0E784D8841
:103A20000C798A6901F108031848002113F09DFA06
:103A30000028F1D00671A0F80550C471ECE70D78AC
:103A40004C884A690B1D1248002113F08EFA002899
:103A5000E2D00571A0F80540DEE70F784E880D79B9
:103A6000CC8801F108020B48002113F0A5FA0028C8
:103A7000D2D00771A0F80560C5710481CCE7FDF7CD
:103A800035FBC9E70020C8E75CF5030058F50300E3
:103A900054F5030050F5030000487047B93902009F
:103AA00030B5124B0D469942144689B01BD1930094
:103AB00011D505A906A808F035FE062300220393B8
:103AC000059BE1B20293069B2846CDE9003241F006
:103AD000005117F0EAF9064813F036FA00B1047104
:103AE000012009B030BD0020FBE700BF24220020E8
:103AF00080F5030022F00042B2F1A04F08B504D1D6
:103B0000034813F021FA012008BD0020FCE700BFA4
:103B100084F5030010B5047FD4B1102C28BF102405
:103B200017F03DFA621C81B200230620D2B208F0E1
:103B300013FE044650B90749074817F0E1F9074852
:103B4000074917F0DDF9074809F03AF8204610BD9B
:103B50000424E5E7CC2B002028220020242200208A
:103B6000DC2B0020C42B002022F00042B2F5887F1D
:103B70002DE9F0471C4600F0E2800ED840F2031316
:103B80009A423CD040F209139A4200F0C2800E2AB9
:103B900000F0B3800020BDE8F08740F207239A428E
:103BA00047D0B2F5037F56D040F206239A42F1D1B6
:103BB00020684C30FDF7A6FF25680746644895F855
:103BC000736095F870A095F9759095F87680A48843
:103BD00013F0BAF90028DDD0EB6C4360B5F8503033
:103BE00087720381731E5E425E41C67280F80CA02C
:103BF00080F80D9080F80E80A0F80F40CAE720787A
:103C0000FDF7EAFD0028C5D0524894F80080678887
:103C1000A688E588247A13F097F90028BAD080F8AE
:103C20000480A0F80570A0F80760A0F80950C472DD
:103C3000B0E72078FDF7D0FD0028ABD0607825787C
:103C4000FFF77AF90446444813F07EF90028A1D022
:103C5000057144719EE7A578012D1ED0022D2DD04F
:103C6000CDB9E37894F80080023BDBB2022B8CBF25
:103C700001253A4A94F90470667998BFD55C94F9A5
:103C80000640374813F060F928B180F80480457188
:103C90008771C671047201207DE7E37894F8008093
:103CA000023BDBB2022B98BF2C4A94F90470667970
:103CB00098BFD55C94F906402A48E3E7E3782A48A0
:103CC000023BDBB2022B94BF244A012594F8018009
:103CD000277898BFD55C94F90490667994F90640EA
:103CE00013F032F90028D6D0A0F804808771C5718E
:103CF00080F8089046728472CDE72346082200219E
:103D000013F8014B194813F030F90028C3D004719F
:103D1000C1E7174894F800806788A688E588248959
:103D200013F012F90028B6D080F80480A0F80570CE
:103D3000A0F80760A0F80950A0F80B40ABE70D48C9
:103D40001C7813F001F900283FF424AF047121E737
:103D5000C0F50300BCF50300B4F5030088F50300CB
:103D6000ACF50300A8F50300B0F50300A4F50300CB
:103D7000A0F50300B8F503000022084B10B51A6047
:103D80009A8002681A60187817F099FF044618B9EB
:103D90000349044817F0B4F8204610BDDA27002084
:103DA000EC2B0020A821002008B5034B588809F00F
:103DB000DFFA002008BD00BFDA27002010B5007828
:103DC000FDF70AFD40B1132117F07BFF04460348BD
:103DD00013F021F9848010BD2524F8E720020605A0
:103DE00073B5144606460D4620461421094A15F0BF
:103DF000B6FD01A8019413F0A0F848B9A3790C33DB
:103E00001C44054BA6711B79A5800BB115F094FDE0
:103E100002B070BD9CF50300DA27002022F00042BA
:103E20000D2A73B51C460ED06FF4C0631A440B2ADA
:103E300012D80B2A10D8DFE802F03B12242C370FDF
:103E400046505F84878E0422002153F8044B444877
:103E500013F08BF800B18480002002B070BD207890
:103E6000FDF7BAFC0028F7D03E48267894F90150B7
:103E7000A47813F069F80028EED0067145718471BA
:103E8000EAE72478384813F05FF80028E4D004719A
:103E9000E2E725783548646813F056F80028DBD04F
:103EA0000571C0F80540D7E7257831486468F3E725
:103EB00030482578646813F047F80028CCD00571A5
:103EC000A0F80540C8E72C482578646813F03CF852
:103ED0000028C1D005714471BEE7637827480D2BD7
:103EE00096BF274A0125D55C247813F02DF80028C9
:103EF000B2D004714571AFE7637800210D2B98BFF4
:103F00001F4A204898BFD55C6368A27888BF012506
:103F1000267813F02AF808B1067145716378012BF1
:103F20009AD88DF807300122002116480DF10703B9
:103F3000247813F01AF800288ED0012304714371FD
:103F40008AE7247810489EE70021636822780F48AA
:103F500013F00BF880E70E4812F0F6FF7CE700BF85
:103F600008F60300F0F50300F8F50300FCF5030084
:103F7000F4F50300ECF50300E8F50300E4F50300B5
:103F8000C4F50300E0F50300DCF50300D4F50300FD
:103F9000D8F5030014220021014816F05DBD00BFD2
:103FA0002C22002073B505461AF082FB1D4C0646F4
:103FB00063795B070ED4204614211B4A15F0CFFC11
:103FC00001A8019412F0B9FF20B130461AF06BFB42
:103FD00002B070BDA3790C33234455B91A79FF2A76
:103FE00001D001321A71304602B0BDE870401AF0BB
:103FF0005ABB012D05D15A79FF2AF4D001325A71EA
:10400000F1E7022D05D19A79FF2AECD001329A719D
:10401000E9E7032DE7D1DA79FF2A1CBF0132DA7113
:10402000E1E700BF2C22002004F6030013B504468C
:104030000A4812F0F1FE78B10021094812F06AFF37
:10404000019038B1837903441C6101A812F075FF17
:1040500002B010BD1A20FBE70220F9E77822002009
:1040600000F60300042828BF0020014B185C7047AD
:104070000CF6030030B585B005460A4901A8FDF7E6
:104080003DFA044650B901A8FDF79EFA044615B161
:10409000029B9B792B7001A812F0C9FE204605B047
:1040A00030BD00BF18F603002DE9FF4180460F46E2
:1040B00001A80C4916461D46FDF720FA70B9029C6E
:1040C0009DF8283084F80480C4F80570C4F80960AD
:1040D000A4F80D50E37301A812F0ADFE04B0BDE8E2
:1040E000F08100BF10F6030030B585B005460C46E0
:1040F00001A80649FDF702FA28B9029B01A81D7123
:104100005C7112F098FE05B030BD00BF28F60300C8
:1041100030B585B005460C4601A80649FDF7EEF915
:1041200028B9029B01A81D715C7112F084FE05B0D4
:1041300030BD00BF20F603001FB50446054901A8A5
:10414000FDF7DCF920B9029B01A81C7112F073FE87
:1041500004B010BD30F603007FB505460E4601A839
:104160000C49FDF7CBF9044680B901A8FDF72CFAFC
:10417000029B044625B1D3F806202A605A89AA80FA
:104180000EB11B7B337001A812F051FE204604B023
:1041900070BD00BF38F6030010B50F4C88B020602A
:1041A00008F008FD2168684615F011FC6846F9F72B
:1041B000A7FD044660B90A20084A094908F0F4F945
:1041C000044628B908F04EF80CF06EFAFEF7C6FE69
:1041D000204608B010BD00BF68220020B999030036
:1041E00085E2030070B58EB00EF01EF8002302AD1C
:1041F00029460DF107008DF80E308DF80730F4F7E1
:1042000013FD00286BD1284615F0F6F9002866D07A
:10421000302864D09DF80730012B17D172238DF818
:104220000E30F2F73BFBCDE90601030C8DF812309E
:10423000BDF81D30ADF81000ADF813309DF81F30FB
:104240008DF8153049238DF816300AE049238DF892
:104250000E3095E80300ADF81410090C04908DF8A9
:1042600016109DF80E3013F0280F07D1DDE9040178
:10427000ADF80C10090C02908DF80E10274E336823
:104280001869002830D133685A690AB9244A12687B
:1042900024490A609A690AB9234A126823490A60C4
:1042A00093F82220D20727D404A815F0E8FB04468F
:1042B000F8B9316806A815F08AFB06A8F4F754FC93
:1042C0000446B0B9BDF92E0015F063F915F0DCFB1A
:1042D0002846FDF7C5FB164808F060F909E09DF88F
:1042E0000E3019079DD5B4E714F0A9FA044600284A
:1042F000C9D020460EB070BD93F8232000234FF0A4
:10430000FF3006A9CDE906338DF81A2015F0A8FC78
:104310000028C9D040F20C44EBE700BF682200201F
:1043200004F203004422002000F203004022002097
:10433000C14302002DE9F041114812F071FDE8B9C6
:1043400019F0A0FF05460E460D4F07F10C08284650
:10435000314615F00BF907F0C1FF0446384612F05C
:104360005BFD10B9404616F0D5FEFDF7A5F908B97A
:10437000002CECD1BDE8F04115F0DFBABDE8F081CA
:104380007822002008B5054B1B782BB915F05DFB92
:10439000B0FA80F0400908BD0020FCE7F3280020B7
:1043A000012310B5044C2370044B1B6803B19847DC
:1043B0000023237010BD00BFF328002040220020FE
:1043C00050EA010337B504460D4604D103B0BDE8F9
:1043D0003040FFF7E5BFB1F1FF3F08BFB0F1FF3F4D
:1043E00013D019F04FFF221845EB01030849094883
:1043F000C1E9002300239D420CBF21464FF0FF314D
:10440000CDE90033044A1AF092FA03B030BD00BF80
:10441000700B0020482200201D440200D3B51AF082
:1044200047F9044619F02EFF0B46104AD2E90067FF
:10443000B04273EB070107D3FFF7B2FF204602B08B
:10444000BDE8D0401AF02FB9D2E900670022311A36
:1044500067EB03039342CDE90022134618BF4FF0E8
:10446000FF31034A03481AF062FAE7E7700B0020B5
:104470001D440200482200200023044A52E8000F95
:1044800042E800310029F9D1FAF77ABD6C22002008
:10449000054A52E8003F034342E800310029F8D1C1
:1044A000024B1B68184700BF6C22002044220020EA
:1044B00037B51C68E10705D515F04BF816491748C4
:1044C00016F01EFDA20723D5FEF72CFCD0B9144D23
:1044D00001901AF0EDF80446284616F039FE0190D6
:1044E00020461AF0E0F8019890B143799B070CD46C
:1044F00001A8022116F00EFF0198FEF703FC15F04B
:10450000EAF9E6E715F0E7F9DEE7FEF7EFFBF6E795
:10451000002003B030BD00BFFC2B0020A8210020EC
:104520007022002008B5054807F0A8FE044B0121C1
:104530001870BDE8084007F0B1BE00BF0C2C002089
:10454000F428002038B5044648B11AF0B1F8054601
:104550002146084816F0C5FE28461AF0A4F8064B76
:10456000022193F9000007F099FEBDE83840FFF7FB
:1045700017BF00BF70220020F42800202DE9F04171
:104580000A4B0B4F04460E46386819681546F0F77B
:10459000DFF940B933462A46386844F48021BDE843
:1045A000F041F0F7F7BBBDE8F08100BF742B0020AD
:1045B000942B00202DE9F0410A4B0B4F04460E4688
:1045C000386819681546F0F7C3F940B933462A46EA
:1045D000386844F48021BDE8F041F0F787BABDE8BF
:1045E000F08100BF742B0020942B002038B5084DBB
:1045F000084B044619682868F0F7AAF930B928680A
:1046000044F48021BDE83840F0F708BC38BD00BF55
:10461000942B0020742B00202DE9F043134B0E4601
:104620001968134B05468DB018681746F0F790F9D6
:1046300080B933460A222846009702A90CF0A0FC54
:104640004FF0000804460DF10809444505D1002C3F
:10465000EFD120460DB0BDE8F083284659F8041B81
:10466000F0F7DCFB08F10108EFE700BF742B002036
:10467000942B0020F8B50B4B0B4F06460C463868C0
:104680001968F0F765F9054648B9E24316FA82F26F
:10469000386842F4802246F48021FFF7BDFF2846A7
:1046A000F8BD00BF742B0020942B0020F8B50E46F7
:1046B000074630B329B300F03FF80446F8B9124D6D
:1046C00001461822284616F0C7F920232B703369BB
:1046D0002E616B607369AB6008F098FAFCF7BCFE62
:1046E000BE6A002E08BF4FF480763046FCF7CAFE43
:1046F000044620B9054B28461E60FCF7EBFE204619
:10470000F8BD2124FBE700BF78220020742200209E
:10471000014812F047BB00BF7822002010B50548C1
:1047200012F058FB044618B900F018F817F013F807
:10473000204610BD78220020074BDA69D20407D545
:104740001B6A40F2044013F0010F18BF00207047AD
:1047500040F20440704700BF0080E00F30B50024F5
:1047600085B002A8F2F784F801A8BDF808500194BA
:104770000DF04BFD00B101940F48019C12F0E4FBD9
:10478000B8B100234371C37143728372C3726FF077
:104790004F030A2283743E230271C37401227223E1
:1047A0008271037502226FF016030272C4600582E3
:1047B000437505B030BD00BF40F603001046044A03
:1047C0001368591E033102D8002111601847704741
:1047D0001C2C0020034B1868034B002808BF184608
:1047E000704700BF90220020F0F60300014815F04A
:1047F000AABB00BF9822002013B50B4C02292260EF
:1048000005D10A4815F09FFB002002B010BD0A46F2
:1048100000930146064B054815F077FB003818BF9A
:1048200001204000F1E700BF1C2C0020982200204E
:10483000BD470200014815F097BB00BF9822002039
:104840000021014815F0B2BB9822002008B5064BA4
:104850001B68013305D0FFF7EDFF80F00100C0B207
:1048600008BD0020FCE700BF1C2C0020F0B50D4661
:1048700004468BB018B9002420460BB0F0BD1A4E88
:104880003768002FF7D12022394602A816F0E4F845
:10489000236801A80193154B1B88ADF81430144B05
:1048A0001B68079300F0BEF804460028E3D0306090
:1048B00000F0DEF82046394615F0ECF9204615F0F8
:1048C0003CF938B10020306000F0D2F8204615F0F5
:1048D0002FF9D0E7204600F041FA0028F2D1002D50
:1048E000CAD02046A847C7E79422002024F7030037
:1048F00028F70300024B1868003818BF01207047E2
:104900009422002038B50C4601F07CFFA3780B4AB6
:1049100013705A1E55425541A8420CD0012B04D0A9
:104920002846BDE8384001F04FBF204601F01EFF89
:104930000028F5D038BD0020FCE700BFF528002096
:10494000002108B5024B08465B689847002008BD67
:10495000302C002010B5FFF73DFF0D4B0C461A1A06
:10496000534253418B4201D1002010BD094B1B68BB
:104970003BB9094A064B002C08BF1346074A13608F
:10498000F2E715F01AFC0028F3D00220EDE700BF93
:10499000C8F6030094220020F0F6030090220020C5
:1049A000431E033306D8044B984228BF1846642898
:1049B00038BF6420704700BF40420F0038B505463D
:1049C0000C4641B10B6833B11B68013303D0CB688F
:1049D0000BB18B684BB902F0E5FE00204FF4C172B9
:1049E000412100F0EFF9212038BD084602F04AFFCE
:1049F00000230A4A85F83031C5E93743C2E900335C
:104A000063694BB1064A422110684FF4D272C31A4F
:104A10005842584100F0D6F90020E5E7202B00204D
:104A200044250020F8B5044619F039FE0026074653
:104A30000E4B1B6893B19E68AEB196F82420D20746
:104A400011D435460FCC0FC50FCC0FC523682B6092
:104A500096F8243043F0010386F82430384619F0E4
:104A600019FE3046F8BD1B68E4E700BF242C002087
:104A700010B5044618B9054B054A136010BD00F087
:104A800043FED4F8E830002BF6D1F4E7199B03007D
:104A9000202C002008B502460868FFF781FF086057
:104AA0004868FFF77DFF48608868FFF779FF8860F6
:104AB000C868FFF775FF0B69C860581C03D00B4826
:104AC000834228BF03460B614B69581C03D007483B
:104AD000834228BF034688694B61FFF761FFBDE849
:104AE00008408861104601F0C1BD00BF40420F0080
:104AF000D0F8E0302DE9F04105460C4613B1838D26
:104B00008B424CD0D5F8DC30002B4BD09E68002E69
:104B100048D0D868002845D0013800B200281ADBF8
:104B2000002106E0128A591CA24217D209B288421B
:104B300011DB0B1803EBD3735B1003EBC30206EB23
:104B40008202B2F80EC003F1FF3EA445EAD90FFA83
:104B50008EF08842EDDA2120BDE8F0814FF6FF7239
:104B600099B29142F7D09BB203EBC30306EB8306E5
:104B70002846B6F9122095F82411D5F8F080F1F7FF
:104B8000A5FE0746B8F1000F04D0002332462846A0
:104B90001946C047AC85C5F8E06085F82D71002046
:104BA000BDE8F0810E20BDE8F08100BF2DE9F0479F
:104BB00082B004460F46164601F084FF002864D1F7
:104BC000444D2B68D4F8DC90D4F8E0800BB14B4511
:104BD0005FD04FF0000AAF6001F0C8FF0128074620
:104BE00004D001210022084600F0D6FD2B68D9F838
:104BF0000010D8F8002013B11868884254D020461D
:104C000015F0F7FBC5E90098D4F8F0508DF807606F
:104C1000002D50D00022204611460DF10703A84771
:104C2000204601F05DF90546BAF1000F10D07EB9BB
:104C3000D4F8883013BB012F06D0002D47D0264B67
:104C4000002103205B689847284602B0BDE8F08742
:104C5000B5FA85F040F2FA423321400900F0B2F88B
:104C60003146204601F072FB1C4B05461B6841464D
:104C700020469847D4F88830002BDCD000224FF42F
:104C80000073204600F050FDD5E70023114D6B6006
:104C900097E76B68002B9CD043459AD1AB689F4245
:104CA00015D04FF0010A96E7696811B10968914281
:104CB000A8D05968A3E794F8281094F82D3132460B
:104CC000994228BF1946204601F05CF8A8E7002564
:104CD000BAE700BF202B0020302C0020202C002021
:104CE000F8B50E46054619F0DAFC31460746284667
:104CF000FFF7FEFE044620B1384619F0CBFC2046F3
:104D0000F8BD01F0B7FE224631462846FFF74EFFB8
:104D10000446384619F0BEFC2046F8BD13B50446DB
:104D2000694615F087F8204615F06FFAFF2802460D
:104D300006D020469DF80010F1F746FE02B010BDE7
:104D40000048FBE70080FFFF0029034B08BF00235A
:104D5000C0F8F03000207047AB9C03004FF40073A4
:104D600007B50A490DF10602ADF8063015F099F8BD
:104D7000BDF80630B3F5007F05D1022808BF00203A
:104D800003B05DF804FB2120FAE700BFB022002049
:104D9000024B1860024B1960FEE700BFB0240020F0
:104DA000282C002038B5044D044C054B28602160A8
:104DB0001A60FFF7EDFF38BDB0240020282C00203A
:104DC000B424002010B550B90548064B01600648D0
:104DD00002601868054B18601868FFF7E3FF10BD04
:104DE000282C002094220020B4240020B02400208D
:104DF000054B1B680BB918467047834201D01B69ED
:104E0000F8E70120704700BFBC240020094A13685E
:104E10000BB918467047834207D11B690120136004
:104E2000054A1368013B1360704703F110021B69C8
:104E3000EEE700BFBC240020B82400202DE9F74F86
:104E4000064619F035FCDFF82881012398F800B0F8
:104E5000DFF820910190BBF1000F06D089F80030F7
:104E600003B0BDE8F04F19F01EBC3F4F88F800308A
:104E700089F800B015F0E8F808B115F0E3F83D68DE
:104E80003A495DB9DFF8F0A0DAF800200024AA4220
:104E90003B682FD84FF0FF3134483BE06B7D8BB13E
:104EA0002B68B34202D09A1B8A420BD96A6813441A
:104EB0002B60AB68003A18BF0122003B18BF0123EA
:104EC0006A75AB752D69DCE7907D20B1107D884255
:104ED0009CBF014614461269002AF5D1002CD9D096
:104EE000D4E90001A275411AD4E90232204698475C
:104EF0000135C9E71A46FF21EEE75A7D4AB11A6823
:104F0000B24224D0921B824221D8914201D3114651
:104F10001C461B69002BF0D15CB12046FFF776FFE1
:104F200038B13B683C602361DAF800300133CAF8DD
:104F300000303B685A7D6AB915F082F8064699F848
:104F40000030002B94D1019888F8003088E71C4687
:104F50000021DEE7186800F0D3F8044615F070F879
:104F60000646002C84D1EAE7BC240020FCFFFFBFEA
:104F7000F7280020F6280020B824002038B5054680
:104F800008B31822002115F067FD19F091FB0246C5
:104F90002846FFF72DFF20B1104619F084FB0220B0
:104FA00038BD0A4B1C6854B909491D600B6810468E
:104FB00001332C610B6019F076FB2046F0E704F119
:104FC00010032469EFE72120EAE700BFBC2400209A
:104FD000B824002038B50446FFF70AFF19F068FB33
:104FE00005462046FFF704FF637D23B9284619F0E4
:104FF0005AFB0E2038BD00236375064B1B68A34285
:1050000003D115F01DF8FFF719FF284619F04BFBE7
:105010000020EFE7BC2400202DE9F84FDDF82890B0
:10502000984604460D469246FFF7E2FEDDF830B0A2
:1050300019F03EFB074615F003F806462046FFF739
:10504000D7FE637D23B12046FFF7C4FF0023A3757D
:10505000BAF1010F23D175B9B8F1000F21D1B9F11F
:10506000000F03D05A4631462046C847384619F04B
:105070001AFB002019E035440D4BAA1B9A4210D8A8
:10508000012363759DF82C303046C4E90058C4F8FC
:1050900008902375C4F80CB0FFF7D0FEE6E7AE42E7
:1050A000EAD1384619F0FFFA2120BDE8F88F00BF99
:1050B000FCFFFFBF2DE9F04107468846FFF798FE49
:1050C00019F0F6FA3D68064614F0BAFF7B7D7BB115
:1050D00085420DD0094B2C1A9C4209D8304619F054
:1050E000E2FAB8F1010F08BF25462846BDE8F08175
:1050F000304619F0D8FA0025F7E700BFFCFFFFBFE4
:105100000023024A194600F017BD00BF0BA00300A0
:105110000C232DE9F74F06460F46144600254FF0A5
:105120000609DFF854801370EBB209FB03F3D8F8DB
:105130000010CA185079012804D923780C2B14D1F7
:10514000212013E031F903B01179B2F902A0304601
:105150000022019114F03DFF58B101992170B7F977
:1051600000305B4505DB534503DC002003B0BDE8A0
:10517000F08F0135D8E700BF2C2C0020014914F036
:1051800065BF00BFB16D0200014914F05FBF00BFF1
:10519000856D020070B5164E032804460D4633781F
:1051A0001ED023FA04F202F00102AA421DD053B12C
:1051B0000122A240A54023EA02032B43DBB2337055
:1051C0004BB1012070BD2DB10A4B01201B689847DF
:1051D0003378EDE73570074B00201B689847F0E700
:1051E0009A07DED003F0FC03E9E7002070BD00BFA2
:1051F000F9280020FC240020F8B505460C4619F0DB
:105200004EFA104F06463B7833B1012D04D01CB93D
:105210000D4818F0BDFF3C7021462846FFF7BAFF45
:105220000A4B04461B783BB93B782BB915F016F9AD
:1052300010B1074B1B689847304619F02BFA2046EF
:10524000F8BD00BFFA280020D0240020F928002053
:10525000302C0020054A0B46117831B10021117025
:10526000034A01215268187810477047FA28002035
:10527000302C002038B5074D04462B78834207D0E8
:1052800001F05EFC20462C70BDE83840F3F78CBA84
:1052900038BD00BFF828002038B5044680B119F0A9
:1052A000FEF901210446084618F0E0FB01210B4AF3
:1052B00008460CF069FF2046BDE8384019F0EAB90D
:1052C00019F0EDF905462146012018F0CFFB012029
:1052D0002146024A0CF058FF2846EDE73EF703004E
:1052E0001B4B022910B5187002D0032904D010BD41
:1052F000184B1B78002BFAD1FFF7FCFA0028F6D0E8
:105300004FF00052144BC3F88020BFF34F8FBFF310
:105310006F8F01F0EDFB0028E9D001F037FA00288B
:10532000E5D10E4B1C6834B123689847BDE81040A6
:10533000002001F0F9BB14F0E4FD094B186019F0EE
:105340007AFB084B1860204601F0DAFBEEE700BF5D
:105350008D2D0020F828002000E100E0202500200D
:10536000F8240020F424002038B504460D46FFF749
:10537000C1FA80B14FF00052124B1A6001F0B8FB35
:1053800048B9012D07D8012001F0CEFB0E4B1B6858
:1053900023B15B6898470D4B1C7038BD19F04BFB6F
:1053A0000B4B1A68801A186018F0AAFF4FF47A7233
:1053B000084B1B6802FB003014F0A5FD012001F032
:1053C0009FFBE8E700E100E0202500208D2D002074
:1053D000F4240020F8240020F0B585B019F05FF91E
:1053E000344D04462B7823B1334818F0D1FE002801
:1053F00052D118F061FF02AA03A915F019F803466B
:10540000002838D015F028F8029B98421CD10020C3
:105410002A4B03991B682A4E9942307020D90027E5
:10542000C91A012324482B70264A3346CDE9007758
:1054300019F0B8FA002837D1234A1378D90701D5D3
:105440003178F9B1204611E015F004F8029B98423A
:1054500028D0002318461949194A09681370039186
:105460000121FFF797FE002320462B7019F012F957
:10547000002005B0F0BD20462B7019F00BF921205B
:1054800005B0F0BD03F0FE031370002BDAD10F4B13
:105490001B6898472046E9E7204619F0FBF80E20E4
:1054A00005B0F0BD0220B3E7032320462F70337010
:1054B000F3E700BFFA280020D0240020F0240020C9
:1054C0008C2D002055520200F9280020FC240020D9
:1054D00070B519F0E4F8184D04462B7823BB174A31
:1054E00017491370174B184A18481A60184A194E72
:1054F0005A60F3F703F918491848F3F7FFF8184B07
:1055000080203360F0F7B2F9052804BF154B3360F3
:10551000154B5B6F03F44073B3F5007F02BF0222AB
:10552000124B1A6001232B70F3F74EFA204619F044
:10553000B1F8002070BD00BFFB280020FA28002031
:1055400044F70300302C0020D9530200C02400206F
:10555000F9510200FC2400204CF70300C82400206D
:10556000755202009952020000400050F0240020C1
:1055700037B50C46234D59B90A46012105F0C4FF41
:10558000214BEC645C6003B0BDE8304005F0DABF4D
:105590000122114605F0B8FF07221C4B0121DA60F9
:1055A000237901A885F84C306379019315F097F9B8
:1055B000019BC2B2D34000F00F0040EA031085F80F
:1055C0004D00A27985F84E20E27985F84F202068B9
:1055D000286501939BB1012102888B4208D8237969
:1055E000013B13440A4A136205F0ACFF03B030BD1F
:1055F00030F811500131AA4228BF2A46EDE71A4679
:10560000EDE700BF003F00B04C3F00B0006000B8C5
:10561000004000B810B5054C237823B103F028FCF6
:105620000020207010BD0E20FCE700BFFD280020E8
:1056300008B503F0EBFB0122014B00201A7008BDF6
:10564000FD280020431C07D06FF0FF02034B1040E1
:105650005A62A3F580535862704700BF00E000B85B
:1056600010B504234FF03A4101240A4AD1F8180139
:10567000C2F81831C2F814314C634FF40051116371
:10568000410742BFC2F81431A2F58052C2F8183166
:1056900010BD00BF002000BAF8B504460F461646FC
:1056A00018F0FDFF0546A047044620B1284618F033
:1056B000F1FF2046F8BD05F0E7F804220549D1F8CE
:1056C000F03E23EA07033343C1F8F03E024B1A646D
:1056D000ECE700BF003000B0002002B800F0180373
:1056E000182B0AD003070AD440F2011310F010005F
:1056F00018BF1846034BD86770470020FAE701200F
:10570000F8E700BF003F00B038B10368044A002B3F
:1057100008BF1346034A13607047014BFAE700BF06
:105720000DA103003C2C002010B4D0E952412240CE
:105730000B4052EA030104D003495DF8044B0968A9
:1057400008475DF8044B70473C2C00200F2938B502
:1057500005460C460ED801F009FA01280CD1074A7B
:105760002846936E23F00F032343936614F096FEAE
:10577000002038BD2120FCE70220FAE7003F00B0FE
:10578000014BD86E704700BF003F00B0014B0020B6
:10579000D9667047003F00B003282DE9F74F0C464B
:1057A000914678D83D4B13F800A03D4B1E5C3D4B15
:1057B00013F800B018F073FF804604F079FE074636
:1057C00040B100230022CDE9003301200023002155
:1057D00004F09AFC04F074FE48B100230022CDE9E5
:1057E0000033002000234FF4004104F08DFC002E14
:1057F00044D02D4BDD6C05F008050AEB06002B4B61
:1058000023305844DD64C0B202F074FB3146504688
:1058100005F098F85A463146504605F021F9244BD8
:10582000DD646FB1234B1868D0F89010F83003F0A6
:10583000E7F821490868FFF705FF4FF0FF330B60D9
:10584000B9F1000F04D01D4B002103205B6898477D
:10585000B4B14FF480621A4B1D6F03F50053C5F3CA
:1058600080251A67404618F015FF01F07FF90128DE
:1058700008D15DB9002003B0BDE8F08F3546BCE724
:105880002546EFE7002CF0D10520F4E74FF48062C5
:105890000C4B1A67EEE72120EDE700BF5CF7030031
:1058A00058F7030054F70300004000B8006000B848
:1058B000005000B894220020382C0020302C00200A
:1058C00000C001B800D001B80F4A136C13F0A00F4C
:1058D00015D1506C10F0040013D10C4BD3F8F03EEE
:1058E00023F07F4323F0FF035BB1D368C3F303626C
:1058F000092A07D0B2F10C0018BF01207047002020
:1059000070470120704700BF000002B8003000B0AF
:1059100070B50D46064620B91A4B1B68A3B10E2080
:1059200011E001F023F9012829D1174B93F9004028
:10593000C4F12704641BC4F11C03002BB8BF5B42F5
:10594000232B0CDD212070BDA1F10B03002BB8BF70
:105950005B42232BF6DC0C4B19700020F3E786F832
:10596000265018F09CFE094AE402136A04F4FF244E
:1059700023F4FF231C43146218F08CFEEDE7022091
:10598000E1E700BF94220020FC28002000C000B8FE
:10599000094B08465A6A91020BD4D3F80021D2076A
:1059A00008D4D3F8803013F4706F14BF01200020A6
:1059B00070470120704700BF004001B8F8B50D46A0
:1059C000D0F8903002EA010423EA01032343C0F82F
:1059D00090303D4A01F00B0323EA0401D1642340D7
:1059E000A2F580526F070646D36410D50121FFF758
:1059F000CFFF60B104F048FF4FF4007314F0040FC0
:105A000014BF324A324A53620422324B1A64E90606
:105A100006D514F0100F14BF00221B222E4B5A651E
:105A20002A061DD5230616D54FF40012274B1A62FD
:105A3000012203F58053C3F8002118F030FE0E2137
:105A40000746032002F064FF40F20122224B384651
:105A5000DA6218F01FFE214606F1F80002F0D0FFCE
:105A6000EF0503D5E00529D502F040FFA90503D5D0
:105A7000A20526D502F046FF15F0600F09D0D6F832
:105A8000E410304614F043FB8022144B9867144B0B
:105A90001A612B0510D504F0F7FE124A14F4006FBA
:105AA000D2F8F03E14BF43F0006323F00063C2F865
:105AB000F03E0422074B1A640020F8BD02F010FFEC
:105AC000D4E702F019FFD7E7006000B8005001B832
:105AD000006001B8002002B8004000B8003F00B0EC
:105AE000000002B8003000B0014B1868704700BFDA
:105AF0001025002037B518F0D2FD00240123002224
:105B0000CDE90034002305461946104604F0FCFA9E
:105B1000022002F0B9FA064B21461C60054B022018
:105B20005B689847284618F0B5FD204603B030BDA5
:105B300018250020302C00202DE9FF4102290D46B8
:105B400016469846039004D1FFF7D4FF04B0BDE891
:105B5000F08118F0A4FD1E4F04463B683BB1B342F0
:105B600005D018F097FD002321203B60EEE7194B8C
:105B70000022C3F800803E60002301264FF0000899
:105B800010461946CDE9006604F0BEFA124B022019
:105B900083F8008002F078FA43462A46022003A9DF
:105BA00002F090FA0D4B039A1A6008B92046D8E724
:105BB0000B4D2B689847212804D0204618F06AFD29
:105BC0000020C3E731466B6802209847F5E700BF25
:105BD0001825002014250020FF2800201025002073
:105BE000302C0020044B5B6E5B054EBF0120034B45
:105BF000187800F00100704700C001B8FF280020AD
:105C000090F825305A1F012A01D9082B05D14B7C69
:105C10002BB1012B05D0022B05D014F0D1BA0348CB
:105C20007047034870470348704700BF20A1070032
:105C300048E8010040420F000A78022A11D0101FE4
:105C40004242424152004B781201022B0BD0191FE5
:105C50004B424B415B000549054842EA8312FFF77E
:105C60001BBD0122EFE70123F5E700BFF0FFFF00B6
:105C7000B56B02000B78022B10D0181F4342434132
:105C80005B004A78022A0BD0111F4A424A41520057
:105C90000F21044843EA8202FFF7FEBC0123F0E72C
:105CA0000122F5E7E16B02002DE9F8430E78044686
:105CB000042E0D4690F824810BD100275FFA87F956
:105CC000484601F04DFE08B14E4602E00137042F70
:105CD000F4D1304601F044FE002849D094F8243134
:105CE000B34209D1AA88D4F8A4309A4204D16A8870
:105CF000B4F826319A4238D084F82461AB88304613
:105D0000A4F828316B88A4F82631AB8804F5927585
:105D1000C4F8A430FF2384F8293014F05DFC84F823
:105D20002800284601F0DCFD18BB284601F00EFED5
:105D3000F8B9D4F8E03053B194F82411414506D0B5
:105D40002046B3F91220F0F7C1FD84F82D0120465A
:105D500001F04AFE0949A4F828010123084AD1F8B4
:105D6000FC1004F1F80003F0A5FF0020BDE8F88363
:105D700021200C2384F82431F8E700BF004F00B045
:105D8000A43F00B070B5054690F824010C460C28DD
:105D90001FD0FF2901D1212070BD1AB14FF0FF3271
:105DA0000D4B1A6014F018FC064695F8240101F01A
:105DB0000DFE844228BF0446E4B2B44238BF3446E4
:105DC000E0B285F8290001F00BFFFF28E3D00020A6
:105DD000E2E70220E0E700BF402C002010B590F879
:105DE000243104460C2B44D0D0F8E03080F8281041
:105DF000DBB3D0F8F020D2B990F82D318B421CD310
:105E000000222046FFF7BEFF48BB1B4B1B7813F058
:105E1000FD0F23D1204601F0E7FD18490123184A60
:105E2000D1F8FC1004F1F80003F044FF16E0B0F9DB
:105E30004020B3F912309A42E2DD0022204694F865
:105E40002D11FFF79FFF50B9C4F8E000204613F072
:105E5000D5FE4FF6FF739842014601D1002010BDD8
:105E60002046BDE81040FEF73BBFFF2380F82930F5
:105E7000F4E70220F3E700BF6E2D0020004F00B0D2
:105E8000A43F00B0F0B51D46144B04461B780F46E6
:105E9000164685B05BB1D0F8E030E3B102AAB3F9A1
:105EA0001230009200220BF0C8FA05B0F0BD02A932
:105EB00013F0C0FF9DF808103A462046F0F706FDA3
:105EC000014626B92A462046FFF75CFFEDE720464B
:105ED000FFF784FFE9E71846E7E700BF5EF003003D
:105EE000D0F89830012B01D10020704770B50546DD
:105EF00050498EB014F0CAFBD5F8E0600146AC8D75
:105F0000C5F8E40026B1336813B15B68002B6BD190
:105F100018F0C5FB18F0BEFB0123D5F8E4108DF88E
:105F20000E30B389D6E90120E31A9BB200FB0322AD
:105F30004148ADF80C3003680292994207D02846D8
:105F400014F0E5F880223D493D4B88671A613D4CCD
:105F50003B4E00F00BFE0128FBD1236CD907F8D48F
:105F6000336CDA01F5D4D5F8E41028460D919DF88C
:105F70000E20029908AB03F049FB002831D100F054
:105F8000F5FD0128FBD12E4A2E49136CDB01FCD410
:105F90000B6CDE07F9D408A901A803F059FD00BB7A
:105FA000AA8D294B5A6495F8243060F3410385F893
:105FB000243014F097FAD5F8E03002465B6919688E
:105FC000431EDBB2FD2B049114D9CC1C12D91F4BFC
:105FD00001311B6815D0D81C10D8284604A9049399
:105FE0000AE002200EB070BD1A68032A90D99B6A9D
:105FF0005B0E94E7284604A914F05CFA00200EB06A
:1060000070BDD91C04D8284604A9049314F052FA90
:10601000D5F84C319B0506D495F8243043F00203A3
:1060200085F82430EAE728464FF4803113F006FF64
:10603000E4E700BFFC4F00B004250020003F00B0A3
:10604000000002B800C002B8008001B84C2C00204B
:1060500038B590F830510446002D37D018F01FFBAA
:106060001F221B4B013D5A621540A3F580535D6210
:10607000D4F83421A3F580539A66D4F83821DA662F
:10608000D3F80031DB071AD5D4F8E430DBB11A6855
:10609000122A18D9196D4FF0FF3320290A4628BF5C
:1060A000202219B1C2F120029340DB43084AC2F812
:1060B0000431D4F89C201340064AC2F80431BDE8EC
:1060C000384018F0E7BA4FF0FF33EFE738BD00BFB4
:1060D000006001B8005001B82DE9F84F0746154699
:1060E0000B4611B92120BDE8F88F002AFAD0032908
:1060F00005D8002201F0A4FA03460028F2D01C883B
:106100009A78B4F5804F02F0070180F0CE80A1F1BB
:10611000070C187993F805B0DE88DCF1000343EB37
:106120000C0305292B7394BF0023C2F30013C2F3A1
:10613000801C6B73930985F810C003F00203C2F34F
:10614000C00C43EA0C03C2F34012E8746B74AA74E7
:10615000D7F89030AE82D80600F193800639012935
:1061600000F28F80B7F81290D7F81C8009F1FF3940
:106170004F4B083C04EA09045B6D18F80430002119
:10618000802B0CBF6FF07F03323B04F1010418BF7A
:106190005BB204EA0904AB73631D03EA09035A1CEA
:1061A000A96002EA090218F8022018F8036097F8BB
:1061B00025A046EA022636B2BAF1000F5FD1F104FB
:1061C00056D5D7F8E43013B11B68022B05D841F23D
:1061D000D3724C210020FEF7F5FDD7F8E420C6F37A
:1061E0000B0392F82420DB000AB1B3FBF2F39B45CA
:1061F00008D83BB1CBEB0B2BBBFBF3FB6FEA0B0BD4
:106200005FFA8BFAD7F8EC3023B1504695F90E10AF
:1062100098478246013485F80FA004EA090418F86B
:106220000410013404EA090418F80430013404EAC3
:10623000090441EA032118F80430013404EA09048E
:1062400041EA034118F8043041EA036116F480433F
:1062500005D0184BDB6EB3FA83F35B095B0038465D
:106260006A7C03F0EFFD06232860AB7100203AE75B
:1062700018F804A04FEA4A0A5FFA8AFAC2E78A4687
:10628000C8E700230020EB730B4BDA69C2F3072346
:10629000120448BF63F0FF035AB212F1800F1CBF13
:1062A000323B5AB2AA730346DEE702201BE700BF67
:1062B000004000B8003F00B000C000B8F8B5074685
:1062C0000D4614468BB1FFF7CBF929463846BE8AF6
:1062D00000F06AFEB44228BF3446A4B222462946E2
:1062E000044800F07DFF2046F8BD13F0D7FF0646B6
:1062F000F0E700BF0C0000BA70B54FF03A434FF41E
:1063000080640A4DD3F818610020C5F81841C5F81B
:10631000144104F07DFB4FF400532B67730542BF1B
:10632000034BC5F81441C3F8184170BD002000BAF2
:10633000001000BA082310B1024A13647047024AE1
:10634000FBE700BF001002B8002002B8F8B5044611
:106350000E4619B990F824305A0647D44FF6FF7309
:10636000218ED4F8E470994204D0354B1B680BB1F0
:1063700020469847334D2B68BB4255D0324B1B68A3
:106380003BB11FB13A68002A50D0BF683946204659
:1063900098470727204601F027FB002E3AD005F04A
:1063A000D1F80620294B94F9262093F9003028498A
:1063B000C3F127039B1A0A6ADB0222F4FF2203F4CB
:1063C000FF2313430B62D4F8E420224B2A60986722
:1063D00001F06EFC002501211F4A204B1170204660
:1063E00083F8845014F05AF82846F8BD4FF6FF7130
:1063F000144DD0F8E4702A6866F38613974201863C
:1064000080F8243017D0104B1B68002BB9D101F055
:10641000EBFA072712493B46124AD1F8FC1004F167
:10642000F80003F047FCBAE70127B3E71746204618
:1064300039469847ADE701F0D7FA0127EAE700BFF0
:106440000C2500200425002008250020FC28002021
:1064500000C000B8006000B8FE280020003F00B077
:10646000004F00B0A43F00B0054A12681AB190F87E
:106470001E1119B91047084602F05CBA014870476E
:106480000025002000FEFFFF334B2DE9F7431C6879
:1064900001F4007900F00103174653EA09020646A9
:1064A0000D4632D04FF0000823B300230022012014
:1064B0000021CDE9008803F027FE41462046FFF782
:1064C000D3FF01224146E085104613F071FBD4F85A
:1064D000901004F1F80002F093FA20490868FFF7E1
:1064E000B1F84FF0FF330B6094F8243043F004030D
:1064F00084F82430B9F1000F07D00121204613F0B1
:106500009DFC25F4007506430D432B46324620467C
:10651000FFF70AF9FB070FD51149124A0868002155
:10652000136811600121104A117003B198470F4B95
:10653000002102205B68984717F00E0F08D04FF437
:1065400009723B21002003B0BDE8F043FEF73ABCDE
:1065500003B0BDE8F08300BF94220020382C002057
:106560001425002018250020FF280020302C0020B2
:1065700008B558220021064814F06EFA1022FF21B7
:10658000044814F069FA04F0DDFF002008BD00BFE4
:10659000F43E00B0383F00B073B574210C236D2277
:1065A000A0F81411822180F824314FF6FF734FF0C8
:1065B000FF35C0E941120026C0F8002164220446DC
:1065C000838580F82A301E4BC0E94322C36300F163
:1065D000480343641B4B80F82660C0E90C35C0F8C3
:1065E000A450058503F074FF2046FFF7C1FF94F91E
:1065F00026102046FFF78CF96023134A40F6FF71FE
:10660000D3644FF03A4211631167104A2946D364AC
:1066100040220F4B20461A64D4F89020FFF7CEF9A1
:106620000E230022CDE9003340F202231046194622
:1066300003F06AFD01F0A8F9304602B070BD00BF5A
:106640000700FFFFFFFF4000004000B8005000B807
:10665000002002B8044BD3F8F03E13F0806F14BF53
:1066600023200020704700BF003000B00246F8B57C
:10667000B0F8284100F1F805FFF7ECFF0B688E68D1
:10668000013304BFD2F800310B604B68013304BF03
:10669000D2F80C314B60771C3BD1D2F80831CF686F
:1066A0008B607E1C3CD1D2F804610F69CE6001374B
:1066B00004BFD2F8F8700F614F69013704BFD2F8F8
:1066C000FC704F618F69013704BFD2F810718F6180
:1066D0008F6967BBC0F1640408688C6110B16D28D4
:1066E00038BF6D20C2F808314B68C2E94006C2E9E4
:1066F00043340B692846C2F8F8304B690F49C2F899
:10670000FC30D1F8FC1007230D4A03F0D3FA002027
:10671000F8BD04F16D031B1AB34238BF3346BEE720
:1067200004F17406361ABE4238BF3E46BDE76D34EA
:10673000241ABC4238BF3C46CEE700BF004F00B031
:10674000A43F00B038B50446074D21462868621CB6
:10675000003818BF012002F021FB2B680020003B0D
:1067600018BF0123A37038BD1C25002038B5054C87
:10677000054B417800782568236002F051FA00B19A
:10678000256038BD1C25002068F7030070B517F0A0
:1067900086FF05460B4E00F0E9F9012805D0284692
:1067A00017F078FF0224204670BDF36813F0706F75
:1067B000F1D1F46814F08054EDD1284617F06AFF47
:1067C000F1E700BF000002B80A4B10B51B68044691
:1067D00073B1094B48B10121084A1A60022003F045
:1067E000A3F90020064B1C7010BD01461860F5E7A8
:1067F0000220F9E71C2500202025002060F7030077
:1068000000290020014B1878704700BF00290020A4
:1068100038B517F044FF4FF6FF710A4A13888B42D0
:1068200003D117F037FF0E2038BD074C074D1B046E
:106830006566A4F580546366118017F02BFF002075
:10684000F2E700BF6C2D0020006001B80000FFFFE0
:106850002DE9F74304460F4615461E46FFF734F868
:1068600038B3A38A2BB3204613F031FB78B9744BAD
:10687000D3F8F02E1EB10E2003B0BDE8F08302F075
:106880003003102BF7D002F0C002402AF3D0DFF81B
:10689000E08103F035F9D8F81430DE07EBD517F0B6
:1068A000FEFE0646032001F0EDFC20B1304617F055
:1068B000F1FE0220E0E7D8F8142012F00608F5D126
:1068C000304617F0E7FE5E4B4FF400612046D3F8E8
:1068D000F09ED3F8D06E04F02BFE40B14FF400725E
:1068E0000121584B08461A64424613F061F93946B3
:1068F0002046FEF7F5F9524BC3F8F09EC3F8D06E70
:106900000028B9D194F82430980601D4002D57D02E
:10691000C5F3400003F07EFF022315F4807F1FBF04
:10692000494A002113644FF03A420BBF454A916136
:106930001364536303F0A8FF4FF4806315F0040F52
:1069400014BF424A424A15F0400F53624FF004020E
:106950003C4B28461A644FF0400314BF3D4A3E4A60
:10696000C2F88830FEF7BAFE204613F056FC38B164
:106970004FF4807315F0010F14BF334A314A13648A
:10698000A90647D54FF6FF72E38F93420FD0334AE3
:106990003349526E100CC2F301120132B3FBF2F311
:1069A00008802A4A2A492F481B0448665366003D3E
:1069B00018BF012594F8243065F3451384F824307A
:1069C000204613F068FDF0B1204613F026FCD0B14C
:1069D0004FF40031204604F0ABFD431C03229BB270
:1069E000214801A913F0BEFD9DF8042002F0070321
:1069F000052B9DF8053016D112070ED443F4807391
:106A00001A4AC2F8D83040F2366003B0BDE8F0430D
:106A100000F016BFFFF7FCFEC9E713F0040F09D121
:106A20009DF80630EAE703F03002202A05D113F082
:106A3000010FF4E74FF48073E2E79DF80630DFE7DB
:106A4000003000B0002002B8001002B8005001B8B9
:106A5000006001B800D000B800E000B8004001B804
:106A60006C2D00200000FFFF0C0000BA003E00B0BB
:106A700000C001B808B50F4BD3F84C21531C17D0F8
:106A800012F0804214D10C4B1B78012B10D9082B2B
:106A90000ED00A4B1B681BB111460320FEF77CFE8B
:106AA0004FF08062064BDA6401225A6102229A6238
:106AB00008BD00BF0080E00F8E2D00209422002032
:106AC000001002B84FF40022034B186C03F500537A
:106AD0001A64C0F3C0407047000002B8024B034A7A
:106AE00000201A60704700BF082500207155020081
:106AF000024B586900F00100704700BF00C001B8A8
:106B0000084B5A69D10707D508B901F099BA5B69F2
:106B1000DA0706D401F086BA5B69DB0701D40028E6
:106B2000F8D1704700C001B84FF0806310B1024A3D
:106B300053617047014AFBE7001002B8002002B819
:106B4000202350B1064AC2F8F433064B196C11F0F9
:106B5000010104D1032002F0E7BF034AF3E77047C5
:106B6000001002B800C002B8002002B80F4BDB686A
:106B7000C3F30363013B0B2B0FD8DFE803F00606DA
:106B80000C06060606080A080808022070470420BA
:106B900070470520704703207047054B5B6913F071
:106BA000060F0CBF01200420704700BF000002B890
:106BB00000C001B8094AD368C3F303630B2B08D0A4
:106BC0006FF49050184100F0010080F00100400087
:106BD0007047106C10F48030EDD17047000002B89F
:106BE0000C4AD368C3F30363062B07D8042BD8B22F
:106BF0000BD8C31E5842584140007047072B06D19E
:106C0000D2F844010028ECD17047022070470020E0
:106C1000704700BF000002B8094BDB68C3F3036391
:106C20009A1E012A8CBF00220122012B02701EBF76
:106C30004FF4026222FA03F303F001030B70704772
:106C4000000002B8F0B5CF072CD5002A14BFAA2542
:106C500055250E461E24154F01F0030383F0010352
:106C60003B449B7806F0070C17F80CC0013C6344CA
:106C70004FEA5606F6D10E4E73436FF481769B0CA5
:106C800033448AB991FAA1F195FAA5F54A082D0F76
:106C9000490042EAC57201F0020480F82740C0E9C9
:106CA0002723F0BDAA25D4E7024AF6E780F70300C0
:106CB00036FC1000B756351230B547F6FE74174B48
:106CC000C3F83042D0F8A05004EA4504144DC5F88A
:106CD00030420F245C66CC071ED5EAB901246C66ED
:106CE0004FF0FF34C3F80441D0F89C500C4CC4F86A
:106CF00004514FF0F045C3F8105190F82730DB06EF
:106D00002B40C4F8103132B1436C022219604FF0AD
:106D10003A43C3F8F42030BD0224E0E7006001B834
:106D2000005001B813B590F825300446033BDBB2A0
:106D3000072B96BF104A0021D15CFEF727FD0120EA
:106D400001F0E4F84FF4F0620C4BDA644FF4007297
:106D5000A3F58053DA6494F82530053B012B08D85D
:106D60000421074B01229B6E0DEB0100019300F003
:106D7000FDFA02B010BD00BF78F70300006000B854
:106D8000004001B8012310B580F816312823C0F85F
:106D9000FC300423044680F82530044B196812F0B7
:106DA00009FF2046FFF7BEFF002010BDC4F7030017
:106DB000012310B580F816312823C0F8FC300223D7
:106DC000044680F82530044B196812F0F3FE204683
:106DD000FFF7A8FF002010BDC8F70300012910B578
:106DE000044604D90239012915D90E2012E00C4BB2
:106DF00019680523012284F816214FF4BC7284F827
:106E00002530C4F8FC20204612F0D4FE2046FFF7BF
:106E100089FF002010BD034B19680623EAE700BF75
:106E2000C0F70300BCF70300012310B580F816314A
:106E30004FF4BC73C0F8FC300823044680F82530BA
:106E4000044B196812F0B6FE2046FFF76BFF0020D6
:106E500010BD00BFB8F7030038B5184B04461D68D5
:106E600045B1EB6833B1286801F07EFCAB68186867
:106E700001F07AFC124B1B682BB1DA681AB19B68DF
:106E8000186801F071FC0F4B1B682BB1DA681AB15E
:106E90009B68186801F068FC0B4B1B682BB1DA6823
:106EA0001AB19B68186801F05FFC2046FFF780FF6D
:106EB0002046BDE83840FFF735BF00BFC8F70300E4
:106EC000C4F70300C0F70300BCF70300F8B5D0F81F
:106ED000343104468B420D46164603D190F83031CA
:106EE000202B0ED0324629462046FFF7ABFE20234A
:106EF00084F830310023C4F83451C4F83831FFF736
:106F0000A7F84FF00077074B32461F64294620460A
:106F1000FFF7D2FE8022044B1A6103F500531F6471
:106F2000F8BD00BF001002B8000002B810B5072479
:106F3000144BDC6331B94FF48041A3F58053C3F89F
:106F4000041115E04421104B59631049096891F868
:106F5000251007291CBF40F04000986301230C480E
:106F60004FF48041C363074B002AE8D0C0F80411F6
:106F70004FF48042C3F80821C3F80C21C3F8102154
:106F800010BD00BF006000B8004000B8942200208F
:106F9000005000B8034BD3F8F80780F00070C0F33E
:106FA00040607047000002B810B590F82500A0B10D
:106FB000304BD3F8BC2012F0060F01D004280DD9B5
:106FC0004FF470622C4BDA604FF48072A3F580535B
:106FD000DA600022274BC3F8B82010BD02F002048B
:106FE00012F0040202D00B789B0637D4002C39D063
:106FF0000B7803F00F03072B34D14B78022B31D9D8
:107000008B7813F03E0F2DD0CC7814F0040F29D0DC
:1070100014F0010F0CBF04230A23A40748BF063352
:10702000CB5CFBB1002A14BF02220122042840F6E7
:10703000FF7003F01F0108BF4900013940EA013128
:107040000E4801654FF470600B491202C860A1F54B
:107050008051CA60074AC2F8B830BEE7002CC7D1D9
:107060008B7823B90023054A13650122EAE702223F
:10707000DCE700BF003E00B0006000B8004000B890
:107080000A68064B12F0802F1CBF42F20101C3F8C0
:107090002812C3F88822C3F88C227047004001B838
:1070A000F0B585B06C460E460B4B074615460FCB28
:1070B00084E80F00094BD3F84822009226B16B1EDA
:1070C000DBB2FD2B88BF32602A462146384613F0DA
:1070D000F1F905B0F0BD00BF88F703000080E00FB4
:1070E00030B50823054685B080B9094AC2F8FC339B
:1070F00051B96C46074B0FCB84E80F00064B2A466C
:1071000021461868FFF7CCFF05B030BD034AEDE714
:10711000001002B898F7030094220020002002B863
:107120004FF03A43D3F81421D2031ED54FF48032E6
:107130000E49C1F81421A1F58051C1F818215A6DEA
:10714000D1B2C2F30722C3F8A410C3F8A4200422CA
:10715000C3F8A4200022C3F8A420C3F8A420C3F8D5
:10716000A420C3F8A420C3F8A4207047002000BACC
:10717000F0220B4B01219A64A022A3F580539A645C
:107180004FF03A43426CC3F8F410FC21C3F8CC1022
:10719000C3F8D0204FF40052C3F8F020704700BF6E
:1071A000006000B8F8B50D464FF03A441746064661
:1071B00017F075FA01230421074A6363E76026612B
:1071C0006561C2F81411054AC2F8843117F062FAF9
:1071D0000DB102236363F8BD002000BA00E100E0B6
:1071E0002DE9F04105460124006800F00700063053
:1071F00004FA00F3A868EC685E1EA04262D000EAC0
:10720000060E6C6810441E430640A3EB0E000EEB06
:10721000040C8242644618D9D31A0EEB030298B1CB
:10722000431E052B04D94B1CACEB0303022B59D88E
:107230000B460844ACEB010E03EB0E0113F8014BB7
:1072400083420C70F8D101466C688AB1531E052B3D
:1072500001F1010302D9E01A022812D80A44611E82
:1072600000E0013313F8010C934201F8010FF8D14B
:1072700017F015FA0223AE60AB62BDE8F04117F0DB
:1072800009BA0B46204622F0030E8E4453F804CB75
:10729000734540F804CBF9D122F00303D01A9207CA
:1072A00001EB030C04EB0307E2D0CA5C0128E254B3
:1072B000DED09CF8013002287B70D9D09CF80230D7
:1072C000BB70D5E7042A35D90878043AA861487814
:1072D0000431A86111F8020CA86111F8010CA86131
:1072E000A8688CE70B4620F003070F44ACEB010EB7
:1072F0001C684EF803400433BB42F9D120F003036D
:1073000010F0030F01EB030EA0EB03040CEB0307DB
:1073100028D011F80380012C0CF8038022D09EF8AD
:107320000130022C7B7018BF9EF80230084418BF51
:10733000BB7088E7013A032A12D8DFE802F00F1584
:1073400007020B4613F8012B1946AA610A4612F8E8
:10735000013BAB61114611F8013BAB610B78AB61AE
:10736000BDE8F08108446EE70A46F3E738B50B46FE
:10737000154601464FF03A4468B101221048C4F85E
:10738000F4201A46FFF72CFF25B14FF03A430422B0
:10739000C3F8F42038BD73B1D4F8D8209A4284BF22
:1073A0000122C4F8F4204FF03A42C2F8D43002234C
:1073B000C2F8F430E8E70123C4F8F430E4E700BF92
:1073C000CC0000BA38B5044617F069F94FF03A42DC
:1073D0000121238F054651674BB3B3FA83F3C3F101
:1073E0001903DBB2A069C2F8B410C2F88C300723CD
:1073F000C2F89000C2F8B0304FF4A02302F500525A
:10740000C2F81431A2F58052C2F8183100220C4B98
:107410001A600C4B1B6C5B0209D54FF480020A4BBF
:1074200004F1F8001A64D4F8901001F0E9FA00238E
:10743000638707232846A387BDE8384017F02AB999
:1074400024250020000002B8002002B82DE9F843EE
:1074500005460C46B1B1D0F81880078F17F01FF918
:10746000B5F83AC0791E01EA0C0323F00702032C99
:107470000646DFF8F8E042445ED1DEF8004024B969
:1074800017F008F90E20BDE8F88324F00104DEF8B7
:10749000000020F00100A04253D10023CEF80030BC
:1074A000238894426FEA43436FEA534323803ED1DB
:1074B000AB8F08EB07091846083880B202F10804C0
:1074C0004C4528BF4446082804D9B4F800E0BEF56E
:1074D000804F40D263440F431B1A3B409BB26B87E3
:1074E000A887947811884FF03A42C1F30C01916556
:1074F000C2F89830C2F8B0004FF48022174B04F065
:107500000704C3F814210122154BC3F88421FFF7A7
:1075100007FE042C0BD14FF48002124B05F1F8004A
:107520001B6C114B1A64D5F8901001F069FA3046C3
:1075300017F0B0F80020A6E7601E012898BF144697
:10754000A5E7A88F4344E31A48BFDB1908389842DF
:10755000A6DC304694E72246AEE700BF002000BA22
:1075600000E100E0000002B8002002B8242500205D
:10757000154B10B519688A8F4B8F088F134401384B
:10758000073B8C69034023F007031C4402F1080306
:107590004FF03A429BB28B87C2F8B0304FF4802252
:1075A0000A4BC3F814210122094BC3F88421A078A7
:1075B00000F00700042803D1064AD3681B03FCD45B
:1075C000054B1C6010BD00BF94220020002000BAB3
:1075D00000E100E0000002B82425002010B5064CB0
:1075E000216839B1CB0703D4044B1868FFF72EFF8D
:1075F0000023236010BD00BF24250020942200201A
:107600004FF480320C4B0D49C3F818214FF03A4328
:10761000C1F81421D3F8AC10D3F88C20012302F068
:10762000070206329340C1F30C01083B994201D88E
:10763000FFF776BD704700BF002000BA001000BA07
:107640002DE9F04780460C4616468769058F17F0EE
:1076500026F8B8F83A2005F1FF3C02EA0C0323F0C3
:107660000701032C82463944B8F83C0019D14A4C32
:1076700024689CB90244073A02EA0C0222F007028D
:10768000BC183B44E31A48BF5B19834210DB5046E9
:1076900017F000F800242046BDE8F08724F001042C
:1076A000EFE7012C02D0022CEBD108380C46E8E7BA
:1076B000002E3FD08C4241D14FF03A42D2F8589040
:1076C0004FF03A41D1F8AC20B8F81270C2F30C0276
:1076D000934247DA2588B5F5804FD8D2A378C5F311
:1076E0000C0503F007037A1EA5EB09053A43052BA9
:1076F000337005EA02052DD82DB2E84340F241422D
:107700000421C00FFDF75EFB7580E3783374D8F871
:107710001C207B1E03EA0903D118B160A9B213FA39
:1077200085F5AF422FBF0023FF1AB780F26024BF58
:10773000B180F360504616F0ADFFACE7A4F108024B
:10774000974284BFED0802EBC502B2F80090C9F37E
:107750000C09B5E7114B5B6D003B18BF0123A5EB8E
:10776000C305C9E74B6D7A1EA3EB09033A431A40E0
:107770000B4915B2002DCB680BDCC3F30363D81E95
:1077800043424341DB0033708B6C72801B0A3374BD
:10779000BDE70823F7E700BF24250020004000B81C
:1077A000000002B81022024B1A70FFF763B900BF45
:1077B0008E2D0020054A1378102B04D018B123EA2F
:1077C000010313707047FFF7EDBF00BF8E2D00203F
:1077D00008B5134B1349D3F84C215B6823F04043A1
:1077E00023F440031B0C1B048B4216D10E4B134099
:1077F0000E4A93420CD10E4A0E4B904208BF1346DC
:107800001B1A584258410121FFF7D4FF002008BD40
:10781000094A934201D1094AEEE7064BF0E700BF5F
:107820000080E00F00001602007FF01F00026000E1
:10783000E17DF95F690345EC000460009839F49636
:1078400008B550B1064B1A88824206D20020188033
:107850000421FFF7AFFF002008BD0120F8E700BFBB
:10786000E027002010B5044612F0D0FF00B1A08A36
:10787000034BBDE8104018800020FFF7E1BF00BFB8
:10788000E027002010B5104CD4F84C315B0004D434
:1078900001F038FE0221FFF78DFFD4F84C31591C5E
:1078A0000FD05A000DD4094B1878012809D9A0F13E
:1078B000080358425841A822BDE810403121FDF785
:1078C00081BA0120F7E700BF0080E00F8E2D002075
:1078D000024A137843F00803137070478E2D00207E
:1078E00038B5134D0446297819B92022114813F0F0
:1078F000B3F86188104A23785180002113700F4A31
:10790000022BC2F8CC104FF0FF010D4A0D4B117045
:107910004FF007010C4A4FF00000C2F8FC130CBFF7
:1079200004220122C3F8FC2301232B7038BD00BFC1
:1079300001290020E03F00B06E2D0020004001B87A
:10794000912D0020001002B8002002B8034B1A68E5
:1079500002609B8883800020704700BF6E2D00204E
:1079600010B5044600F012FE064BD3F8F83724B9E0
:1079700083F40033C3F3404010BDA31E5842584166
:10798000FAE700BF000002B84FF63F720A4BD3F887
:10799000FC37934206D0094AC3F301131370E02267
:1079A000074B1A7041F66A02064B1B68B3FBF2F3F1
:1079B000054A1360704700BF000002B8922D0020F6
:1079C000932D0020442500202825002020B10228E6
:1079D00004D1034B18787047024BFBE70020704737
:1079E000922D0020932D00202DE9F74FD0F8A420F0
:1079F0004C21022A38BF0222064690F824B16B4877
:107A0000013A036AD0F8CC506948C3F38213D940D5
:107A10000368DFF8C0A19342DFF8BC91654BDFF843
:107A2000BC8101F0010116D11C788C4213D19AF867
:107A300000405C450FD1D6F8A84064B1AC420AD1F1
:107A400096F8295099F80040A54204D1B8F80400EE
:107A500003B0BDE8F08F98F800400260204619702E
:107A6000FFF7B4FF002900F0888004234FF07F4027
:107A700000255149C1F8B830504BC3F8B80096F80A
:107A800029301B06C1F8B8304FF080514A4B2C0406
:107A9000C3F8B41040F27121494B1B68B3FBF1F3FA
:107AA00019215343182BB3FBF1F173D8002C7BD071
:107AB000B4FA84F2C2F12002C2F10F03012B38BFE5
:107AC0000123D440A14201D2013B64086A1C03F0A7
:107AD0001F0152008A403B4F121B9208C7F8B0208A
:107AE0001A0242EA03121343019305EB052305EB47
:107AF0000325354B40F6970218682B21003818BF34
:107B00000120FDF75FF9FA222F4B02FB04F01B68FE
:107B100040F6FF72B0FBF3F00A2358432B4B00F5FD
:107B20007A74C3F8C420019AA3F58053C3F8C42023
:107B3000A3F58053C3F8CC50D3F8CC3000F58C506B
:107B4000C7F8FC30C6F8A850214D14302C6002F064
:107B50003BF84FF47A72C7F8A400C7F8F8002B6816
:107B6000B4FBF2F0B3FBF2F3A8F8043096F8293036
:107B70008AF800B089F800306AE7002C14BF10259D
:107B8000202596F82930834294BFED182D1805F072
:107B9000FF0579E7B1FA81F234B1B4FA84F3D21A6D
:107BA000002A89DC0F238DE70F238FE7004001B8FF
:107BB000402C002002290020001002B8002002B84A
:107BC00044250020003F00B028250020006001B8B7
:107BD0002C250020902D00208F2D00206E2D0020C0
:107BE00010B5114B01461B78104C0C2B02D1FF2015
:107BF000207010BD184612F0EFFC02461846FFF741
:107C0000E5FE884228BF0846C0B2904238BF104601
:107C10002378C0B28342ECD0054B20701868FFF780
:107C2000E3FE2078E5E700BF6E2D0020912D0020B7
:107C30009422002010B50446FCF75CFE78B1154B89
:107C40001B786BB964B1144B1B784BB1134B1B7889
:107C5000013B012B04D84FF40042114BDA6410BDF4
:107C6000104BDB6C1B04FAD416F019FD044602F02D
:107C70000BFE4FF400420C4B2046BDE81040DA6486
:107C800002220A4BC3F87C240422054B1A6416F026
:107C900001BD00BF03290020042900203025002059
:107CA000002002B8000002B8001002B800D0035053
:107CB0004FF48022014B9A64704700BF005000B817
:107CC000F7B50646544C00F061FC01213A20EDF76F
:107CD00069FC524B2578524F1E7085BB2846FFF732
:107CE000A9FF2378013B012B19D8E37B01A88DF86C
:107CF0000430237C8DF80530EBF7D6FBC7F87C54B5
:107D00004FF6FF72474BC3F88420F822A3F5805347
:107D1000C3F884200022424BC3F87C240DE04FF6C8
:107D2000FF72404BC7F87C54C3F88420F822A3F5B7
:107D30008053C3F88420C7F87C543B4B5BE00020A1
:107D4000FFF778FF2378013B012B08D8E37B01A8DC
:107D50008DF80430237C8DF80530EBF7A5FB00236C
:107D6000C7F87C34002ECBD062685AB32F4B1B6807
:107D700003EB5203B3FBF2F3013B1B0243F0F803A6
:107D800026782849022E2A4A1ED0032E4FF6FF7568
:107D9000234826D0012E38D143F00203C1F8845085
:107DA000C2F884300723C0F87C34E37B01A88DF847
:107DB0000430237C8DF80530EBF74AFB0120FFF7F8
:107DC00039FF17E0F823DBE74FF6FF7043F00103BC
:107DD000C1F88400C2F884300622114BC3F87C2419
:107DE000E3E743F00503C1F88450C2F8843004236C
:107DF000C0F87C340F4B4FF080420020DA644FF41F
:107E000080220B4B9A6403B0F0BDC1F88450C2F8D5
:107E100084300023ECE700BF302500200429002037
:107E200000C00350006000B8002002B844250020C4
:107E3000005000B8001002B8F0B52B4F06463D4682
:107E400004460FCE0FC5336885B02B6000F09EFB53
:107E500001213A20EDF7A6FB0022244BC3F87C2435
:107E6000A17A627A42EA0142C3F88824217CE27B4B
:107E700042EA0142C3F88424217B627B41EA02404A
:107E8000C3F880043B78032B2AD8DFE803F02202F2
:107E90000C178DF8041004218DF805200DEB01005E
:107EA0000022EBF7A1FAE37B00228DF80830237C57
:107EB000042102A88DF80930EBF796FA637A0122C3
:107EC0008DF80C30A37A042103A88DF80D30EBF760
:107ED0008BFA074B187805B0BDE8F040FFF7F0BE0D
:107EE000212005B0F0BD00BF3025002000C00350A8
:107EF00004290020034BDB6C002BBCBF024BC3F8F2
:107F000088007047000002B8004000B84FF00063DE
:107F100038B1064AD364064B4FF40032C3F88420CC
:107F20007047044AD364044BF6E700BF001002B860
:107F3000005000B8002002B8006000B82DE9F047FA
:107F400000F07EFB4FF47A762D4BB0FBF6F618600E
:107F50004FF4FA73734307462A48190E1B02181888
:107F6000294A4FF0000341F1000103F033FB274B96
:107F7000A0F5807205461A6320B948222B21FCF730
:107F800021FF01254FF47A724FF0000A6A435346ED
:107F90005008310203F01EFB1C4B1D4AB7F57A7FD7
:107FA0009A601C4B4FEA056819601B4B89460446D2
:107FB00018604FEA152505D29B222B215046FCF76D
:107FC00001FF01264FF47A73A8FB030103FB05119F
:107FD0007308C01841F100010023324603F0FAFA99
:107FE0000E4B023419600E4B49F10009A4081860C9
:107FF00044EA8974054B013C9C63BDE8F08700BFEF
:108000004425002020A1070040420F0000C001B815
:108010000211010054250020502500204C2500208D
:10802000482500201022044BC3F884215A60012205
:10803000024BDA60704700BF00E100E000C001B809
:108040001022064BC3F88421C3F88420BFF34F8F5E
:10805000BFF36F8F0422024BDA60704700E100E04B
:1080600000C001B810B50446A242A2EB0000A3EB89
:10807000010104D2034B01399B6B0133184401F019
:10808000030110BD00C001B838B501250A4B02013B
:108090009D504FF480730446084A8340536616F09F
:1080A000FEFA074AA540137823EA05031370BDE8DA
:1080B000384016F0EFBA00BF00E101B800E001B8A7
:1080C0000D2900202DE9F84F164605468A461F4621
:1080D00016F0E5FA022E00F09180804616F0E8FADC
:1080E0005A4B5B4AD3F8209092F891405A6EE4B212
:1080F000520744BFD3F82090013404F0030416F073
:10810000D2FA4846214600F013F98446DAF8000016
:10811000012E04BF01306044ACEB000C08BFCAF86C
:108120000000BCF1804F7DD300F014F98145A1EB34
:10813000040188BF454BDFF838C188BF01F1FF312A
:1081400001F0030188BF9B6BA0EB090E0CF8051032
:10815000A1B1F90742BF41F61F723E4B5A67BA07F9
:1081600042BF3C4B3C4A5A677B0742BF0022374B19
:108170009A673C0742BF0022344B9A6511244FF0A6
:10818000010A324B05F11002120103EB051BCBF87B
:108190000C0132499C501A6A0AFA05F4586E0B78A1
:1081A000A2EB0902E4B2234372450B7025D34FF4CE
:1081B0008073AB40034220D11CF80520002A40D137
:1081C0000EB3274AF807536607D541F61F7140F2F0
:1081D0000110204B596750675967B90706D51D4BE9
:1081E0001D4A1F491F485A6748675A677A0742BFA6
:1081F00001221D4B1A613B071AD4404616F04AFA79
:108200000120BDE8F88F194A2D0142F805A042F877
:108210009C3C16F044FA11490B7823EA04030B70D6
:1082200016F038FA404616F035FA0020BDE8F88F0F
:108230002120FFF75FFE4FF48032044B4046DA60A6
:10824000DCE7074A40465366D8E700BF00C001B8E4
:10825000003E00B000E001B800001F1F0D29002003
:1082600000D001B800000101000002B800E101B82F
:1082700005290020024B1878003818BF01207047EC
:108280000D290020034B10300001185800F00100A8
:10829000704700BF00C001B870B50646FEF728FC65
:1082A000044608B1FFF7CCFE00230A4D3046AB610F
:1082B000EB612B6200F04EF8074BC9B283F89110C6
:1082C00028622CB1FFF7AEFE4FF08062034B1A64B8
:1082D000002070BD00C001B8003E00B0002002B810
:1082E00038B516F0E5F9084B084A1D6A92F8914036
:1082F0005A6EE4B2520744BF1D6A013416F0D3F936
:10830000284604F0030138BD00C001B8003E00B0AB
:108310000346064A103302EB00111B01D1F80C0191
:10832000D158C1F3400112F075B900BF00C001B8C7
:10833000064B1B68434303EB8171054B1B68A3FB92
:10834000003013F1004341EB000070474C25002042
:10835000482500200C4A20F04043014610B500207B
:1083600014684FF00042E4FB0320084A890F1268AA
:1083700002FB0300064B9B6B984204D90133013189
:10838000C01A01F0030110BD502500205425002023
:1083900000C001B8044B01F0F071103041F003014E
:1083A00000011950704700BF00C001B808B5222075
:1083B000FFF7A0FD4FF48022014BDA6008BD00BF3B
:1083C00000C001B870B51646054600B3F9B1F2B168
:1083D0004268104B006803321B68920800F130407D
:1083E0009847044688B9EA68A8680332314692087B
:1083F00000F1304012F02EF9044630B9D5E90402FC
:10840000214600F1304012F027FB204670BD2124A8
:10841000FBE700BF482C002070B50C68651C15D028
:10842000C4F302669E42C4F3074530D1A4B294421D
:108430002DD804EB8506B24229D2141BA50824F0DE
:1084400003040E59340F04D0012C08D0002221243B
:1084500002E06B1C51F82320C0E9002470BD0E4CD3
:1084600034F8133042EA03431A686B1C51F8234076
:1084700001EB83014B6822405E4036F0704404D12A
:108480001B0F032B04BF8B681A430024E4E701355C
:1084900001EB8501C1E700BFB0F7030007B501A8F4
:1084A000EEF794F89DF80530022B02BF40220B4BEB
:1084B000C3F8FC23C8220A4B5A650A4B0A4AD3F870
:1084C0006032DBB2FF2B08BF03239B0043F47F53D2
:1084D000C2F8F83303B05DF804FB00BF001002B827
:1084E000008001B80080E00F000002B800220121E6
:1084F00008B51E4B1A645A649A641D4A51610221E0
:108500009162DA68C2F303620D2A01D0002AF8D121
:10851000112218499A631848184AFFF753FF01F0CF
:10852000ADFC174A93685BB9164A93689BB94FF044
:1085300080620F4B5A61012203F580535A6108BDD6
:108540001149D268096803F13043032AECD943F892
:10855000041B043AF9E70C49D268096803F1304377
:10856000032AE4D943F8041B043AF9E7000002B8EF
:10857000001002B830F8030014F803002CF80300D0
:10858000FCF70300E4F703005C2C0020012341F614
:10859000FF710D4AC2F8803291660C4A53600C4A52
:1085A00053600C4A5360A2F580425360A2F54042EA
:1085B000536002F5C032536002F580425360A2F569
:1085C00000425360704700BF0090005000D000B8D8
:1085D000001000BA005001B838B50324FFF7D6FFE9
:1085E000114A124B124DDA64FFF758FF114BC3F8D2
:1085F000E0400123EB6401F083FA4FF460736B6198
:108600004FF40073EB6411F06DFF0021FEF768FD7D
:108610008022094B1C64A3F580535C64074BC3F8AC
:1086200084215A6038BD00BF0048F000000002B845
:10863000001002B8005001B800A002B800E100E04C
:1086400008B514F0F7FE044B1B6FC3F3004301336E
:10865000B0FBF3F008BD00BF008000502DE9F04FE3
:10866000044687B00290894659F8043B5A1C06D14B
:108670002360029BE01A801007B0BDE8F08F3748F6
:10868000C3F301615FEA137B30F8110008BFC3F345
:1086900007429BB218BF012243EA004011F0E3FFFA
:1086A0004FEAC20A05460AF104032D4823448342D7
:1086B0001BD807230127C846CB4003F001030193D1
:1086C0009300049307FA0BF705EB8203039307F07B
:1086D000940304F108060593039B08F10408AB42D8
:1086E00008D1049954444944BDE71E4B9C42E0D84C
:1086F0000020C1E7059B53B917F0420F19D117F0BD
:10870000280F0BD146F8085C58F8042C21E04FF4F0
:10871000206232210020FCF755FBF3E740F60422EB
:1087200032210198FCF74EFB05F5805246F8082CE3
:10873000EAE740F60D2232210198FCF743FB05F5EC
:108740000052BBF1010F46F8082CDDD158F8042C7B
:10875000D24346F8042C04350836BDE7A8F70300D9
:10876000DF4F00B0E04F00B0F8B50646E0B100249E
:10877000144B25461F46144953F8042BAAB9134835
:10878000314600EB8500FFF769FF30B940F6AE32A5
:108790003621BDE8F840FCF715BB0D4B0135281814
:1087A00047F8246023F81400F8BDB242FCD001342D
:1087B0000C2C02D031F81450DEE740F6C8323621D6
:1087C0000020E6E758250020E0270020404000B0C8
:1087D000E227002070B5044698B1B1B13A4A52F888
:1087E000043B834213D10023384A116CC907FCD4DF
:1087F000374800EB830011F036FF364B1060012242
:108800001A6470BD01330C2B02D1334D2CE00123CF
:1088100052F8041BA142F5D1304A32F81330E3E795
:10882000C2F3016335F81300110C93B211F0FE0F7F
:1088300043EA0043606820D00434CAB2022A2168A7
:1088400008D9D4E90160033AC3E9001698600C34F2
:108850000C33F3E704D16268C3E90012083403E083
:10886000012A01D1043419602268531CD8D1002296
:10887000164B1A6003F58053C1E7120F072AEDD893
:10888000DFE802F00704090D1013181DC04303F5BB
:1088900000531860E2E71A6842401A60DEE703F509
:1088A0008053F6E711F0ABFED8E7012203F58053C1
:1088B0008240F2E7012203F500538240EDE71A6897
:1088C00030EA0202FBD1C9E75825002000C002B8F7
:1088D000404000B000D002B8B0F70300E02700200D
:1088E0000122014BDA647047001002B80122014BEB
:1088F000DA647047002002B84022014BDA64704706
:10890000002002B84022014BDA647047001002B820
:10891000064BDB68C3F30363984206D1044A936EA7
:1089200023F0F00343EA011191667047000002B89A
:10893000003F00B02DE9F743064611F059FE002430
:108940008046DFF8909015F0AAFE0DF1070105466C
:108950000DF10600FEF760F99DF806308BB9721C28
:1089600029D011F045FEA0EB0804284615F092FE30
:108970009DF8063013B99DF807303BB3A642E2D804
:1089800024E0D9F80C3013F4603FE8D0D9F818008F
:1089900011F0BCFE731C074603D011F029FEA0EBBA
:1089A0000804284615F076FE17F5007FE0D038461B
:1089B00003B0BDE8F083284615F06CFE9DF8063044
:1089C000002BC0D19DF80730002BBCD1004FEEE743
:1089D00000FEFFFF00C000B80122024B98611A613F
:1089E000704700BF000001B8044BD3F8AC3010B1A1
:1089F000C3F30332027003F00F007047000002B8A7
:108A0000094B01F080011B6C03F480030B4309D177
:108A10004FF40012054B1A62837F1BB10122044BF5
:108A2000C3F80021704700BF000002B8006001B821
:108A3000005001B810B515F032FE084B04461B6813
:108A40003BB1984728B1002200204FF4806101F02B
:108A500035FB2046BDE8104015F01CBE88250020DF
:108A60004FF604014FF60502044B01201B6C9BB22C
:108A70008B4208BF1346024A136670470080E00F1E
:108A800000C001B8074BD3F8483203F00303012BB1
:108A900003D0022B03D00020704715F0F5BD14F071
:108AA0000DBD00BF008000502DE9F74F81460F46F5
:108AB0004FF0FF35FFF714FC002601908A462C4644
:108AC0003046DFF8D8B006F110031B015BF8033025
:108AD00003F00308B8F1010F15D13046FFF718FC79
:108AE00002460B4601985146FFF7BCFADBF86430AA
:108AF00006F10802D340DB0739D5002F40D000250E
:108B00002C463E6040460136082EDCD160B3234A35
:108B10000027D2F808C0916B0CF440330131A4FB5C
:108B20000141641941F10001B3F5003F30D1536BAD
:108B30000CF4405C013347F10006BCF5805F22D1A4
:108B4000156B15F5807505FB06F647F1000203FB72
:108B50000266A5FB03323244594304FB0212A3FB15
:108B600004341444C9E9003403B0BDE8F08FA842CE
:108B700071EB0403C6D207B13E6005460C46C1E75F
:108B80003D463C46BEE7320242EA13621B02E3E77F
:108B9000136B13F5807347F10002DDE700C001B8E5
:108BA000F8B5062011F047FD044611F021FD42F210
:108BB0001073041B9C42054618D94FF080624F2465
:108BC0000B4B1A6441F26F770A4E0BE011F010FD67
:108BD000401BB8424FF4837221468CBF0020012015
:108BE000FCF7F0F8336C5B01F0D5F8BD1A24E9E727
:108BF000002002B8000002B808B511F09BFD012268
:108C0000054B93F88D3002335B00DBB202FA03F3BD
:108C1000024A536108BD00BF003E00B0002000B80A
:108C2000FF2870B505D1FF2931D0072001292CD8A4
:108C300004E0FF2927D10B2827D801214D4B83F8C9
:108C40008C0083F88D104C4B5B689D05C3F340226C
:108C50003BD44FF038435A60484A506E440205D521
:108C6000474B5B6803F00303022B13D110F4001091
:108C700077D140F237121B21FCF7A4F801223F4BB9
:108C8000C3F8482209E00B28D0D9212068E001214F
:108C90000720D3E70223C2F848320122394B9A60F9
:108CA0004FF038435A60DA60996A0807FCD11969B5
:108CB000C907F8D540F2FF32334B9A615A614FF43D
:108CC00000722D4BC3F884215A602A4C01213B20AD
:108CD000ECF768FC94F88D3094F88C202B4943F421
:108CE0004023063243F4106341F82230284B1D68BC
:108CF000FFF7C8FE6E08ED070246002328463146FE
:108D000002F068FC090241EA1061C0F3C05040EA79
:108D10004100204BE067186B10F5807005D14FF4CF
:108D2000D6722B21FCF74EF80220024600230020C9
:108D3000012102F04FFCC4F88000FFF7A3FE40F6CB
:108D400049435843000DFF2828BFFF20022838BFA1
:108D50000220002184F89000012000F0E5FE0020B0
:108D600070BD0D4B586800F00300023818BF012099
:108D70007FE700BF003E00B000E100E0008000504F
:108D800000000250001000B8002000B8008003501E
:108D90004425002000C001B80040025038B1064B05
:108DA00093F88C00087093F88D3013707047072388
:108DB0000B700123F9E700BF003E00B02DE9F3413D
:108DC00005460F4668461146FFF76EFE0646B0B1EF
:108DD000AFB1DDE900321B0A43EA0263A5FB03845D
:108DE000094B120A05FB02441A6812B9FFF728FC66
:108DF000024600234046214602F0ECFB3860304634
:108E000002B0BDE8F08100BF4425002070B5FFF737
:108E1000C7FE0021022000F087FE11F0E9FB0446A6
:108E20000F4D104ED5F8F4331B070BD515F037FC5A
:108E3000BDE8704002220C4BDA6001220B4B1A7025
:108E400015F028BC11F0D4FB001BB0424FF40572A2
:108E50004FF045018CBF00200120FBF7B3FFE1E795
:108E6000000002B83F420F0000C001B80E290020E8
:108E7000244938B50B78002B42D00122224C2348DC
:108E800094F88D3002335B0002FA03F5DBB29A40AE
:108E9000856142614FF400721D4BC3F884210023A9
:108EA0000B701C4B40F2C322186C3921C0F3806058
:108EB000FBF788FF4FF48041174B184AC3F8941012
:108EC0000C2194F88D304B4303F138435B6BD4F89D
:108ED0008410994202BFD2F86C31C4F88830D2F8BD
:108EE0006431D4F8880008BFA4F89230B4F8921026
:108EF00000F0DCF8BDE838400121022000F014BE8B
:108F000038BD00BF0E290020003E00B0002000B890
:108F100000E100E0000002B800E001B800C001B8C4
:108F200010B50446FFF7AEFD6043044B00F5F42096
:108F300000F59070B0FBF3F010BD00BF40420F0091
:108F40002DE9F74FFFF7ECFF0446FFF729FE15F078
:108F5000A6FB0021DFF848810546684688F8001026
:108F6000FFF7A2FD4FF038431E6A03F50033DB68BC
:108F7000074613F0706F1BD1444B5B6913F0060A70
:108F800016D1D8B1424B611D1868A1FB00B9FFF79B
:108F900079FD534602464946584602F01BFB009BAA
:108FA000090241EA106100029842019B994105D3F0
:108FB000284603B0BDE8F04F15F06CBB002102203D
:108FC00000F0B2FD11F014FB8146DFF8D8B0DFF8F5
:108FD000D8A0DBF8F4331B0742D5002F4FD0DDE9D2
:108FE0000079FFF74FFD390A41EA09614FEA192379
:108FF000A0FB019700FB0377254B1A6812B9FFF716
:109000001FFB024600233946484602F0E3FA4FF0C0
:109010000C0E844601211F4B013493F88D20361B22
:10902000931C0EFB02F25B00DFB21B48664402F1A8
:10903000384201FA07F747615663184E01FA03F305
:10904000B3614FF03846366A526BA4EB0C04B21A87
:10905000A24214D283614761022000F065FDA7E7B8
:1090600011F0C6FAA0EB0900504540F26A224FF019
:1090700045018CBF00200120FBF7A4FEA9E70222D6
:10908000024BDA60012388F8003091E700C001B894
:1090900044250020003E00B0002000B8001000B8B9
:1090A0000E290020000002B83F420F002DE9F04FCA
:1090B0004FF00C0A0027B54A054692F88D408846C5
:1090C0000AFB04F303F138431F6392F88C20B04B82
:1090D00087B0C3F8B4204FF40032AE4B46461A6155
:1090E0000222A3F58053DA604FF03843AA4A1B6A84
:1090F00092F82413AB46C9B2059192F829130134B2
:10910000C9B20491012104F0010482F8247382F8A9
:109110002973A21C0AFB04F4500001FA00F003F1C9
:10912000FF390290019004F13844A3EB0903002BAE
:1091300040F3FE800137022F63D9F4220D21002075
:10914000FBF740FE4FF080539449934A4B66059BD2
:10915000934C03F0F00382F82433049B03F0F003F4
:1091600082F82933894A4FF40033C4F86CB1C2E95C
:10917000219BC4F86461A2F8926000260B61844BC5
:10918000C3F8B4600C2392F88D205A4302F13842A0
:10919000166315F084FA334632464FF4807E276A10
:1091A000D4F864C003F110010901615801F0030112
:1091B000012910D10EFA03F111EA0C0F0BD104EBC7
:1091C0000316BD42D6F80C6100F2D980B54202D236
:1091D000B74280F0D7800133082BE3D1714D2C6862
:1091E000012C40F2E5803AB16849B1F88E30134362
:1091F000A1F88E30674B5A6607B0BDE8F04F15F006
:1092000049BA4FF0000B614E96F88D300AFB03F31C
:1092100003F13843C3F830B015F041FA4FF08051F4
:109220005E4B039059664FF0384396F88D201B6AC9
:1092300000920AFB02F203F1010902F13842C2F87E
:109240003490544A02331167C4F830B0029A636311
:10925000554B53485A61019AA3F580539A61016BAB
:109260008368DB0340F18880D6F88430F26FA9EB85
:109270000303A3FB022CD6F8803001F58071ACFB10
:109280000360A2FB03E39B19A1FB03E640F100008E
:1092900001FB0066B2EB0E026CEB0606120A42EA14
:1092A00006624244B2EB112F4FEA112603D3013379
:1092B00040F10000921B043E964228BF16463849F2
:1092C000324A8E6192F89120D1F820C0EB18D2B2C8
:1092D000896B40F10000654584BF02F1FF32D2B2D4
:1092E000B1F1FF3F0ED04FF0000E01F1010C994299
:1092F0007EEB000B08D20132B3EB0C03D2B260F16B
:109300000000F4E70244D2B29B462049244B02F00D
:10931000030281F89120C3F820B00222009B039839
:109320000AFB03F303F138431A63226315F0B2F921
:109330004FF038431B6A009315F0B1F91B490A69D5
:1093400022F004020A6130BF4FF08051019B164A9F
:10935000936102F5E03211670022102122630E4A68
:10936000C2F8841115F096F90D4A009B526E12F066
:10937000805F3FF4DAAEE5E64646AB46CDE7B54260
:10938000BFF426AF11438AB225E700BF003E00B00C
:109390000080035000D001B800E100E000E001B817
:1093A00000C001B8F0240020002000B800ED00E06B
:1093B00011490B78142B01BF0023104E0B70337032
:1093C0000B7801330B70002A3FF416AF0C4EB6F841
:1093D0008E301343A6F88E300A4B5A66074A13782C
:1093E0000133DBB2022B13707FF406AF002301348C
:1093F0002C600B701370FFE6102900200F2900204D
:10940000003E00B000D001B84FF00052014B1A608E
:10941000704700BF00E100E04FF00052034BC3F87B
:109420008020BFF34F8FBFF36F8F704700E100E0E4
:1094300037B50446FFF7AAF801213A20ECF7B2F855
:10944000E17822791B4841EA0243C0F8DC34E5792F
:10945000A37943EA0543C0F8E03423784BB18DF893
:10946000041004218DF805200DEB01000022E9F71E
:10947000BBFF63785BB10421A37900228DF804302F
:10948000E3790DEB01008DF80530E9F7ADFF2278A7
:1094900001235AB1084AC2F8D834627802233AB19B
:1094A000054A0020C2F8D83403B030BD034AF2E7C1
:1094B000024AF6E700C0035000D0035000E003501A
:1094C0000C4A10B5D2F84C3154680B4A0B499442FF
:1094D00001EA030106D103F4FE43B3F5807F08BF20
:1094E00041F4A061064811F02EF92146BDE8104074
:1094F00011F029B90080E00F14001501E0FFF01F02
:10950000CF13468B2DE9F84F044610B90020BDE873
:10951000F88F00F11703B3F5002FF7D21E4A00238E
:1095200090461E4F3D789D4218D800264FF0240AE1
:10953000FFF7C6FF216811F02CF9616811F029F9D5
:10954000D4F80C90B14511D123698342DED1062DA8
:1095500008D048F8254001353D7003E052F8041B5F
:10956000A14201D10120D2E70133DCE70AFB06F377
:10957000A26812EB030B0CD00BF12301B1F5002F05
:1095800007D2D15811F005F904220BEB020111F0BA
:10959000F5F80136D6E700BF8C2500201129002000
:1095A000F8B50B46002213F8044B944225D91D68E8
:1095B000854224D106245A791D79124B88181E68D9
:1095C00004FB0503104F33F8063C7B43B3420ED92E
:1095D00000238A5A7A43964202D804FB0300F8BD5E
:1095E0009D42FAD9013304FB03F2825AF2E740F2BA
:1095F00044423D210020FBF7E5FB0020EFE7083364
:109600000132D2E7A425002040420F0000202DE9BE
:10961000F84FA2FB018BC74EC74F18EB06069946C1
:109620006BF10003B74270EB030307D240F23E2216
:109630000E21FBF7C7FB0220BDE8F88FD9F814A074
:109640000C461546BAF1000F04D0DAF80030032BAF
:1096500000F21B81B94BBA4A9F6BA3F58043D3F844
:10966000EC30C7F314075E00B64B48BF47F4001751
:109670001B6ED2F8FCA058074EBF4FF440039B0569
:1096800003F0E0731F43B04BD3F8E430990748BFB1
:1096900047F0807747EA456713F006FF012D06463D
:1096A000C9D10028C7D0A94B984200F0FD8003F52E
:1096B000122303F5F863984200F05A81A44B9842B4
:1096C00000F0A781002502462B4600204FF00071D4
:1096D00001F080FF2B46013008FB03F3C7F31301B1
:1096E00000FB0B33A1FB0662A8FB008001FB0522F7
:1096F000034420339B09C9F80030F60C954B46EA29
:109700004236FA021C6058BF7642934B934D344464
:109710001E602C60BAF1000F00F00881FB014FF0D1
:1097200000038F49C7F381528A5C194648BF640819
:10973000002EB8BF764292066008C2FB06012246A0
:1097400001F048FFDAF800100E2908D97D4B7B4A5A
:10975000926BDE69D3F80C31F60600F12881C0F374
:10976000130017F40017C9F8040014BFC42040F216
:1097700007107C4ADAF81860A2FB04C24FEA5212C2
:1097800000FB02F24FF4FA73B2FBF6F218BF0027A7
:1097900002FB03F3A4FB00C0FA33A3FB063604FB71
:1097A00007006345864138BF0132D2B242F4006CF3
:1097B000C9F808C0002A00F0BB80DAF81C70A2FBD0
:1097C000070624B1B4FA84F30E2B40F3D880E303E8
:1097D000002E40F0D180B3FBF0F6700000FB0220B9
:1097E000A0FB07834FEA044EC6454FEA144474EBCE
:1097F000030309D352001044A7FB0083C64574EB52
:10980000030306F10106F6D2C6F30E034CEA033C4D
:109810004CF000630629C9F8083049D9DAF830302D
:10982000002B45D00023C9F80C30C9F8103013F0D4
:109830003BFEDAF83010FFF7B3FE044618B1837828
:10984000002B40F0CC8013F0EFFDDAF83010FFF77A
:10985000A7FE0446002869D08378002B66D04079A3
:109860004FF4AE62003818BF01203D21FBF7AAFA81
:10987000207940F2715200384FF03D0118BF0120AD
:10988000FBF7A0FA237962794BE0042BDAF8287011
:109890007FF402AFFB014CBF4FF4400307F0E073CD
:1098A00027F0E0771F43F7E600232F481D4613E714
:1098B00013F0FAFD2C68002C00F0AF80B4FA84F3AA
:1098C000D3F1020358BFDC40284B9C4288BF640898
:1098D000002875D0B4FBF0F3642100FB134201FBB8
:1098E00002F2904203F1FF3200F2A6805D085308B5
:1098F000013D1B0243EA0515C9F80C5013F09AFD0F
:10990000002800F09080B4FBF0F2642100FB1244C8
:1099100001FB04F4A04200F28D80531E52085B0844
:10992000013A1B0243EA0213C9F81030002083E613
:10993000212081E6006CCA88807C814A008001B8C1
:10994000004F00B0004001B8000002B800F049022A
:10995000005A6202AC250020A8250020A425002082
:10996000CCF70300D34D62100A3BB2DF3FBE402567
:10997000002335481D46AFE61046002630E7C3F108
:109980000F0E03F1110806FA08F820FA0EF040EA6B
:109990000800AEF1200826FA08F840EA080026FA86
:1099A0000EFE013004FA03F34EF1000610E702F454
:1099B000801203F400131A4308BFC0F58010CEE6EE
:1099C000631EA51E5B086D08013B2D0245EA0315C9
:1099D00040F2C2422B210020FBF7F4F98CE74079DA
:1099E00040F25552003818BF01203D21FBF7EAF93B
:1099F000207940F25652003818BF01203D21FBF774
:109A0000E1F9237962791B0243EA0213C9F80C30A9
:109A100019E700230D481D465EE66FF01F0500287C
:109A20007FF46AAFD4E740F2E5422B21FBF7CAF995
:109A3000621E72E71446FBE79D1E6D085308013B4A
:109A40002D0245EA031557E7313641DCD694BFD6DF
:109A500010B5044686B059B9214B4168D3F8FC30A3
:109A6000827A2048059300686B46FFF7CFFD694670
:109A70001D4B0A685A631A4BD3F8FC3033B34B685A
:109A800043B11A4B1A4AC3F80C214A68A3F5805314
:109A9000C3F80C218B6843B1144B164AC3F8EC2071
:109AA0008A68A3F58053C3F8EC20134AC868D2F83B
:109AB000743123F4EE630343C2F87431D2F86C318D
:109AC000096923F4EE630B43C2F86C31002022894C
:109AD0000A4B9A6203F5A033186406B010BD00BFAC
:109AE000004F00B094220020008001B8006001B84F
:109AF000FFFF0F00FFF8FF0F000002B8004000B8A2
:109B0000064B9A6E920607D55B6E002B4FF480438E
:109B1000B4BF034A034AD36400207047008000505A
:109B2000002002B8001002B8064B1A6C9207FCD451
:109B3000022240EA01205860034B1A640122034BC1
:109B40001A70704700C002B800D002B81229002075
:109B500040B10368012B05D90069034B002808BFF9
:109B60001846704700487047D4F7030010B590B10D
:109B70000468012C0FD902696AB11168094B102CD5
:109B8000196051685960916888BFD268996094BF24
:109B9000D960DA6010BD10220021024810F05CFF8D
:109BA000F8E700BFB4250020064B586E5B6AC0F38F
:109BB0000112000C02FB000003F01F0301331844E4
:109BC000704700BF004001B8084BC1171A68A2FBDC
:109BD000000302FB013310F1807043F10003400EDB
:109BE00040EAC310803820EAE0707047C4250020A6
:109BF0000722194B70B5DA63184B194A1D68194BC7
:109C0000EC08E005C0184FEA153141F100010023CE
:109C100001F0E0FC144B154E18601548FFF7D4FF17
:109C20004042C6F8DC0049F65800FFF7CDFFC6F801
:109C3000A8001048FEF78EFB024660B1E301500811
:109C400018184FEA15714FF0000341F1000101F0BF
:109C5000C1FCC6F8B40070BD000002B84425002065
:109C600065CD1D00B2E60E00C4250020003F00B007
:109C70007011010040420F0010B5044698B10B4B23
:109C8000D3F8FC00FFF772FF4FF47A7303FB04F084
:109C9000074BA0F57A60DA689B681044C01ABDE8EB
:109CA0001040FFF791BF49F64040F8E7004F00B081
:109CB000B42500202DE9F8430546084614461E4603
:109CC000FFF754FF05B306F0020716F004061DD196
:109CD000D7B14FF47A706B685843002B40F08C80FA
:109CE000FFF772FF20636B69002B00F08C804A4AFB
:109CF000D0684FF47A7202FB0300A0F5FA50FFF728
:109D000063FFE062002E58D1BDE8F883286900287F
:109D100069D04FF47A7358433F4BA0F57A609B6843
:109D2000C01AFFF751FFA062A88B00285ED04FF445
:109D30007A735843384BA0F57A609B68C01AFFF7D6
:109D400043FFE061354BE968D3F80080002950D02B
:109D50004FF47A735943304BA1F57A619A685B6886
:109D6000891AC91A2E4BC8171A68DFF8BC90A2FBD3
:109D7000011302FB003311F1807143F10003490E1E
:109D800041EAC3118039274B2162D3F8C4306362A2
:109D9000D9F8003053B1404610F07DFB30B1224677
:109DA000D9F800301C49D8F8D80098470021A86994
:109DB000FFF762FF6063002F8BD1A86830BB47F2CA
:109DC0003050FFF701FF60614FF47A702B68584301
:109DD0002BB1114B1B6803F51C5310331844FFF7CC
:109DE000F3FEA06190E749F640409AE749F640400B
:109DF000A5E749F64041B5E7074B1B6803F51C533F
:109E0000103318446CE747F2305078E74FF47A7318
:109E10005843A0F5FA50D4E7B4250020942200203E
:109E2000C4250020003F00B0B025002008B9FFF78E
:109E3000BBBE034881420CBF2F20BC20704700BF2F
:109E400048E8010038B5054608461C4610F0FAFB04
:109E50000246D5F8E400FFF77BFE4368A018002B0C
:109E6000044AA8BF4FF4FA721A44034B92FBF3F270
:109E7000104438BD0CFEFFFF18FCFFFF70B588B022
:109E80006D46124C0FCC0FC594E80F0085E80F000B
:109E9000D82200210E4810F0DFFDAC2200210D4831
:109EA00010F0DAFD202200210B4810F0D5FD10F053
:109EB00006FD0A4B1B783BB16D46044E0FCD0FC615
:109EC00095E80F0084E80F0008B070BDE03F00B0D7
:109ED0007C3E00B0543F00B0E04F00B001290020AC
:109EE000084BD3F84C31591C0AD05A0008D4064B01
:109EF0001878012804D9A0F1080358425841704746
:109F0000012070470080E00F8E2D002008B514F06E
:109F1000C6FB0E4B1A78A2B90D4A126812F4843FA0
:109F20000FD10C4A1021D1641B7863B9084B1B6810
:109F3000DB0508D4074B2022DA64BDE8084014F0A2
:109F4000A9BB054AEEE7044BF5E700BF182900203E
:109F5000A00D0020002002B8001002B80A4B1978AA
:109F600001F0FF0229B10021197008499202C1F8DD
:109F70000421597801F0FF0229B1002159709302A0
:109F8000024AC2F80831704713290020005000B877
:109F9000064BD3F8F00E064B5B6C1A0103D4054B4D
:109FA0009B6E1B0401D500F580707047003000B037
:109FB000000002B8004000B810B514F070FB0E218C
:109FC00004460320FEF7A4FC40F20122034B204686
:109FD000BDE81040DA6214F05DBB00BF004000B87D
:109FE00038B514F05CFB4FF00043244C0546C4F830
:109FF0008030BFF34F8FBFF36F8F0123C4F88430DD
:10A00000BFF34F8FBFF36F8F0223C4F88430BFF3C9
:10A010004F8FBFF36F8F0423C4F88430BFF34F8F8B
:10A02000BFF36F8F0823C4F88430BFF34F8FBFF3A3
:10A030006F8FFFF7F1F91023C4F88430BFF34F8F0F
:10A04000BFF36F8F2023C4F88430BFF34F8FBFF36B
:10A050006F8F4023C4F88430BFF34F8FBFF36F8FEF
:10A060004FF48063C4F88430BFF34F8FBFF36F8F1A
:10A070002846BDE8384014F00DBB00BF00E100E009
:10A0800038B514F00CFB05464FF000430A4C236032
:10A09000012363600423636008236360FFF7B4F95E
:10A0A0001023636020236360402363602846BDE87B
:10A0B000384014F0EFBA00BF00E100E0012370B5B2
:10A0C000074C2370074B1E68074B3240D3E90053FF
:10A0D00019402840FCF7D8F90023237070BD00BF59
:10A0E00016290020CC250020A00D00200022044BC2
:10A0F0001A70044B197811B11A70FFF707BF704737
:10A1000017290020182900202DE9F047DDF820A0AC
:10A1100003EA0108099B06460D4602EA000703EA26
:10A120000A09BAF1000F40F05281031F0B4300F0FF
:10A130001281052871F1000380F0E88050EA0103E4
:10A1400000F07881431E0B4300F02881FFF748FFA1
:10A15000B94AD2E9004323EA050324EA06043C4352
:10A1600043EA0807B54BC2E900471E6826EA0A061B
:10A1700046EA09061E60FFF7C9FE14F02A4F14BF15
:10A1800048F202034FF40043AD4AB007D26EAD4827
:10A1900048BF43F4005383EA020122EA0302C26685
:10A1A000A94A0B408166D366C4F38042120321039F
:10A1B00048BF42F48072E30648BF42F40052A34B0A
:10A1C000A50648BF42F400726006D3F80C3248BFBF
:10A1D00042F48062210648BF42F400629C4882EA51
:10A1E000030123EA0203C0F80C329A4B0A4017F429
:10A1F000007FC0F80812C3F80C22974B07F40072D6
:10A2000000F0048101224FF4802583F88820E304C4
:10A2100048BF45F48035A00348BF45F48015A10729
:10A2200048BF45F4001514F4001FDFF8688206D01B
:10A23000D8F8000010F065FB08B945F40025E202EB
:10A2400048BF45F40035FB06844B48BF45F4800504
:10A250001A6A834985EA020323F001031A400A625D
:10A260001D40CB617F4B16F0010F1D627E4B7F4A74
:10A2700018BF1A467E4B7D071B6F48BF42F0006235
:10A280007C4882EA030123EA020303677A4B0A400F
:10A2900041661A67794A04F00103926CA0F5803098
:10A2A00083EA020122EA03028264754A0B40416498
:10A2B0009364D8F80020200248BF724B92F8F62031
:10A2C00058BF714B610748BF43F4806322B114F457
:10A2D000C06F18BF43F4807332074FF03A42BDE8B5
:10A2E000F047D2F8181148BF43F0004383EA010257
:10A2F00022F4A02265481140C0F818111340C0F89C
:10A300001421634AC2F81831FFF7BABEA0F5806382
:10A310000B4306D020F48063A3F500730B437FF456
:10A3200015AF14F0BCF94449D1E9003223EA060321
:10A3300022EA050242EA08023B43C1E90032554ADB
:10A34000126892F8F610514A09B313F4C06F1ED088
:10A350004FF4807311E014F0A2F9374AD2E90031CA
:10A3600023F004033B4341EA080157EA0807C2E926
:10A3700000314FF48063454A0BD0C2F81431A2F586
:10A380008052C2F81831BDE8F04714F083B94FF499
:10A390008073C2F81831C2F81431F4E714F07FF971
:10A3A000254AD2E9003123F001033B4341EA080189
:10A3B000C2E900310123384A57EA08071BBF53643A
:10A3C000A2F580529364936408BF5364DBE750EABC
:10A3D00001037FF4BBAEBAF1010F7FF4B7AE14F006
:10A3E0005EF9164A136823F0010343EA0903136078
:10A3F0004FF480631F4AB9F1000F04D05366A2F5F1
:10A4000080521367BFE713675366BCE793F8881061
:10A4100071B183F88820214BD3F8A41003F50053C1
:10A42000C3F8A410C3F8A0104FF05023C3F8A42021
:10A430000025ECE6BDE8F087A00D0020CC2500202B
:10A44000004000B8006000B8005000B8004001B8FB
:10A45000006001B8005001B8003F00B0000002B831
:10A46000002002B8001002B8041C00030418000306
:10A4700000C001B800E001B800D001B800C000B8C9
:10A4800000D000B80D0A0A09090A0A09002000BA1A
:10A49000001000BA9422002000E000B800400050F4
:10A4A000024B5868C0F3C000704700BFA00D0020E9
:10A4B000024B186800F00100704700BFA00D00209B
:10A4C000024B5868C0F3C030704700BFA00D002099
:10A4D00010B50446FEF780F8FFF782FD2046FCF732
:10A4E00047FEFEF703F8FDF729FDFDF79BFDFFF79B
:10A4F0007FFB13490723134AD1F8FC1004F1F8003D
:10A50000FFF7D8FB4FF080710020FDF743FF4FF0BD
:10A5100000720D4B4FF400110120C3F80021FDF72C
:10A5200039FFFEF79DFA20B940F292321421FAF772
:10A5300049FC10F0C2F9BDE810400120FDF7C0BB96
:10A54000004F00B0A43F00B000D001B88023074AFC
:10A550001364082340B11364054AD2F8C83E23F0BF
:10A560002003C2F8C83E7047024AF4E7001002B860
:10A57000003000B0002002B810B514F090F80121AE
:10A5800004460020FFF7E2FF044B1961044B5B68AF
:10A5900098472046BDE8104014F07CB8000002B88F
:10A5A000302C00202DE9F04182B014460646FFF71A
:10A5B000A7FAFCF79DFA002800F0B5805E4B5D69B4
:10A5C00015F0060540F0AF8014F069F82379009586
:10A5D000022B05464ED1237B022B39D00320FDF7F9
:10A5E00051FE20B9554BDB685B0440F19E80A37B94
:10A5F00094F80C80003B18BF0123A2685049B8F1C1
:10A60000010F01920B7074D000234E4A4E4E13700E
:10A610003278002A79D10420FDF736FD0420464F18
:10A6200042467B6F0DEB000123F0F85323F4F8133F
:10A6300043F0506343F480337B670223FDF742FD10
:10A640000446002865D001213022404B3170DA6485
:10A650003F4E336898472128044604D10121002049
:10A66000736898470024284614F014F8204602B076
:10A67000BDE8F0810320FDF705FE002855D12279C1
:10A68000D6F80031012A226830D0D01A009000207C
:10A69000294B304A30495A679867637B2F4A23F029
:10A6A00040000028C3F380130B700CBF012300236C
:10A6B00013702B4B2A4AD3F8C83E4FF003000CBF4F
:10A6C00043F0200323F02003C2F8C83EFDF7DCFC72
:10A6D000194B244A03205A67694601232279FDF762
:10A6E000F1FC20B30122204B1A7074E79A42CDD3BB
:10A6F000CBE72379022B87D0009BD6F800114FF0CF
:10A7000000080B44134401937EE73370FFF7FEFB10
:10A7100081E70320FDF7B8FC28460E4A124B7A6702
:10A720001C7013F0B7FF0E24A0E72846F9E728466F
:10A7300013F0B0FF212499E700C001B8000002B86F
:10A740001B2900201729002018290020001002B81A
:10A75000302C002000000101192900201A290020B6
:10A76000003000B0010C0100152900202DE9F34153
:10A770000D460024074613F092FF214B0646204663
:10A78000DFF88C801C70FFF7E1FE1E4BC8F87430B8
:10A79000C8F878406879431E58425841FBF7CAFD13
:10A7A00040F60143C8F878302A792968012AD7F899
:10A7B000083101D1994200D3CC1A042303200DEBB8
:10A7C00003010194FDF77EFC50B988220E4B304600
:10A7D0001A6413F05FFF2124204602B0BDE8F08127
:10A7E0000A4D2B6898472128044604D101210020F6
:10A7F0006B6898470024304613F04CFFECE700BF2D
:10A800001529002000000101002002B8302C002092
:10A8100000C001B8F8B5194C0546207840F2E44272
:10A82000B0FA80F03E214009FAF7CCFA55B96078C9
:10A8300040F2E442BDE8F840B0FA80F03E21400921
:10A84000FAF7C0BA4FF440660D4F0E4DD7F80431F9
:10A8500040F2E442C3F381232370C5F804616078B9
:10A860003E21B0FA80F04009FAF7ACFAD7F8083187
:10A87000C3F381236370C5F80861F8BD1329002074
:10A88000004000B8006000B8F8B5084C084D236CD3
:10A890000423084F2B64236C5B0300D4F8BD04260B
:10A8A00002203E640FF0ABFE2E64F4E7000002B815
:10A8B000001002B8002002B8A82238B51A4B1D6C4F
:10A8C00003F500531A6410229A60A3F5804302F145
:10A8D00000521A675A66FFF741FB144B1B7813B9F5
:10A8E0000320FDF7D1FB0024114B9C67FFF7CCFF41
:10A8F000104A114BD2F8F01E0B40C2F8F03E042271
:10A900000E4B1A640E4BAA06C3F8D04008D503F5C7
:10A9100080739B6FB3F5817F22BF8022024B1A6147
:10A92000BDE83840FBF774BF000002B815290020CD
:10A9300000C001B8003000B0DF0000FF002002B806
:10A94000003E00B010B551B920B3154BDB681B0EAB
:10A9500013F00E0F1ED1134B1B6CD9071AD4FFF73F
:10A960002BFB0F4C0020FEF73FF8032801D00928ED
:10A9700005D1A36ADA07F5D4636CDB03F2D4FFF7E1
:10A9800083FF0122084B5A6102229A62042203F5D6
:10A9900080531A644FF4C062044BDA6210BD00BFEA
:10A9A000000002B800C002B8001002B8006001B890
:10A9B00008B503210920FDF7ABFF2022014B1A61E6
:10A9C00008BD00BF000002B80D4A10B5D2F8A03093
:10A9D000D2F8A4100B40B3F1804F0CD34FF040409D
:10A9E0000849094CC1F8A400D467C1F8A0004FF48D
:10A9F0008021064AD161034AC2F8A03010BD00BFD1
:10AA000000400050006000500000FF01001002B83C
:10AA100038B5054613F043FE0E4B04461868FCF7A4
:10AA2000D1FC35B1FFF762FB2046BDE8384013F09A
:10AA300031BE094B1B78002BF6D0084B1D78002D3A
:10AA4000F2D1FFF753FB2A464FF480400021FFF775
:10AA500035FBE9E794220020172900201629002061
:10AA60002DE9F84F584B06460D4614461B6C002A3C
:10AA700040F0A68013F0A00F14BF4FF001094FF073
:10AA80000009FBF7C5FEA0234FF0000ADFF858814C
:10AA90000320C8F84030FDF7F7FA0420FDF7F4FA78
:10AAA0004A4FFFF723FB4A4B4FF0040B7B67C7F875
:10AAB00078A0FFF7E9FE474B4FF48071D3F8C82E1A
:10AAC00042F02002C3F8C82EFF22C8F808203E4AF0
:10AAD0001161D3F8F02E40491140C3F8F01EC8F8B8
:10AAE00040B0C3F8D0AE7B6913F0060F04D0FDF779
:10AAF0005DFC5846FDF7C8FAB9F1000F08D04FF4D5
:10AB00000062364B1A644FF40042A3F5E0339A66B4
:10AB100066B1334BDB6C190701D4FFF74DFAFFF731
:10AB200047FF0420FDF7B0FAFFF718FA264B5A69E1
:10AB3000D20743D5DA6812F0706FFBD1294B2A4E49
:10AB40002A4A3364936E23F0F003936615B12046CE
:10AB5000FFF75EFFFFF7C4F908B1012373616CB31F
:10AB60001F4BDA6E03F500539A6603F5D0331B6A68
:10AB70001D4A23F00103D3611D4BD3F80C1203F5DA
:10AB80000053C3F8081203F50053D3F8841003F5FB
:10AB9000005399674FF03A43D3F8181103F5005367
:10ABA000C3F81411134B996C03F5005359641249FF
:10ABB00003F5803359664FF608431364BDE8F88FF8
:10ABC0004FF000095DE700BF000002B800C001B807
:10ABD00000000101003000B0DF0000FF001002B8EB
:10ABE000004000B810003000002002B8003F00B064
:10ABF000004001B800C000B85000002F9D4B2DE967
:10AC0000F04F9F6EDB6E85B01F409B4B9F664FF0F1
:10AC10003A43D3F81451D3F818311D40974BC3F879
:10AC20001451974BD3F80822D3F80C3202EA0309E7
:10AC3000944BC3F8089203F52043DA691B6A02EAD1
:10AC40000308914B08F47702DA61904BD3F80422A1
:10AC5000D20605D4D3F80431C3F30016DB0653D56E
:10AC600013F01DFD8A4B5A695E6E1B6F12F0060FC2
:10AC700006EA0306874A26F0007314BF4FF0010A64
:10AC80004FF0000A23F400637407536606D5824A26
:10AC900092F891300133DBB282F8913013F0FAFC74
:10ACA000002F00F0E48017F4004300F0D58013F08B
:10ACB000F6FC0146FFF76CF90446784BD3F800B078
:10ACC000DBF80020DBF800309A42FBD0DBF80020F4
:10ACD0009A42FBD0FFF75CF9A04217D1084613F067
:10ACE000D9FC6F4B1C606F4BD3F840B01BF4E052A3
:10ACF0000ED124F07F4424F0DF040CB9FFF7DCFD13
:10AD00004FF0807B002414E0B246C9E70446D7E741
:10AD10000192FFF7D1FD5C4B019A1BF480541A6439
:10AD200040F09C801BF4806F0CBF4FF0805B4FF0B5
:10AD3000806BB80715D55B4A5348126C02F460412A
:10AD40000164002900F08D80110400F18D8012F45F
:10AD5000005F0CBF4FF000524FF0006200244BEA3E
:10AD6000020BC7F340377F004F4A2A40002A4BD0DE
:10AD700015F4206F0AD040F6A31206210020FAF73E
:10AD800021F80020FFF744FE25F48025EB0506D5C9
:10AD9000FF213D4A4BF4C06B9160FFF70DF915F0B0
:10ADA000090F0BD040F6B81208210020FAF70AF874
:10ADB000FFF7FEFD4FF03A420121516315F0106F8D
:10ADC0000CD040F6C11209210020F9F7FBFFFFF774
:10ADD000EFFD002211461046FCF7C8FA15F4202FAB
:10ADE0000AD040F6C91207210020F9F7EBFF002036
:10ADF000FFF70EFE25F48025E80301D5FCF700FCE3
:10AE0000002DB8BF47F0080769070ED54FF03A424A
:10AE1000126B12F4005F4FF4005217BF1749234919
:10AE20000A634BF4000B08BF0A636A0548BF4BF086
:10AE3000040B15F48023019300F0A480FCF798FB29
:10AE40000138062834D8DFE810F01A011D011A0174
:10AE500020012301260126019B4653E74FF0804B3A
:10AE600050E74FF0007279E74FF0004276E7BB46BB
:10AE70003C4679E7004000B8006000B8002000BA06
:10AE8000004001B8006001B8002002B800E100E015
:10AE900000C001B800E001B8003E00B074F7030044
:10AEA000C8250020000002B8090B0B89001000BA69
:10AEB00040F6FA1203210020F9F784FF4FF03A40E0
:10AEC0000121D0F88C20D0F8AC3002F00702063215
:10AED00001FA02F2C3F30C0CA2EB0C0292B2072AA5
:10AEE00012D9774A126C53020ED4764BC26CC06EE4
:10AEF0005B6D5BB102F0070206329140C0F30C00BB
:10AF0000091A89B2072901D84BF4007B6E4A1278DE
:10AF1000002A37D04FF03A42D2F8142112F4A02F71
:10AF200030D16A4A6A4912789AB9F20411D40A787F
:10AF30007AB14FEADB02674842EA447282F00102CA
:10AF4000D0F8F00E02F00102520020FA02F293074C
:10AF500018D10420FDF798F85F4A60485067FFF762
:10AF6000C5F85B490A784AB95D4A127832B15D4A40
:10AF70005D4912680BEA02020A4201D14BF4804B90
:10AF800026F48056B9F1000F1DD019F4805F18BF68
:10AF90004BF4802B19F4807F18BF4BF4002B19F46D
:10AFA000005F18BF4BF0100B19F4007F18BF4BF077
:10AFB000200B19F4806F18BF4BF0400B19F4006F91
:10AFC00018BF4BF0800BB8F1000F3AD018F4802F67
:10AFD00018BF44F4007418F4803F18BF4BF4805B32
:10AFE00018F4801F18BF4BF4003B18F4001F18BF63
:10AFF0004BF0020B18F4003F18BF4BF4801B18F401
:10B00000800F18BF44F0100418F4002F19D0314AF3
:10B01000D2F8C82E12F0C00F13D02949CA68C2F363
:10B020000362032A01D0072A05D14A6CD00602D454
:10B030008A6C110732D54FF400212C4A28F40028DD
:10B04000D161002E00F01881320540F18A80284835
:10B05000DFF88490C2782749002A51D04FF400636A
:10B06000013AD2B24B66C27032B9234A1278C2B1E9
:10B0700040F60141214A5167002200216EE04BF465
:10B08000803B1BE74BF4006B18E74BF4806B15E734
:10B090004BF4807B12E74BF0080B0FE74BF4001BDF
:10B0A000CFE7D9F8782012F4A05F15BF4FF4807273
:10B0B00040F60142C9F85820C9F87820DCE700BF03
:10B0C000000002B8004000B818290020172900200D
:10B0D0001A290020003000B000C001B800000101B2
:10B0E00019290020A00D0020088D0100002002B8C1
:10B0F0000529002000E001B81529002000D001B882
:10B100000320FCF7C1FFD9F81420A34B12F0060F5F
:10B1100004BF41F61F72A149A14808BF4A674FF416
:10B1200000619E4A5166D9F8142012F0060208BF49
:10B13000C9F87820B3F88E2012F400615DD022F4B3
:10B140000062A3F88E20027802F0FF09002A58D18D
:10B15000FDF72CF9FFF7B0FB4A4620214BEA020B22
:10B160000C43B30009D52E20FCF7C4FE4FF000516C
:10B170008A4A44F0080411675166F00606D52B2070
:10B18000FCF7B8FE1021854A1167516616F0306F42
:10B1900005D1F1045DD5BAF1000F00F0A7803201AE
:10B1A00011D52920FCF7A6FEFFF77AF948B17D4AB0
:10B1B0007D487A494A66026700F54050C0684304FA
:10B1C00022D444F0040416F0007A28D00420FCF7BE
:10B1D0005BFF2720FCF78EFEFFF76EFB4FF0007140
:10B1E0006E4A5166714AD2F8F01E490678D4704A08
:10B1F0000221916044F0020428E002784FF40052EA
:10B20000ACE74FF4004238E70A6720204A66FCF7B3
:10B2100071FE2D2044F00C04FCF76CFED3E716F011
:10B22000807FDFF8909146D00420FCF72DFF282086
:10B23000FCF760FED9F87820002A39D1FFF73CFBF3
:10B24000564A584944F00104116751660021594A91
:10B250009165320405D5584A126890474BEA000BB5
:10B260000C43730508D555498A78002A00F08E8072
:10B27000013A8A70002217433A4658462146FEF7A3
:10B280001DFF019B0BB1FCF7A9F901224C4B05F006
:10B290000435C3F814514B4B18F4002FC3F8842124
:10B2A0001EBF4FF40022424BDA6105B0BDE8F08FBB
:10B2B000C9F878A0C4E7F004C8D50420FCF7E4FE80
:10B2C000414AC9F87420FDF771F8D9F8642012F0EA
:10B2D000407FBBD12A20FCF70DFEFFF7EDFA81E796
:10B2E000D2F8C82E930685D4384A81E733490A79C3
:10B2F00052B1013AD2B20A7112B92B4A344951679C
:10B3000000224BEA020BA4E70420FCF7BDFE032059
:10B31000FCF7BAFE274A2C49516713F0C0F9814661
:10B320000DF10F00FDF760FB2A4A824612780AB140
:10B33000FEF742FEBAF1030F0ED1DFF8A0A0002005
:10B34000FDF752FB032807D1DAF82820D007F6D4FE
:10B35000DAF84420D103F2D49DF80F20032A06D155
:10B3600001211D4A4846117013F094F9C8E74FF0C7
:10B370003A42D2F8142112F4A02FF1D1FEF7B6FE12
:10B38000484613F087F94FF48042BAE70220FCF7F1
:10B390007BFE01226FE700BF003E00B000E001B875
:10B3A000152900201000002000D001B8003000B0A6
:10B3B000002002B800C001B8442C0020052900205C
:10B3C000002000BA00E100E000000101001002B816
:10B3D0000000010D1B29002017290020000002B8E1
:10B3E0000122024B1A62DA61704700BF002002B8E6
:10B3F000094A08B5D369116A0B40084923F47F0054
:10B40000DB07C86106D5D1684FF0FF30C1F3036197
:10B410000FF05EFA08BD00BF000002B8002002B8BD
:10B420000C4A08B5536C926C13400B4A5364DB070B
:10B430000FD50A4B40F663421878122100F0010044
:10B44000F9F7C0FCBDE80840002201200021FEF70A
:10B4500035BE08BD00C000B800E000B8A00D002057
:10B4600070B5174D2C6C6B6C1C40164B24F002020F
:10B47000E1071A6405D540F6CA4200202968F9F7A9
:10B48000A1FCA2071AD502220E4B1A646B68DBB22C
:10B49000A3B9FCF725FF04460D460B4ED6F8F4334E
:10B4A000DB060BD5FCF71CFF02460B46204629465F
:10B4B000FCF7D8FD652871F10001EFD370BD00BF26
:10B4C000008002B800A002B8000002B838B50B4CEA
:10B4D0000B4DD4F88430DB0706D4A36FD4F8842056
:10B4E0001340084A936738BDD5F804311A06F0D5E1
:10B4F000FFF7B6FF8023C5F88431EAE7008001B882
:10B5000000E100E000A001B838B514460D4613F084
:10B51000C6F8064BD3F8C82E54402C405440C3F80C
:10B52000C84EBDE8384013F0B5B800BF003000B0D9
:10B53000034BD3F8C83E99430CBF0120002070474D
:10B54000003000B01E4BD3F8C83E13F001001ED0EF
:10B550001C4B93F84C001C4A40F08073C2F8CC306E
:10B560004FF480131949C1F8B430A1F58051C1F8E6
:10B57000B830D2F80C31DBB2FF2B1FD0984294BF09
:10B580000020012040F621623C21F9F71BBC1A067D
:10B59000E1D40F4A92F84B1121B1DB0602D592F8A3
:10B5A0004801D8E74FF480120020084B0649C3F841
:10B5B000B820C1F8CC00C3F8B42070470120E1E7FF
:10B5C000003000B0003F00B0004000B8006000B89C
:10B5D000003E00B053B94AB9002908BF00281CBF7B
:10B5E0004FF0FF314FF0FF3000F082B9ADF1080CA1
:10B5F0006DE904CE00F006F8DDF804E0DDE9022391
:10B6000004B070472DE9F04F099D0C46002B4DD139
:10B610008A420F4684469646B2FA82F360D94BB10D
:10B6200002FA03FEC3F120029F4000FA03FC20FA55
:10B6300002F217434FEA1E461FFA8EF44FEA1C42ED
:10B64000B7FBF6F106FB117701FB04F042EA074273
:10B65000904208D91EEB020201F1FF3702D290425C
:10B6600000F231813946121A1FFA8CFCB2FBF6F057
:10B6700006FB102200FB04F44CEA024C644508D996
:10B680001EEB0C0C00F1FF3202D2644500F21E8169
:10B69000104640EA0140ACEB040C002125B12CFA25
:10B6A00003F30022C5E90032BDE8F08F8B4205D9D3
:10B6B0000DB1C5E9000100210846F5E7B3FA83F1B1
:10B6C00000294DD1A342C0F0F380904280F0F08079
:10B6D000064623460846002DE6D0C5E90063E3E7A9
:10B6E000002B40F0A3808A1A4FEA1E471FFA8EF6FD
:10B6F0000121B2FBF7F407FB14204FEA1C4242EA97
:10B70000004206FB04F090420FD91EEB020204F146
:10B71000FF382CBF4FF001094FF00009904203D9C8
:10B72000B9F1000F00F0CC804446121A1FFA8CFCCD
:10B73000B2FBF7F007FB102200FB06F64CEA024CC6
:10B74000664508D91EEB0C0C00F1FF3202D26645AB
:10B7500000F2B3801046ACEB060C40EA04409DE7D3
:10B76000C1F120068B4004FA01FE22FA06F720FA06
:10B7700006FCF4408A401F434EEA0C0300FA01FE27
:10B780004FEA17484FEA13491FFA87FCB4FBF8F059
:10B7900008FB104449EA044400FB0CF9A1450ED90A
:10B7A0003C1900F1FF3A2CBF4FF0010B4FF0000B9A
:10B7B000A14503D9BBF1000F00F08B805046A4EBEC
:10B7C00009041FFA83F9B4FBF8F308FB134403FBE5
:10B7D0000CFC49EA0444A44506D93C1903F1FF389E
:10B7E00001D2A4457BD8434643EA0040A4EB0C04B5
:10B7F000A0FB02984445CC46434602D306D1CE4531
:10B8000004D20138B9EB020C68EB0703002D6CD0B1
:10B81000BEEB0C0264EB030422FA01F304FA06F611
:10B82000CC4000211E43C5E900643DE702FA03FE57
:10B83000C3F1200104FA03F200FA03FCCC404FEA02
:10B840001E4720FA01F11FFA8EF6B4FBF7F00A4307
:10B8500007FB1044110C41EA044100FB06F48C4242
:10B860000ED91EEB010100F1FF382CBF4FF001098A
:10B870004FF000098C4202D9B9F1000F2CD040469C
:10B88000091B92B2B1FBF7F407FB141142EA014223
:10B8900004FB06F1914207D91EEB020204F1FF38C6
:10B8A00001D291421ED84446521A44EA004120E790
:10B8B000861A64EB030301200DE7F44402384AE7DB
:10B8C000023C724431E702397244CCE6F444023857
:10B8D000DFE602383C4472E702387144D0E7023BAD
:10B8E0003C4481E7023C7244DEE72946DCE600BFC7
:10B8F000704700BF08B5064B044613B10021AFF3F3
:10B900000080044B1B6803B19847204605F09AFE5F
:10B9100000000000082700202DE9F7431D46574B83
:10B9200004460E461F68904627B13B6A13B9384655
:10B9300000F032F9B8F1020F06D0B8F1010F00F2B1
:10B940009980002DC0F29680636ED90705D4A38933
:10B950009A0502D4A06D0FF088F8214638460FF002
:10B96000B1F9616B41B104F14403994202D0384608
:10B9700006F028FB002363630023A3616360A389AF
:10B980001B0603D52169384606F01CFBA389B8F1D4
:10B99000020F23F44A6323F00303A38160D001ABB9
:10B9A0006A46214638460EF0CCFFA3891843A08191
:10B9B0002DBB009D284600F06FFA0646002851D1A5
:10B9C000DDF80090A9453FD14FF0FF35B4F90C30B8
:10B9D00043F00202A2810022A26004F14702226029
:10B9E000226101226261626ED60704D4980502D4F6
:10B9F000A06D0FF03BF8284603B0BDE8F083002EA1
:10BA0000D8D03B6A13B9384600F0C6F8B8F1010F38
:10BA1000266002BFA38943F00103A381B4F90C306F
:10BA200013F00802C4E904651ED0D90745BF0022FF
:10BA30006D42A560A26048BFA561626ED20701D4C5
:10BA40009B0513D50025D6E7484600F025FA0646A3
:10BA50000028B9D0A3894D4643F08003A381D0E7E5
:10BA60000025B3E7A946F5E7A260E6E7A06D0EF072
:10BA7000FDFFE7E74FF0FF35BDE700BF6C2C00206E
:10BA8000002310B504468360818119464366C28154
:10BA900008228361C0E90033C0E904335C300EF052
:10BAA000DBFF0D4B246263620C4BA3620C4BE36221
:10BAB0000C4B23630C4B9C4206D003F1680294426A
:10BAC00002D0D0339C4205D104F15800BDE81040AB
:10BAD0000EF0CABF10BD00BF15AD030037AD0300A7
:10BAE0006FAD030093AD0300D0250020024A034947
:10BAF00003480EF008BF00BF602C0020C5AC030057
:10BB0000702C002041680C4B994210B5044601D0BE
:10BB10000FF0D8F8A168094B994202D020460FF0E7
:10BB2000D1F8E168064B994204D02046BDE81040A8
:10BB30000FF0C8B810BD00BFD02500203826002067
:10BB4000A026002010B50B4B04210B4C0B4A2046BD
:10BB50001A600022FFF794FF04F168000122092116
:10BB6000FFF78EFF04F1D00002221221BDE8104041
:10BB7000FFF786BF08270020D0250020EDBA02007D
:10BB800001480EF072BF00BF1C29002001480EF0D2
:10BB90006DBF00BF1C29002010B50446FFF7F0FF61
:10BBA000236A1BB1BDE81040FFF7F0BF044B2362CE
:10BBB000044B1B68002BF5D1FFF7C4FFF2E700BF71
:10BBC00005BB0200082700200B460349024608680F
:10BBD000816800F049B800BF6C2C002038B5002304
:10BBE000064D0446084611462B6005F02CFD431C0B
:10BBF00002D12B6803B1236038BD00BF0C270020A1
:10BC000038B50023054D044608462B6005F020FD9D
:10BC1000431C02D12B6803B1236038BD0C270020E0
:10BC200070B50D4D00260D4C641BA410A64209D121
:10BC30000B4D00260B4C12F033FF641BA410A642E0
:10BC400005D170BD55F8043B01369847EEE755F82D
:10BC5000043B01369847F2E7942D0020942D0020F4
:10BC6000942D0020982D00202DE9F04F0D469DB019
:10BC700014469846064618B1036A0BB9FFF78CFFC5
:10BC80006B6ED90705D4AB899A0502D4A86D0EF066
:10BC9000ECFEAB891B0701D52B699BB929463046C1
:10BCA00000F02EFA70B16B6EDC0704D54FF0FF3058
:10BCB0001DB0BDE8F08FAB899805F7D4A86D0EF0E4
:10BCC000D5FEF3E70023CDF80C804FF00109DFF833
:10BCD000B481099320238DF8293030238DF82A3040
:10BCE00023469A4613F8012B0AB1252AF9D1BAEB5B
:10BCF000040B0BD05B462246294630460EF0DBFE95
:10BD0000013000F0A780099A5A4409929AF800304D
:10BD1000002B00F09F8000234FF0FF320AF1010A50
:10BD2000049307938DF853301A93CDE905235446B5
:10BD30000522544814F8011B0FF06DF8049AD8B985
:10BD4000D10644BF20238DF85330130744BF2B2363
:10BD50008DF853309AF800302A2B15D0079A5446A4
:10BD600000204FF00A0C214611F8013B303B092B13
:10BD70004BD9B0B1079214E0A0EB0803A24609FA30
:10BD800003F313430493D2E7039B191D1B68002B95
:10BD90000391BBBF5B4242F0020207930793B8BF17
:10BDA000049223782E2B0AD163782A2B32D1039B5D
:10BDB00002341A1D1B6843EAE37303920593DFF80C
:10BDC000D4A00322217850460FF025F838B1A0EB1B
:10BDD0000A004022049B013482401343049314F868
:10BDE000011B062228488DF828100FF014F80028AF
:10BDF0003FD0264B1BBB039B073323F007030833BD
:10BE00000393099B3B4409936AE70CFB02320C46FF
:10BE10000120A8E7002301344FF00A0C19460593CE
:10BE2000204610F8012B303A092A03D9002BC6D03E
:10BE30000591C4E70CFB012104460123F0E703ABA5
:10BE40002A4604A930460093114BAFF30080074601
:10BE5000781CD6D16B6ED90705D4AB899A0502D46C
:10BE6000A86D0EF003FEAB895B063FF51FAF099886
:10BE70001EE703AB2A4604A930460093044B00F0AA
:10BE800013F8E4E7302704003A270400000000001C
:10BE9000B7AA030036270400024B0146186806F0D3
:10BEA0008EB800BF6C2C00202DE9FF470F7E914615
:10BEB00080460C46782F9A460C9E01F1430207D823
:10BEC000622F0AD8002F00F0DD80582F00F0C380C9
:10BED00004F1420684F842703AE0A7F16303152B9F
:10BEE000F6D801A151F823F041BF020055BF02006E
:10BEF000D1BE0200D1BE0200D1BE0200D1BE0200FE
:10BF000055BF0200D1BE0200D1BE0200D1BE020068
:10BF1000D1BE02006BC00200E3BF020023C00200DA
:10BF2000D1BE0200D1BE02008DC00200D1BE02000F
:10BF3000E3BF0200D1BE0200D1BE02002BC002004E
:10BF400033681A1D1B68326004F1420684F84230DF
:10BF50000123A8E031682368081D30601E0601D562
:10BF60000D6803E05D06FBD5B1F90050002D616856
:10BF700078DA2D200029A16084F843002DDA6D4283
:10BF80005D480A231646B5FBF3F103FB1157C75D65
:10BF900006F8017D2F460D46BB42F4D9082B0BD184
:10BFA0002368DF0708D5236961689942DEBF302323
:10BFB00006F8013C06F1FF36921B22614B4603AAAC
:10BFC00021464046CDF800A00EF087FD01306FD12C
:10BFD0004FF0FF3004B0BDE8F08723F00403236086
:10BFE000CDE721683368080653F8045B02D449069C
:10BFF00048BFADB26F2F33603F4814BF0A230823F8
:10C00000002184F843106668002EA660BADB216820
:10C0100021F004012160002DB4D1002EB2D11646CA
:10C02000BCE7236843F02003236078273348236864
:10C0300084F845701F06316851F8045B02D45F062E
:10C0400048BFADB23160D90744BF43F0200323603D
:10C050001DB11023D4E72848E9E7236823F0200323
:10C060002360F6E724480A23CDE733682568181DC6
:10C07000616930602E061B6801D5196002E0680610
:10C08000FBD5198000231646236197E7336800210A
:10C090001A1D32601E68626830460EF0BCFE08B1A0
:10C0A000801B606063682361002384F8433085E768
:10C0B0002369324649464046D047013088D023683C
:10C0C0009B0714D4E068039B9842B8BF184681E7E9
:10C0D0000123324649464046D04701303FF478AF0D
:10C0E0000135E36803995B1AAB42F1DCEAE700250E
:10C0F00004F11906F5E700BF4127040052270400A8
:10C1000038B5294B05460C46186818B1036A0BB9B7
:10C11000FFF742FDB4F90C30190722D4DA0607D430
:10C1200009222A6043F040034FF0FF30A38133E03F
:10C13000580712D5616B41B104F14403994202D012
:10C14000284605F03FFF00236363A38923F02403FF
:10C15000A3810023636023692360A38943F008035C
:10C16000A38123694BB9A38903F42073B3F5007F3E
:10C1700003D0214628460EF009FCB4F90C3013F028
:10C1800001020AD00022A26062695242A2612269C1
:10C1900042B913F08000C5D138BD990758BF626914
:10C1A000A260F4E70020F7E76C2C002038B50023EC
:10C1B000054D044608462B6005F042FA431C02D1A7
:10C1C0002B6803B1236038BD0C27002038B5044626
:10C1D000064D0846114600222A601A4605F03AFA32
:10C1E000431C02D12B6803B1236038BD0C2700200B
:10C1F00038B50446064D0846114600222A601A4604
:10C2000005F02AFA431C02D12B6803B1236038BD24
:10C210000C27002038B50446064D0846114600227A
:10C220002A601A4605F026FA431C02D12B6803B196
:10C23000236038BD0C270020094A5168C84390FA92
:10C24000A0F048B1B0FA80F0042805DC0123834057
:10C250000B43536040B270474FF0FF30704700BF50
:10C26000382700200021034B28220348C3E900118E
:10C270000EF0F2BB382700201027002038B5054605
:10C28000FFF7DAFF04460448294600EBC4000EF02D
:10C2900037FE204638BD00BF10270020C3B2042B54
:10C2A00010B515D804230B4A03EBC003134453E81D
:10C2B000002F0A4343E80024002CF8D1012206494C
:10C2C000824051E8003F134341E800300028F8D194
:10C2D00010BD00BF1027002038270020F7B54FF011
:10C2E000040C01260827184A1849194D106800B394
:10C2F0000B7806FA03F420421DD0E04352E8004FC9
:10C30000044042E8004EBEF1000FF7D117FB03C313
:10C310002B4453E8000F43E800E4002CF9D10190CE
:10C3200048B1087801AA0B4905EBC0000EF020FEC9
:10C33000012003B0F0BD0B78506883422EBF00236C
:10C340000133DBB20B70D1E7382700201D29002014
:10C350001027002078563412024B1868003818BF96
:10C36000012070473827002038B505460C4612F0EA
:10C370009FF9084B1B6853B1D3E9042395429C41B4
:10C380002CBF0124002412F08EF9204638BD1C4633
:10C39000F9E700BF502700202DE9F0414FF0FF34AE
:10C3A00025460746884612F083F9144B1E68A6B945
:10C3B00012F079F9B5F1FF3F08BFB4F1FF3F08D0A3
:10C3C000BC4275EB080316D3E71B65EB08083C4637
:10C3D000454620462946BDE8F0817269D6E9033119
:10C3E0005B1842F10002A34272EB05013CBF1C4600
:10C3F00015467668DBE734463546EAE750270020E5
:10C400002DE9F74F109F0E46DDE90CA915469DF862
:10C410003CB008B1026882B93FB129463046B847FE
:10C4200040F2034003B0BDE8F08F002DF8D0002E9D
:10C43000F6DB28460FF08AF9F2E7019012F038F99E
:10C440008046584600F0EEF90446404612F02BF9BB
:10C45000019B8CB947B129463046B8470320314685
:10C4600000F0C4FB1A20DDE7002DF7D0002EF5DB2D
:10C4700028460FF06BF9F1E7256200252360DFF80D
:10C4800080800E9BC4E906A9A660E360A762D8F885
:10C49000003084F824B0656098471AEB000649EB39
:10C4A000010912F005F9144B0746D3F800E0C4E97E
:10C4B000046972462AB1D2E90401864279EB01018E
:10C4C00011D2A5B9C4F804E01C600C4B1C682CB157
:10C4D000D8F800309847FFF75FFFA047384612F0C2
:10C4E000E2F800209EE7516815460A46E2E76A68CE
:10C4F00062606C60E9E700BF502700204027002001
:10C50000482700202DE9F74F4FF0000881460D46DF
:10C5100092461E4612F0CCF84746DFF87CB00190F8
:10C52000DBF800408CB9B8F1000F08D0184B1C683C
:10C530002CB1184B1B689847FFF72EFFA0470198B6
:10C5400003B0BDE8F04F12F0AEB822684A4511D1F1
:10C550002DB1A268296822F000428A420AD126B988
:10C56000626857B9CBF8002008E05146206AB0470E
:10C570000028F5D027466468D4E77A60D4F80480B0
:10C5800020460EF069FC44464FF00108CAE700BFA0
:10C59000402700204827002050270020014B18602A
:10C5A000704700BF4027002070B50E460949044679
:10C5B0000846154605F09BFA0023074A3021136010
:10C5C000064A05201660064A15602246BDE87040FE
:10C5D00000F0C2B86327040050270020482700203D
:10C5E0004427002070B50446164618460022002352
:10C5F00086B0CDE904230B4B0D461B6813B92120EF
:10C6000006B070BD04A998470028F8D1DDE90423DD
:10C610000290CDE900232946324620460EF056FC12
:10C62000EEE700BF44270020F8B5054610200F466E
:10C63000164600F0F1FA044601461022074805F0BC
:10C640005BFA44B101230020E3602B68C4E9017662
:10C6500023602C60F8BD1A20FCE700BF63270400AC
:10C660002DE9F84F814688460027DFF8B4A0294E0F
:10C6700048464146FFF778FED8B912F019F8264B24
:10C6800006461B689847FFF787FE05460C464FB1E4
:10C69000B1F1FF3F08BFB0F1FF3F03D01F4B1B6854
:10C6A00003B19847304611F0FEFF28462146BDE809
:10C6B000F88F11F0FDFFDAF8004084B16368CAF822
:10C6C000003011F0F0FFA368346033F000430AD16A
:10C6D00030680EF0C1FB002301273360C8E711F07A
:10C6E000E2FF3460C4E72368002BF1D01D68002D01
:10C6F000EED0A26832F00043EAD0D5E9007B236A8D
:10C700002168A868D8470028E2D1002FE0D03D4634
:10C71000EFE700BF4C2700204827002040270020DB
:10C7200050270020F8B504460D4611F0C1FF094B13
:10C730001B684BB1D3E90667C4E90067DB682B606F
:10C74000BDE8F84011F0AFBF00260027C4E900673C
:10C75000F5E700BF4C2700202DE9F0474FF6FC78A5
:10C76000002416461B4F03311B4B07EB001501EA53
:10C7700008084FEA001A1B686A80814627F80A8079
:10C7800002FB08F0EC60984718FB06F39BB20246E8
:10C7900068602B81D8B11149284651F8291005F05D
:10C7A000A8F921462A8968680EF056F921462346E1
:10C7B0009E4204DC002057447E80BDE8F0876A6812
:10C7C000E868541850500133EC604144F0E71A20F7
:10C7D000F3E700BF401C0020542700202428040059
:10C7E00038B5094C04EB00156B682BB1284605F0F1
:10C7F00082F968680EF0AAFF2846BDE8384010228A
:10C8000000210EF029B900BF401C0020034B02019B
:10C81000C3E90010002102480EF01EB95427002081
:10C82000401C002038B5094B020103EB0015EC68F1
:10C83000284621469A5A05F05FF924B12368EB6037
:10C840006B88013B6B80204638BD00BF401C002038
:10C85000024B03EB00139878704700BF401C002088
:10C8600030B4064C04EB0013DD685A880D600132C9
:10C87000184630BCD9605A8005F03FB9401C0020F2
:10C88000044A010102EB0013505A10B11B89B3FB9B
:10C89000F0F07047401C00200020124B10B51870BB
:10C8A000114B124C1860124B206018706060A06031
:10C8B000FFF7E6FF80B2A0F10E036380A0F114033E
:10C8C000013060810B49201DE38005F010F92046FE
:10C8D000094905F00CF904F108000849BDE81040C9
:10C8E00005F005B91F29002074270020FA27002031
:10C8F0001E29002058280400612804006B28040029
:10C9000070B5044680B311F0D3FE637905466FF32A
:10C9100082036371237913F0100605D0102323716D
:10C92000BDE8704011F0BFBE104903F0030331F8B9
:10C9300023203046013A21F823202146FFF790FFBB
:10C940000B4B0C4E1C681CB90A4B28461C70E7E7C1
:10C95000237A1BB933781BB92468F4E7012BFBD188
:10C96000204663689847F7E770BD00BFFA270020AC
:10C97000742700201F29002010B5044611F098FEEE
:10C98000034B1A6822601C60BDE8104011F08BBE9A
:10C990007427002010B5064B00F0E0001A78541CF4
:10C9A0001C70044B03F8320003EBC203596010BD46
:10C9B0001E2900205C2700200022F8B50E4C0F49EC
:10C9C0002378934214D951F83260551C86424FEABD
:10C9D000C2070ED15E1E0A48B21AD20007F1080142
:10C9E00001449D4288BF002238440EF01BF8267097
:10C9F000F8BD2A46E5E700BF1E2900206027002079
:10CA00005C2700202DE9F04F0446460789B048BF57
:10CA100000F0F7040492029111F04AFE604E04F017
:10CA2000030706EB870336F827205B8881469A4286
:10CA300004F0EF0A4FEA870830D20020FFF7F2FE39
:10CA4000054638B336F827304846013326F82730F4
:10CA500011F029FE28460EF015FD029B029AAB71DB
:10CA6000049B85F804A01344EB7111F021FE80466D
:10CA70004C4B1C68002C40F08B80404611F013FE9C
:10CA800006EB87004522294605F036F8284609B00E
:10CA9000BDE8F08F01224846434B1A7011F003FEA7
:10CAA00025071DD51F2C1BD904F0E003B0440393C8
:10CAB00011F0FEFDB8F8023036F827904FF0000B69
:10CAC00099452CBF00230123DFF8E480019311F086
:10CAD000EAFD06EB87030593344B1B789B4508D38F
:10CAE00084F004005146C0F3800000F07FF8002578
:10CAF000C6E798F80030039A1A4204D0D8F8049098
:10CB0000D9F8003023B90BF1010B08F10808E3E76D
:10CB100007935A79D00708D51A79510705D5019995
:10CB200041B98AEA0202920704D099461B68002B99
:10CB3000EFD1E5E748460EF00BFB0579079007A813
:10CB40000EF0E8FA2946002000F050F811F0B0FD90
:10CB5000059B36F827205B8805469A4234BF01239F
:10CB60000023019309D20020FFF75CFE079058B123
:10CB700036F82730013326F82730284611F093FD88
:10CB8000079D002DBCD065E70122074B1A70F4E722
:10CB9000237A012B02D1204663689847246869E70D
:10CBA000FA270020742700201F2900201E290020BA
:10CBB0005C2700200022014B1A6070477827002074
:10CBC00010B5044611F074FD074A13682BB91460C0
:10CBD0002360BDE8104011F066BDA34202D01A46A2
:10CBE0001B68F3E710BD00BF7827002070B505462D
:10CBF0000E46054B1C6804B970BD63683146284673
:10CC000098472468F7E700BF7827002001490846C5
:10CC100004F06DBF78280400012838BF012038B522
:10CC2000C41C24F00304204605F092F80546014692
:10CC30002246084804F060FF2DB921460220FFF784
:10CC4000D5FF284638BD2246002128460DF004FFB6
:10CC5000F7E700BF7828040010B5064C237823B905
:10CC6000ECF7E2FE18B901232370002010BD40F25A
:10CC70000740FBE72029002038B50B4B04461B7802
:10CC80000D464BB12146284606F0CBFA002840F26B
:10CC9000074008BF002038BD04490548FFF7DCFF06
:10CCA0000028EFD0F7E700BF20290020EFBEADDE5F
:10CCB000BEBAFECA436A70B55904044616D4154A72
:10CCC00003F4004392F82620012A10D1826A9204CC
:10CCD0000DD4002B00F101010CBF532014200AF0E9
:10CCE0001BFB18B9636A43F00803636270BD002B35
:10CCF000FCD1094D661C29463046F4F70BFF00288D
:10CD0000F4D12B68C4F80130AB88A4F80530AB79B6
:10CD1000E371E7E7AC210020B72100202DE9F041C5
:10CD20001E4E3071C0B3334600224821EBF7CCFBD6
:10CD300038B905464FF0480807463379AB4202DC64
:10CD40000020BDE8F0813468002108FB054414226E
:10CD5000A76104F134000DF07FFEA0224FF4A07310
:10CD6000C4E90723072304F1100084F83130E77386
:10CD7000E7710EF0CFF904F114000EF0CBF9204664
:10CD80000EF0EAFC40F20113E3857F23A76284F8EA
:10CD9000323067620135D0E73060D1E77C27002070
:10CDA000084A03461179814209D9106840B103EB62
:10CDB000C30300EBC300406A00F00100704700208D
:10CDC000704700BF7C27002038B504460D46FFF7AA
:10CDD000E7FF034640B10020044B04EBC4041B688A
:10CDE00003EBC4032B6038BD2120FBE77C27002028
:10CDF0002DE9F04F0446344A93B0106851680FABE8
:10CE000003C3906812AA1860E37B94F82E7002EBBB
:10CE1000430333F80C1C636A94F82F60DA0444D49B
:10CE20000126374641F0100194F80E80C3F34049C3
:10CE30005B0348BF49F002098BB288F00808012F54
:10CE400094F800A094F831500B9304F1080BD4E946
:10CE50000723C8F3C00894F9324005D0022F03D04D
:10CE6000042F14BF00270327012E05D0022E03D064
:10CE7000042E14BF002603265046CDE90C230EF0E5
:10CE80000FFDDDE90C230121CDE90760CDE900515B
:10CE90005046CDE90547CDE903B90B99CDF8088097
:10CEA00000F0FEFC13B0BDE8F08FA26A950648BF03
:10CEB00041F02001500648BF41F04001DA0348BF6D
:10CEC00041F00401B0E700BF8228040037B50446F2
:10CED00048B104782046FFF763FF10B9002003B083
:10CEE00030BD0134E4B2074D2B79A342F6D9204678
:10CEF00001A9FFF769FF08B90198F0E70134E4B22E
:10CF0000F2E700BF7C2700202DE9F04F054600F135
:10CF1000100A87B0504605F1140B0C4617460EF068
:10CF2000F9F858460EF0F6F800200EF0B7FA06466B
:10CF3000002800F00381012F40F2726818BF4FF003
:10CF40001F08012C60D0022C0CBF062404240221EF
:10CF500030460EF00BFC012130460EF007FC214656
:10CF600030460EF003FC30460EF059F9012384B22E
:10CF7000A8EB04010A22009389B242F60723304647
:10CF80000EF044FC04230444A4B2A8EB0401009373
:10CF9000122242F60423304689B20EF037FC0719FC
:10CFA000BFB2A8EB0709B9F1010F04962EDC0024EB
:10CFB000644F97F82630002B00F0A08050460EF00A
:10CFC000A9F86B6A2E6143F080026A62DB0400F10B
:10CFD000A78097F82600002840F0A2800EF05EFAA5
:10CFE0000590002800F09C8041460EF0CAFB002806
:10CFF00000F0A0805846059C0EF08CF86B6A6C61BE
:10D0000043F480736B628BE00524A0E700200EF0F0
:10D0100045FA05900028CAD00221F5F7F1F8A8F1E9
:10D020000204E41BA4B28442074611D224F0010199
:10D030008BB2411A05A803930EF093F9039B1F4688
:10D0400002233FB90598E0B905A80EF063F8AEE7F2
:10D050000323F6E7791C0498C9B203930EF086FB0C
:10D06000039B049819460EF081FB059904A80EF065
:10D07000F1F900200EF012FA0590002832D0E41BDE
:10D08000A4B2022C38BF0224A31E9BB20F2B30D9AE
:10D0900010210393F5F7B4F8039B044683421ED294
:10D0A00023F00F018BB2411A05A803930EF059F932
:10D0B000039B1C460623611C0498C9B203930EF01F
:10D0C00055FB039B049819460EF050FB059904A8E4
:10D0D0000EF0C0F9BB1C1C44A4B23FB968E740B1D4
:10D0E0000723E8E705A80EF015F83C460234A4B281
:10D0F0005EE705A80EF00EF83C46EEE7A9EB04014A
:10D1000089B230460EF03DFB044650460EF002F860
:10D110006B6A2E6143F080026A62002C3FF456AFC6
:10D12000686A10F010000AD0284607B0BDE8F04F3A
:10D130000EF0F1BB05A80DF0EDFFF1E71A2007B0E6
:10D14000BDE8F08FAC21002070B5144B054619796D
:10D1500018680023994201DC1A201AE0426AD607B7
:10D1600018D490F83940640714D4DCB203460C4953
:10D1700003F8014BD1F80B6042F00902C0F80160DE
:10D18000B1F80F60497C9E8099714262FFF730FED2
:10D190002C7070BD01334830DCE700BF7C270020D5
:10D1A000AC2100208378F7B5122B0D4632D10B68E5
:10D1B00001A99A790C3213441E79DF783046FFF7C3
:10D1C00003FE88B9019C636A23F0100363628FB980
:10D1D0003146A069621C104B00F06CF922223946DE
:10D1E0000D48A7610DF038FC284603B0BDE8F040BB
:10D1F0000DF090BF20460EF0AFFA636A5A0603D5D1
:10D2000023F040036362EFE7304604F13401F6F7A0
:10D210009FFAE9E703B0F0BDD421002073B5144DA7
:10D22000144C2A68236802F0400103F002030B4308
:10D230001BD093064CBF0126A67AF4F705FC019695
:10D24000837983F00803C3F3C0030093E388A288C3
:10D25000217A607A00F0E0FA40B9236823F00203F3
:10D2600023602B6823F040032B60002002B070BDC8
:10D27000AC2100208427002001210020054BA3F1D0
:10D280000802C3E9000043F8081C4FF01013517264
:10D29000536070478C270020014B187B704700BFFC
:10D2A00084270020024BD87A003818BF012070472D
:10D2B0008427002070B51F4D2B68590707D5002122
:10D2C000084600F0CFFA2B6823F004032B601A4EB7
:10D2D0002B68326803F0080302F00202134310D0F7
:10D2E000F4F7B2FB83791A071FD5F6F7ADF80446B9
:10D2F000C8B92B6823F008032B60336823F00203BE
:10D300003360FFF78BFF044668B9EB7A5BB12B689B
:10D310005B0708D40121084600F0A4FA40B92B6845
:10D3200043F004032B60204670BDF6F771F8DEE78A
:10D330000446F8E784270020AC210020032805D10B
:10D340000A4A136843F00803136008E0012808D173
:10D35000064BDA7A42B11A6842F008021A60FFF707
:10D36000A9BF10F0FD0FEBD00020704784270020EC
:10D37000A0F11B03E02B10B5044618D8042142F29B
:10D3800024000CF02FF86FF06F0343714223A0F8D4
:10D39000034083710748EEF74DFB0CF051F84079DC
:10D3A00020B10CF04DF8407940F4805010BD2120A0
:10D3B000FCE700BFA152030037B504460D460EF04E
:10D3C0002BFC6988204609F02DFE6A7E2B7E2046C4
:10D3D00043EA0223A4F862306A7F2B7F43EA0223E8
:10D3E000A4F86430EA7EAB7E43EA0223A4F86630F8
:10D3F0001B23A4F86C302D4B5A8B9B8BA4F8682010
:10D40000A4F86A30022384F872300CF0A5FA2046A2
:10D410000EF0FBFC94F87330022B15D100F06CFB7E
:10D4200070B194F9753001330AD105212046A36803
:10D4300043F48053A36003B0BDE830400EF041BC1C
:10D440000021204609F0F1FD00212046F4F7B2FB4F
:10D450004FF6FF73288C984225D000F0C7F900944E
:10D4600000F0B2F96A46ADF8040040F20621104817
:10D470000DF07EFD002240F2022120460DF034FD29
:10D480002046F4F75DFA20460EF0CBFC2046F6F776
:10D49000F3F8A368012123F480432046A3600EF033
:10D4A00014FC03B030BD0020D9E700BFAC21002040
:10D4B000A8210020F7B504460F46164668465A795B
:10D4C000991D1D46F4F704FB2CB969463046F4F764
:10D4D00037F90446A0B140F2032384F87670A4F82B
:10D4E000723033682946C4F85A30B3882046A4F80D
:10D4F0005E30B37984F86030FFF75EFF03B0F0BDB3
:10D50000032140F206400BF06DFF6B88A0F803305A
:10D510000D2343710148EEF78DFAEFE785510300C3
:10D5200007B590F870304FF4887101AA03488DF860
:10D5300004300DF01DFD03B05DF804FBA8210020B0
:10D540002DE9FF4103780446302B0E4639D006D82A
:10D55000052B25D0082B41D004B0BDE8F0813E2B2F
:10D56000FAD183780C2B4BD8022BF5D9033B092B2E
:10D57000F2D801A252F823F011D6020051D70200CE
:10D5800059D5020059D50200E9D6020059D502004A
:10D5900059D5020059D5020059D502003DD70200E5
:10D5A000B0F80300F4F70AF928B1617909B141F440
:10D5B00080510EF00AFB304604B0BDE8F0410DF09A
:10D5C000A9BDB0F80300F4F7F9F80028F3D0A1786A
:10D5D00009B141F480510EF051FBECE7B0F80300C3
:10D5E000F4F7ECF80028E6D0627990F8743022B1B4
:10D5F00043F0010380F87430E9E703F0FE03F9E734
:10D60000212B00F0BA80292B1FD0202BD3D0A3E7E9
:10D610008088F4F7D3F80028CDD0E278002ACAD168
:10D62000E179A27942EA0122A0F86220E17AA27AA5
:10D6300042EA0122A0F86420227A617A42EA0122B9
:10D64000A0F86620F4F77CF9B5E7C778851C3C2F75
:10D6500002D10EF09EFAAEE790F80680B8F1000F06
:10D6600023D1564A146AC2F82080CFB129462046F9
:10D6700047F480570EF0D0FAE76084F8728040F2E9
:10D680000121204601AACDE901470DF071FCA368F4
:10D69000414643F480632046A360F4F7DBF88AE751
:10D6A00029462046FFF788FE85E74FF6FF73408C3A
:10D6B00098420BD000F09AF840B1F4F7C5F92B4628
:10D6C0000246FF210020FFF7F5FE74E72B463C4A97
:10D6D0002234154618685968083303C5A3422A4600
:10D6E000F7D11B882B8066E7B0F80300F4F766F8E3
:10D6F00000283FF460AF40F20911B4F8053090F80B
:10D700007020A0F86C308DF80420ADF80630227A35
:10D71000E37943EA0223ADF80830A27A637A43EA58
:10D720000223ADF80A30227BE37A43EA0223ADF804
:10D730000C3001AA23480DF01BFC3CE78088F4F76D
:10D740003DF800283FF437AFA179F4F71BF932E731
:10D750008088F4F733F800283FF42DAF90F870304C
:10D760000E218DF80430D4F8063001AACDF805302A
:10D77000D4F80A30CDF80930DCE78088F4F71EF8D9
:10D7800000283FF418AF90F870304FF403718DF813
:10D790000430E37801AA8DF80530A3798DF80630BE
:10D7A000E3798DF80730237A8DF80830637A8DF8A5
:10D7B0000930A37A8DF80A30BCE700BFAC21002005
:10D7C000D4210020A821002050B11422064B1B6850
:10D7D000C31AB3FBF2F3007C40EA032080B2704727
:10D7E0004FF6FF70704700BFBC2C0020024609496D
:10D7F0000B7A0968FF2B01D10020704703EB8303EC
:10D8000001EB830031F82330C3F30B039342F4D0D0
:10D81000437CEFE7BC2C0020F8B507460E4642F2E9
:10D820004100082115461C460BF0DCFD9DF8183020
:10D830004771C3709DF81C3086710371A0F80750C2
:10D84000A0F809400648EEF7F5F80BF0F9FD40792D
:10D8500020B10BF0F5FD407940F48050F8BD00BFD9
:10D8600035BB010038B505460C4642F242000621A0
:10D870000BF0B8FD0023C57043718371C37103724F
:10D8800004710648EEF7D6F80BF0DAFD407920B1C6
:10D890000BF0D6FD407940F4805038BD9DBB0100AF
:10D8A0002DE9F041154606460F4642F23600192191
:10D8B0001C46DDF824800BF095FD2B0AC371230A6A
:10D8C00083729DF81830857103739DF81C30447283
:10D8D00043739DF820302D0C240CC6708780057290
:10D8E000C4728373D8F80030C0F80F30B8F8043031
:10D8F0008676A0F813309DF8283043759DF92C30BA
:10D9000083759DF83030C375002303769DF834305D
:10D9100043769DF83830C3760648EEF78BF80BF067
:10D920008FFD407920B10BF08BFD407940F48050A1
:10D93000BDE8F0813DBC010038B505460C464FF608
:10D94000194005210BF04EFDC57044600548EEF707
:10D9500071F80BF075FD407918B1BDE838400EF054
:10D96000D5B938BDAD4E030038B505460C464FF667
:10D970001A4005210BF036FDC57044600548EEF7EE
:10D9800059F80BF05DFD407918B1BDE838400EF054
:10D99000BDB938BDDD4E030070B50D460646012108
:10D9A000DAB1FFF7C9FF0446A8B9072142F23500F2
:10D9B0000BF018FDC6702B684360AB8803810848E4
:10D9C000EEF738F80BF03CFD437923B10BF038FD4E
:10D9D000447944F48054204670BDFFF7C5FFE2E768
:10D9E000195003000A4610B50421044642F23700DC
:10D9F0000BF003FD032303710023C4704371837193
:10DA00000548EEF717F80BF01BFD407918B1BDE89B
:10DA100010400EF07BB910BD0D4F03000A4610B543
:10DA20000421044642F238000BF0E7FC03230371A3
:10DA30000023C470437183710548EDF7FBFF0BF0C1
:10DA4000FFFC407918B1BDE810400EF05FB910BD81
:10DA5000594F0300F8B506460F4642F23900062139
:10DA600014461D460BF0BEFC01238471240A037189
:10DA7000C7704671C47105720548EDF7DBFF0BF006
:10DA8000DFFC407918B1BDE8F8400EF03FB9F8BDB1
:10DA9000A54F03000C4B01461A789AB95B689B07A7
:10DAA00010D490F97520013218BF012291F852303C
:10DAB00013F0400005D091F8600010F0400018BF4E
:10DAC000D0B270470122F1E794270020024B58683A
:10DAD00000F00200704700BF94270020024B5868F6
:10DAE00000F00800704700BF94270020014B1B681E
:10DAF000184700BFC82C002008B509F03AF80128E3
:10DB000009BF034B0020586800F0100008BD00BF9B
:10DB10009427002007B502460846042802F00101B8
:10DB200013D9B1B903200C4B5A6002F08003019362
:10DB300002F04003009302F0200302F0040200F020
:10DB4000ABFB002003B05DF804FB0029EBD00328F9
:10DB5000E9D12120F6E700BF9427002038B50D4910
:10DB60000D48FFF779F80446054688B90B4B0C4A77
:10DB70001A600C4A5A600C4A9A600C4ADA6000F04B
:10DB8000F7FB032104462846FFF7C4FF084B1D702E
:10DB9000204638BDEFBEADDEBEBAFECAC82C00209E
:10DBA0008DE20200E1C10300D9E20200E9FA0200BD
:10DBB0009427002038B504460320FFF72DF80546CA
:10DBC000D0B194F87030037094F8753043702046EB
:10DBD000F3F7A8FE2A46A87040F2026107480DF04C
:10DBE00083F9074B2046DB680121984794F97500BB
:10DBF000BDE83840F2F78ABF38BD00BFA821002039
:10DC0000C82C002070B5054608200E46FFF704F822
:10DC1000044680B195F8703000210370064B4660D1
:10DC2000DB68284698472246BDE8704040F2016113
:10DC300002480DF059B970BDC82C0020A821002061
:10DC400038B5054608200C46FEF7E6FF024638B117
:10DC5000C0E90054BDE838400D2102480DF044B938
:10DC600038BD00BFA821002038B5054608200C4665
:10DC7000FEF7D2FF024650B195F8703040F20561D0
:10DC8000037044600248BDE838400DF02DB938BD3E
:10DC9000A821002013B504460191114612B301A931
:10DCA0000420FEF7E9FF019B104A2046B3FBF2F186
:10DCB00002FB113345F218020021019301AB0EF073
:10DCC000FAF90820FEF7A8FF024648B194F8703030
:10DCD00040F204610370019B436005480DF004F9B4
:10DCE00002B010BD45F2180201ABE8E740420F0058
:10DCF000A821002010B504460120FEF78DFF024642
:10DD000048B194F8703040F203610370BDE81040F0
:10DD100001480DF0E9B810BDA821002038B505462E
:10DD200008200C46FEF778FF024650B195F8703097
:10DD300040F20761037044600248BDE838400DF0CE
:10DD4000D3B838BDA8210020014B5B68184700BF3D
:10DD5000C82C002010B50F4C2368D3B10022D3F893
:10DD6000A0001A7783F83D2083F85E2004F0C4FFFA
:10DD70002068442160300DF0DFFC206821211D3037
:10DD80000DF0DAFC20682121BDE810403E300DF096
:10DD9000D3BC10BDA0270020F0B5062087B0E8F75F
:10DDA0009DFE0DF0D1FC054640B901461A20FFF753
:10DDB00047FF6FF08C04204607B0F0BD2F4E30684F
:10DDC00004F09AFF044640B110F1880F05D00146D7
:10DDD00040F20740FFF734FFEDE708F0CAFE0328E2
:10DDE000074622D10024346003F02FFB0002686054
:10DDF0006C6140F2011128460EF05AF8204B69463A
:10DE0000EB60204B2B6000230093EBF7D9FD044619
:10DE1000E0B1014640F20740FFF712FF284605F047
:10DE2000E4FA28460DF092FCC5E732686B686A6137
:10DE3000DAB222B923F0FF0343F001036B6003F071
:10DE400004FB000240F001006860D2E7032FE5D137
:10DE500001AB102202A9009804F0B9FF102104467A
:10DE600002A80DF05BFC02A910200DF072FC10213D
:10DE700002A80DF061FC009B3360CFE79C270020D7
:10DE80000044400400248000FF282DE9F84316BF19
:10DE90001C4D1D4B45EA002581464FF00600884683
:10DEA000174608BF1D68E8F719FE0DF04DFC064641
:10DEB00018B30146284604F044FF0446304605F0F6
:10DEC00094FA30460DF042FC14F1880F0FD1B9F1ED
:10DED000FF0F0ED1FFF760FF044660B90A4B1D68C3
:10DEE0000020C8F8005007B13C60BDE8F883002C62
:10DEF000F6D02120F7E70025F2E71A206FF08C0416
:10DF0000F1E700BF068004009C2700202DE9F041C6
:10DF10008AB006AC884615460346264600F110072F
:10DF2000224618685968083303C2BB421446F7D129
:10DF3000102130460DF0F2FB002306200593E8F790
:10DF4000CDFD0DF001FC044610B310274FF4807195
:10DF50000DF0AEFF194B1A49036005ABC1603246A4
:10DF600028460293CDE900873B46EBF785FC054642
:10DF7000F0B9394640460DF0D1FB394630460DF038
:10DF8000DBFB204605F031FA20460DF0DFFB0BE00D
:10DF90006FF08C0140F20740FFF752FE102130462F
:10DFA0000DF0CAFB6FF08C0528460AB0BDE8F08181
:10DFB000014640F20740FFF743FEDEE70024800001
:10DFC000004440042DE9FF410546062088461646D8
:10DFD000E8F784FD0DF0B8FB044648B901461A2065
:10DFE000FFF72EFE6FF08C05284604B0BDE8F081E7
:10DFF00003F02BFA2A466D4600232F46000260608C
:10E000006361204606F580710DF052FF144BE3600A
:10E01000144B236002F110032E4610685168083239
:10E0200003C69A423546F7D1102138460DF076FBEB
:10E03000434610223946204604F04EFF054620B1E3
:10E04000014640F20740FFF7FBFD102138460DF076
:10E0500073FB204605F0C9F920460DF077FBC3E7B6
:10E0600000444004002480002DE9F0434FF00009F3
:10E0700087B0044606200E4617469846CDE9049917
:10E08000E8F72CFD0DF060FB054670B303F0DDF9F9
:10E0900000024FF480516860C5F8149028460DF0D6
:10E0A00007FFDFF874901B4B21462B601022C5F848
:10E0B0000C9004AB04F010FF044628BB05AB0293A0
:10E0C00010233246CDE9008349463B46049805F0CB
:10E0D0002EF80446C0B9049804F00EFE284605F058
:10E0E00084F928460DF032FB0AE06FF08C0140F213
:10E0F0000740FFF7A5FD049804F0FEFD6FF08C04C7
:10E10000204607B0BDE8F083214640F20740FFF704
:10E1100097FDE0E7002480000002C003F0B50E4642
:10E120000446154693B02022304643490CF06AFC61
:10E1300068B92022284641490CF064FC38B9404BAC
:10E140001B681B7D002B64D040F203401BE0246C55
:10E150002022304604F151010CF054FC38B9202241
:10E16000284604F171010CF04DFC0028ECD006208B
:10E17000E8F7B4FC0DF0E8FA044630B901461A207D
:10E18000FFF75EFD1A2013B0F0BD0027009703F0E3
:10E190005CF9000260604FF48041204667610DF039
:10E1A00087FE284B3046E360274B06F120022360B0
:10E1B00004238DF804300DF1050350F8041B904240
:10E1C00043F8041BF9D10DF1050020210DF0A6FA4A
:10E1D00028460DF1250305F1200250F8041B90425A
:10E1E00043F8041BF9D120210DF125000DF096FA1A
:10E1F00001A96B464122204604F06EFE014650B94B
:10E20000204605F0F2F820460DF0A0FA009804F040
:10E2100073FD0020B7E710F1870F03D040F20740ED
:10E22000FFF70EFD204605F0E0F820460DF08EFACF
:10E23000009804F061FD87E7A0290400802904000C
:10E24000A0270020000002091241000100F0C003D5
:10E25000402B07D1094B1B6873B100F03F0053F806
:10E2600020007047802B01D1054BF4E7054A064892
:10E27000C02B08BF1046704703487047A8270020EE
:10E28000A4270020E3C203007DE70200014B1B68C6
:10E29000187A7047A0270020003918BF0121003BE1
:10E2A00018BF012310B50B4C003A246818BF012297
:10E2B000A3749DF808302070003B18BF0123E3745D
:10E2C0009DF80C302174003B18BF01236274237544
:10E2D00010BD00BFA027002001280AD002280ED0C0
:10E2E00098B90B4B1A68936943F0010300209361BE
:10E2F0007047074B1A68936943F00203F6E7044B33
:10E300001A68936943F00403F0E72120704700BFC7
:10E31000A027002038B5094D2C6854B9A4200DF071
:10E3200013FA286038B1224605490648FEF77CF901
:10E3300038BD0020FCE71A20FAE700BFA027002024
:10E34000FFBE0300AC270020024B034A00201A60E6
:10E35000704700BFA82700203C290400024B034A55
:10E3600000201A60704700BFA42700201429040071
:10E3700010B5144CFFF7EEFC2068A4210DF0DCF979
:10E3800003224FF0FF3123681A70D9600022102158
:10E390001A7783F83D2083F85E201A829A741972E6
:10E3A0009A61EBF741FB044648B908F0E2FB032809
:10E3B000054B08BF00232046044A136010BD40F2FD
:10E3C0000740FBE7A0270020370004009C2700201F
:10E3D0002DE9F04383680446590687B040F1B180C7
:10E3E00023F0400383600DF02BFE802802D04028EC
:10E3F00040F0AA8094F9758004F13409B8F1FF3F28
:10E400001DD108F0B6FB012871D1636B04201A8876
:10E410008DF808201A4632F8021B090A8DF80910F7
:10E42000D3F8023002A9CDF80A3053680A22CDF899
:10E430000E30F2F7F9FAB0F1FF3F804657D0A568E9
:10E4400015F4807553D10620E8F748FB0DF07CF9F0
:10E45000074698B901461A20FFF7F2FB204641F221
:10E460000601FFF7CFFB20460021F5F709F804F17C
:10E47000340007B0BDE8F0430DF032BE20460DF089
:10E48000DFFD802828D1494D394645EA0825284630
:10E4900004F057FC0646384604F0A7FF16F1880F33
:10E4A0001BD1434D394645EA0825284604F049FC6E
:10E4B0000646384604F099FF38460DF047F996B9FC
:10E4C000606B2A4602A90A30FFF720FD70B31021C5
:10E4D00002A80DF031F9C1E72E4620460DF0B0FD3F
:10E4E0004028E9D1DDE7314640F20740B4E794F82F
:10E4F0007430DA0702D4A368DB05AFD5002201A986
:10E5000004F118000192FFF75DFD18B1019804F0C5
:10E51000F3FBA3E7606B019A02A90A30FFF7F6FC50
:10E520000546019804F0E8FB002DD0D1204602A951
:10E53000F4F7A6FF02A810210DF0FEF848460DF0F2
:10E54000CFFD07B0BDE8F083636B1A88002A85D140
:10E55000882801D04B2881D10021013313F8012FE5
:10E56000002A7FF47BAF01310829F7D1206C01A983
:10E5700000F598700192FFF725FD0028C6D1606B69
:10E58000019A02A90A30FFF7C1FC0546019804F080
:10E59000B3FB002D9BD1204602A9F4F771FF02A81E
:10E5A00010210DF0C9F804F13400C8E7058004001B
:10E5B000038004002DE9F043804693B006200F4607
:10E5C00016469946E8F78AFA0DF0BEF8044648B9AF
:10E5D00001461A20FFF734FB6FF08C05284613B074
:10E5E000BDE8F08302F031FF002300026060636148
:10E5F0004FF4804120460DF05BFC5A4BE3605A4BD0
:10E6000023605A4B1A68137F022B21D102F1600359
:10E6100002F1800153F8040B8B4247F8040BF9D147
:10E6200002F1A00153F8040B8B4246F8040BF9D118
:10E63000D2F8A0302046C9F8003004F0D6FE2046BB
:10E640000DF084F8B8F1000F40F085800025C5E793
:10E650009369DB072DD5464B03F1200253F8041BC9
:10E66000934247F8041BF9D1424B03F1200253F8BF
:10E67000041B934246F8041BF9D14B4620223E4925
:10E68000204604F029FC0546204604F0AEFE204654
:10E690000DF05CF8002DD5D0294640F20740FFF779
:10E6A000CFFAB8F1000F99D0082140460DF0F7FDE0
:10E6B00094E74946EBF784F9054690B1014640F2EC
:10E6C0000740FFF7BDFAB8F1000F03D0082140461C
:10E6D0000DF0E5FD204604F088FE20460DF036F8EA
:10E6E0007CE76B46412201A9D9F8000004F0C9FB80
:10E6F0000546204604F079FE20460DF027F84DB17E
:10E70000294640F20740FFF79BFAD9F8000004F0D1
:10E71000F3FAC6E73A460DF105030DF1250153F86A
:10E72000040B8B4242F8040BF9D132460DF145013E
:10E7300053F8040B8B4242F8040BF9D101A8412194
:10E740000CF0FAFF384620210CF0E8FF202130467B
:10E750000CF0E4FF76E7002245F2160140460DF08A
:10E760009AFC73E70000020912710001A027002043
:10E770008E280400AF280400C029040045F20603D7
:10E78000994210B5044637D01FD840F2032399426E
:10E7900007D045F2020399423FD040F2012399424B
:10E7A0001FD1244894F870100CF075FB94F8733066
:10E7B0004FF4A041012B14BF80204020FFF746FDFD
:10E7C00000220346204698470BE045F21703994282
:10E7D0002ED045F21A03994205D045F20C03994216
:10E7E0001FD0482007E0C0210DF03AFC0721204649
:10E7F000FFF708FA002010BD93791A44517C41F4C8
:10E800009051FFF7FFF994F873302046012B14BFA5
:10E81000802140210DF024FCECE705210DF03FFDA7
:10E82000E8E70DF00DFC4128E4D005212046F5E78E
:10E830000220E0E7AC270020B1F5A04F2DE9F04120
:10E840000446164600F01481A1F5A043DD1F042DF7
:10E8500000F215819279083B0C321644026C92F852
:10E860005021032B05D8DFE813F043009B00B900CB
:10E870000001D10719D5771D1022394682480CF0C6
:10E88000C1F8002862D008F074F90128206C0ED17C
:10E8900003213A4690F95E01F2F764F8102105462B
:10E8A00038460CF049FF002D4CD100276BE03B4669
:10E8B0001022032190F95E0108F05DF994F873309D
:10E8C0000546012B0DD13B4604F11802153653F8CD
:10E8D000041BB34242F8041BF9D1A36843F48073CC
:10E8E000A360102138460CF027FF002DDDD011E089
:10E8F00012F00107D9D008F03CF901282DD1236C82
:10E90000062093F95E81E8F7E9F80CF01DFF054653
:10E9100018B91A250021284612E001465B4840EA52
:10E92000082004F00EFA8046284604F05EFD2846D2
:10E930000CF00CFFB8F1000F0FD0414640F2074039
:10E94000FFF77EF9082120460DF0A9FC204608219A
:10E950000DF0A5FC40F2034020E0206C06F1050814
:10E9600043460A22022190F95E0108F004F9D6F824
:10E9700005300546A362D6F80930E362B6F80D30DB
:10E9800023860028C6D1226C92F8503123EA07036F
:10E9900082F8503120460DF040FD0020BDE8F081A6
:10E9A000920782D508F0E5F8012806F10506206CEB
:10E9B00009D10621324690F95E01F1F7D3FF10210B
:10E9C000054630466DE706213346102290F95E0178
:10E9D00008F0D1F810210546304684E793077FF50B
:10E9E00064AF08F0C6F801281AD1236C062093F909
:10E9F0005E71E8F773F80CF0A7FE0546002888D092
:10EA00000146234840EA072004F09BF907462846C0
:10EA100004F0EBFC28460CF099FE0FB139468DE767
:10EA2000717989B90A46731D13F8010F60B9013273
:10EA3000062AF9D194F85210206C81F0080104F1F3
:10EA40004C03C1F3C00106E000394FF0060218BFC5
:10EA50000121206CB31D90F95E0108F08CF8054689
:10EA600000287FF457AF02278DE702F004078AE7FA
:10EA70000DF052FA0022236C83F85C218AE7BDE88E
:10EA8000F041FFF77BBE00BF702904000380040043
:10EA900006800400F0B5B1F5A04F05468DB008D052
:10EAA00045F21304A14244D00DB0BDE8F040FFF799
:10EAB00065BE0023046CCDE90833CDE90A3394F830
:10EAC0005D310DF1200C042B2CD11F4B1B6893F8EA
:10EAD0005E205AB1674603F13E024E333E4610684F
:10EAE0005168083203C69A423746F7D104F5847359
:10EAF000069305F15303059305F15A030493237913
:10EB000028460393637904F1C8020293A37904F1C0
:10EB1000F801CDE900C304F1B8030DF0F5FE0020C3
:10EB20000DB0F0BD013B022B9CBFD4F82C310893F3
:10EB3000DCE7016C01F584710DF00AFA4A212846E0
:10EB40000DF08EFAEBE700BFA0270020F0B545F2EC
:10EB50000E06B142044613468DB00BD045F21303A6
:10EB6000994260D0B1F5A04F77D10DF0D5F90020D2
:10EB70000DB0F0BD9979026C0C310B44591D02F5B2
:10EB80008C72153351F8040B994242F8040BF9D1F9
:10EB9000256C102205F58C7105F584700BF032FFA1
:10EBA00020B90B2120460DF07AFBE0E70023CDE9E8
:10EBB0000833CDE90A3395F85D310DF1200C042BB3
:10EBC0002AD1284B1B6893F83D205AB1674603F1C0
:10EBD0001D022D333E4610685168083203C69A4222
:10EBE0003746F7D105F5A073069304F15A03059350
:10EBF00004F153030493EB7A204603932B7B05F136
:10EC0000B80202936B7B05F1F801CDE900C305F171
:10EC1000C8030DF079FEAAE7013B022B9CBFD5F893
:10EC20002C310893DEE7056C102205F5A07105F57F
:10EC30008C700BF0E7FE0028B3D1D5F858314B218A
:10EC40009B0748BF94F87430204644BF43F002034A
:10EC500084F874300DF004FA89E70DB0BDE8F04097
:10EC6000FFF78CBDA027002073B545F21406B14212
:10EC700004461AD045F21906B14221D0B1F5A04F91
:10EC800028D10DF049F9216C204601F594730193C8
:10EC900001F1B803009301F1110201F1C8035131F0
:10ECA0000DF0D3FE002002B070BD036CD3F8282114
:10ECB0000B4BB2FBF3F103FB1121FEF7D5FFF1E79C
:10ECC00013781BB90C210DF0EAFAEBE749210DF09E
:10ECD000C7F9E7E702B0BDE87040FFF74FBD00BFDE
:10ECE00040420F002DE9F04F97B01546DDE920981E
:10ECF00004AA06468C4692461C46524B229F03F1BC
:10ED0000100B9646186859680833AEE803005B4557
:10ED10007246F6D16B46202261465046FFF7A4F9B1
:10ED20008346002871D1484B05F1100208936523F2
:10ED30008DF824300DF12503184655F8041B954233
:10ED400043F8041BF9D110210CF0E8FC0DF1350358
:10ED5000184604F1100254F8041B944243F8041BB3
:10ED6000F9D110210CF0DAFC99F80630062183F075
:10ED70000803C3F3C0038DF84530D9F800300DF116
:10ED80004600CDF84630B9F804300124ADF84A30D9
:10ED90000CF0C4FC98F80630062183F00803C3F396
:10EDA000C0038DF84C30D8F800300DF14D00CDF88F
:10EDB0004D30B8F80430ADF851300CF0AFFC002302
:10EDC00035228DF854306846239B08A98DF85340AE
:10EDD000FFF74AF98346C0B9102123980CF09EFC36
:10EDE0003B463522684608A98DF82040FFF73CF9DC
:10EDF000834650B9B27C0146C2F1100238460BF08E
:10EE00002BFE102138460CF089FC102168460CF0CE
:10EE100093FC352108A80CF08FFC102150460CF013
:10EE20008BFCBBF1000F06D0082130460DF037FAFD
:10EE300017B0BDE8F08F5A4645F2120130460DF08A
:10EE40002AF9F5E7D02804000062746C70B51E46FC
:10EE50000423054696B014468DF8143001F12002C3
:10EE60000DF1150351F8040B914243F8040BF9D14D
:10EE700020210DF115000CF051FC22460DF1350357
:10EE800004F1200152F8040B8A4243F8040BF9D133
:10EE900020210DF135000CF041FC04AB029320233E
:10EEA00001931A9B314600930E48412305AA04F0B2
:10EEB00051F90446412105A80CF03EFC54B121460D
:10EEC00040F20740FEF7BCFE082128460DF0E7F9A6
:10EED00016B070BD224645F2150128460DF0DBF84C
:10EEE000F6E700BF0000020945F20D039942F7B5AD
:10EEF000044627D00DD8B1F5A04F1DD045F204032C
:10EF0000994200F08F80204603B0BDE8F040FFF743
:10EF100035BC45F21103994200F0A68045F2150375
:10EF20009942F0D1006C90F85D31052B06D8DFE8EE
:10EF300003F0503A423A55500CF0EEFF00273846A5
:10EF400003B0F0BD93790C331A44561D02F1250528
:10EF50002A463146FFF7E2F8074620B10B2120464A
:10EF60000DF09DF9EBE73146236C113351F8042B7A
:10EF7000A94243F8042BF9D1236C01F1200231336B
:10EF800051F8040B914243F8040BF9D1216C20464F
:10EF900001F1D8030093D1F8943001F1310211311D
:10EFA000FFF754FFCAE7204645210DF059F82046E7
:10EFB000FEF7A0FEC2E7204645210DF051F8364B82
:10EFC00020461B68D9684B1C5A425A41FEF762FE24
:10EFD000B4E7462120460DF043F8AFE72E4B1B68FF
:10EFE00093F85E5065B1002100F1110200F5A070A8
:10EFF00001900091204611463E330DF09EF99DE7A9
:10F000001021C8300DF062F800283DD008212046BC
:10F010000DF045F9294640F20740FEF711FE40F297
:10F0200007478CE79179036C0C310A44511DA833D2
:10F03000153251F8040B914243F8040BF9D1256CB9
:10F04000102205F1A80105F198000BF0DBFC20B9B6
:10F05000042120460DF023F970E7D5F8583143F02C
:10F060000103C5F8583169E70B4B056C196810228C
:10F070004E3105F5A0700BF0C5FC0028E8D1102139
:10F0800005F1C8000DF022F8216C2046C8310CF0C3
:10F090007BFF47219EE700BFA027002045F2160313
:10F0A0009942F7B5044600F0B0810CD8B1F5A04FF5
:10F0B0000FD045F20303994210D0204603B0BDE8BB
:10F0C000F040FFF75BBB45F217039942F5D10220F0
:10F0D00002E00CF021FF002003B0F0BD9379056C35
:10F0E0000C33D618F379DF070CD4FEF7EFFC18B910
:10F0F00094F97530013305D0052120460DF0CFF885
:10F100002120E9E7A24F337A3A68127A9A4202D86C
:10F11000A27C9A4201D90621EFE7D6F80530C5F85E
:10F120000B30B6F80930A5F80F300223AB7294F912
:10F13000523094F85210002BB2BF012381F0080323
:10F14000C3F3C003AB7094F8603083F00803C3F3DB
:10F15000C0036B70337A102B28BF1023A374F3798C
:10F16000D8072BD5AB79DA0728D5737A2A7A1340DA
:10F1700085F85131B37A6A7A134085F8503195F9A0
:10F180005E3101331ED0206C90F850319B0719D4AA
:10F1900081F00801062290F95E0104F14C03C1F3ED
:10F1A000C00107F0E8FC68B140F21B412046FEF7C1
:10F1B00029FDA3685907A3D508219EE7002385F8F8
:10F1C0005131DAE73B68F079597C00F0080229B147
:10F1D00012B1AA79120703D403218EE7002A73D053
:10F1E000AA79110770D5D5F8581141F00401C5F876
:10F1F0005811B5F8501121F4807121F00101A5F8E2
:10F20000501193F81CC0B179BCF1020F03D0002952
:10F2100037D0022171E729B3012283F83D20DA7C3F
:10F2200052BB042385F85D3194F91330022B03D1CE
:10F23000D5F858315B07CFD507F09BFC01285CD18E
:10F2400094F97500461C58D0002201A9C0B2FEF7FF
:10F250001BFE002851D1236C93F85021900748D40D
:10F260000A214AE793F85E20002AD2D083F83D10A5
:10F27000DB7C002BCDD1D4E793F85E30002BD0D1CE
:10F28000C7E7024312F0040209D185F85D211B7C17
:10F29000002BA1D194F8743098079DD4C4E77279FB
:10F2A0001878052A28BF03223A4902EB82020A4451
:10F2B000125C85F85D211B7C1BB994F874309907AA
:10F2C000B2D5002AB0D187E71A7F012A02D1B279DC
:10F2D000002AA6D1420703D4AA7912F00402D4D09E
:10F2E00072791878052A28BF03222B4902EB820283
:10F2F000DDE793F851319907B2D594F97500421CB6
:10F3000018D0226C0821D2F8583143F04003C2F8DB
:10F31000583107F047FC052194F9750007F016FCF9
:10F32000032194F9750007F011FC062194F975008A
:10F3300007F00CFC95F85D31206C042B00F59870FB
:10F3400021D13B6803F11D022D3352F8041B9A4270
:10F3500040F8041BF9D1D5F8583195F85D2103F038
:10F360000401DAB923F00203C5F85831E274002928
:10F3700046D0216C204601F1940301F17102513114
:10F38000FFF718F9A7E6102200210BF065FBE2E772
:10F39000A0270020E1280400FA28040043F002031B
:10F3A000C5F8583149B90123013AE374032A3FF6FD
:10F3B00092AEDFE802F010181025A37C0F2B89BF56
:10F3C00094F87430012343F0080384F8743088BF44
:10F3D0000223E374CDE7204645210CF041FE204690
:10F3E000FEF788FC77E6204645210CF039FE3B68A5
:10F3F0002046D9684B1C5A425A41FEF74BFC6AE63C
:10F40000432120460CF02CFE65E60CF0F5FD422170
:10F41000F7E700BFF8B50446FEF73CFB266C05464F
:10F4200028B394F975305F1C0BD086F85E31FEF777
:10F430004DFB072101200CF07FFD024638BB1A214D
:10F4400011E02046F1F746FC86F85E01236C93F943
:10F450005E310133EBD1FEF739FB60B1A3685D0784
:10F460000FD441F205212046FEF7CCFB0DE0FF232F
:10F4700086F85E31EFE794F975300133EED100255F
:10F48000D7E7052120460CF00AFF0020F8BD3249DD
:10F49000867909680C3691F800C0831983F801C099
:10F4A00091F81CE0281E18BF0120BEF1010F0DD1FC
:10F4B00083F802E0D870487C00B3D87800071DD4E8
:10F4C000A3685B07DDD441F20321CCE78F69BEF16D
:10F4D000020F07F002070ED191F85EE0BEF1000FB7
:10F4E00009D04FF0010E83F802E0D870002FE2D16E
:10F4F00040F00800DEE74FF0000EF4E7BCF1030F28
:10F5000007D0096911F0FF1F1EBFD97841F004012F
:10F51000D97094F874108F0708D5D978480705D4A6
:10F52000BCF1030FCFD041F00401D970002D18BFFA
:10F53000032510215D7119719D71216C9059C1F8DD
:10F5400003009888A1F807009B7920464B7206219A
:10F5500009F0ACFF012099E7A0270020F0B545F2A3
:10F560000E06B142044615468DB00ED045F2130684
:10F57000B1425CD0B1F5A04F40F0BD800CF0CCFCA6
:10F58000236CD3F85831190757D5236CD3F8582179
:10F5900012070CD4AA7903F584730C3215446A1D42
:10F5A000153552F8041BAA4243F8041BF9D1002375
:10F5B000256CCDE90833CDE90A3385F85C3195F83F
:10F5C0005D310DF1200C042B2AD14D4B1B6893F8B3
:10F5D0003D205AB1674603F11D022D333E461068A7
:10F5E0005168083203C69A423746F7D105F5A07331
:10F5F000069304F15A03059304F1530304932B7902
:10F6000005F1C80203936B790293AB79CDE900C38E
:10F6100005F1B803204605F1F8010DF075F90CE08D
:10F62000013B022B9CBFD5F82C310893DEE7056C1B
:10F6300095F85C3123B1012B54D000200DB0F0BD02
:10F64000102205F5A07105F584700BF0DBF920B1EF
:10F650000B2120460CF023FEEFE7D5F858310DF1D1
:10F66000200C9B0742BF94F8743043F0020384F8E7
:10F670007430012385F85C310023CDE90833CDE9EE
:10F680000A3395F85D31042B25D11D4B1B6893F887
:10F690005E205AB1674603F13E024E333E46106883
:10F6A0005168083203C69A423746F7D105F58C7384
:10F6B000069304F15303059304F15A030493EB7A80
:10F6C00005F1B80203932B7B02936B7BCDE900C35A
:10F6D00005F1C8039EE7013B022B9CBFD5F82C31F6
:10F6E0000893E3E705F58C710CF032FC8821204685
:10F6F0000CF0B6FCA1E70DB0BDE8F040FFF73EB856
:10F70000A027002045F21403994213B504462BD0DC
:10F710000CD8B1F5A04F13D045F20E03994232D068
:10F72000204602B0BDE81040FFF728B845F21903A3
:10F730009942F5D1137813BB0C210CF0B0FD10E009
:10F740000CF0EAFB216C204601F59473019301F162
:10F75000B803009301F1510201F1C80311310DF01A
:10F7600074F9002002B010BD036CD3F82821114BAE
:10F77000B2FBF3F103FB1121FEF776FAF1E78721E3
:10F780000CF06EFCEDE79179036C0C310A44511DCD
:10F7900003F58473153251F8040B914243F8040BBE
:10F7A000F9D1226CD2F8583143F00803C2F858312D
:10F7B000D7E700BF40420F0045F2100330B5994231
:10F7C000044685B000F0A6800CD8B1F5A04F27D034
:10F7D00045F20503994228D0204605B0BDE83040E7
:10F7E000FEF7CCBF45F21103994200F0B08045F21C
:10F7F00012039942F0D1016C91F85D3113B1043BD1
:10F80000012B03D82046B8310CF0BEFB236C93F8D3
:10F810005D31042B40F2DF80052B03D1862192E07D
:10F820000CF07AFB002005B030BD9179036C0C31EF
:10F830000A44511DC833153251F8040B914243F864
:10F84000040BF9D1206CD0F8583113F0040354D0D4
:10F8500090F85D31042B22D1604B1B6893F85E5009
:10F8600065B1002100F111020091114600F5A07070
:10F8700001903E3320460CF060FDD3E71021B830F4
:10F880000CF024FC58B1082120460CF008FD40F291
:10F8900007402946FEF7D4F940F20740C3E7216C40
:10F8A00091F85D3101F1C80213B1043B012B12D86C
:10F8B00001F1F803039301F59873029304F15A03DD
:10F8C000019304F15303009301F1B8032046D831AA
:10F8D000FFF708FAA6E701F5A073019391F85C0120
:10F8E000D1F82C31C34003F0010343F080030093AF
:10F8F000134601F151021131BCE780F85C3100F18F
:10F90000C802009300F5987100F5A07320460DF031
:10F9100010F987E7056C102205F1980105F5A07034
:10F920000BF070F820B1042120460CF0B8FC79E708
:10F930008821D5F858319B0742BF94F8743043F0C2
:10F94000020384F8743020460CF08AFB6AE7056CE9
:10F9500095F85D3105F5A070042B1ED11F4B1022C8
:10F9600019684E310BF04EF80028DCD1102105F15A
:10F97000B8000CF0ABFB216C01F1F803039301F527
:10F980009873029304F15A03019304F15303009313
:10F9900001F1C80201F1B80398E70146102205F110
:10F9A00098000BF02FF80028BDD105F1B8012046D2
:10F9B0000CF0EAFA216C91F85C310133DBB2142BC4
:10F9C00081F85C31D8D0D1F8583123F00103C1F867
:10F9D00058318421B7E78721B5E700BFA027002071
:10F9E00045F215039942F7B5044651D00CD8B1F54C
:10F9F000A04F19D045F20D0399421BD0204603B009
:10FA0000BDE8F040FEF7BABE45F216039942F5D1C3
:10FA1000016C01F1D8030093D1F8943001F1310267
:10FA20001131FFF713FA01E00CF076FA002738469F
:10FA300003B0F0BD93790C331A44551D02F125062D
:10FA400032462946FEF76AFB074620B10B212046C5
:10FA50000CF025FCEBE72946236C113351F8042BFD
:10FA6000B14243F8042BF9D1236C01F12002313368
:10FA700051F8040B914243F8040BF9D1216C204654
:10FA800001F1940301F171025131FEF793FDCDE7CD
:10FA90000CF0B2FA236C93F85D31052BC6D8DFE881
:10FAA00003F0190311111E19204682210CF0D8FA17
:10FAB0000C4B20461B68D9684B1C5A425A41FEF732
:10FAC000E9F8B3E7204682210CF0CAFA2046FEF797
:10FAD00011F9ABE7832120460CF0C2FAA6E7852195
:10FAE000F9E700BFA0270020204B10B51B68044693
:10FAF0009B6913F0040310D141B180F8773090F87E
:10FB00007010BDE810401A480BF0C5B990F873307A
:10FB1000012B03D18368580705D410BD022B02D1F5
:10FB200083685907F9D494F9772094F87730002A3C
:10FB3000F3DBB3B9012384F8773094F877305B08AE
:10FB4000EBD04FF47A7294F87010534308480022B7
:10FB5000FCF748FD94F8773063F07F0384F8773042
:10FB6000DBE75A06E9D45B00E5E700BFA0270020E9
:10FB7000AC27002045F21E0330B5994204461546D5
:10FB800089B010D845F21603994213D845F2010303
:10FB9000994200F0828145F20C03994222D0B1F5DE
:10FBA000A04F00F080812A46204609B0BDE83040D1
:10FBB000FEF7E4BDA1F5A043173B072BF3D801A244
:10FBC00052F823F0A9FC0200A7FB0200A7FB0200E9
:10FBD000A7FB020055FE0200A7FB020021FE020067
:10FBE00095FC020090F97730002B02DB8268530706
:10FBF00007D5204609210CF052FB41F2092009B03B
:10FC000030BDAB792B44914D5B7C2D6803F008012E
:10FC10006D7CD5B121B903210CF041FB2120EEE729
:10FC200013F0040F03F0010308D042F008028260D1
:10FC300093B9A36843F02003A36013E0002BF8D02E
:10FC4000836843F010038360F3E7580744BF42F032
:10FC50000802A260DB0703D5A36843F01003A3608A
:10FC60000029E6D1A368224643F00403A360784943
:10FC70002046FCF7D9FC0221204607F0D6F947F2CE
:10FC80003053002245F21A012046FCF7ABFCA36872
:10FC90009D054AD5A368580747D594F8700009B068
:10FCA000BDE830400CF046B890F87430D90745D51F
:10FCB00090F9753001333AD094F9131001291DDC05
:10FCC000A26893060DD5614B15071B6801D4187CFB
:10FCD00038B1187F10B91878032802D09B699807AB
:10FCE0002CD501290AD0594B11071B6801D41A7C65
:10FCF00022B11A7F12BB1B78032B1FD10023CDE941
:10FD00000433CDE9063306F034FF012801AB2DD0D2
:10FD1000A06AE16A228E03C31A802046BDF804203F
:10FD200004AB0DF10601F3F75BFC002067E7836885
:10FD3000DA0616D4FDF7CAFE0028BDD0434B1B6877
:10FD4000197F022929D1DA7C3AB393F85E3023BBBC
:10FD5000A3685A0717D520460CF0A1FA41F20220F9
:10FD60004DE7FDF797FE0028E4D0E7E70A220221DD
:10FD700094F9750006F040FF0028CED1CDE90100CE
:10FD8000ADF80C00C9E7204641F20221FDF73AFF29
:10FD900001212046FFF7A8FEE0E720460CF08EF890
:10FDA000A56860B96B0705D5082120460CF077FAE5
:10FDB0001A2024E71A212046FDF724FFF8E715F062
:10FDC000040508D0FDF78AFEC8B1204694F97510E5
:10FDD000FDF7A4FFA9E722461D492046FCF724FCB5
:10FDE0000221204607F021F947F230532A4645F216
:10FDF0001A012046FCF7F6FBA3685D07E2D4226CEB
:10FE0000D2F8583143F020032046C2F85831FFF7AA
:10FE100001FB002889D0412120460CF021F984E71C
:10FE2000FDF75CFE002868D0226C002A65D0A3682C
:10FE3000580762D5D2F8583199065ED4297800293E
:10FE4000E0D1052120460CF02AFA6EE7A027002019
:10FE5000B7C0030090F87430D80707D4402120467B
:10FE60000CF0FEF829462046FDF7CCFEA3685907A2
:10FE70007FF55BAF204645F21A010BF00CF82046E7
:10FE800022461F490BF040F8A368022123F03C03EF
:10FE90002046A360F1F7DEFC47E7024618491948FF
:10FEA000FCF7C2FB41E745F21A010AF0F4FFA36830
:10FEB00023F03E03A360236C6BB193F95E01421CF7
:10FEC00009D094F97520013203D0D3F858315B067C
:10FED00001D5F0F725FE2246204609490BF014F81B
:10FEE0002246074907480BF00FF820460221F1F798
:10FEF000B1FC20460CF033F917E702207FE600BF83
:10FF0000B7C00300A821002045F21E0399422DE945
:10FF1000F3410446154611D845F21603994214D808
:10FF200045F20103994200F0438345F202039942EE
:10FF300000F09C80B1F5A04F00F040832A46204697
:10FF400002B0BDE8F041FEF719BCA1F5A043173B94
:10FF5000072BF3D801A252F823F000BF7DFF020067
:10FF60003DFF02003DFF02003DFF02006B05030064
:10FF70003DFF02003D01030003010300874E33688B
:10FF80001A7F022A11D1DA7C7AB193F85E3063B914
:10FF900041F20221FDF736FE20460121FFF7A4FDC4
:10FFA00041F2022002B0BDE8F081A368590701D5F3
:10FFB0000220F7E72046FDF76DFD3368051E1A782D
:10FFC00018BF0125032A07D019696AB211F0FF1F73
:10FFD00028D042F0040503E094F87420920729D455
:10FFE0009A69960723D41A7F012A20D045F0080584
:10FFF00002210B200BF0A0FF024600B383790344DB
:020000023000CC
:100000005D7394F97530013303D094F87430DD07D3
:1000100003D5A36843F00203A3600621204609F03C
:1000200045FA0CE094F874108F07D2D4D8E75B7CC3
:10003000002BDDD041F203212046FDF7E3FDA3684C
:10004000224643F00403A36055492046FCF7ECFA2E
:100050000221204606F0E9FF47F23053002245F224
:100060001A012046FCF7BEFA00209BE78368580778
:1000700003D494F97730002B05DB236C53B1D3F80C
:100080005831D90606D5204609210CF008F941F26D
:10009000092087E720460BF011FF28B908212046E8
:1000A0000CF0FDF821207DE7206CD0F8583143F0AA
:1000B0001003C0F85831AB790C332B445A68C0F8A0
:1000C00003201A89A0F8072001229B7A4372236C2F
:1000D000DA70A26812F0040610D122463049204698
:1000E000FCF7A2FA0221204606F09FFF47F23053A8
:1000F000324645F21A012046FCF774FAA3689A05C5
:10010000B2D5236C002BAFD0D3F85831DB06ABD57A
:10011000FDF7E4FC94F9751030B1A3689F0703D490
:100120002046FDF7FBFD9FE70846F0F7FDFB28B1F1
:1001300094F87430DE0701D40521B0E7236C002B5E
:100140003FF436AFD3F85831D8067FF531AF990672
:100150003FF52EAFFDF7C2FC48B1A3689A0706D45D
:100160002B7823B9052120460CF099F87CE7A36889
:10017000256C23F00203A360D5F85831074F43F0F4
:100180002003C5F858313B68EA791B7A934202D8BC
:10019000A37C934206D9062181E700BFA027002057
:1001A000B7C0030094F9521094F852300029B2BF3E
:1001B000012383F00803C3F3C003102A28BF1022D1
:1001C0006B7094F86030204683F00803C3F3C003DB
:1001D000AB70A274AE79FDF75DFC90B3F30730D538
:1001E00094F97530D4F84080581C20D088F85E31DE
:1001F00006F00D063B689A69910704D41A7F012A1C
:1002000001D0320701D406F0F7061A78032A1BD072
:100210001B6913F0FF1F01D046F0040607210220DE
:100220000BF08AFE0190A8B940F20340BAE62046DE
:10023000F0F750FD88F85E01236C93F95E310133CD
:10024000D6D106F00C06D5E71B7F002BE6D106F0D1
:10025000FB06E3E790F806C03A680CF10C0C137843
:1002600000EB0C014B70137F012B06D0022B45D104
:1002700092F85E30003B18BF01238B701023CE70C4
:1002800016F0010608BF32460B711FBF2B7A6A7A3F
:1002900003F003034B71236C14BF02F003024E7191
:1002A0008A7183F851214A7983F8502150F80C2043
:1002B000C3F80A208A88DA818A791A7406B3206C16
:1002C00090F8501111F002061AD194F8521006223B
:1002D00081F0080190F95E0104F14C03C1F3C00103
:1002E00006F049FC60B13146FDF7AAFC2046082122
:1002F0000BF0D5FF01A80AF00DFF95E70023BCE73E
:10030000019E002E90D0FDF7E1FB95F806C018B9CC
:1003100094F9753001330FD01CF0010F04D0236C19
:1003200093F95E31013307D1052120460BF0B7FF69
:100330003046FCF7E5FAB5E63B680CF00802597C5C
:1003400029B112B16A7B100703D40321EDE7002A1B
:1003500070D06A7B11076DD5D5F8581141F00401B2
:10036000C5F85811B5F8501121F4807121F0010140
:10037000A5F85011187F697902280FD091B942EA87
:100380000C0212F0040240D185F85D211B7C002B89
:10039000DBD194F874309807D7D40DE021B993F8E5
:1003A0005E203ABB0221C0E7012283F83D20DA7CBF
:1003B00032BB042385F85D3194F91330022B03D14D
:1003C000D5F858315A07C0D506F0D3FB01284DD1D6
:1003D00094F97500431C49D0002201A9C0B2FDF771
:1003E00053FD002842D1236C93F85021910737D454
:1003F0000A219AE783F83D10DB7C002BD2D1D8E7A5
:1004000093F85E30002BD4D1CCE72A791978052AED
:1004100028BF03227C4801EB810101448A5C85F8F6
:100420005D211B7C1BB994F874309907C4D5002A50
:10043000C2D18AE71A7F012A02D16A79002AB8D18B
:100440001CF0040F03D16A7B12F004029CD02A79BD
:100450001978052A28BF03226C4801EB8101DCE7EB
:1004600093F851319A0701D40A2118E694F97500DE
:10047000431C18D0226C0821D2F8583143F04003B5
:10048000C2F8583106F08EFB052194F9750006F08C
:100490005DFB032194F9750006F058FB062194F9E1
:1004A000750006F053FB32460621204608F0FEFF99
:1004B00095F85D31206C042B1DD13B6800F59870D8
:1004C00003F11D022D3352F8041B9A4240F8041B1D
:1004D000F9D1D5F8583195F85D2103F004018AB9B6
:1004E00023F00203C5F85831E274B9B181212046E6
:1004F0000BF0B6FDB8E51022002100F598700AF067
:10050000ABFAE6E743F00203C5F8583141B90123DD
:10051000032AE37412D9042A7FF4A6AD8421E6E706
:10052000A37C0F2B89BF94F87430012343F0080398
:1005300084F8743088BF0223E374D7E7012A07D018
:10054000204682210BF08CFD2046FDF7D3FB8BE586
:10055000204682210BF084FD3B682046D9684D1C63
:100560006A426A41FDF796FB7EE590F87430D80741
:1005700007D4802120460BF073FD29462046FDF765
:1005800041FBA36859077FF56FAD45F21A0120467C
:100590000AF081FC224620461D490AF0B5FCA368FA
:1005A00023F00403A36002212046F1F753F95BE531
:1005B000024617491748FCF737F855E545F21A0186
:1005C0000AF069FCA36823F03E03A360236C6BB1BF
:1005D00093F95E01421C09D094F97520013203D0D1
:1005E000D3F858315B0601D5F0F79AFA2246204637
:1005F00007490AF089FC2246054906480AF084FCAE
:1006000020460BF0ACFDCEE7E1280400FA280400F8
:10061000B7C00300A821002007B506480AF098FDDE
:10062000042101900DEB01000AF074FE019803B063
:100630005DF804FBB0270020F7B5186810F0020041
:1006400003D0164E316811B9012003B0F0BD00246B
:10065000042223460DEB020001940AF04AFDBDF886
:100660000630DB0702D4FFF7D7FF044600250C4F06
:1006700057F8043B23B12146BDF80400984748B120
:100680003368002BE0D0074B022193F90000FBF701
:1006900005FED9E70135062DEAD1F1E7B0270020A4
:1006A000B42700202129002010B50948FBF7E6FDFA
:1006B0000024084B0849187020200C60FCF76AF9E8
:1006C000064BC3E90044C3E90244C3E9044410BD36
:1006D000D82C002021290020B0270020B42700209A
:1006E00007B501213A20E4F75DFF042201231146FA
:1006F0000020E5F7C5FD0123032207210220E5F7CD
:10070000BFFD01230722CDE9003311460220E5F7A2
:100710005DFD1920E7F792FA192003B05DF804EBAC
:10072000E7F770BA704708B5E8F754F9FFF7D8FF54
:1007300001F04BFDFFF7F6FF0DF0F0F9F8E710B50B
:100740000446E2F767FA2046E2F76CF82046E1F744
:1007500097FE10BD0120704700B5C3B0F3F7EAFD66
:1007600009F069F948B1FFF7F5FF30B101A809F0C8
:1007700015F910B901A8FFF7E2FF43B05DF804FBDB
:10078000704770477047E8F739BA704708B5E2F725
:100790008FFC00F0EDFEE2F781FCE2F745FDBDE8DD
:1007A0000840E4F7DFBBE2F737B808B5E2F778FDB9
:1007B000E2F7FEFDBDE80840E2F780BC08B500F0B6
:1007C00034F8E7F761FA00F03EFEE9F72DF900F0A2
:1007D00038FE00F03CFE00F0C6FE0DF0E6FFE2F74A
:1007E000F1F9BDE80840E2F737B908B5E6F74EF988
:1007F00000F025FEE6F75AF900F01EFEBDE80840BD
:1008000001F0FFBCE2F7DCBA7047E2F703BCFFF788
:10081000A3BF7047E2F7E4B982B002AB03E903007B
:10082000012002B07047704770470F20704770B5C5
:10083000002506462C46052C20D8DFE804F00307E7
:100840000B0F13175B210820E2F790FD0C21082005
:10085000E2F78CFDD1210820E2F788FD80210820F5
:10086000E2F784FD00210820E2F780FD6C1C294698
:10087000E4B208202546E2F779FD0624A4F10E0330
:10088000012B05D85A210820E2F770FD0134D2E788
:10089000102C05D1BDE870405D210820E2F766BD4F
:1008A000B31F195DEFE7012307B520F07F4040EA51
:1008B0008170019068460093FFF7B9FF03B05DF8BF
:1008C00004FBFEE700239A4200D1704710B550F8B0
:1008D000234041F8234001339A42F8D110BD002350
:1008E0000360704703680B6001607047036813B9C9
:1008F0000B60016070471846F8E70346006818B1BE
:1009000002681A600023036070474FF060420123C1
:10091000D2F8001E83400B430020C2F8003E70470F
:100920004FF060410122D1F8003E824023EA0203E9
:100930000020C1F8003E704710B588B004460E98FC
:10094000009207900D98224606909DF83000059081
:100950000B9804909DF8280003900020CDE9013009
:100960000B460121E2F702FE08B010BD4369426C5C
:10097000D91C143AB1FBF2F103EBC1000330B0FB18
:10098000F2F00230704738B505460C46FFF7EEFF2F
:100990006A6CE31D143AB3FBF2F3013304EBC304B6
:1009A00002FB004038BD38B5054644692146FFF7D3
:1009B000EAFF6A6CE31D143AB3FBF2F3013304EB74
:1009C000C304204438BD73B506460D460024F36BBE
:1009D00001225B6901A928199847019B013309D1BC
:1009E000736C043462196A405B421A42EFD02046AD
:1009F00002B070BD0024FAE770B505460C46E4F776
:100A0000BBFAEB6B2046BDE87040DB68184770B559
:100A10000025044686B00562E369AB4202D8206A2D
:100A200006B070BD666C2068E36B05225B6901A9A6
:100A300006FB0500984701A800F030FC00F053FCCD
:100A400010B1236A013323620135E5E738B5044666
:100A5000456C006804F1400305FB0101E06B00F008
:100A60004FFC05462046FFF7D2FF284638BDF0B5BB
:100A70000546002687B0EC69013CB44203D80C4619
:100A8000204607B0F0BD01B14C1E6F6C2868EB6BBF
:100A900005225B6901A907FB0400984701A800F043
:100AA000FDFB00F020FC0028EAD121460136E2E7F8
:100AB000F0B504460D46466CE36B006887B005222E
:100AC0005B6901A906FB0500984701A800F0E6FB59
:100AD00000F009FC20B101A800F0B7FB07B0F0BDA1
:100AE00029462046FFF7C3FF0646676C2068E36B84
:100AF00005225B6901A907FB0600984701A800F0E1
:100B0000A4FB431CEAD0B54238BF0130E6E72DE92B
:100B1000F0434FF6FF79D0F8248004460E46C845CE
:100B200014BF45460025002787B0E369BB4202D8C1
:100B300007B0BDE8F083E26B2368606CD2F814C0A4
:100B400000FB0530052201A9E04701A800F0A6FB43
:100B5000022806D0C8450CD1721C29462046FFF752
:100B600075FFE3690135B5FBF3F2013703FB12555D
:100B7000DBE729462046FFF79BFFB0F1FF3F14BF9C
:100B8000024632460132E8E70368F0B5CC1A436CFE
:100B90000646B4FBF3F4002587B0F36937685A1EA4
:100BA0009542706C08D3706C336800FB043007B05A
:100BB000BDE8F04000F0A2BB0134B4FBF3F203FB4C
:100BC0001244F36B05225B6901A900FB047098478E
:100BD00001A800F063FB00F086FB0028E3D101359B
:100BE000DBE710B423F0030422449B070A44436C60
:100BF00018BF04325B4282EA0104234203D05DF84D
:100C0000044BFFF7C1BF10465DF8044B70472DE958
:100C1000F041D0E90A369E42044686B028D114221B
:100C2000C369456802FB1355284606B0BDE8F0814C
:100C30002068676C331AB3FBF7F3E26B07FB030022
:100C4000D2F8148001A90522C04701A800F026FBB4
:100C5000012804D0636C1D44013B3340ED1A31463A
:100C60002046FFF791FF0646A36AB342E0D1DBE7D7
:100C70000025F9E708B508301346D1E90012E4F77A
:100C800001F9012008BD13B50C460021217600931F
:100C9000616813462246E2F773FE18B1E37D03B1A3
:100CA000A07EA075A07D02B010BD73B5164600F100
:100CB00008050C46284609680DF1070200F0A1F965
:100CC000032E06D16368834203D12846216800F0D1
:100CD0007FF9012002B070BDD01E009B424242410C
:100CE000187E824211D11A688A420ED85A688A4206
:100CF0000BD35A6901325A61D3E9030282423FBFE2
:100D0000986840F8221001321A610120704710B52E
:100D1000032A029C07D1A26A5340626C52421342DA
:100D200001D100F055F9012010BD08B5C3680020BD
:100D30009847BDE80840E4F727B9012814BF04200C
:100D4000022070B5002442431C70CC7D101D02F0BF
:100D500002024CB91AB1012220F003001A7000F10E
:100D600008034868184470BD1AB1012220F003003E
:100D70001A7000230C7E01F12005DAB2944201D8EA
:100D80000020F0E735F833205E1C824206D901EBE3
:100D9000C30300F10802D8691044E4E73346801A1F
:100DA000EBE773B5054690F842601C4630460DF1FE
:100DB0000303FFF7C2FFEB6B012E5B690DD13246D7
:100DC00001A998479DF8033013B1BDF8063001938F
:100DD000BDF80430236002B070BD0122214602B08C
:100DE000BDE870401847F0B5054600244868EB6B35
:100DF00087B00E4601225B69029402A90830984729
:100E0000274695F84230012B40F08480632C02D9AC
:100E1000029807B0F0BD612C08D805AB22463146D8
:100E20002846FFF7BEFF9DF814301BB305AB2246E2
:100E3000314628468DF81070FFF7B3FF95F8423021
:100E4000012B059B55D14FF6FF72934200F096801F
:100E5000082205A904A800F06DFA059B9DF8101062
:100E6000C3F30722914240F08980DBB2029A1A4410
:100E7000029283E095F84230012B30D12246314670
:100E8000284603ABFFF78DFF3146284604AB621CB2
:100E9000FFF787FF3146284605ABA21CFFF781FF0D
:100EA000102208230DEB02010DF107008DF8073029
:100EB00000F040FA102205A90DF1070000F03AFAFF
:100EC000039BDAB2002A52D19DF80720B2EB132F10
:100ED0004DD1DDE9043203EB0243029347E0302CAD
:100EE0002BD944E09DF80720B2EB134F3FD1049B70
:100EF000F3E7013342D0102205A90DEB020000F008
:100F000019FA059B9DF81010C3F30742914235D1A1
:100F10009BB2ABE7312C3FF67BAF87D005AB2246C7
:100F200031462846FFF73DFFBDF81430002B7FF413
:100F30007DAF95F84230012BA0D02246314628469D
:100F400003ABFFF72EFF3146284604AB621CFFF7C8
:100F500028FF102320220DEB03010DF107008DF86F
:100F6000073000F0E7F9039B9AB2002ABAD095F84F
:100F70004230012B14BF012302231C44013440E7FB
:100F800013B500240194049C0094E3F7DFF902B048
:100F900010BD13B501240194049C0094E3F7D6F925
:100FA00002B010BD00234FF0FF3230B544689C42C0
:100FB00002D10023037230BD016801EBC30541F883
:100FC00033206A600133F2E7C0E90012FFF7EABF9D
:100FD0000023F0B545689D4210D00468DF0054F846
:100FE000332004EBC306B2F1FF3F08D0C2F3130273
:100FF000914204D14FF0FF33E3517360F0BD0133F0
:10100000E9E70023F0B545689D4202D14FF0FF307B
:101010000EE00468DE0054F83340671C09D0C4F3C6
:101020001307B94205D1240D14700368334458687E
:10103000F0BD0133E8E7704770B5940022460546DD
:101040000E460DF041FD431C0AD058B922463146E8
:10105000284609F0D7FC002814BF3D20002070BDB1
:101060006E20FCE77120FAE713B5044601A8E5F706
:10107000ADFA9DF8063023804FF480736380E5F766
:10108000C5FA6060002002B010BDE5F725BA08B5CA
:10109000E5F712FA002008BD10B5044644EA010342
:1010A00013F00303084609D1934201D1002010BD7B
:1010B00054F8231040F823100133F5E7214692003D
:1010C00009F0D5FCF2E710B504460DF0F9FC431C1D
:1010D00010D088B9E5F79AFA234620F0030020449F
:1010E000984201D1002010BD53F8042B0132F7D0F3
:1010F0003E20F8E76E20F6E77120F4E70A46013952
:101100000144E7F771BA13B50023044601461B22D8
:101110000DF107008DF8073000F00CF922689DF8FA
:101120000730B3EBD26F0CBF0120002002B010BD1E
:1011300013B500230446014620220DF107008DF867
:10114000073000F0F7F80DF107001A22211D00F01A
:10115000F1F862689DF80730B3EB926F0CBF012085
:10116000002002B010BD0068431C5842584170472F
:10117000006810F07E0F0CBFC0F3C1600020704704
:101180000068C0F3D3107047006800F07F000128AA
:101190008CBF002001207047036813F07E0F14BF3E
:1011A000042008207047036813F07E0F03D14068C5
:1011B00020F07C40704713F078001CBF03F07F03E1
:1011C000D81F7047006800F07F007047032809D0DF
:1011D000022803D1C1F10201C8B2704700290CBF37
:1011E00007200020704737B5054601F10C0443691C
:1011F0006946012220469847BDF80030012201933C
:101200002046AB6901A9984703B030BD37B501F15D
:101210000C044369012269460546204698474FF66B
:10122000FF72009B99B291420DD11B0C1B0443F439
:10123000254343F0A503019301222046AB6901A990
:10124000984703B030BD0020FBE737B504460025C2
:101250001B22011D0DF107008DF8075000F06AF800
:1012600060689DF80720B2EBD06F03D120F0784082
:1012700003B030BD0DF107001B2204F108018DF809
:10128000075000F057F8A0689DF80730B3EBD06F17
:1012900001D1C043EAE74FF0FF30E9E74BF29A2271
:1012A000036810B5B2EB134F044613D19BB2012B68
:1012B00013D1FFF7CAFF01300CD04FF6FF72E06880
:1012C000B2EB104F4FEA104309D180B2C01A18BFD9
:1012D000012010BD2368013303D00420F9E7022068
:1012E000F7E70320F5E701288CBF002001207047B5
:1012F000033801288CBF002001207047143070474C
:101300002DE9F04105469846036908460E46174602
:101310009847044638B943463A4631462846E3F7EB
:10132000A3FE044618B131462846FFF75CFF20466D
:10133000BDE8F0811F2A0B689EBF4FF0FF3191403E
:101340008B43590801F055315B1A03F033319B0888
:1013500003F033330B44017803EB13130A444FF0CB
:10136000013103F00F334B43A2EB1362027070475D
:1013700008B50CF091F8BDE808400021E4F7ECB89E
:101380000029CCBF01210021E4F7E6B802214FF487
:101390002070E4F773BC704770470020E4F782BD0B
:1013A0000120E4F77FBD704770B5054614460E4630
:1013B0000DF075F92B685C4034405C402C60BDE852
:1013C00070400DF067B94FF0B0435A6812B19A6A95
:1013D000002AFAD17047012200F580535A60CB43AE
:1013E000934003F00A034361416111B900F50050D5
:1013F0004260704783695B06FCD5C163704770B576
:10140000054614460E460DF04AF92B685C40344000
:101410005C402C60BDE870400DF03CB90122417881
:1014200003788A4030214B4342F2100103F1A0437C
:1014300003F570335A507047704700207047F4F737
:1014400047B800207047FFF7FCBF0020704700201E
:10145000704770B506460D4614468CB0CAB11022CE
:10146000002108A809F0F8FA002207AB029305ABA7
:10147000019306AB00933046294608ABCDE905221F
:10148000E5F796FB18B9099B6360059B23600CB0D8
:1014900070BD6FF08600FAE71FB504A800E90E00E2
:1014A00011460198E5F7C0FD30B1E7F703FF05B03D
:1014B0005DF804EB00F067B805B05DF804FB70B5AB
:1014C00005460E46E5F712FB044648B93146284664
:1014D000E5F7AAFD044628B1E7F7ECFEE5F712FBB5
:1014E000204670BDBDE87040E5F70CBB10B5436AFF
:1014F0008AB0041DCDE901430023CDE90523102264
:101500003C30CDE90331CDE908230790E5F7EEFA49
:1015100060B907AB1A4604A901A8E7F749FD0446DC
:10152000E5F7F0FA002C18BF6FF092000AB010BD7A
:10153000E6F70CB908B528B14C22002109F08CFA65
:10154000002008BD6FF08600FBE70020704738B52B
:101550001C4600230846236011461546FFF7AFFFDF
:1015600000B9256038BD08B50DF01FF9002008BD91
:1015700000F005B809B1E6F7BFB922207047002096
:101580007047E6F701BAE1F779BE40B2E6F7F8BA7C
:1015900070B50C46154610B9E6F76AFB38B14368DA
:1015A0002BB12A462146BDE8704000681847232029
:1015B00070BDF7B50D4616461C4648B103B901ACDF
:1015C000C7685FB12346324629460068B84706E03F
:1015D000E6F74EFB04B901AC0028F1D1232003B09B
:1015E000F0BDF8B50C461546064658B9E6F740FB7F
:1015F00020462946FAF7E8FA0446002CD4BF3720E3
:101600000020F8BDE6F734FB86420746F0D03046AE
:10161000E6F722FB29462046FAF7D6FA0446384672
:10162000E6F71AFBE9E70EB403B503AA52F8041B68
:101630000192FFF7D6FF02B05DF804EB03B07047EC
:1016400000207047FEE74FF4005300204B607047C6
:10165000012070470020704707B5002001AB0190C2
:10166000FFF7A7FF0198002808BF4FF0FF3003B035
:101670005DF804FB10B514460020FFF789FF2046F3
:1016800010BD80F89910704790F89900704790F855
:101690009600704713B504460DF10701007D0BF06D
:1016A0003DFF9DF8073043B1236DD4E91202024497
:1016B000934218BF184602B010BD3022237D534319
:1016C00003F1A04303F58023DB6EEEE700235069AE
:1016D00010B5903000F8043C1446FFF70EF908B13D
:1016E000E6F73EFB63681BB100212046A2689847DD
:1016F000002010BD90F8943070B505460C46C3B17B
:101700000B69B3F5006F16D80CF0D2FF95F88C304A
:10171000064665614BB1214605F19000FFF7E6F8FA
:1017200030460CF0C0FF002070BD2046E6F718FBE5
:10173000F6E70E20F8E72120F6E792F8543037B5A7
:10174000144633B1936D0BB1D06D9847002384F8E4
:10175000543094F89A301BB32046E6F79FFAF8B15C
:10176000236E132120465B6898471025236E204680
:101770001B680DF10701984778B99DF8073003F011
:10178000FD02112A05D1A3F111025342534184F8FD
:10179000A030013D15F0FF05E8D12046E6F70EFB2D
:1017A000002084F8540003B030BD2DE9F04790F8D4
:1017B000949004460D461646B9F1000F40F08B8018
:1017C00090F899800CF074FF94F89530074673B147
:1017D00094F898305BB184F895900CF060FF01218B
:1017E000814608460CF042F948460CF053FF384653
:1017F0000CF059FF2E44B54205D1236E012120463D
:101800009B68984754E094F89A30002B3DD0207D97
:10181000E2F73CF82046E6F75FFA0746207DE2F75C
:1018200055F897BB0CF044FF0746207DE2F72EF8F1
:101830002046FFF72FFFA26C00F1FF39914538BF1A
:10184000E36C94F854A038BF03F1FF33207D38BF18
:1018500002EB0309E2F73AF8BAF1000F12D14B4656
:10186000D4F89C108B420BD013F80129112A01D017
:10187000132A20D1A2F111035A425A4184F8A02020
:10188000C4F89C9038460CF00EFF94F8A030002B62
:10189000B1D0236E2F462A785B68B8F1000F12D1C1
:1018A000236E20465B683978013598470028A2D01E
:1018B0000020BDE8F087A26C9A4282BFE36C03F17E
:1018C000FF339B18CEE70A2AEAD10D21204698471C
:1018D0000028E5D0ECE70E20EBE7F8B504460D460E
:1018E0000CF0E6FE94F896300646ADB17BB994F85C
:1018F000983063B10CF0D3FE0121054608460CF088
:10190000B5F828460CF0C6FE012384F89630304620
:10191000BDE8F8400CF0C7BE002BF8D00CF0BFFEBD
:101920000746294601200CF0A1F838460CF0B2FE1B
:1019300084F89650EBE738B548B1002405680CF000
:10194000B7FEC5E916440CF0AEFE204638BD222095
:10195000FCE770B50468054694F8946086BBFFF711
:10196000EAFFE6F785F9854202D13046E6F774F9D9
:10197000236E93F91000E6F761F9236E93F91000D6
:10198000E6F72EF9236E93F91100E6F757F9236E67
:1019900093F91100E6F724F9207D0BF09FFD207DDF
:1019A000E1F7F4FEE1F7D0FE0023C5E90033C5E915
:1019B0000533EB60236E2046BDE87040DB681847B6
:1019C0000F2070BD0068E6F7F9B92DE9F041044633
:1019D0000CF06EFE94F89530054603F0FF08A3B9AD
:1019E0000127236E41469B682046984784F89570EE
:1019F0000CF055FE0646414638460CF037F83046A6
:101A00000CF048FE022384F8A1302846BDE8F041DE
:101A10000CF049BED0F8A4309A69120643BF5B6A45
:101A200000200B701B20704710B50446D0F8A4208E
:101A300093695906FCD5002394F8AD101A4694F822
:101A4000AC00E4F71DFC002394F8AF101A4694F89C
:101A5000AE00E4F715FC94F8B430DA0707D500239C
:101A600094F8B1101A4694F8B000E4F709FC94F821
:101A7000B4309B0707D5002394F8B3101A4694F8A6
:101A8000B200E4F7FDFB0122D4F8A400002100F528
:101A90000053DA64FFF79FFCD4F8A8000021E3F7B5
:101AA00081FD002010BD08B5D0F8A400FFF7A2FC0E
:101AB000002008BD0122D0F8A43019B103F58053ED
:101AC000DA64704703F50053DA649A64704700687B
:101AD000D0F8A4309A6CD20708D5012103F5005242
:101AE00091649B699B0601D5FFF76FBF70470E207D
:101AF00070470E207047704770477047F8B50C4626
:101B00008D18073552421540A5F10807064638469C
:101B100000F05BFAA0883B1B618800EBE30080B219
:101B2000A1EBE30125F8040C25F8061CA188DA10C6
:101B3000D1B1A4EBC101B1F802C0C88002EB0C0026
:101B40004880E188B9B18A1A92B204EBC10125F844
:101B5000022C8A80A2888AB9B2681344F268B36002
:101B6000934288BFF3600EE015F8081C41F00201B3
:101B700005F8081CE5E725F8021CEBE7A4EBC20416
:101B80002278D207E8D43846F8BD2DE9F04F4FF05F
:101B9000000887B09946531C109B0546174614BF92
:101BA00014460824CDF81480002B00F0C980C3F837
:101BB0000080002900F0C68042688A4240F2C2805C
:101BC000073121F007060CF073FD05AACDE900826C
:101BD00082463A464B463146284600F0FAF9059FC0
:101BE000834607B130B950460CF05DFD192007B0AF
:101BF000BDE8F08FB7F8028029694FEAC802C0EB50
:101C0000C8080139B8F1270F29617ED9B9F1000F51
:101C100055D1864206F108084CD02246394628465E
:101C2000FFF76CFF04460590059B9844404600F082
:101C3000CCF9059906F10F004A88C308A2EBD0023F
:101C4000A8F80220CA88A8F80430002A34D0D31A91
:101C50009BB201EBC202A8F8063093808B88F6088D
:101C6000A380B8F804303A46E38041460023284672
:101C7000668000F01BFAAB68EA6808339342AB60F9
:101C800088BFEB60237843F0010323702B69013395
:101C90002B616288AB68504603EBC203EA68AB6015
:101CA000934288BFEB600CF0FEFC109B08340020D0
:101CB0001C609CE73C46B7E7A8F80620CEE707EB98
:101CC00008042046039200F080F90BF10703DB08BB
:101CD0000599638008F10703DB08A380CB8893B1E3
:101CE000DB00039AD81D821A5A44C2F3CF020B4478
:101CF000E2809A80A38808F1FF384FEAD808A1F85B
:101D00000280CB80B7E7E380F4E7B9F1010F1BD184
:101D100007F10803B3FBF4F204FB1233B3B122461C
:101D200039462846FFF7EAFE044623783A4643F050
:101D30000103237021460123284600F0B7F9A8E7E4
:101D4000222054E7212052E78642E8D13C46ECE7C6
:101D500007B500224FF0FF3101AB0192E6F7A6FB79
:101D6000019803B05DF804FB07B5009313464FF0EC
:101D7000FF32FFF70AFF03B05DF804FB2DE9F04FD7
:101D800005460C4685B0002900F0E680D0E90568DC
:101D90000CF08EFC14F808EC34F806CC1EF0010FA1
:101DA000019002D0BCF1000F06D101980CF07BFC31
:101DB000012005B0BDE8F08FA968D5F810B034F85F
:101DC000049CA1EBCC010BF10103A4F108070CF179
:101DD0000102A9602B61B9F1000F43D04FEAC9039A
:101DE0000293A7EBC903D888B3F802A00390187830
:101DF0000EF0020EC00725D4BEF1000F25D10398C6
:101E0000A0EB0A0EBEF1010F2CD10CF10202083931
:101E10005244C5F810B0A96034F802ECBEF1000FCE
:101E200022D114F8081C24F806EC6EF3000104F823
:101E3000081C013A5A801A786EF300021A700022C8
:101E4000DA8045E0BEF1000F0CD002984A44091A2E
:101E5000A96014F8081C6FF3410104F8081C002164
:101E60009980D9E73B46D7E707EBCE0AD5E90010C2
:101E700001EB0009CA450ED314F8081C013A6FF3B0
:101E8000000104F8081C002124F8061C5A801A7866
:101E900061F30002D2E717F83E70514617F00107D0
:101EA0002FD014F8087C013A6FF3000704F8087C7F
:101EB000002792B224F8067C5A801A7867F3000251
:101EC0001A70C3F107020A44C2F3CF02DA808A8093
:101ED000002E3FD0B3423DD37288002A08BF1E4671
:101EE000B8F1000F06D0434504D8B8F80220002A04
:101EF00018BF43460198C5E905630CF0D4FB0020E8
:101F000057E7AEEB0C0EBEF1010FCAD1BAF802C012
:101F1000AAF802709444BAF80620CAB10AEBC201CA
:101F200000272A69013A2A61AA68083AAA6014F8C7
:101F3000082C24F8067C6FF3000204F8082C1A78A9
:101F4000A3F802C067F300021A700029B9D176E73E
:101F50001146E5E71E46C3E722202AE710B50446EE
:101F6000E6F7CAFA2146BDE81040FFF707BFFFF7C2
:101F7000F5BF70B5049E15461A4696B1002333602E
:101F80008DB181B14D4333462946FFF7EDFE04463E
:101F900028B9306818B12A46214608F05DFD204670
:101FA00070BD2224FBE72124F9E707B5002201AB2D
:101FB0000192E6F789FA019803B05DF804FB084640
:101FC000FFF7C6BE0846FFF7D2BF00230360436099
:101FD0007047F0B5D0E90540551C08BF0822002B1A
:101FE0004FF0000518BF0446DDF818C0CCF80050CB
:101FF000002C37D09DF814706588FF0007EBC505ED
:10200000C2F1000E2078C00708D51BBBE088A0B144
:1020100004EBC004658807EBC505F3E78D42F4D3F4
:1020200063B904F10806B6FBF2F002FB1066701803
:102030000EB1A842EAD8CCF80040F0BD082A0FD073
:102040006088013004EBC000461A06EA0E06801BC9
:102050008542F0D2A0880028EFD0A4EBC004D9E7D5
:102060000846E8E72046E8E7034610461A69DAB171
:1020700008B921B918680378DB0702D4704798695A
:10208000F9E739B9C3887BB100EBC3000378DA07FD
:10209000F8D47047012907D183882BB1A0EBC30086
:1020A0000378DB07F8D47047002070472DE9F04132
:1020B000D0E90545074688461646F3B194420FD04D
:1020C00042B1954215D1424601213846FFF7CCFF77
:1020D00005460EE00A463146FFF7C6FF0446F2E722
:1020E0000A460021FFF7C0FFB5420446EBD0002EA0
:1020F000E9D0C7E90545BDE8F081944208D08C429B
:1021000028BF0C46B54205D0454538BF4546F0E7E7
:102110000C46F7E74546ECE738B51C46C3E9000135
:102120000023C4E90500C4E9023323612277636216
:10213000FFF74BFF23690139C9080133418023614F
:10214000A368E268083393424FF00000A36088BFA1
:10215000E36038BD08B5E6F7BFFA08BD002307B550
:10216000684600938DF80430E3F72EFF03B05DF866
:1021700004FB10B50CF093FA04460BF019FC204652
:10218000BDE810400CF086BA70474FF4C870E6F70F
:1021900033BB7047704708B5FEF7F8FAFEF705FB4A
:1021A000FEF70CFBFEF721FBBDE80840FEF72ABB5B
:1021B000704708B5FEF7E5FAFEF7E4FAFEF7E3FA32
:1021C000FEF7E3FAFFF7F4FF08BD08B5FEF71CFBC6
:1021D000FEF71BFBFEF71BFBBDE80840FEF719BB33
:1021E00000F000B807B512200DF10601FFF7C2F9A3
:1021F000BDF8060003B05DF804FB70477047E1F7D7
:1022000033B8F2F78BBAF2F737B930B5002485B09E
:10221000054601A8CDE901440394E0F7EFFF20460D
:10222000029B2B6005B030BD704713B51AB1002476
:10223000009400F0F4F802B010BDF0B58DB005AC1C
:1022400084E807001C46A1420D4628BF2546129B84
:102250000DB304B311462846002603F53813CDE923
:102260000A468DE8030003F241135F02C5EB4323E6
:10227000099302950CAA059B12E90700069500F048
:1022800057FAA54207D23146621B381B0DB0BDE894
:10229000F04000F04BBA0DB0F0BD30B591B001ACDC
:1022A00084E807001C461346DA0049BF029A620020
:1022B000033222F00302014604A8FFF7B6FF04A888
:1022C00000F0C2F81499224601F5381101F24111CB
:1022D0004D0208A8C4EB41210023FFF7A6FF05F536
:1022E000007100232246091B0CA8FFF79EFF0CA8D3
:1022F00000F0AAF808A904A800F086F811B030BDD3
:1023000070B590B001AC84E807001C4614991646DD
:1023100001F5381101F2411122464D0208A8C4EB23
:1023200041210023FFF781FF05F5007122460023BC
:10233000091B0CA8FFF779FF0CA800F085F8F30043
:1023400048BF029A334648BF033201994CBF22F07E
:102350000302620004A8FFF768FF04A800F074F805
:1023600004A908A800F050F810B070BD10B58CB0EA
:1023700005AC84E807000E9ADDE9060102F5381283
:1023800002F5A0725202CDE9092300228DE8030074
:102390000B9202930CAA059B12E9070000F0C8F902
:1023A0000CB010BD2DE9F04B4FF0000899460746E0
:1023B000164645468AB003AC84E8070002F0805B0D
:1023C00007AC049A424502D80AB0BDE8F08B139BD3
:1023D00013B9AA1E012A0AD9129BCDE907790996D9
:1023E00000955BB194E807004B46FFF726FFBBF171
:1023F000000F00D14F440135C844E2E74B4694E852
:102400000700FFF7B3FFF2E708B5E6F709FDE6F7C7
:102410003DFDE6F745FDBDE80840E6F755BD10B5C2
:10242000044622F07042103060602160A26039B131
:10243000A26803F070431343A360029BE36010BDE6
:10244000A36843F08043F7E701234360C36843F088
:102450002003C360836843F000538360704737B53F
:1024600015464A6804463AB18C680093096845EA03
:102470000403FFF7D4FF0446204603B030BD2DE926
:10248000F04FD3B0CDE90123DDE95D7BDDE95FA944
:1024900000230390042003ACCDE9050307C907AB73
:1024A00083E8070021461846619E0494E6F720FD64
:1024B0008046002840F0B3805C9A0AAB07CADBF87C
:1024C000045083E80700DAF804304C421D44D9F880
:1024D00004306D425B420093BB6805F00F05DA00E3
:1024E00048BF7B6804F00F0442BF033323F00303AB
:1024F0007B60B368DB0041BF7368033323F00303E1
:1025000073600023DBF80400DAF80420CDE915330A
:1025100081182944CDE90E1379680D93494201F0E1
:102520000F01CDE9103171681293494201F00F019A
:10253000CDE91331CDE9173319935C9B5B684BB937
:10254000D9F804301343184301BF1024CDE90B40E0
:1025500016AB0A9311234FF0005204A932A8FFF7DB
:102560007EFF40F611034FF0005207A9FFF777FFF7
:1025700042F611034FF000520299FFF770FF44F644
:1025800011034FF000520199FFF769FF4123002228
:102590005946FFF764FF2B024FF00052514643F0BB
:1025A0004103FFF75CFF23024FF0005243F00103A9
:1025B0000AA9FFF754FF009B4FF000521B0203F4DF
:1025C0007063494643F00103FFF749FF1038FFF7F6
:1025D0003BFF00230DA91A461AA8FFF740FF00236E
:1025E00039461A46FFF73BFF002310A91A46FFF7AA
:1025F00036FF002331461A46FFF731FF002313A9A7
:102600001A46FFF72CFF002362991A46FFF727FFAF
:102610001038FFF719FF1AA932A8FFF7F5FE404658
:1026200053B0BDE8F08F084611461A465B68102B80
:1026300001D1E6F7E5BC0720704782B000B589B04C
:102640000DF1200C20290CE907000B9312D8DDE9CD
:102650000E0102AB83E803005CE902018DE8030090
:102660000BAA059B07CA00F0EAF809B05DF804EB75
:1026700002B070470120F8E782B070B586B00B93C6
:10268000119B03AD202B85E807003CD80C9AB2EBD8
:10269000430F3AD10F9EB34237D106225A438A42A2
:1026A00003D003EB83038B422FD10122314622203A
:1026B000129BE6F7F7FA0446F8B90123CDE9003397
:1026C00095E807000E253346FFF76CFE00950EAA2D
:1026D00007CA3346FFF7B1FD2346062229460220EA
:1026E000E6F7CCFAE6F7FAFA0623044678B900933F
:1026F0000BAA334607CAFFF703FE204606B0BDE823
:10270000704002B070470124F7E70724F5E71C4644
:10271000F3E7034610461944CA1A012A00D5704748
:1027200011F8012D02440A701012F5E708F094B96F
:1027300082B02DE9F0438BB005AE86E80700079D17
:102740001F4615F0804513938046DDE91432894613
:10275000169C16D18C4228BF0C46D20016D584B1E7
:102760000F2C1AD8A9EB0502042A3B6828BF0422C3
:1027700008EB050009A90435099308F078F9AC4283
:10278000F0D80BB0BDE8F04302B070479C4228BFC0
:102790001C46002CF5D00F2C13D9DDE914018DE86F
:1027A00003000294139B96E80700E6F741FBE6F767
:1027B0006DFBE6F775FB0BB0BDE8F04302B0E6F742
:1027C00083BB224639460BB0BDE8F04302B008F0A7
:1027D0004EB982B070B586B00E9E0B930C9B03ADC4
:1027E000B3EB460F85E8070027D1012231462620AA
:1027F0000F9BE6F757FA0446C8B90123CDE9003329
:1028000095E8070006253346FFF7CCFD00950BAA97
:1028100007CA3346FFF741FD234622462146284694
:10282000E6F72CFAE6F75AFA041E18BF05242046EC
:1028300006B0BDE8704002B070470724F7E782B0E9
:102840002DE9F04F89B01D461393149B01AC8B42C8
:1028500084E8070006460C4605D0072009B0BDE80D
:10286000F04F02B070476B1813F8013CDB07F4D54A
:102870000027EB5DB3B34FF0FF084FEA480111EAC0
:10288000030A5FFA81F8F8D13A46514606EB070988
:102890003046E71B08F0E0F804F1FF3BCDE9067A8B
:1028A000CDF814900DF1140A9AE80E00DDE9160730
:1028B000B847002101278C46084699F8003023EAE2
:1028C000080389F80030A1420ED1BCF1000FC4D03A
:1028D0000028E9D1002FE7D101223046FFF719FF88
:1028E0003846BBE70137C4E76A5C735C8B4508BFB9
:1028F00002F0FE02A2EB030E5FEA1E2E07F0010EAD
:1029000008BF4FF0000E5340013B1B0A07F00107C0
:1029100040EA0E0008BF00270131002A18BF4CF022
:10292000010CD0E708B5E6F7F3F910F00E03FAD082
:10293000022BF8D010F4806018BF062008BD10B537
:102940000446E6F709FA2046E6F752FC18B9BDE856
:102950001040E6F7B9BC10BD10B5044608B1E6F763
:10296000D7FC2046BDE81040FFF701BB00F4E04073
:10297000B0F5805F04D0A0F500535842584170472D
:1029800001207047F0B51F4600F0FE43B3F1106F11
:10299000164687B015D120F01F6424F4702484B942
:1029A000D1E908234C68240A0BD10E9C00960494AC
:1029B0000D9C03940C9CCDE90174E4F70DFC07B069
:1029C000F0BD6FF08500FAE73AB1002918BF002387
:1029D0002121D21A184408F03FB8704738B503795E
:1029E00004460D464BB9636900202B60237E012B02
:1029F0000AD028606FF0960005E0D0E9081200F0D8
:102A0000DAFD0028EFD038BD02232376FBE72DE95D
:102A1000F04F9B46002389B08DF81B30159B9146E3
:102A2000DDE912A7002B0E460B460CBF4FF40062E7
:102A30004FF4806207A9DDF85080E6F7EBFD04460D
:102A400000BB079D304629880DF11B02E6F750FEBA
:102A50000446B8B99DF81B30BB4225D8D5E9081209
:102A60006868000A23D1CDE9033828463346CDE90A
:102A700001BACDF80090E4F701FE10F1860F04468C
:102A800000D008B1C8F800703A4621465046D8F840
:102A90000030FFF799FF079800F05CFD002C18BF8D
:102AA000204609B0BDE8F08F6FF08904EAE76FF0C7
:102AB0008604E7E700232DE9F3414668D0F8148047
:102AC00004460F4630461146136000F045FD0546AA
:102AD00088B9304600F042FD054660B9F6B276B9D5
:102AE000B8F1000F05D1A06820F47F4020F003006A
:102AF00060B16FF08605284602B0BDE8F08101465E
:102B0000606900F001FD0028EDD1F2E74FF6F8739F
:102B100062889A4219D894F80480B8F1000F00D165
:102B200001A83946E7F712F805460028E3D10FCC93
:102B30003F683E460FC694E8030086E80300B8F1FC
:102B4000000FD8D1019B7B61D5E76FF08505D2E7F7
:102B500041F2052398421AD8B0F5905F09D241F2AC
:102B6000010398420CD0B0F5885F09D06FF0850062
:102B700070472923A0F5905080B2C340DB07F5D5FC
:102B800011F0070F0CBF00206FF086007047B0F502
:102B9000105FEBD121F04003802B06D0B1F5807F90
:102BA0000CBF00206FF0860070470020704770B5A2
:102BB000046A05460E463CB90120FFF7F6F9286283
:102BC00028B120466E6270BD6FF08A00FBE76FF09F
:102BD0008C00F8E7F8B50F46114606461546FFF794
:102BE000E6FF044620B92A463946306A07F03FFF1F
:102BF0002046F8BD2DE9F041089D88461F4604880F
:102C000002B32046FFF7B2FEE0B12B680BB9D30048
:102C10002B6020462968FFF79BFF044678B9CE1D3C
:102C2000B2EBD60F11D1069B9A4211D841463846D5
:102C300007F01DFF2B68079A0733DB081360204657
:102C4000BDE8F0816FF08504F9E76FF08604F6E7E0
:102C50006FF08904F3E72DE9F04F476885B03F0A2C
:102C60000446DDE90E9A0D4616469846DDF840B05A
:102C700015D1CDE901ABCDF80090E4F737FC10F1A8
:102C8000860F0ED14346324629462046CDE90FAB8A
:102C9000CDF8389005B0BDE8F04FFFF7ABBF6FF04F
:102CA000860005B0BDE8F08F10B50446006A10B18B
:102CB000616AFFF751FE0020C4E9080010BD38B575
:102CC0000546FFF7F1FF2B7E0446012B0ED0023B99
:102CD000012B0ED8EB69012B18BF6FF09604282248
:102CE0000021284607F0B8FE204638BDEB69002BCE
:102CF000F2E76FF09604F2E713B50446C0B101A9FC
:102D0000E6F764FF044698B9019B1A7E022A12D1A5
:102D100003221A761A79FF2A10D01AB1586900F0E6
:102D20002FFC0446019800F000FC002818BF044660
:102D3000204602B010BD6FF09604F3E76FF08404F4
:102D4000F0E773B5054608460C4600F04EFB00233D
:102D500028461A4601A9E6F75DFC50B9019E3546A2
:102D60000FCD0FC495E8030084E80300304600F05F
:102D7000F1FB02B070BD70B5144602881D461046C6
:102D8000049EFFF7F3FD68B944F2010322F44050BA
:102D9000984207D002F44F42B2F5824F02D0B2F50A
:102DA000844F0ED1B4420FD82246284607F05FFE6A
:102DB0000021321B281907F04FFE0020059B1C60E4
:102DC00070BD6FF08500FBE76FF08900F8E72DE933
:102DD000FF4188461F46164622B3002301223B606E
:102DE00003A9E6F717FC044650B9039D6B68D5E9C3
:102DF00008121B0A08D0284600F0ACFB6FF08604CE
:102E0000204604B0BDE8F08143462846CDE900677E
:102E1000FFF7B1FF0446284600F09CFB002C08BFDA
:102E20000446EDE76FF08904EAE770B514460288BE
:102E3000049D02F4E040B0F5804F1CD144F2010043
:102E400022F44056864207D002F44F42B2F5824F38
:102E500002D0B2F5844F0ED1AC420FD818462246AC
:102E600007F005FE00212A1B204407F0F5FD002095
:102E7000059B1C6070BD6FF08500FBE76FF089005B
:102E8000F8E7F0B50F461E46154685B00AB3002395
:102E900003A91A463360E6F7BDFB044638B9039828
:102EA00003885B0406D400F055FB6FF086042046CF
:102EB00005B0F0BDCDE900563B46D0E9081200F060
:102EC000F4FA0446039800F045FB002C08BF0446C2
:102ED000EDE76FF08904EAE72DE9F0411F46002392
:102EE00088B0054688461646CDE905333B60002A82
:102EF00052D0B2F1005F52D206AA05A9FFF7DAFD5F
:102F00000446A0B90598036AB3B1059B41465A88A7
:102F10002846079207AA029203F1240201925A6AF4
:102F200000921B6A3246FFF796FE044688B1059868
:102F300040B3FFF7C4FE25E06B681B0A02D06FF0B8
:102F40008604F4E73146FFF732FE04460028DCD061
:102F5000EDE70598079B4288C2B943804FF6F872A7
:102F6000934216D82B8813B102889A42E7D16B8816
:102F700013B142889A42E2D13946FFF72FFD044649
:102F80000028D4D1204608B0BDE8F0819A42D6D1BD
:102F9000E4E76FF08504CAE76FF08604F2E76FF0AC
:102FA0008504EFE710B50446006868B106280CD127
:102FB00004F10800FEF7BEFA00232360A38823F47F
:102FC000FF7323F00103A38010BD6FF08600F3E7C9
:102FD0002DE9FF4105469846002303932B680846D8
:102FE0001746002B3AD1B8F1000F134603A914BFBE
:102FF0004FF480624FF40062E6F70CFB044678BBA6
:10300000039E384631882A1DE6F772FB044638BB1A
:103010006B7968F300036B717168D6E90823090ABC
:10302000B8F1000F12D011BB3146009705F108002E
:10303000E4F78CFB044698B9062303982B6000F054
:1030400089FA0446204604B0BDE8F08179B93146DA
:10305000009705F10800FEF76BFAEBE76FF08804C4
:103060002846FFF79FFF039800F074FAEAE76FF035
:103070008604F5E70123FFF7ABBF38B505460068C6
:1030800098B112B90024204638BD06280AD105F1AE
:103090000800E4F78DFB04460028F3D02846FFF72C
:1030A00081FFF0E76FF08604F8E76FF08804EAE745
:1030B0002DE9F041054600680E4617469846C8B10E
:1030C0006A79D20716D52A79A2B1BA4215D806284C
:1030D00016D105F10800E4F7BBFB044698B10023C4
:1030E000C8F800702B71A6B92846FFF75BFF204691
:1030F000BDE8F0816FF08804F1E76FF08904EEE736
:103100006FF08604EBE726B92846BDE8F041FFF7EB
:1031100049BF21463A463046D8F80030FFF754FC04
:103120002846FFF73FFF002C08BF0446DFE71FB526
:1031300001240394089C0294079C0194069C00942B
:10314000FFF765FC04B010BD036819430CBF0120F4
:10315000002070472DE9F04707469A46002386B0C5
:10316000059307F0FE43B3F1106F0846DDE90E58F2
:103170009146109E0BD0002D48D12846356000F0B6
:10318000E9F96FF08604204606B0BDE8F0873B46BB
:103190004FF4804205A9E6F73DFA044628B175BB15
:1031A0003560059800F0D6F9EDE705990B8823F016
:1031B000FF03B3F5E24F02D0B3F5E44F0CD14B88D7
:1031C0000733B8EBD30F07D21DBB0846356000F0BC
:1031D000C1F96FF08904D6E753464A463846CDE92F
:1031E00001860095FFF7CEFB04463DB90598356092
:1031F00000F0B0F9002C08BF0446C4E760B14146B6
:103200002846E6F7E9F9C6F80080CAE76FF08604B9
:10321000F5E76FF08904F2E7059800F09BF90446A2
:10322000B1E7E6F7D9B908B50088DDE90221FFF773
:103230009DFB20B1BDE808401046E6F7CDB96FF020
:10324000850008BD2DE9F04F1F46002389B0904648
:10325000129ACDE905331360438805460E46002BCC
:1032600000F0C080038803F4E043B3F5804F00F022
:10327000B98039463046FFF767FF002800F0B2807A
:10328000284606AA05A9FFF715FC044600287DD1AB
:10329000059A6B68126A72B1059B9A46D3F820B002
:1032A0006B685AF8249F1B0A75D06FF08604059846
:1032B000FFF7FAFC6AE01A0A61D1B5F800A0698844
:1032C0005046FFF753FB80B15046FFF741FC0446E0
:1032D00000285BD10AF4E043B3F5805F02D0B3F578
:1032E000005F0AD10731CA0817E02AF0FF03B3F5DF
:1032F000E24F37D06FF0850448E00AF44F43B3F54E
:10330000844FEFD047F201039A450FD149080131AC
:10331000C90801EBC10101F13B0207920799059829
:10332000FFF745FC04460028B6D02FE044F2010325
:103330009A4503D1C90801F11002EEE747F20203F2
:103340009A4505D1C90801EB410101F15A02E4E7B0
:1033500044F202039A4505D1C90801EB410101F18C
:103360004A02DAE72AF0FF00B0F5E24FBAD0B0F532
:10337000824F01BFCC1DE4086400621CCDE72846E3
:1033800007A900F036F804460028C7D00598D0B148
:10339000FFF795FC17E02B885B0418D43B464246A8
:1033A00031462846CDE9019ACDF800B0FFF73BFF42
:1033B00004460598002C7FF47AAF1299FFF70EFBB4
:1033C00004460028E2D1204609B0BDE8F08F5346FC
:1033D0004A4659462846E3F7ABFF10F1860F0446EC
:1033E000E7D1DBE76FF08604EDE71822002107F054
:1033F00033BB028843884068000A51D102F4E040A0
:10340000B0F5805F02D0B0F5005F05D10733DB086F
:1034100040D16FF08500704702F44F40B0F5844F03
:1034200003D10733DB080AD1F3E747F201008242F8
:1034300008D15B080133DB0803EBC3033B330020F7
:103440000B60704744F20100824202D1DB08103366
:10345000F5E747F20200824204D1DB0803EB4303A5
:103460005A33ECE744F20200824204D1DB0803EB5A
:1034700043034A33E3E722F0FF02B2F5E24FD0D034
:10348000B2F5824FC5D10733DB085B000133012B56
:10349000D5D1BEE722F0FF02B2F5824FCFD1F6E7D9
:1034A00000236FF086000B6070472DE9F3474768F3
:1034B0000446DDE90A9A3F0A0D461646984611D1A0
:1034C000CDE9009AE3F79EFF10F1860F0CD1434639
:1034D000324629462046CDE90A9A02B0BDE8F047B7
:1034E000FFF7A3BC6FF0860002B0BDE8F087037E53
:1034F000022B06D1C3695A1C03D00133C3610020DB
:1035000070476FF09600704703466FF040420846E0
:10351000591E914207D338B103F1404393428CBF07
:1035200000200120704701207047034668B1017EEA
:103530008A1E012A0BD80329C26903D1012A01D1AD
:10354000FFF7BDBB1AB1013ADA61002070476FF096
:1035500096007047FFF7E9BF00207047C0B2FF2810
:103560000CBF6FF086000020704707B500216A4647
:10357000FDF76FFF8C3018BF012003B05DF804FB2E
:1035800013B500216A460446FDF763FF8C3002D173
:10359000002002B010BD00212046E3F7FDFC0146EB
:1035A00010B16FF09800F4E76A462046FDF751FF2E
:1035B0008C30EDD0F5E72DE9FF41074614468846EB
:1035C00000293FD0002A3DD0B2F5005F3DD202F184
:1035D000240631460120FEF7E8FC0546C0B3034649
:1035E0003A4621464046E6F74FFB7F6900243846BD
:1035F000FFF7BBFF01281FD021462B463246384635
:103600000094E3F703FC0146C8B9384602AAFDF767
:1036100020FF044620B9029B9E4205D06FF098041B
:1036200038460021E3F7B8FC31462846FFF794F905
:10363000204604B0BDE8F0816FF08A04F4E76FF033
:103640009804F1E76FF08604F2E76FF08D04EFE77E
:103650006FF08C04ECE7FFF77FB92DE9F047D0F865
:1036600014A086B08146884617465046002104AA19
:10367000FDF7EFFE044610BB049E01203146FEF725
:1036800094FC0546002837D02146504604AA0394EE
:10369000FDF7DFFE044670B903AB02462146CDE9D3
:1036A000005350463346E3F721FC039B04469E42F9
:1036B00009D06FF0980431462846FFF74DF92046AF
:1036C00006B0BDE8F0870028F5D13B4642463146BA
:1036D0002846CDF80090E6F7F5FA04460028EAD12E
:1036E000D8F800302BB13B68002B08BF6FF0910475
:1036F000E1E76FF09104DEE76FF08C04DFE78B69A0
:10370000184700207047704770474FF0000070471F
:1037100000207047704770470020704700207047B6
:1037200000207047002070470020704770477047A6
:103730000020704770471120704700207047704785
:10374000704750E8003F0B4340E80032002AF8D1B0
:103750007047C94350E8003F0B4040E80032002A60
:10376000F8D17047431E032B06D8DFE803F00204AC
:103770000204032070470420704770470020704700
:103780000020704770477047002070470020704746
:10379000704770477047704700207047002070479F
:1037A000704770477047002070470020704770478F
:1037B000002070470020704770474FF0FF3070477F
:1037C0000020704770477047002070470020704706
:1037D0004FF0FF30704711207047002070470120E4
:1037E00070470020704700207047002070477047E6
:1037F0007047704701F059BB38B504460AF058FFCE
:10380000D4E90A1205462046E6F7A6FAB4F84C10A9
:10381000B4F84E20E060521A40F2712101FB02031D
:1038200003F59C53083328462361BDE838400AF06D
:103830003ABF08B52030FFF784FFBDE808404FF0DD
:103840008050F0F725BE38B50D4604460830E8F73D
:103850002DF885F001010025204602F0C4FEE06B42
:10386000A56110B1E7F72EFBE56304F14000BDE868
:10387000384007F04FBC10B5044619B390F85620F5
:103880008AB190F857300133DBB29A4280F8573052
:1038900009D10121FFF7D7FF4FF080712046BDE825
:1038A0001040FFF7C6BF236ADA030BD5636A62686C
:1038B0009B1A002B06DA01212046FFF7C4FF4FF0C8
:1038C0008061EBE7236A1B0424D402F0F6FF112386
:1038D000B0FBF3F394F9682003EB0313C01A83B22F
:1038E00012FA80F0102888BFC3F110035BB2083AC7
:1038F0001A4484F8682040F27121B4F84C20204624
:103900001A44636801FB023301216360BDE8104083
:1039100002F07ABE0023EEE72DE9F74F16461D466A
:1039200082699DF85830044688460E9F9DF8409065
:103930009DF848B09DF850A00193002A40F0D28035
:1039400005F01C021C2A04BF0626B046EB0600F157
:10395000A98005F00302032A08BF05F0FD0505F064
:10396000F70505F01402142A40F0A080A80600F123
:10397000AA80BDF844209DF85C00A4F85420FFF70D
:10398000F1FE00221BF0020F84F86900A26740F0EC
:103990009D801BF0040F00F09B8000F0FD000128CB
:1039A00014BF0323042384F874309DF86000FFF7EC
:1039B000D9FE00231AF0020F84F88E00C4F8883074
:1039C00040F088801AF0040F00F0868000F0FD00BF
:1039D000012814BF03210421606C84F88410FFF7D0
:1039E000A9FE49F6FF7104F12000FFF7B2FEFF23A4
:1039F00084F85A30019B1BB1236A43F4805323623D
:103A000005F01803182B02BF236A43F40043236216
:103A1000236A6A0723F4C04323620CD419F0010F10
:103A20001CBF43F400532362236A19F0020F1CBF2A
:103A300043F480432362236AA4F850502B4323624B
:103A400004F16203002F49D03A68C4F86220BA88B2
:103A50009A809DF83430012B03D14FF48061FFF739
:103A600070FE236A9DF8302023F4407343EA02235A
:103A7000236202F022FF9DF85430C0F30B0040EAAD
:103A800003309DF83C30A4F88C00A4F84C8020460C
:103A9000A4F84E6084F85830FFF7AEFE002003B063
:103AA000BDE8F08F4FF0010AD3465AE700222046C6
:103AB000A16AE6F751F940F2712272438242BFF4E3
:103AC00055AF4520EBE705F0FC0552E702236AE716
:103AD000012368E702217FE701217DE7C4F86270D6
:103AE0009F80BEE70C20DAE72DE9F74389461746A9
:103AF0000446019330B901A807F00CFB422003B043
:103B0000BDE8F083012920D0022910D089B983694A
:103B1000C3B900F128054FF40036236AD9061ED533
:103B20005A0726D501A807F0F5FA0020E7E7406C10
:103B300020B901A807F0EEFA0C20E0E71946FFF7DC
:103B4000FAFDDCE700F13005E5E7836923B900F110
:103B50002C054FF48026E0E700F13405F9E79B07D8
:103B600007D5B9F1000F04D101A807F0D3FA12204C
:103B7000C5E704F1200840463146FFF7EAFDF807A3
:103B800002D5284607F0C6FA019921B1284607F068
:103B9000A8FB00230193286807F041FB236AD9069C
:103BA00005D51F2801DC032F16D02846DDE740F29B
:103BB0007262904204DD284607F0ACFA07209EE7C7
:103BC000B9F1000F08D1BF2806DD9A0704D02846B6
:103BD00007F0A0FA452092E72046D4E90C12E6F758
:103BE000BBF8A36983B140F27122B4F84C3053435F
:103BF000984209D9B4F84E308342E8D300F51C70DE
:103C0000B0FBF2F0A4F84C000AF052FDA36905469F
:103C10007BB1BB070DD531464046FFF792FD636887
:103C2000C3F57A7602F08AFEF04202D52046EAF722
:103C30002BF828460AF037FD77E708B548B1CB07DF
:103C400001D4002008BD4FF480112030FFF779FD2A
:103C5000F7E74220F6E708B548B1CB0701D40020CA
:103C600008BD4FF480112030FFF773FDF7E74220C5
:103C7000F6E7E6F759BB38B5836904460D463BB114
:103C8000036A13F0010011D194F85930FE2B0CD0C7
:103C900004F120004FF40011FFF753FD01202B68C1
:103CA000C4F85B30AB88A4F85F3038BD0020FCE777
:103CB000036A10B5044613F4602025D09A0307D593
:103CC00004F1280007F026FA236BA3620023236384
:103CD000236A5B0307D504F12C0007F01BFA636B22
:103CE000E362002363634FF4602104F12000FFF7D7
:103CF00030FD2046FFF780FD0120B4F88C305A1CBF
:103D000062F30B03A4F88C3010BD10B504464030AC
:103D100007F0E7FA2046BDE810404FF00071FFF7CA
:103D200088BD012313B54189009304468389C28964
:103D3000084601F01DFDE0B1E279531E072B1AD8A9
:103D40006389934217D922899A4214D8237C43B9B4
:103D5000637C33B9A37C23B9E07C10B9237D0F2B9E
:103D600007D9607D1B3000F01F000B288CBF00209E
:103D7000012002B010BD0020FBE7F8B58D790C469C
:103D80000C354B5D4F1903F0400343F004034B55D2
:103D90000623B91C7B70164600F00FF8635D002EF9
:103DA00060F386136355A3797A7803F10203134411
:103DB000E371A4BF06367E70F8BD37B50246136ABC
:103DC000084603F4007403F48015DB0505D47CB9C0
:103DD00002F0FDFC204603B030BD4CB9B5FA85F4C5
:103DE000D2F85B1064090160B2F85F208280F1E7CD
:103DF000019092F95A30B5FA85F4009300231A46DF
:103E000019461846FFF7E7FC6409E3E750E8003F6E
:103E10000B4340E80032002AF8D17047C94350E80C
:103E2000003F0B4040E80032002AF8D1704738B517
:103E300005460C4602F064FE20B149F640439C4220
:103E400028BF1C46EA68A2420BD240F27121B5F8A5
:103E50007A304B43934238BF1346A34228BF2346D0
:103E60001A462A6138BD03469A6A4430920404D542
:103E7000D3F82821998FECF7E5BC93F86F10ECF795
:103E8000D7BC002070470120704700207047704762
:103E9000002070470020704701207047C8207047FD
:103EA000002070470020704770477047112070470E
:103EB0007047704700207047704700207047704778
:103EC000012070477047704790F8852010B5531C4B
:103ED00003F00F03072B28BF0023044663F30302FC
:103EE000034480F8852083F87E1090F885306F2B8E
:103EF0004FEA13129EBF013262F3071380F8853038
:103F0000FFF7E1FF204694F83011FFF7CEFF10BD18
:103F100070477047704710B101F1B000704701F170
:103F2000D4007047F8307047806A70472830FFF738
:103F30006DBF2830FFF772BFC06A70472C30FFF7A3
:103F400065BF2C30FFF76ABF00F59C70704708B55D
:103F50000B79DB0702D4FFF7DBFF08BD91F90510F1
:103F6000BDE80840FFF7B0BF70B540F2712606FB10
:103F700001F345685643826A1D44120704464560B2
:103F80000ED500F14005294600F13402E7F7AAFFFB
:103F9000334629462046BDE87040012201F0DEBBD1
:103FA00005EB5605456070BD836A590505D4D0F808
:103FB000A03013B15B799A0708D4D0F8A40000B9F7
:103FC000704743799B0701D40068F8E701207047E8
:103FD00080F87710704738B504460D46E6F766FC62
:103FE00080B2FFF7CDFB78B14288022DA08F11D0AF
:103FF000032D0BD0012D06D1238F626B1B01B3FB68
:10400000F2F3184480B238BD0122EEE74FF47A4350
:10401000626BF4E7638F5B00073313FB0200F1E789
:1040200038B5044601F085FD04F1A40007F072F8EC
:1040300004F1A80007F06EF804F1AC0007F06AF88C
:1040400004F1A00007F066F82046E6F72FFCC4B2A2
:104050002046FFF761FB05462046FFF75FFB014660
:104060002846FFF758FB38BD38B5836A04461B075E
:1040700013D50246B0F87C3052F8341F4B4340F25F
:1040800071214B4300F14001E7F72CFF236C2046E0
:104090009D08E6F763FB2844E06040F27125616B00
:1040A000204601396943FFF7C2FE636BB4F87C20F8
:1040B00020465A436368012105FB02336360BDE873
:1040C000384002F0A1BA38B5D0F83431044600F5D2
:1040D000947543B3B3F90030A4F832312046E6F7C3
:1040E000E5FBC0B2FFF7DAFE94F8303194F83121E5
:1040F00004F1440102F0FDFC01462846ECF748F9C2
:10410000D4F83431B4F9322183B1B3F900309A4292
:104110000FD0A36A9B030CD52046BDE838404FF46E
:104120000041E6F7D9BB47F6FF73D5E747F6FF73C3
:10413000EDE738BDFFF7C7BF836A0A4600F14401C7
:10414000C3F34030ECF72ABB38B504460D463AB904
:104150004FF4C0212830FFF761FE9DB9002038BD23
:10416000FFF7A8FE98B128344FF4C0212046FFF78E
:1041700055FE1DB14FF40031FFF748FE4FF480218A
:10418000204601E04FF40031FFF740FEE6E7112042
:10419000E5E72DE9FF41836A04469B032CD5D0F85F
:1041A000343163B3B3F900500020B4F93281EBF736
:1041B000B1FFA842B4BF0026012602F09FFCC8222E
:1041C00094F83011EBF7B4FF07462046E6F76EFB94
:1041D000AF42CCBF00270127A5EB08080FFA88F3F0
:1041E0000293002346EA4706CDE900561A4694F8A2
:1041F000301180B200F00BFE04B0BDE8F08147F64C
:10420000FF75D1E7FFF7C5BF86307047F8B50446A4
:104210000E4600295AD040F27123476B30465F4367
:10422000A7F28A277F08394602F016FA94F88E30F2
:10423000851FADB29D4239463046A8BF1D4602F0EB
:104240000BFA94F88F20831F9BB29342A8BF1346AA
:10425000F21E012AB4F88610B4F888202BD8B1F5E4
:10426000296F44F29020B8BF4FF429618142A8BF62
:104270000146B2F5296FB8BF4FF429628242A8BF48
:1042800002461B2DB8BF1B251B2BB8BF1B23304676
:1042900084F8913084F89050A4F88A10A4F88C2007
:1042A00002F0DAF9831F9BB2AB42A8BF2B46DBB208
:1042B00084F89230F8BDB1F5A47FB8BF4FF4A47173
:1042C000B2F5A47FB8BF4FF4A472DAE71B23EFE77F
:1042D0002DE9F341476B490089B28F4204461646E7
:1042E0001D4639D040F271224368416302FB073317
:1042F00002FB11334360E6F7D9FA4FF0000887B2AA
:1043000033464246012138460195CDF80080FFF73B
:104310003FFA3846FFF744FA41463846FFF739FA84
:104320000123618F228FB14218D09542668700D059
:104330002587238F626B1B01B3FBF2F3204694F8B1
:104340003011A4F89C30FFF761FF0421204602B031
:10435000BDE8F041E6F7C0BA0023E2E79542E7D1B5
:10436000A26A1207E5D5002BE3D102B0BDE8F081C7
:10437000F0B585B004460E466A4600F1860300F1AA
:104380008E07154618685968083303C5BB422A468C
:10439000F7D11868314628609B882046AB80FFF72C
:1043A00035FF9DF80B2094F891309A4211D1BDF859
:1043B0000620B4F88C309A420BD19DF80A2094F86C
:1043C00090309A4205D1BDF80420B4F88A309A4260
:1043D00007D04FF48141204605B0BDE8F040E6F734
:1043E0007BBA05B0F0BD37B5044694F88E50BDF8E1
:1043F00018008D420BD1B4F88650954207D194F83D
:104400008F509D4203D1B4F8885085421BD08DF85F
:104410000610ADF80420019D84F88E1084F88F30CA
:10442000A4F8880094F830112046C4F84051A4F84C
:104430008620FFF79DFFB4F88A30A4F88630B4F8E0
:104440008C30A4F8883003B030BD70B504461646F1
:104450000D4690F83031B1B1994214D00122FFF7E6
:1044600027FD294600222046FFF720FD2946204649
:1044700084F83051FFF77CFF2046BDE870404FF4D0
:104480008441E6F729BA19462046FFF771FF002E4E
:10449000F2D170BDF8B51D46C36A04465B070F46EE
:1044A000164610D404212C30FFF7B0FC84F89A7023
:1044B0002046A4F89660A4F898504FF40061BDE837
:1044C000F840E6F709BAF8BD10B511B190F89A4076
:1044D0000C7012B1B0F89610118013B1B0F898209A
:1044E0001A80C06AC0F3800010BD4FF4004128302C
:1044F000FFF78CBC00F5A270704790F83001704750
:10450000F8B504460AF0D4F86568064602F016FAD3
:104510002B1AB3F5FA7304D53046BDE8F8400AF01B
:10452000C2B840F27122616B94F870505143B3FBF2
:10453000F1F3A28F98B2121AA28794F86F2000FBB1
:104540001522252592FBF5F705FB1722002AB8BF97
:10455000521984F86F20B4F89C20121AA4F89C20F9
:10456000626800FB112200212046626002F04CF8D4
:10457000D2E700232DE9F3474E790446B20758BF2E
:1045800006F00106084648BF0326ADF8043058BFC0
:1045900001360D46FFF7B9F8074607F01F03002B59
:1045A000E36A15BF4FF001084FF000084FF0030910
:1045B0004FF002099B050CD59DF80430294666F39F
:1045C000010368F345138DF804302046019A00F08A
:1045D00019FB284606F023FE82464946284606F087
:1045E000D9FD9DF80430AA7966F3010368F34513F9
:1045F0008DF804308DF805A0BDF804300C32AB52B4
:104600009DF80430A91898066B7948BF8F7043F065
:1046100001036B710AF04CF806462046294650F813
:10462000A47F06F05EFE94F846312046013384F8FC
:104630004631E6F73BF980B2FFF7A2F880B1438834
:10464000A26A12070ED5B4F87C209A4202D92046FD
:10465000FFF756FF304602B0BDE8F0470AF023B836
:104660000123EDE7656802F069F98046E9F706FB8A
:104670008442EFD1A5EB0805B5F57A7FEADD1FB1DD
:10468000D4F8A030002BE5D1E9F762FEE2E7F0B5FF
:10469000036B0446990790F8775087B001D5FFF770
:1046A000BFFC236BDA0733D5A76A3B0723D517F482
:1046B000002F14BF032601262046E6F7F7F894F8EA
:1046C0009B30314605930023049394F83E30C7F3A2
:1046D00080020393238F80B20293638F0193636BF5
:1046E000C3F34F03009304F1710300F010FE30B9DF
:1046F000002007B0F0BDBE0C06F00206DCE7012189
:1047000004F13000FFF78AFB4FF40051FFF77EFB06
:10471000236B980410D52046E6F7C8F8A16AC0B20A
:10472000C1F3403100F058FB0028E1D04FF40051B4
:1047300004F13000FFF772FB236BD90409D5002187
:104740002046E6F7D5FD4FF4805104F13000FFF725
:1047500065FB236B5A0512D52046E6F7A7F8002320
:1047600094F89B60C2B21946304600F073FC0028F2
:10477000BED04FF4806104F13000FFF74FFB236B94
:104780005B0711D52046E6F791F8616B238F628FA6
:10479000C1F34F0180B200F09AFD0028A8D0042197
:1047A00004F13000FFF73AFB236B1F0709D52046C1
:1047B00001F0AEFB00289BD0082104F13000FFF788
:1047C0002DFB236BDE0618D52046E6F76FF8E16A6D
:1047D00080B211F4805100F0DB80002100F00CFE6B
:1047E000002885D04FF4805104F12C00FFF716FB10
:1047F000102104F13000FFF711FB236B580613D58D
:104800002046E6F753F894F8773080B20093D4E965
:10481000082300F0D4FD00283FF46AAF402104F1E2
:104820003000FFF7FBFA0025236B190516D520464B
:10483000E6F73CF800230093B4F89830B4F89620DB
:1048400094F89A1080B200F07AFA00283FF450AF42
:104850004FF4006104F13000FFF7E0FA236B13F42A
:1048600080462FD19A0513D52046E6F71FF8334628
:10487000324694F8301180B2E7F7E0FA00283FF4AE
:1048800037AF4FF4007104F13000FFF7C7FA354637
:10489000236B1B0616D52046E6F708F8B4F88C30D3
:1048A00080B2009394F89130B4F88A2094F8901074
:1048B00000F0D4FD00283FF41BAF802104F130004C
:1048C000FFF7ACFA236B9F0610D52046E5F7EEFF05
:1048D00094F8771080B200F0A6FD00283FF408AFEE
:1048E000202104F13000FFF799FA0025236BDE0543
:1048F00008D504F130004FF48071FFF78FFA20469D
:1049000001F031F9236B180408D504F130004FF49D
:104910000041FFF783FA2046FFF774FC236BD903AD
:1049200008D504F130004FF48031FFF777FA2046C4
:10493000FFF7BAFA236B9A0308D504F130004FF45D
:104940000031FFF76BFA2046FFF7BCFA236B9B0799
:104950001AD5002220461146FFF7B2FA2046FFF78B
:10496000B1FA2046E5F7A2FF94F8771080B200F084
:1049700010FE00283FF4BCAE04F130000221FFF726
:104980004DFA2046E6F79EFA012084F87750B0E60B
:1049900000F049FD24E708B5022006F07FFD10B1C4
:1049A00000F0DDFD012008BD10B504464FF4407154
:1049B0002830FFF733FA2046BDE810400021E6F723
:1049C00097BC012310B5A1F12002C1F1200423FA04
:1049D00004F403FA02F222438B40D0E90841234059
:1049E0000A40134314BF0120002010BDC36A10B554
:1049F000044613F0080012D00123A1F12002C1F1F6
:104A0000200023FA00F003FA02F202438B40D4E9BB
:104A1000080103400A40134314BF0120002010BDC9
:104A200010B50C46C9B2FFF7E1FF70B1EAF7B2FB6F
:104A3000C4F12002A4F12003E04001FA02F2104385
:104A400021FA03F3184300F0010010BD70B50446CD
:104A50000E46E7F79FFB09F02BFE05460221204694
:104A600084F87760E5F738FF2046012101F0BBFDAF
:104A70002846BDE8704009F016BE70B504460D46E4
:104A800009F016FE0646E9F7F9F8844201D1E9F784
:104A90003FFC304609F007FE29462046BDE870403D
:104AA000FFF7D4BF0B68C0F84031704738B540F607
:104AB0004805D0F840310C460B609BB2AB4204D99C
:104AC0000B21FFF7ADFF08B9258038BD44F29023D4
:104AD0002380FAE708B5E6F7A7F800F0DDFA00F062
:104AE00008F8E7F757FAE8F77BF8BDE80840E8F779
:104AF000F7B8704770B515460E461C46FFF712FA18
:104B00002B684EB103606B6843602368C0F82530A2
:104B10002368C0F8153070BD83606B68C36023687C
:104B2000C0F829302368C0F81930F4E770B505469D
:104B3000FFF7F8F9044609F0BBFD06464FF4807113
:104B40002846FFF7F3F94FF400612846FFF7F6F91E
:104B5000304609F0A8FD002328462361237523620F
:104B600084F82430FFF7E0F9802310F0080F14BF19
:104B7000237584F8243070BD10B50446FFF714FF88
:104B80002046BDE810401021E5F7A6BE10B504464A
:104B90004FF46061FFF7D5F92046BDE81040FFF7FC
:104BA00003BF7FB506460C46FFF7BCF94FF4C06162
:104BB00005463046FFF7C2F94FF400613046FFF773
:104BC000C0F94FF48060EAF75FFA224670B969468F
:104BD0002846EBF71DFD6B4605F1100213F8011B8B
:104BE00002F8011DAA42F9D104B070BD6C4602F171
:104BF0001006234610685168083203C3B2421C46AF
:104C0000F7D1E8E737B50D46ADF80420FFF78AF98C
:104C1000044600F12003024601992846EBF728FCE0
:104C2000236A0133236223B994F82430013384F8D2
:104C3000243003B030BD37B50D46ADF80420FFF782
:104C400071F901990446024600F110032846EBF77A
:104C500073FC30B123690133236113B9237D013320
:104C6000237503B030BD41F0004141F4E021016003
:104C7000704707B501A8019106F04CFA002003B077
:104C80005DF804FB704770470020704710B5DC1DCD
:104C9000043383734379C47123F0030343F00303A4
:104CA0000E244371012344738371C37301828274A0
:104CB00010BDD31CC371FF2343734379827323F068
:104CC000030343F0030343710123C17383717047EE
:104CD000D31CC3713E2343734379827323F00303D0
:104CE00043F0030343710123C173837170470F23A2
:104CF0004373042383734379A0F8111023F0030353
:104D000043F00303437140F20173C3800123C27374
:104D100003747047D31CC3714379417323F00303B9
:104D200043F003034371012382738371704708B515
:104D30000023FFF7ABFFBDE80840E6F719BE2DE9F9
:104D4000F84380460220894617461E4606F0A6FB19
:104D5000D0B10C2343730823837340F601334579A4
:104D6000C38025F003059DF8203045F0030545710B
:104D7000A0F8108080F81290A0F81370A0F81560C9
:104D8000C373E6F7F5FD0120BDE8F88308B50220FE
:104D900006F084FB30B101221121FFF799FFE6F7FD
:104DA000E7FD012008BDF8B504460F46164613215D
:104DB0001D460922FFF78CFF83790C331C44A17038
:104DC000E77026712B68C4F80530AB88A4F8093069
:104DD000BDE8F840E6F7CCBD70B5064602200D46AA
:104DE00006F05CFB044668B114210422FFF770FF53
:104DF00083790C331C44A170A4F803606571E6F755
:104E0000B7FD012070BD08B504F040FE08BD2DE9D6
:104E1000F041074602200D4690461E4606F03EFB36
:104E20000446E0B109222121FFF752FF0A228379CB
:104E30000C331C44BDF9183084F8038093FBF2F363
:104E400023729DF81C30A7806372BDF92030A671D3
:104E500093FBF2F3E571A372E6F78AFD0120BDE84A
:104E6000F08137B5044606F0DAF93E22A379C0B2E4
:104E70000C33E518E254831E6B700D23AB70AB79D5
:104E80001C38012BE8768DF8073009D10023E91D85
:104E90001A460DF10700FEF795FC9DF80730AB713F
:104EA0002046E6F765FD03B030BD704710B5E6F764
:104EB00099FD837900210C33C418E078E4F7BAFF38
:104EC0006168FEF7BAFE0446E6F792FD2246BDE8A9
:104ED000104000234FF61941FFF7D8BE10B5E6F792
:104EE00081FD837900210C33C418E078E4F7A2FF38
:104EF0006168FEF7B0FE0446E6F77AFD2246BDE89B
:104F0000104000234FF61A41FFF7C0BE2DE9F041D3
:104F1000E6F768FD837900250C33C418E678E6F7D8
:104F200061FD0768E6F75EFDA6F1FE0359425941AF
:104F300005603046E4F77EFF3B4629462279FEF7BE
:104F4000D3FD0446E6F754FD2B462246BDE8F0416A
:104F500042F23701FFF79ABE2DE9F041E6F742FD34
:104F6000837900250C33C418E678E6F73BFD076823
:104F7000E6F738FDA6F1FE03594259410560304677
:104F8000E4F758FF3B4622790121FEF7ADFD0446C8
:104F9000E6F72EFD2B462246BDE8F04142F23801ED
:104FA000FFF774BE2DE9F047E6F71CFD83790C335B
:104FB000C418277994F8038027B9B8F1010F27D0D6
:104FC000E5F79AF900260534BE420ADB0025E6F72C
:104FD0000FFD2A46BDE8F047002342F23901FFF7F2
:104FE00055BE2078B4F80150A0F1FE035942594152
:104FF00094F803900434E4F71DFF58B12A464B4659
:105000004146E5F773F805460028E0D10136DBE7B5
:105010001225DCE74225DAE710B5E6F7E3FC8379F1
:1050200000210C33C418E078E4F704FF80B1211D9F
:10503000FEF721FE00280CBF0C240024E6F7D8FC64
:105040002246BDE81040002342F23501FFF71EBEA4
:105050004224F3E7FE282DE9F843064689469046A8
:105060001F4616D0022006F019FA044690B1062217
:105070001221FFF72DFE1223A57920460C35254479
:10508000AB7085F803902E71A5F80580EF71E6F7F7
:105090006FFC0120BDE8F883704710B5E8F732F8DF
:1050A0000446FEF787FB2043C0B210BD38B5E6F7D3
:1050B00099FC8379C17903F10C020244CB1A0220D6
:1050C0000021B2F8035006F014FB044640B9E6F79D
:1050D0008FFC0722BDE8384042F21901FFF707BEF6
:1050E0002846E5F7CFFB38B12146E7F78DFD0446AA
:1050F000E6F77EFC2246EDE72046F7F701FC0224A6
:10510000F6E770B5E6F76EFC83791844B0F80F60E7
:10511000B0B2E5F7B7FB80B1002100F0A1FE054673
:10512000E6F766FC044602232A4642F21B01FFF71B
:10513000ADFDA3791C44668270BD0225F0E770B511
:10514000E6F750FC83790C33C418B4F803502846B2
:10515000E5F798FBA0B1611D00F082FE0646E6F778
:1051600047FC04460223324642F21A01FFF78EFD45
:10517000E37923449D72E3792D0A1C44E57270BDE6
:105180000226ECE710B5E6F72DFC83790C331844C2
:105190004479B0F80300E5F775FB60B12146E7F705
:1051A0000FFB0446E6F724FCE2B240F20641BDE8FC
:1051B0001040FFF79CBD0224F4E770B5E6F712FC3F
:1051C00083791844B0F80F5009F072FA0446284663
:1051D000E5F758FB80B11621FFF74FFC002520466C
:1051E00009F061FAE6F704FC2A46BDE870400023A6
:1051F0004FF60441FFF74ABD0225F0E7F8B5E6F7A0
:10520000F1FB847905460C340444B4F80300E5F757
:1052100039FB064640B9E6F7EBFB0222BDE8F84051
:1052200042F21301FFF763BDAB79E97903F10C0298
:105230000220CB1A2A44002106F05BFA014618B975
:10524000E6F7D6FB0722E9E783790333837130461B
:10525000B4F80D50B4F80F70E7F758FA04463A4620
:1052600029463046E5F77AFEE6F7C2FB2246D5E747
:1052700038B509F01DFA0446FFF70FFF00280CBFF0
:105280000C250025E6F7B4FB2A4642F20E01FFF793
:105290004EFDE8F7B3FA2046BDE8384009F003BAFE
:1052A00010B5E6F79FFB83790C330344B3F8030092
:1052B000B3F80510C0B2E5F7B3FEE6F799FBBDE819
:1052C0001040002342F224011A46FFF7DFBC2DE90B
:1052D000F84381460220884617461E4606F0DEF84F
:1052E000044690B10A220321FFF7F2FC0023A579BE
:1052F00020460C352544EB70A5F80490A5F80680EF
:105300002F816E81E6F734FB0120BDE8F8832DE99B
:10531000F043814685B002200E461F469DF844802A
:105320008DF80F2006F0BAF80546002844D0222256
:105330002921FFF7CDFC0022AC7930460C342C44F7
:1053400004F10E0304F11401C4F80E209A80626186
:10535000228300913A460DF10F01FEF734FA9DF8D1
:105360004030A4F80490E37006F00103A3719DF8A7
:105370000F3016F0FD0FE3713B68A360BB88A3817B
:105380004FF6FF7304D0032E08BF43464FF0FF08CB
:10539000BDF8302028466283BDF8342084F821808F
:1053A000A283BDF838206384E2839DF83C2084F812
:1053B0002020E6F7DDFA012005B0BDE8F083F8B55E
:1053C0000746022016461D4606F068F8044690B1CE
:1053D0000C220421FFF77CFCA1799DF818300C31D8
:1053E000214420468F80C1F80660C1F80A50CB7076
:1053F000E6F7BEFA0120F8BD70B5064602200D465C
:1054000006F04CF8044668B103223021FFF782FC15
:10541000A37920460C332344A3F803609D70E6F77C
:10542000A7FA012070BD70B5064602200D4606F0B1
:1054300035F8044688B104220821FFF76BFCB5FA61
:1054400085F2A37952090C3323442046A3F8036064
:105450005A719D70E6F78CFA012070BD2DE9F84372
:1054600081460220884617461E4606F017F8044675
:10547000B0B10B220721FFF72BFCA579BDF8203036
:105480000C3525442046A5F80390A5F80580A5F81D
:105490000770A5F80960A5F80B30E6F769FA012056
:1054A000BDE8F883F8B5074602200E46154605F01C
:1054B000F5FF0446A0B10D220521FFF709FCA379F1
:1054C00020460C332344A3F80370A3F80D602A6828
:1054D000C3F805206A68C3F80920E6F749FA0120F5
:1054E000F8BD2DE9FF4116466A4680460F4615462F
:1054F0000A9C03F1100E9446186859680833ACE80A
:10550000030073456246F6D124B9022005F0C6FFB8
:10551000044608B31D22ED212046FFF7CAFBA379FC
:105520000C332344A3F80380A3F80D702EB1326826
:10553000C3F805207268C3F809200F3304AE2A4669
:1055400003CAB24218605960154603F10803F6D148
:105550002046E6F70DFA012004B0BDE8F08113B54E
:105560001321827901900C32841881544FF44072D7
:10557000C280E5F7EDFFA07020B901A805F0CAFDD3
:1055800002B010BD8000013060700198E6F7F0F9BC
:10559000F6E770B5064602200D4605F07FFF04468B
:1055A00078B104220521FFF7B5FB0022A37920463C
:1055B0000C332344A3F803605D719A70E6F7D8F9C1
:1055C000012070BD13B5837901900C33C418C05C01
:1055D000E5F758F920B901A805F09CFD02B010BD0F
:1055E0006378019913F0300F0CBF012200228B79F0
:1055F00004338B714B7962F300034B71E5F778FE4E
:10560000ECE72DE9F041E6F7EDF983790C33C418A6
:10561000B4F803801FFA88F0E5F734F9054600B3C3
:10562000A2796179FEF790FD0646E6F7E1F90746B3
:105630000223324642F27A01FFF728FBBB79384653
:105640003B44A3F81280E6F793F946B9A37933B146
:105650002846FEF752FF01462846FEF72DFCBDE81E
:10566000F0810226E1E700F0B2BE704738B504468B
:1056700001F044FA054658B9C820EAF7ABFEC82243
:1056800002212846EAF754FD8442A8BF044624B20A
:105690002046EAF79FFE01F031FABDE83840C82203
:1056A0000221EAF745BDB0F90020B1F900302DE93B
:1056B000F0479A4204460D4648DC08F0F9FF804660
:1056C000E5F796FB00283ED1EAF724FD824601F07B
:1056D00015FAC8220221EAF72BFD47F6FF73B5F948
:1056E000002081469A4202D1EAF73EFD288047F623
:1056F000FF73B4F900209A4202D1EAF72DFD208011
:10570000B5F90000FFF7B2FFB4F900300746834255
:10571000C8BF2080B4F90000EAF746FEFEF7C0FBE0
:10572000064658B15046EAF73FFE4846EAF752FEB1
:10573000404608F0B8FF3046BDE8F087EAF7EAFCDB
:1057400020802F80F4E741F20C06F1E72126F2E7F2
:105750004368143B4360A0230B6070471AB942684A
:10576000A2EB530242600A6802EB83020A607047B0
:10577000884210B51BD8052819D9B1F5486F16D83D
:10578000B3F5FA7F13D240F67644A2F10A0080B254
:10579000A0420CD8BDF8080001339BB243434B43F1
:1057A0005B00B3EBC20F94BF0120002010BD0020AE
:1057B000FCE7C94350E8003F0B4040E80032002AB4
:1057C000F8D17047002070472DE9F04104460E469D
:1057D00000250127214685F00100FEF79CFB4FF4D0
:1057E0008051FFF7E6FF8368804633B938460DB134
:1057F000BDE8F08101250746ECE7028AB24206D1F6
:1058000000220121204698470028EFD1EFE70268E7
:10581000D10502D500221146F4E79307E6D52046CC
:10582000FEF7C2FB02460028E0D10521D8F8083077
:10583000E8E708B5FEF788FB00230380436008BD56
:1058400070B506460C4608F033FF05463046FEF7B5
:105850007BFB30B103781C4304704FF40070EEF70B
:1058600017FE2846BDE8704008F01DBFE5F740BDB3
:1058700007B542798DF8071022F0030242F00302C7
:10588000427140F203320DF10701C280012205F09E
:105890001DFC03B05DF804FB70B50C4605460721FE
:1058A00020461646FFF7E4FF2046E6F7E3FB2146D5
:1058B00046702846BDE87040E5F71ABD38B50C467D
:1058C00000210546FEF787FB47F6FE73241AA4B2B3
:1058D0009C4205D928462821FFF7B8F8002038BD9A
:1058E0000120FCE738B504460D4601460020FEF7CE
:1058F00012FB03689B0505D429462046BDE83840C5
:10590000FFF7DCBF002038BD2DE9F04115461F46EA
:105910009DF81880FEF7FFFA044608F0C9FEB8F1BA
:10592000010F064623D154E8003F43F4807344E856
:105930000032002AF7D105B354E8002F42F4007278
:1059400044E80023002BF7D1FF212046FFF731FF69
:1059500054E8002F48EA020244E80023002BF7D164
:105960003046A5602782BDE8F04108F09CBE4FF4A8
:1059700080712046FFF71DFFDDE74FF400712046E0
:10598000FFF717FFE0E773B5064601200C46FEF768
:10599000C2FA002305461A46009321463046FFF717
:1059A000B3FF6B6863B14FF480712046E4F794FF56
:1059B00055E8003F43F4007345E80032002AF7D170
:1059C00008F076FE05462046FEF7BEFA28B10388A9
:1059D0001BB14FF40070EEF75BFD284602B0BDE846
:1059E000704008F060BE38B505460C46FEF793FAE5
:1059F00083684BB102212046002298472146284661
:105A0000BDE83840FFF7BFBF38BD012938B50546AE
:105A10000C4608D0CC1E012C03D801460120FFF70C
:105A2000E2FF012038BD2221FEF7D2FA20462946A6
:105A3000FFF7D9FF0020F5E708B5FEF76CFA00681C
:105A400000F0F00008BD10B5014604460120FFF744
:105A5000F3FF20B92146BDE81040FFF7EDBF10BDB0
:105A600070B506460C4601460120FEF754FA314651
:105A700005460020FEF74FFA2B680268014643EA0C
:105A80000200C0051ED49B0502F4007203D49AB92B
:105A90004FF0FF3070BD2B8A1B1B98B27AB1098A78
:105AA000091B89B28842A8BF08464FF6FF73984287
:105AB00008BF4FF0FF30EDE74FF6FF70EFE74FF60E
:105AC000FF71EFE70120E5E72DE9F341044601917D
:105AD000014601201546FEF71EFA21460646002023
:105AE000FEF719FA80462046FEF71EFA810606D513
:105AF00001A805F00FFB0C2002B0BDE8F08108F012
:105B0000D7FD336807469A0503D4D8F800309B05C3
:105B100009D50199301D8D6005F0E3FB384608F08A
:105B2000C2FD0020E8E708F0BEFD20460199A84725
:105B3000E2E738B5014604460120FEF7ECF90546D8
:105B40000C3005F0E7FA281D05F0E4FA21460020A4
:105B5000FEF7E1F904460C3005F0DCFA201DBDE843
:105B6000384005F0D7BA70B5014605460120FEF76A
:105B7000D2F90646043005F04AFB044670B14FF4F2
:105B800000713046FFF715FE21462846A368984766
:105B900020B12046BDE87040F6F7B2BE70BD0023CC
:105BA0008260C0E90031704708B50B4601461846CF
:105BB000FEF7B1F90068C0F3402008BDFFF725BF2C
:105BC000CB1E012B70B504460D46164606D81A2189
:105BD000FEF7FEF940212046E4F77EFE32462946D4
:105BE0002046BDE87040FFF710BF38B504460D46AB
:105BF000FEF7DAF928B1012D04D122212046FEF763
:105C0000E7F9002038BDF8B50C468B7907460B4400
:105C1000D3F80D60D3F811303246E5F74BFB09217C
:105C20002046FFF725FE2046E6F724FAA579E9F796
:105C3000B1FA0C3566F0FF0625440640C5F8016050
:105C4000E9F7A8FA3846C5F805102146FFF70EFE19
:105C500002213846FFF7F4FDF8BD70B50E46054643
:105C600001460020FEF757F9012E044603D0022E0C
:105C700011D0012070BDC16828468B7919440D31BF
:105C8000FEF75AFAE068F6F73BFE00202946E0608E
:105C9000FFF779FEEDE7C068F6F732FE0023E36018
:105CA000E7E738B50D46044601460120FEF733F913
:105CB000012D08D100F112012046FEF73DFA2146E0
:105CC0002846FFF760FE012038BD08B5FEF72CF925
:105CD000C0F3C00008BD08B5FEF72EF900F00100C2
:105CE00008BD38B50C4602210546FEF727F90C2100
:105CF0002046FFF7BDFD2046E6F7BCF94FF0FF3325
:105D000083700223C3700E2343706FF02F0303715F
:105D10000523214643712846BDE83840FFF7A6BD5C
:105D2000F8B504460D46E4F7C1FD4FF0FF3180B2EF
:105D3000FDF737FD2046FFF7C8FF80F00107FFB2EF
:105D400021463846FEF7E7F80646C068012D8379FC
:105D500003D0022D20D00120F8BD0C33C5182B89AB
:105D60002046EA88A988FEF7B3FA69886A7849006C
:105D70005200204689B2FEF7F7F8F068F6F7C0FD4A
:105D8000002320464FF48031F360FEF7DAF8214615
:105D90003846FFF7F8FDDEE7F6F7B2FD00234FF4D3
:105DA00080312046F360FEF7CCF8D4E7042910B523
:105DB000044601D0002010BDFFF787FFC0F10200AC
:105DC000E9F762F90028F5D105F068FB014608B94A
:105DD0000220F0E72046E6F7BDFC0028F8D10120BC
:105DE000E9E708B5FEF7A0F8C0F3C00008BD2DE94B
:105DF000F0410F4604469046FFF7F3FF80F001059F
:105E0000EDB221462846FEF786F8012F064603D05C
:105E1000032F0FD001200BE02046FEF7B7FE222112
:105E20002046FEF7D5F828462146FFF7DCFD002086
:105E3000BDE8F081C068F6F763FD00232046F360FB
:105E4000FEF7A4FE204698F80410FEF7C1F820469D
:105E50002021E4F741FD21462846FFF7C4FDD9E79C
:105E600037B504460D46FEF767F803054CD502200A
:105E700005F014FB0190002848D0204645B3FFF7F9
:105E8000B0FF50B105210198FFF7F2FC0198E6F749
:105E9000F1F820460199FFF7E9FC20462946FEF774
:105EA00080FE2046FFF79DFF78B94FF40061204641
:105EB000FEF73FF806210198FFF7DAFC0198E6F7B4
:105EC000D9F820460199FFF7D1FC002003B030BD7E
:105ED000FFF787FF68B10199032306222046E6F702
:105EE000DBF82046FEF752FE21462846FFF77BFDF1
:105EF000EBE701A805F00EF920463D21FEF7A6FDCF
:105F00002046FEF743FEE0E70C20DFE70720DDE751
:105F1000F7B5014604460020FDF7FDFF054600F1F8
:105F200012074FF48060E9F7AFF850B92046E4F764
:105F3000BDFC3A46698B80B203B0BDE8F040FFF784
:105F4000B1BA2046E4F7B2FC064620466D8BFDF759
:105F5000E9FF00220346009229463A46B0B2FFF715
:105F6000C0FA03B0F0BD83781A2B09D81B238370C5
:105F70000288B2F5A47F07D24FF4A473038007E030
:105F8000FB2BF5D9FB23F2E744F290239A42F5D894
:105F90007047F0B50446CA798B7987B043EA02238B
:105FA000ADF80C308B8803A88DF80E30CA788B784A
:105FB00040F6480543EA0223ADF810300B8805A9E6
:105FC0008DF81230FFF7CFFF04A8FFF7CCFF204673
:105FD000FEF76CFD0B212046FEF722FD44F29023D4
:105FE000002818BF1D46BDF80C709DF80E30BDF896
:105FF0001460BDF810209DF816009DF81210AF42F5
:10600000D4BF00970095FB2BA8BFFB23B242A8BFCB
:1060100032468142A8BF01462046FEF7E4F907B0A8
:10602000F0BD37B5144605461046FFF721FC204663
:10603000E6F720F801A904462846FEF737FD0B21B4
:106040002846FEF7EDFC6FF004036370002344F272
:106050009022A37040F64803002818BF1346A4F806
:1060600003309DF80630A4F80530BDF80430A4F8DC
:10607000073003B030BDFFF7C8BC022973B5054631
:106080000C4603D00024204602B070BD0521FEF767
:1060900098FC0028F6D0E4F7C9FF1B28F2D94FF48A
:1060A0000040E8F7F1FF0028ECD105F0F7F90646CB
:1060B0000028E8D0284601A9FEF7F8FC314628461A
:1060C0009DF80630BDF80420E6F720FE0028D9D15F
:1060D0000124D8E730B190FAA0F00123B0FA80F0A3
:1060E0008340D8B2704770B50646FDF725FF80F0B3
:1060F000400402060546C4F3801406D40821304645
:10610000FEF78EFC08B144F00204EB0506D40B2127
:106110003046FEF785FC08B144F00404204670BD0B
:106120004B1E032B10B50C4602D90023184610BD98
:106130000329FAD0FFF7D7FF04EA00038443F4D120
:10614000F4E72DE9F7430446884617460193FDF727
:10615000F3FEC0F340152046FEF7CCF921468146F8
:106160002846FDF7D8FE064607B32046E4F79EFB17
:1061700080462046FEF7C1F93A460146019B1FFAC8
:1061800088F0E5F75BFE21462846FFF7FCFB20215F
:106190002046FDF7D6FE56E8003F43F4805346E81C
:1061A0000032002AF7D103B0BDE8F08301A804F063
:1061B000B1FF99F80110404601F00F0100F037FAE5
:1061C000062818BF01462A4608BF00212046FEF7D0
:1061D0003CF9D8E7032970B506460D4614460CD0A5
:1061E000042919D0012915D12221FDF7F1FE2846F5
:1061F0003146FFF7F8FB002070BD136812791B6869
:106200000021FFF79EFF00222368314601201A601B
:10621000FFF7E9FB0120EFE713680C221B68EFE7AB
:10622000012910B504460CD1FDF786FE2146C0F3C6
:106230004010FDF770FE0023817C1A462046FFF7D0
:1062400080FF012010BD2DE9F7430F460546FDF7FD
:1062500073FE00F02009C0F340182846FEF74AF903
:10626000BB790C333B445E789B781E400378C3F3C4
:10627000030000EA13103040FFF72CFF044648B932
:10628000B9F1000F06D12846FFF72DFF3040FFF788
:1062900021FF04462846FEF730F9E7F791FDA042BA
:1062A00023D01CB302212846FDF795FE00210646A7
:1062B0002846FDF7ABFF18213846FFF7D9FA3846D4
:1062C000E5F7D8FEB6B2394644708470A0F8036092
:1062D0002846FFF7CBFA2346224629464046009639
:1062E000E6F74EFD03B0BDE8F08300242646E2E762
:1062F00070B504460D46FFF7A6FB28B9294620468F
:10630000BDE87040FFF79FBF402829462046BDE802
:1063100070404FF0160314BF2A222322E5F7BCBEBB
:1063200038B505460C46FDF707FE830604D4204623
:10633000BDE83840F6F7E4BA21462846BDE83840C3
:10634000FFF781BF2DE9F3418C7906460C340C44EC
:106350000D46FDF7F1FDA17807463046FFF7E0FE58
:10636000617880463046FFF7DBFEB4F80320034631
:106370000092C7F3401042463146E6F701FD284639
:1063800002B0BDE8F041F6F7BBBA08B58B790B4413
:106390001B7B162B03D0172B05D0002008BDFFF761
:1063A000A7FF0120FAE7FFF7BBFFFAE708B58B79F3
:1063B0000B441B7B162B03D0182B05D0002008BDE7
:1063C000E6F708FD0120FAE7FFF7BCFFFAE77047A0
:1063D0001FB54A1E042A03460C465FD8012902D184
:1063E000008804B010BD022905D100885B8898425E
:1063F00038BF1846F5E74A00014601A804F037FB0C
:10640000032C07D10023ADF80A304FF6FF73ADF827
:106410000C3001E0042CF8D0BDF80620BDF80430A3
:10642000934284BFADF80630ADF80420BDF80A30C1
:10643000BDF80C20934288BFADF80A20BDF80A20B1
:1064400088BFADF80C30BDF80430934288BFADF87A
:106450000A30BDF80620BDF80C309A4288BFADF86E
:106460000630BDF80820BDF80630934284BFADF871
:106470000830ADF80620BDF80A30BDF808209A4271
:1064800088BFADF80830BDF80820BDF806309A4244
:1064900038BFADF80830BDF80800A2E74FF6FF702E
:1064A0009FE7830705D410F0040F14BF03200120D9
:1064B000704702207047022805D0032805D0012824
:1064C00006D1E8F749B9E8F737B90020E7F75CB932
:1064D000704710B1012803D070470120E7F754B985
:1064E0000020FBE7F7B51F468B1E012B05460C4627
:1064F000164613D8FDF761F90023CDE90005F01A1F
:1065000018BF01201A463946FDF765F980B1022C03
:106510000BD1284600F05BF9002004E00029F8D0F8
:10652000012902D0FF2003B0F0BD284600F05FF93A
:106530000120F8E770B50D4600219DF81060044673
:10654000817106F10C014173111E18BF012103F086
:106550000F00237B40EAC11003F04003184320736F
:106560002B469DF8141004F10E00FFF7BBFF237BB0
:106570000E3660F3861323732B686361AB88238325
:10658000A3793344E37170BD0023F0B51360037D3C
:10659000044613F00807058903D00D444560012027
:1065A000F0BD4668701AB0EB050CF8D513F0010089
:1065B0000AD1D4E90373DB1B13EB0C0FF0D429448D
:1065C0008E1B16606160EAE73846E9E710B50446BD
:1065D000E7F7AAF96168E0690022E7F729FABDE860
:1065E000104000F032B938B50C46C94301F0010142
:1065F0000546E7F767FAA30702D4E869E7F74CFA1C
:10660000BDE8384000F021B910B50446E7F75AFA62
:106610002046E7F789F9BDE8104000F016B9007D83
:1066200000F00100704700F0F4B8FFF73CB8022812
:1066300008D0042803D0012818BF0620704701F0B5
:106640000101C81C704710B50C46E7F7CFFB027973
:10665000408804FB020010BD10B50C46E7F7C6FBEE
:106660004388A3429BBFE41A03790020B4FBF3F0F4
:1066700010BD08B5E9F77AF9BDE808400020E8F751
:1066800083BBC94350E8003F0B4040E80032002A7A
:10669000F8D170472DE9F0410F46044624211846F1
:1066A0001E4615469DF8188000F0C8F9C319B8F1C8
:1066B000000F37D1033E012E94BF0322022240F285
:1066C0007126520006FB023342F2107260894100CB
:1066D0007143A1F2E2469642A8BF16466A1A921B7F
:1066E000D21A002AC2BFB2FBF1F202FB0112AD1AAC
:1066F000EA1A09D55242B2FBF1F707FB011C01FB74
:106700001722654402B96D1AEB1A8B4240F2E24738
:106710000AD8B3FBF7F3022298B2E271208128462F
:10672000BDE8F0810122CAE75B1ABB42B8BF3B4615
:10673000B342A8BF3346B3FBF7F107FB1133CAB22C
:10674000002BEAD00132D2B2E7E7E8F7D7BD37B580
:106750000546E8F7F1FD04462DB12B680360AB88D0
:10676000A38003B030BD00F0DDF80322CDE90001C5
:106770000DF105010DEB020004F054F90098BDF88D
:1067800004302060ECE738B50546E8F7D5FD04464F
:1067900007F08EFF2B68C4F80630AB886381237B3B
:1067A00043F00103237307F07EFF012038BD38B5A5
:1067B0000C460546E8F7C0FD014605B10631062244
:1067C000204604F01FF9B0FA80F0400938BD10B53A
:1067D0000446E8F7B1FD036823608388A38010BDF9
:1067E00008B5E8F7A9FD007B00F0010008BD10B571
:1067F0000446E8F7A1FDD0F8063023604389A38062
:1068000010BD50E8003F0B4340E80032002AF8D1A9
:10681000704770B50E461546E4F730FA044648B99D
:106820003046E3F733FE044620B92846E9F774FF03
:10683000044640B10020E4F721FA0020E3F726FEE9
:106840000020E9F769FF204670BD4FF40010EDF716
:106850001FBEFFF77CBF112808B502D0122805D053
:1068600008BD1320BDE80840E8F70ABBE8F7F8FCCC
:1068700000F004F8E8F76CFB1420F3E7704708B564
:10688000E8F76EFABDE808401120E8F7F9BA1328D6
:1068900008B502D0142809D008BDE8F74DFDFFF770
:1068A00054FFBDE808401220E8F7EABA0020E8F7F4
:1068B00087FABDE80840FBF7A1BCEAF70DB80A2843
:1068C00002D80130C0B27047242801D80230F9E75D
:1068D000252805D0262805D0272818BFFF20704777
:1068E000002070470C20704708B5E9F7FBFF20B186
:1068F000BDE808402020E9F78DBA08BD7047704711
:106900007047704770477047002070477047704766
:106910007047704770477047EEF736BC03F0A6BB70
:1069200003F0ABBBDFF764BE704708B5E8F7B6FD10
:1069300018B1BDE80840E9F779BA08BD03F0E1BA3B
:106940001046194670471FB50023CDF80A30ADF840
:106950000E30D0E90023CDE900230389C068ADF8EB
:106960000830E9F74FFD6846E9F7E0F805B05DF853
:1069700004FB1FB5002300F00F008DF80A0001A8EA
:1069800001918DF808308DF809208DF80B300393B4
:10699000FFF7CBFF05B05DF804FB1FB50023CDE981
:1069A00001330393012300F00F008DF80A0001A8C2
:1069B0008DF808308DF80910FFF7B7FF05B05DF8C6
:1069C00004FB1FB5CDE9001200228DF80B308DF8C5
:1069D000082000F00F03C0F340128DF809208DF855
:1069E0000C30C0F3001243068DF80A2001D5E8F7F9
:1069F000CBFD6846E8F70AFE05B05DF804FB1FB55D
:106A00000023CDE9003101238DF80830C0F3401395
:106A10008DF80930C0F300138DF80A3000F00F0331
:106A20008DF80C3043068DF80B2001D5E8F7ACFD4E
:106A30006846E8F7EBFD05B05DF804FB10B50C46C1
:106A400008B9E9F7DFF92146BDE81040FFF7FBBDC3
:106A5000F0B587B00D4616468DF8070002B9A3B30E
:106A600029469DF80700FCF7BCFE0446B8B9294644
:106A70009DF80700FCF7B9FE40BB16B39DF8071060
:106A8000003918BF012128460DF10F02E9F704FE75
:106A9000F8B99DF80F40013418BF012416E004AF87
:106AA000012239460DF10700FCF79DFE04464EB168
:106AB0009DF80730191E18BF0121002818BF3D4658
:106AC000E1E70124FCF77CFE00B90124204607B071
:106AD000F0BD4FF0FF34DEE7CB08C25C012301F0CC
:106AE00007018B401A4214BF0120002070477047F5
:106AF0007047024619460020E9F71ABB002070478C
:106B00000020704707B500214FF0FF336A46084662
:106B100000938DF80430E9F741FE03B05DF804FB03
:106B200038B50546006804F084F90446287900F079
:106B30001F0004F07EF92044C0B2012894BF002059
:106B4000012038BD012070478160704741EA002074
:106B500008B540F49020FCF7CFF8014640B110F1A1
:106B6000880F05D0BDE8084040F20740F7F768B845
:106B700008BD0120704770B50C46064611461D46FB
:106B8000E9F7D2FE58B144EA06206FEA40406FEAC6
:106B900050402A46BDE8704080B2EDF7EFBC40F2AD
:106BA000064070BD10B50446E9F7BEFE50B141EA9B
:106BB00004206FEA4040BDE810406FEA504080B2C8
:106BC000EDF714BD40F2064010BD837901461A0767
:106BD00003D506220020E9F727BF9B0602D506222F
:106BE0000120F8E74FF0FF3070478379532B01D134
:106BF000E9F74CBFFFF7E9BF70B5064614461D46DE
:106C0000E9F792FE10B90024204670BD41EA062043
:106C10006FEA40406FEA50402A46214680B2EDF7C5
:106C2000C9FC0028F0D0EEE708B5EBF7EDFF002037
:106C300008BD00207047014608B500F03800EAF7AB
:106C4000FFFB78B1D0E901324078C1F3074110F081
:106C5000020F08BF1346043B53F8040F10B102782B
:106C60008A42F9D108BD10B500F1080454F8083C77
:106C70000BB9184605E054F8040C9847083400286E
:106C8000F4D010BD37B58379019003440446D86829
:106C900000F03800EAF7D4FB054628B901A804F053
:106CA00039FA022003B030BD204604F03DFA07F067
:106CB000FFFC0446019905F10C0004F012FB20468C
:106CC00007F0F1FCEDF76CFB0020EBE72DE9F0415C
:106CD00007463C681D4614F4004F4FF6FF7308BF8B
:106CE000FF23AB420846114604D24FF0000840464D
:106CF000BDE8F08124F400431E0206F4E066C3F30D
:106D0000062324F47F441E4324F0C704731944F07F
:106D10008004827944EA13241B029BB20C321C4388
:106D2000845000EB0208FFF7ADFF0028DDD13A6880
:106D300008F10403334412044CBF23F8025C03F847
:106D4000015CD4E77047704770B505460C30F5F725
:106D500033FE6E689EB9334606EB8304B44210D10D
:106D60002B69ABB900236B806B7823F00E036B703B
:106D700070BD013356F82320002AFAD1ECE7002336
:106D8000F8E754F8043DDB68002BE7D09847E5E7C7
:106D9000DC68002CE6D0043C54F8043F002BE1D022
:106DA0009847F9E738B54378044623F00C0343F0DD
:106DB0000203437003690BB1186810B90025284617
:106DC00038BDFFF750FF05460028F7D02046FFF7F3
:106DD000BBFFF4E7036970B5054653B1586840B18D
:106DE000FFF741FF044620B12846FFF7ADFF2046DC
:106DF00070BD6E68043E56F8044F2CB9202005F192
:106E00000C01F5F7C7FDF2E7A368002BF3D0984714
:106E100004460028EFD0E7E74078C0F34000704711
:106E2000437813F00E0F0CBF012000207047036859
:106E3000186802F08BBD38B50546EAF7C5FB044675
:106E40002846FFF7F4FF204638BD052B07D920F46C
:106E50007F4020F0C70040F40070106091807047C0
:106E600008B5EAF7EDFAC068003818BF012008BD80
:106E700008B5EAF7E5FA20B1BDE80840C06804F0BB
:106E80007AB908BD38B5EAF7DBFA044650B107F025
:106E90000FFC054604F10C0004F05AF9044628469C
:106EA00007F001FC204638BD20F400432DE9F341F2
:106EB0001D0205F4E065C3F306231D43002390463D
:106EC0006A18019313020746C2F302229BB220F410
:106ED0007F40134320F007000C46184301A9EAF74E
:106EE000CBFB064690B1031D2B44B8F1000F07D031
:106EF000434505D018462246414603F093FD03461C
:106F00003A044CBF23F8024C03F8014C304602B05F
:106F1000BDE8F081026810B501F0040022F40044DD
:106F2000C2F306220021043240F0290004F077FB6E
:106F300010B183790344DC6010BD03460022006871
:106F40001A600179FFF79EBE10B50021FFF7E2FF3E
:106F5000044608B9002010BD0179FFF793FE002810
:106F6000F8D1A3790C33E018F5E72DE9F041174685
:106F70001A46036801F0040123F400431C0204F4E0
:106F8000E064C3F306231C4341F02905043406469C
:106F90003B462146284604F0ACFB804650B1E1B2A6
:106FA00004F0F8F83B462A4641463046BDE8F04139
:106FB000FFF78CBEBDE8F0812DE9F341002401F01C
:106FC00004010668074641F0290510682946146047
:106FD000019004F0A9F8019804F021F926F4004684
:106FE000310201F4E061C6F30626314380460122F6
:106FF000043101A804F08FFA30B101A804F08AF836
:10700000204602B0BDE8F08143462A463846019941
:10701000FFF75CFEF5E707B501A9EAF72DFB03B022
:107020005DF804FBA0F86E10704701238B4090F8C8
:107030007110194380F87110704708B50120F5F7F9
:107040001FFCC0B208BD83790C3318447047143854
:10705000704710B50446A1F1140004F0E0F8201ABE
:1070600020EAE07080B210BD70B51C460D46164691
:10707000FFF7EFFFA04207D322463146A5F11400E7
:1070800004F00AFB012070BD0020FCE770B5064645
:107090000D4614467AB90A462046082104F0BFFA84
:1070A000044690B92A460821292004F0B8FA04467B
:1070B00058B9204670BD104604F02CF8204604F064
:1070C000E1F908231D44A371E571A3790C331C4435
:1070D0002670EEE72DE9F0411646069A07468846E7
:1070E0001D46FFF7D3FF0446F0B114382A46314657
:1070F000069004F0D1FA854217D9069B06A81C79A0
:1071000004F0200404F006F874B94246082129204E
:1071100004F085FA2A463146069004F0BDFA85420D
:1071200006D906A803F0F6FF00242046BDE8F0814A
:10713000069A93790C33D418D754F6E711B1143961
:10714000EAF732BC1A20704738B5002204460D46D3
:1071500002200321FFF79AFF014608B1A0F8015071
:107160002046BDE83840FFF7E9BFF8B504460F46B2
:10717000164605210120069A1D46FFF787FF0146A6
:1071800038B14770468005712046BDE8F840FFF7EA
:10719000D5BFF8BD38B50D46032104460846FFF7B4
:1071A00075FFA0F8015001462046BDE83840FFF7C2
:1071B000C5BF73B50546084611466C891A46641A60
:1071C000BDF81830A4B29C4228BF1C46079B089EFD
:1071D00000932346FFF77EFF014630B128463480F6
:1071E00002B0BDE87040FFF7A9BF1A2002B070BD21
:1071F000012110B5002204461320FFF747FF014686
:1072000020B12046BDE81040FFF798BF10BDF7B58C
:107210004489054618460F461646019303F0FFFFC2
:10722000053CA4B2844203DA011B01A804F099F8DA
:107230000521019804F036F9014628B901A803F0A8
:1072400069FF1A2003B0F0BD83790C33C2181720F0
:10725000C8542846A2F80170A2F80360EAF7A4FB1C
:10726000F0E7012110B5002204461920FFF70EFFB8
:10727000014620B12046BDE81040FFF75FBF10BDBA
:1072800073B50E46002144890546033CA4B2A342CF
:10729000009128BF234603211B20FFF71BFF014657
:1072A00070B1012210F80F3CA0F8016062F30713DF
:1072B00000F80F3C284602B0BDE87040FFF73EBF23
:1072C0001A2002B070BD73B50E46002144890546F0
:1072D000033CA4B2A342009128BF234603211D20F2
:1072E000FFF7F8FE014638B1A0F80160284602B069
:1072F000BDE87040FFF722BF1A2002B070BD4B8876
:10730000042B07D1836C08885B8998428CBF0020CE
:107310000120704700207047532838B505460C46B9
:1073200004D1BDE838400846F6F70EBD0620F5F753
:10733000A3FC68B96379142D03F03F03637104D093
:10734000722D08D163F03F0363710020A57138BD31
:1073500040F20740FBE72120F9E700230360838028
:107360008371704710B5044660B1806C50B1EAF784
:10737000EFFBA06C0028FAD12046BDE810400321A5
:10738000EAF768BA10BD438907B58B420CD050F8B4
:107390000C2B40F2014192F87020ADF806308DF8C8
:1073A000042001AA03F0E4FD03B05DF804FB436987
:1073B00043F0040343617047436923F004034361CE
:1073C00070474069C0F38000704747F23053002295
:1073D0000068F5F707B9006803F05DBD38B543698B
:1073E00004469B070D4603D540F20941FFF7F3FF22
:1073F000EAF7F8FA08B1A3691D702046BDE83840E5
:1074000040F20941FFF7E1BF07B5027C012A09D02C
:107410000122027440F20942914206D040F20A422F
:1074200091420ED003B05DF804FB4FF4816150F837
:107430000C3B01AA93F870308DF8043003F098FDEE
:10744000F0E750F80C3B01AA93F870308DF8043047
:10745000F4E738B522F000430D46114640F203220E
:10746000934204461AD0B3F5017F09D240F20122BB
:10747000934213D040F20222934209D0002038BD3B
:107480006FF481621344012BF8D8FFF7BDFFF5E7D5
:1074900000F020F9204601F07CF9EFE763699B07D3
:1074A00004D540F209412046FFF795FF2846FFF733
:1074B00059FFE3E708B5EAF78FF900B1806C08BD22
:1074C00008B500B10068EAF795F908B9034602E08B
:1074D000836C002BF7D0184608BD10B5044642F661
:1074E0002A3000F03BFB031B5842584110BD0228D4
:1074F00006D142F62A330888C31A584258417047C9
:107500000020704710B5044642F6293000F026FBF3
:10751000031B5842584110BD90F8200000F00100B4
:1075200070471FB504466846EAF736FC10226946E4
:1075300004F1210003F066FAB0FA80F0400904B0CB
:1075400010BD08B5FFF7EDFFB0FA80F0400908BDA7
:1075500070B5044600F1210591B92846EAF71CFCF4
:10756000236893F97500E9F7DFF978B120682B46B5
:10757000BDE8704010220D2190F97500FFF7FBBAAD
:1075800010220021284603F067FAE9E770BD38B5FC
:107590000446002390F8202041FA03F0C50703D4E5
:1075A00042FA03F0C0071ED40133082BF4D101F0D6
:1075B000010523682A4384F8202093F97500E9F730
:1075C000B3F940B1234653F8200B01220C2190F966
:1075D0007500FFF7D0FA0DB9002038BD0021204614
:1075E000FFF7B6FFF8E71320F7E768B13F290AD89D
:1075F00000EBA10090F8310001F0030149000841BF
:1076000000F0030070470020704710B5036804467F
:1076100093F97500E9F788F950B12346BDE81040A9
:1076200053F8310B10220B2190F97500FFF7A3BA24
:1076300010BD10B590F87430DB0706D490F97530A2
:10764000013314BF0F20052010BD847CF6F74EFADD
:10765000844234BF0C200020F6E730B5044685B0E4
:107660006846EAF799FB1021684604F057F820466F
:10767000EAF7A0FD6B46C26804AD06321C4603CC97
:10768000AC4210605160234602F10802F6D105B009
:1076900030BD08B5EAF78EFD08B1EAF75FFDC0B26C
:1076A00008BD013810B580B2EAF784FD044608B978
:1076B000002010BD408800F083FB0028F8D0207B1C
:1076C000F7E708B5EAF776FD18B1007AC31F58420C
:1076D000584108BD70B5054655F8213B044693F95D
:1076E0007500E9F721F920B92846BDE87040EAF7AE
:1076F00053BB234653F8310B10220B2190F9750030
:10770000FFF77AFA234653F8200B01220C2190F957
:107710007500FFF771FA20682B46BDE87040102213
:107720000D2190F97500FFF767BA01302DE9F0419E
:1077300085B228460E46EAF73DFD42F6021704469A
:1077400042F603089CB12046EAF708FD78B12046CE
:1077500000F045FBB84205D10EB123883380607B31
:10776000BDE8F081204600F03AFB404502D14FF0E1
:10777000FF30F5E70135ADB22846EAF71BFD0446B8
:10778000E0E72DE9F04707460E4690460D4642F6E3
:10779000021942F6030A0135ADB22846EAF70AFD9E
:1077A000044678B1EAF7DAFC60B1204600F017FB36
:1077B000484505D1237A072B04D10320BDE8F08783
:1077C0005045E8D141463046FFF7AFFF431C014624
:1077D00004D03846BDE8F047FFF707BF0020EDE7CB
:1077E00070B5054608461646EAF7E4FC044608B9B3
:1077F000012070BDEAF7B2FC0028F9D0F00713D4DD
:10780000B10734D4720702D5A3885B0732D516F0CE
:10781000060F31D116F40060EBD0A38813F4006F8B
:1078200014BF00200620E4E7A388DA0743D513F04D
:10783000700F0AD1980610D45806E1D52B6893F939
:1078400075300133DCD10820D3E72868FFF7F1FE5B
:10785000A388990608D50028CBD12A6892F874200D
:107860009207E9D40520C4E70028C2D1E4E7A38841
:107870009907C7D40320BCE7A38813F4E06F09D1AC
:1078800098050FD45B05C5D52B6893F97530013386
:10789000C0D1D8E72868FFF7CCFEA388990507D5A3
:1078A0000028A6D12A6892F874209207EAD4D9E772
:1078B00000289ED1E6E702209BE738B5044608463B
:1078C000EAF778FC054608B9012038BDEAF746FC1E
:1078D0000028F9D0AB8813F4E04F0CD1980412D4EF
:1078E00013F48040F1D0236893F97500431C58428B
:1078F0005841C000E9E72068FFF79BFEAB88990478
:1079000008D50028E1D1226892F874209207E7D4C4
:107910000520DAE70028D8D1E2E72DE9F0474FF05B
:107920000009044683F800900846A2F800908846B3
:1079300016461D46EAF73EFC074620B90123002003
:107940002B70BDE8F08774B1EAF708FC0028F5D089
:107950004046FFF7D7FD30B1012385F8009004F1D0
:1079600020003380EDE72B46324639462046BDE8FD
:10797000F047EAF79DB92DE9FF41074608468846DA
:1079800016460393EAF716FC044638B903A803F039
:10799000C1FB0125284604B0BDE8F0811FB1EAF71C
:1079A000DDFB0028F2D0237A072B05D8DFE803F0AF
:1079B00017262F381C17172126BB0398002835D10E
:1079C0003246257A022D62D0032D64D0012D3BD0A2
:1079D000002F7FD1002503A803F09CFBDAE703A862
:1079E00003F098FB0325D5E703A803F093FB0625D6
:1079F000D0E703A803F08EFB8025CBE7E3685D8822
:107A0000B54209DA03A803F085FB0725C2E7E3685E
:107A10009A88B242F6D35D88039840B9024609E0DD
:107A2000022EEFDC039868B90246CAE7354603F038
:107A3000F6FB82B29319AB42C3DD03A803F06AFBE5
:107A40000D25A7E70225F2E7E06806300023039939
:107A5000304403F04EFB002FBCD0237A032B39D1E6
:107A600003A803F057FB00212046EAF75FFB68B349
:107A70000588617B3846FFF7B8FD01220346294699
:107A80003846CDF8008000F073FC002582E7E068FE
:107A9000B3188380D9E7039B9A79D979891AC9B237
:107AA000481E012810D8134402291A7B04BF5B7BAF
:107AB00042EA0322237B32EA03038CD101233846B6
:107AC000617BEAF7CBF8C6E70D2584E708F1FF35BF
:107AD000ADB2CEE7039B41460093384633463A7F2A
:107AE00000F02CFCD1E7884270B504460D461646DE
:107AF00011D8012838BF01242046EAF75BFB10B1FA
:107B00004388B34208D00134A4B22046EAF736FBDA
:107B100008B1A542F0D20024204670BD70B50C46D5
:107B200016461D460146B8B1B3B1022C01D0102C47
:107B300012D1E0B2EAF776FA4FF6FF7188420246B8
:107B400002D141F20A1070BD3046FFF7CCFF002889
:107B5000F7D028800020F6E72120F4E7002307B5BE
:107B60000122ADF80400ADF8063002210DF1060344
:107B700001A8FFF7D3FFBDF8060003B05DF804FBD2
:107B8000F8B50F461646441CA4B22046EAF712FB8D
:107B900010B9013CA0B2F8BD00F021F9054630460D
:107BA00000F0F9F820B1284600F0F5F80028F0D1EF
:107BB000304600F0E9F820B1284600F0E5F800284A
:107BC000E7D10134A4B22046EAF7D8FA08B1BC42A2
:107BD000DBD94FF6FF70DEE72DE9F04F9A4687B00C
:107BE0008B880D460C88814604A90220ADF8103020
:107BF0009046EAF717FAAB680090A888AF8905931A
:107C000000F0C2F838B1102F05D105A8EAF7F0F955
:107C1000022808BF02279DF840B00BF0010B38E0A6
:107C20002046009AFFF75FFF0646A8B3AA88698836
:107C3000FFF7A6FF04463046FFF72BFD40EA0B0096
:107C4000C0B200B30DF10F03314648460DF11202E8
:107C5000FFF763FE9DF80F302BB1A8F800601846BF
:107C600007B0BDE8F08FBDF81220BA420BD13A46FA
:107C70000599019302F0C6FE019B20B9A8F80060A7
:107C8000AAF80040EBE74FF6FF739C4201D00134A5
:107C9000A4B26988A142C3D20A23E0E708B5EAF793
:107CA00089FABDE8084000F09AB838B5054608469C
:107CB000EAF780FA044610B94FF6FF7038BD0DB9E7
:107CC0006088FBE7EAF74AFA0028F9D1F4E770B5D3
:107CD000044642F60520FFF741FFB0B10021FFF74F
:107CE00024FD054601462046FFF77FFC064610228C
:107CF000002104F1310002F0AFFE32462946204651
:107D0000BDE870400023E9F7A9BF70BD7FB5044608
:107D10000D4610220021684602F09EFE0026AB5759
:107D20005A1C1BD031462046FFF75FFC1946002B3A
:107D3000B8BFD91C04AA02EBA10100F0030258420B
:107D400000F0030003F0030358BF43425B0002FA54
:107D500003F311F8102C134301F8103C0136402EA8
:107D6000DDD16B4604F1310504AE1A4603CAB242B6
:107D700028606960134605F10805F6D1204604B075
:107D8000BDE87040FFF741BCA0F5205001288CBF32
:107D900000200120704742F60303C31A584258419D
:107DA000704708B5030409D4EAF708F9A0F5205094
:107DB00080B201288CBF0020012008BD0020FCE714
:107DC000020408B507D4EAF7F9F842F60303C31A28
:107DD0005842584108BD0020FCE7C00B70470346DD
:107DE000B3F902304088002B01DBEAF7E7B8002046
:107DF000704708B5FFF7F3FF42F60303C31A584272
:107E0000584108BD08B5FFF7EAFFA0F5205080B241
:107E100001288CBF0020012008BD1FB550F80C4B75
:107E2000ADF80A3094F87040069BADF806108DF856
:107E3000082040F2035101AA8DF80440039303F097
:107E400097F810B906A803F065F904B010BD2DE944
:107E5000F0414FF0000886B004460E461546CDF8B6
:107E60000C8000F1440712B303A803F053F938461D
:107E700003F050F984F81C80002332460093182147
:107E80002B462046FFF771F905F58855204650F836
:107E90000C3B40F2055193F8703004AA8DF8103075
:107EA000059503F065F8002006B0BDE8F081436950
:107EB0001A0710D4A846384603F04AF9034603903F
:107EC000C0B903A803F026F9384603F023F90023CC
:107ED000237755B1D0E723F00803436103A803F0EB
:107EE00019F9384603F016F925772046FFF7B9F956
:107EF0000025CBE79979204601F10C021A44B2F82B
:107F000001600531B2F8032099713146FFF733FD66
:107F1000CDF80C800028CED00546D2E72DE9F047F9
:107F2000089C0E4617469846054610B1037C012B67
:107F300061D02846FFF73BFA14F08009304614BFA1
:107F40004FF0200A4FF0100AFFF7ABFB1AEA000FC0
:107F50004DD03046FFF7A2FE42F6052398420FD1DE
:107F600014F0010219D031462846FFF7A6FC08B3E9
:107F700000F588542846FFF71FFA2046BDE8F08731
:107F80002846FFF7C9FA0028EAD02846FFF7D9FAB1
:107F90000028E5D041F21214ECE7B9F1000F3146A8
:107FA000284614BF02240124FFF7EBFB2042DAD15C
:107FB0000224DFE7B9F1000F11D0EB8BCBB94346B8
:107FC0003A4631462846FFF77EF904460028D1D1CB
:107FD00040F20A412846EE83FFF7F7F9CAE7434625
:107FE0003A4631462846FFF74BF90446C2E72124BA
:107FF000C0E70524BEE70724BFE72DE9F0470025C9
:1080000086B09DF8389090F81CA004460F46904624
:108010000F9E0577B9F1000F09D00A464B4651462D
:108020000096FFF7A2F8284606B0BDE8F087BAF13F
:10803000080FADF8169026D145893246043DADB201
:108040009D424FF002014FF00900A8BF1D46FFF707
:108050001DF80222814605A93046ADF8147003F0E0
:108060001BFB2A464146304603F016FB0546831C9F
:108070003146204689F80130E9F796FCADF81650F4
:10808000BDF81600D0E7BAF10A0F0DF116020CBFC9
:108090000B210D21CDE90162009301224346FFF738
:1080A00088F81A28ECD111233A4651462046CDF8DB
:1080B0000090ADF81690FFF758F8E1E7F0B500250D
:1080C00089B01746012204460E460393ADF81650B8
:1080D000FFF786FB8DF81500002846D13046FFF7E4
:1080E000FCF910B13046FFF7B8FA3046FFF7E9FA6D
:1080F000B8B103A803F00EF8204650F80C2B237FEC
:1081000092F8702040F202518DF8182006AAADF8BE
:108110001A608DF81C30ADF81E7002F029FF09B00E
:10812000F0BD0DF115030DF1160231462046FFF7A3
:10813000F4FB9DF8153002465BB9BDF81630BB4222
:1081400035BF0723DB1B8DF81530D21928BFADF8DA
:108150001630039B314601939DF81530204600935D
:10816000BDF81630FFF749FFD9E72A46F1E72DE9B8
:10817000F04F89B002901846154605930C46FEF75D
:1081800062FF8046059803F04AF80023B0F1010A27
:10819000B5F80A908DF81D3000F089801AF00107BB
:1081A00040F085805046F4F737FD0646002800F081
:1081B0008480524608F1010102F059FC0121204659
:1081C000059AFEF763FFB8460AEBDA7A09F1FF3B3E
:1081D00003904FEA6A0ABA4544DD36F81740012297
:1081E00021462846FFF7FCFA8DF81D0068B92046A5
:1081F000FFF773F910B12046FFF72FFA2046FFF77B
:1082000060FA78B180238DF81D30304603F09EFA75
:10821000059B2246009328469DF81D300299FEF7E3
:10822000A4FF26E00DF11D03214628460DF11E0294
:10823000FFF773FB9DF81D300490002BE5D1029BE6
:10824000202B1BD1ABEB0803012B0BDD0DF11E0125
:108250000222059803F020FA012801460CD805A84F
:1082600003F07FF8304603F071FA28460399FEF7D1
:1082700065FF09B0BDE8F08F08F10208BDF81E20C7
:10828000ABEB08039A42C2BF09F1FF33A3EB08032B
:10829000ADF81E30BDF81E20DDE9041003F0FCF936
:1082A000BDF81E309842DDD39844013793E704238C
:1082B00000248DF81D302646A7E71123F8E7F7B50F
:1082C0001E4600231360338004460D461746FFF711
:1082D00004F910B12046FFF7C0F9214600200DF146
:1082E00005030DF10602FFF718FB9DF8054024B9C0
:1082F000BDF806402CB9002001E004F5885003B019
:10830000F0BDAC4204D32844641B38603480F2E7EB
:1083100041F20710F3E770B504460D461646FFF725
:10832000DCF840B933462A462146FFF724FB08B162
:1083300000F5885070BD41F20310FBE71FB550F8FF
:108340000C4BADF80A3094F87040069BADF806105F
:108350008DF8082040F2015101AA8DF804400393E2
:1083600002F006FE10B906A802F0D4FE04B010BD5B
:108370001FB550F80C4BADF80A3094F87040BDF8BA
:108380001830ADF806108DF8082040F2045101AA0B
:108390008DF80440ADF80C3002F0EAFD04B010BDD9
:1083A000F0B5122785B003920777022205460E46E4
:1083B000FFF716FA044668B103A802F0ABFE0023EB
:1083C0002B77002332460093122123462846FEF7DE
:1083D000CCFE0FE0039A3046937903339371FFF795
:1083E00070F948B1039B3A4600933146234628462C
:1083F000FFF713FD05B0F0BD42F62930FFF7AEFBE5
:10840000B04220D1039830B903A802F083FE0023C4
:108410000D242B77D5E702F002FF80B20128F3D1BB
:10842000039B28469A791344197BFFF7B0F804465A
:1084300003A802F06FFE00232B77002CC1D1284641
:10844000FEF7D6FED6E7224631462846039BFFF7C5
:1084500092FA0446EFE72DE9FF4103920422044615
:108460000D46FFF7BDF9074628B103A802F052FEFA
:1084700004B0BDE8F0814FF05208039A2846937982
:108480000333937184F81C80FFF71BF9064640B153
:10849000039B4246009329463B462046FFF7BDFC1E
:1084A000E6E742F62930FFF759FBA842039B0BD1C0
:1084B0009A7920461344197BFFF769F803A802F064
:1084C00029FE00232377D3E7324629462046FFF7CB
:1084D00052FAF6E72DE9FF418B7904460C330B4441
:1084E000B3F801700E463846B3F80380FFF7D1F8B1
:1084F000002858D0022239462046FFF771F9054678
:10850000E8B93846FFF7DDF868B116222277B3796B
:1085100039460533B371204643460096FFF77DFC8C
:1085200004B0BDE8F081F4F793F933461B680135D8
:10853000EDB2002BFAD10635A8421DDC092504F165
:10854000440002F0E7FD2B463A46162120460096ED
:10855000FEF70BFE092DE3D1204650F80C3B40F20C
:10856000055193F8703002AA8DF8083041F20913D2
:10857000039302F0FDFCD3E70121304603F057F8E6
:1085800001460028DAD004F1440002F0AAFEB379D3
:1085900042460533B37139463346204604B0BDE840
:1085A000F041FEF734BE0125C9E713B5044641B9D1
:1085B000443002F0AFFD204602B0BDE81040FEF7A7
:1085C00050BE18224369027713F0080306D0002337
:1085D00019460093FFF721FC02B010BD1A46194658
:1085E00002B0BDE81040FFF732BC7FB5C58B044632
:1085F0002DB342F60520FFF7B1FAA84207D10021BA
:108600002046FEF7A5FF636923F00103636100269E
:1086100040F20A412046FEF7DEFE29460DF10E0229
:108620002046ADF80E60FFF7ACF8BDF80E2003460B
:108630000092294602222046FFF79AFEE68304B004
:1086400070BD2DE9F74305460F469046FFF721F828
:1086500098B32846FFF725F810F0300F30D02846A1
:10866000FFF71FF806460020FEF72AFF044606F033
:1086700010091CB9204603B0BDE8F083002229464A
:108680002046FFF77EF8B9F1000F01D0C10712D4E0
:10869000B20617D5830715D5802300933A46434683
:1086A00029462046FFF73AFC1A28E4D02046FEF778
:1086B00007FF0446DDE70023EFE741F20110DAE7A8
:1086C0002120D8E70220D6E7F7B504461F460E461C
:1086D0001546FEF76CFE237C012B58D0237F182B08
:1086E0002CD063691B0713D5217F16292DD008D8FC
:1086F000122914D002252046FEF75EFE284603B05C
:10870000F0BD18291AD05229F4D10023237713E0A1
:108710003046FEF7D6FF0028E6D12125EBE70023FF
:10872000237735B1009332462B462046FEF71DFDD8
:1087300002E02046FEF75CFD0025DCE72A463146D4
:108740002046FFF784FB0546D5E700232377002D5D
:10875000E8D105211720BDF82430089A0095FEF7CE
:10876000B9FC20B91123324612210095DDE7FEF74E
:108770006EFC6269034642F008026261827931460A
:10878000053282713A462046FEF741FDD4E70725BF
:10879000B1E72DE9F041054688B042F60520FFF724
:1087A000DDF9064604A8E9F7F7FA102205F12101E0
:1087B0000DEB020002F026F950B101212846FEF728
:1087C000C7FE2846FFF783FA6B6923F001036B614C
:1087D00042F60303022003A9ADF80C30E9F722FCAE
:1087E000012407464FF0000820463A464FF6FF7135
:1087F000FFF779F9044610B908B0BDE8F081FEF73B
:1088000048FF0134A4B20028EED0A64203D131467D
:108810002846E9F72BFD214628460DF10E02ADF85A
:108820000E80FEF7AEFF03460028DDD0BDF80E2017
:108830002146009228460122FFF79AFDD4E708B5A9
:10884000E9F798FA0020EAF74BF9002008BD10B5C7
:1088500004468069143002F05DFCA069BDE8104058
:10886000183002F057BC2DE9F0410F46144605467A
:108870001E46FFF7ECFF23463A4608210020D5F8B4
:10888000188002F036FFAA69C8F81400536923B1B2
:10889000002054811682BDE8F0811A20FBE770B5F4
:1088A0000446084602F0BBFCA16986B28A894D895C
:1088B00012B1521B96420CDA6389581E80B225B958
:1088C0000A78082A04BF043B98B2831B58425841D7
:1088D00070BD0020FCE730B5044654F80C0B8DB099
:1088E0009DF8405090F8700042EA01428DF8040073
:1088F0001946029203A82A46079502F0B8F840F2FA
:108900000241204601AA02F033FB0DB030BD10B584
:1089100050F80C4B86B094F87040ADF80E10ADF8DE
:10892000102040F2064103AA01938DF80C400593F4
:1089300002F01EFB10B901A802F0ECFB06B010BD5E
:1089400037B504460D46FFF782FF204640F2094145
:10895000FEF741FD00222046A36940F207411A704C
:1089600050F80C3B6A4693F8703001958DF8003052
:1089700002F0FEFA03B030BD13B5019100210446A8
:1089800000F033FF0422002320460DEB0201FFF725
:108990006AFF02B010BDF0B504460F461E461546EC
:1089A00085B052B983691B78072B30D0082B14BFD0
:1089B00015460925002E18BF0D250A9802F02FFC38
:1089C000A3699A894AB15B8981B2D21A914204DDC6
:1089D00092B2891A0AA802F0C4FC204650F80C3B57
:1089E00040F2054193F8703001AA8DF804300A9BDB
:1089F000ADF806708DF80850ADF80A60039302F0E8
:108A0000B7FA10B90AA802F085FB05B0F0BD0B2536
:108A1000D0E7B0F80AC02DE9F041ACF1020C9C455A
:108A200005460E4617461C4603DDBDE8F04100F042
:108A300089BE83692246198100233946FFF713FF57
:108A4000044658B9AB690246314628460E3300F059
:108A500092FE044610B12846FFF7F9FE2046BDE815
:108A6000F0812DE9F043202A8FB0054617461C46B9
:108A700003910BD941F2041421462846FFF760FF09
:108A800003A802F047FB0FB0BDE8F083002B46D1EE
:108A90000846A2F1060802F0C2FB4FF6FF765FFA25
:108AA00088F81FFA80F94C4510D3AB69DA88B242D6
:108AB00039D942F60203ADF814300223711C009339
:108AC000284605AB89B200F0E6FD25E023463A468C
:108AD000039906A802F00DFBAB69BDF818609A88EF
:108AE000B242C7D8DA88B242C4D3BDF81A10BDF872
:108AF0001C20B8F1000F09D02846CDF800800DF1F8
:108B00001E033C44FFF7E7FEA4B2CCE728469E8054
:108B100019815A8100F0D8FD04460028B0D041F2F6
:108B20000A139C42A8D10024A6E72DE9F0471C4671
:108B300096B0836901921B780646062B03D0112B51
:108B400060D001A81CE00129104614BF4FF01008A6
:108B50004FF002080392002C4CD102F060FB4FF65C
:108B6000FF7508F1020987B2A7420ED8B369DA8807
:108B7000AA4237D8002421463046FFF7E1FE03A879
:108B800002F0C8FA16B0BDE8F08723464A460399BA
:108B900004A802F0AEFAB369BDF810509A88AA4250
:108BA0002DD8DB88AB422AD39DF81330282BE1D097
:108BB000B2465AF80C3B424693F870300DF1120160
:108BC0000DA88DF83030ADF83250CDF844804C44CB
:108BD00001F04DFF40F2044150460CAA02F0C8F9E2
:108BE000A4B2C1E7691C304689B200F024FD0446F6
:108BF0000028C4D041F20A139C42BBD0BBE741F22B
:108C00000414B8E70129104614BF12270427049260
:108C100084BB02F004FB42F602184FF6FF7185B2E6
:108C2000A5420DD8B369DB888B4221D901314FF6BB
:108C3000FF72304689B200F0FEFC0446A0B119E094
:108C400023463A4604990CA802F053FABDF83220A4
:108C5000BDF8301042459DF8333007D1B269022388
:108C600030460A32FFF7D5FE04A889E7282B06D143
:108C700041F20A1421463046FFF762FEF4E73C4415
:108C8000A4B2CDE7F0B5836987B003911B780546A0
:108C9000022B144653D108460491002A47D102F012
:108CA000BEFA4FF6FF7687B2A7420DD8A869C288F0
:108CB000B2422BD8002421462846FFF741FE04A8E3
:108CC00002F028FA07B0F0BD04220499234605A853
:108CD00002F00FFAAA69BDF814109088BDF816606A
:108CE000814229D3D388994226D8864224D39E42F2
:108CF00022D85069927A837904340C330092034469
:108D000032462846FFF7E7FDA4B2CDE74369408924
:108D1000711C0190987989B20C3003440093284665
:108D20004FF4205300F09BFC04460028C7D041F2CA
:108D30000A139C42BFD1BDE741F20414BBE703A86C
:108D4000BEE7F0B587B0054617461C46039153B9F8
:108D5000FFF7A5FD38B1012322462846039900F00C
:108D600084F807B0F0BDA9690B78082B05D8062B4D
:108D700044D8032B0FD003A83DE00F2BFBD1039B5E
:108D80000593002C6DD1002B6BD022462846098913
:108D9000FFF7BDFD59E00398059018B3ECB9102614
:108DA00083794A890C330989034400962846FFF7E2
:108DB00092FDAB699988DA88914217D242F6020394
:108DC000ADF8103002230131009328460DEB060365
:108DD00089B200F060FC044660B141F20A139C4283
:108DE00004D101E0002CF8D141F21F0421462846AD
:108DF000FFF7A6FD05A802F08DF9B2E703980590EC
:108E00007CBB70B302F00BFA0FB386B2B7421ED22E
:108E1000394605A802F0DFFB38B905A802F07AF957
:108E20001A212846FFF78CFD9BE78379F61BC218B1
:108E3000023391898371AB6900225B89B6B20090DD
:108E40002846FFF7A8FDB742E2D92146E9E7AA691B
:108E5000284653891189059A00920022FFF79BFD4D
:108E6000F3E705A802F056F9EFE7F0B585B006463E
:108E70001F461446039132BB084602F0D0F905465E
:108E800008B3B1690B784A89082B0BD8062B0BD98C
:108E9000039B09893046009313462246FFF77BFD6A
:108EA000039401E00F2B19D0B1694B89EA1892B2F3
:108EB000B2F5007F4A8117D82FB13046098900F0FA
:108EC00014FC044628B10022234611463046FFF721
:108ED00038FF03A802F01EF905B0F0BD3046039B31
:108EE0000989FFF714FDDBE741F20414EBE773B5E2
:108EF000836901911B780446082B15460ED8062B72
:108F00000ED9019E20463146FFF7C9FC2A4603468A
:108F100031462046FFF7A9FF02B070BD0F2BF0D0FD
:108F200001A802F0F7F8F7E730B5836987B003913D
:108F30001B780546092B144611D105915AB91346E1
:108F400000910F222146FFF726FD21462846FFF714
:108F5000F7FC07B030BD05A802F0DCF8F5E703A880
:108F600002F0D8F8F5E770B5836986B003911B78F5
:108F700005460A2B144631D1059132BB059802F003
:108F80004EF908B9044620E00023022205A90DF19C
:108F9000120002F0B8F8012815D9BDF8126096B198
:108FA000059802F03CF986420FD8BDF8121005A8CA
:108FB00002F011FB48B100230090212219462846F7
:108FC000FFF7E9FCDAE741F20D1405A802F0A2F878
:108FD00021462846FFF7B4FC06B070BD03A802F096
:108FE00099F8F9E72DE9F04F87699FB003913F7831
:108FF0000546052F16461C4604D8032F16D810D058
:1090000003A867E0082FFBD108461391002B00F05E
:10901000C28013A802F07EF821462846FFF790FC94
:1090200001E0FFF71EFD1FB0BDE8F08F202A0846C3
:10903000049148D8002B40F0A880571F02F0EFF8A9
:109040004FF6FF78FFB21FFA80FA0DF11C0BA24514
:1090500006D8AB69DA88424500F28780002434E004
:109060002346324604990BA802F043F8AB69BDF8D9
:109070002C809A88424526D8DA88424523D35969FC
:10908000F1B9A94659F80C1BBDF82F2091F87010C2
:109090009DF82E308DF84C10ADF84E200DF13101B9
:1090A0003A4615A88DF85030199701F0E0FC40F2CF
:1090B0000341484613AA01F05BFF3444A4B2C6E75B
:1090C0005A89102A09D941F2041421462846FFF78B
:1090D00037FC04A802F01EF8A5E70023584602F06A
:1090E00008F8AB690DF13101102FCDE9051B93F89C
:1090F0000A902BD1B9F1020F34D105A8E8F778FF17
:109100000228DAD14A46DDE9051001F07BFC00288F
:10911000D3D12B4653F80C0BBDF82F1090F87000EC
:109120009DF82E208DF84C00ADF84E108DF8502093
:1091300059464A4615A80293CDF8649001F097FC71
:10914000029B40F20341184613AAB4E7022F09D14B
:10915000B9F1100F06D106A8E8F74AFF0228ACD1F2
:109160003A46D0E73A465846CFE742F60303ADF811
:109170004C30022308F101010093284613AB89B259
:1091800000F089FA04460028A3D041F20A139C4259
:109190003FF464AF99E759B900210023AA69284632
:1091A00093815381118113993246FFF7CAFD3AE743
:1091B00002F035F816B180B28642EDD1139A937958
:1091C000D118023389899371E7E72DE9F0431C46F2
:1091D0008FB0836903911B780546012B17465BD13D
:1091E0000846059102F01BF8202F0BD941F2041418
:1091F00021462846FFF7A4FB05A801F08BFF0FB01E
:10920000BDE8F083002C42D1059802F008F84FF633
:10921000FF76A7F104081FFA88F81FFA80F95FFAB1
:1092200088F8A14505D8AB69DA88B24220D8002475
:10923000DEE723463A46059906A801F05AFFAB69D6
:10924000BDF818109A88BDF81A609142CED3DB8819
:109250009942CBD89642C9D39E42C7D832462846B7
:10926000CDF8008007AB3C44FFF735FBA4B2D8E74C
:109270004FF42053ADF810300223711C00932846A0
:1092800004AB89B200F045FA04460028B4D041F29C
:109290000A139C42CBD0ABE703A8AEE783691B78E7
:1092A0000B2B02D0103B012B01D8FFF749BB7047B5
:1092B000F0B585B00193836917461A7804460B3AD6
:1092C0000A9E072A42D8DFE802F0044130414104F7
:1092D00041290198039001F0A2FF85B203A801F093
:1092E00019FF26B131462046FFF746FB0FE0A16982
:1092F0007A194B8992B293420BD90A8201F10E037B
:109300002046098900F037FA01460028EBD105B064
:10931000F0BD0121204600F068FAF5E72EB91A8A5F
:109320000198BA420BD04FF48166019B03A80393C6
:1093300001F0F0FE31462046FFF702FBE7E7DA894D
:10934000596901F077FF0028EDD1EEE701A801F09F
:10935000E1FEDCE738B58269044613780D460E2B32
:1093600012D0102B01D00B2B12D1536933B1997944
:1093700002F114000B44DD6801F0CCFE29462046C2
:10938000BDE83840FFF78ABFBDE83840FFF7D8BADC
:1093900038BD07B5002300921B22FFF7FCFA03B08B
:1093A0005DF804FB07B583695980009200231D22F4
:1093B000FFF7F1FA03B05DF804FB70B506460D4601
:1093C0001446E2F70FFB4379C57523F0030343F01E
:1093D0000303437140F60943C380A0F81560206081
:1093E000153070BD13B50C4601AAFFF7E6FF019BCF
:1093F000DA791444DC7102B010BD73B5064610462C
:109400000C46154601F00BFF211801AA3046C9B2DF
:10941000FFF7D3FF019B0646DA791444DC712B4633
:1094200033B901A8294601F05CFF304602B070BD97
:109430005C7924F0030444F002045C711B68EFE7DC
:1094400008B5E2F7D5FA83790C33184408BD4B8888
:10945000052B05D108880E288CBF002001207047FD
:1094600000207047F8B505460F46164604210A222B
:10947000002002F0D4F80246B8B1847905210C34FA
:1094800003194FF0060C00209970D87002F804C040
:1094900013241C7102245F715870D8719C71284686
:1094A0001E81BDE8F840E9F7BBBBF8BD73B50546C2
:1094B000104601920C4601F0B2FE042186B20198DA
:1094C00001F0F0FF024628B901A801F023FE1A209E
:1094D00002B070BD837901900C33C1184C80C65224
:1094E00021462846E9F79CFB0020F1E72DE9F041F1
:1094F00006468846174604210A22002002F08FF80B
:109500000246B8B1857900240C354319052106209F
:109510009970DC7050550120187102205C709871B0
:1095200083F805803046DC711F81E9F779FB20461E
:10953000BDE8F0811A20FBE700207047002070474B
:1095400007B501A8019201F0E5FD03B05DF804FB49
:10955000704708B5E9F7A8FEE9F7F0FBE9F7F6FC74
:10956000E8F7F0FABDE8084000F0B8B938B50546AC
:109570000C46E9F7D7FB28B928462146BDE8384014
:10958000F3F76EB828462146F3F76AF800F0A3F91E
:10959000EFE737B5044642F60720FEF7DFFA054647
:1095A000C0B10A23002CCBBF0534053CB4FBF3F457
:1095B00094FBF3F40123002118460DF1070264B275
:1095C0008DF8074002F095F8002203462946104620
:1095D000FEF7D1F903B030BD430803F05503C01ABC
:1095E00000F03303C0F3850000F03300184400EBB3
:1095F000101000F00F007047002110B5421D441EEE
:1096000014F8010FFFF7E8FF94420144F8D108462F
:1096100010BD10B5F3F746FE044628B101242046DC
:1096200010BD436ADB06F9D4F3F750FC0028F8D1EB
:10963000F5E70020704770B504460E461546052133
:1096400000220420FDF722FD014618B1A0F80160B8
:10965000A0F803502046BDE87040FDF76FBDF7B598
:109660001D460023044600930F4616460721062098
:10967000BDF82430089AFDF72DFD014628B1A0F869
:109680000170A0F80360A0F80550204603B0BDE8C3
:10969000F040FDF753BD73B515461A460023044646
:1096A00000930E46082005219DF81830FDF712FDA5
:1096B000014618B1A0F80160A0F80350204602B09E
:1096C000BDE87040FDF73ABD38B5002204460D46AE
:1096D0000A200321FDF7DAFC014608B1A0F8015089
:1096E0002046BDE83840FDF729BD70B504460E465A
:1096F0001546052100220C20FDF7C8FC014618B1D3
:10970000A0F80160A0F803502046BDE87040FDF7C6
:1097100015BD73B515461A460023044600930E4640
:10972000102005219DF81830FDF7D4FC014618B132
:10973000A0F80160A0F80350204602B0BDE87040D8
:10974000FDF7FCBC73B50E46002144890546033C79
:10975000A4B2A342009128BF234603211220FDF7A3
:10976000B9FC014608B1A0F80160284602B0BDE886
:109770007040FDF7E3BC2DE9F34105469846836947
:109780000F465869164601F04AFD6C8980B2053CC7
:10979000A4B2844228BF0446A8692146143001F0CF
:1097A0001AFF009048B105220821002001F037FF80
:1097B000019030B9684601F0ADFC1A2002B0BDE856
:1097C000F081009901A801F08CFD1620019A93798F
:1097D0000C33D118D054A8F800402846A1F80170E5
:1097E000A1F80360FDF7AAFCE8E738B500220446BB
:1097F0000D4618200221FDF749FC014600B14570D5
:109800002046BDE83840FDF799BC70B5857904461F
:109810000C35461901F003FD625D431E013A9BB20F
:10982000202A12D8DFE802F0131118111A112B1197
:1098300031114211421142113511271111113B1101
:1098400027114011401111114200002070BD042B5E
:1098500014BF01200320F9E7022BF9E743B3727824
:10986000022A0AD0012A23D10222013B0232B3FB91
:10987000F2F102FB1133002BEAE71022F5E713F0B7
:10988000030F14BF01200320E0E78BB17278013B86
:10989000EDE76BB17278032A0AD9013BE7E7042BA5
:1098A00034BF01200320D1E7022BF9E70320CDE7E5
:1098B0000120CBE708B5FFF7C3FD407940F48050A5
:1098C00008BD022801D1E9F771BD704710B9012028
:1098D000E9F790BD70470220E9F782BD0020E9F763
:1098E0007FBD08B5FFF7ACFD407940F4805008BD5E
:1098F0000078F3F713BA13B50C460DF107020DF11A
:10990000060101F0EAFF30B19DF80600031B584242
:10991000584102B010BD0120FBE77047F3F7ACBC23
:10992000704702F001BAF4F719B9EAF73BBB02F04D
:10993000FDB902F0FDB970477047704708B503F0F4
:10994000C3FD002814BF1420002008BD70477047D5
:10995000704770470020704770477047704770B578
:1099600004460E4615680A46002101F075F825F4F4
:10997000004520462122314601F013FB290A04311B
:109980002046C9B201F096FBA3791C44E56070BD86
:1099900070477047704770477047704713B504466B
:1099A00001A92020E7F796FE20B922462020019940
:1099B000E7F7A0FE02B010BD13B50C4601A904F0F4
:1099C00081FC10B9019BC4E9003002B010BD38B56C
:1099D00004460D462022002101F03EF8F8F700FC75
:1099E000D5E90232E260EA8B43F4806322822A8C5A
:1099F000A0806282AA8CA282EA8CE2826A68A3605A
:109A00002260FFF7A7FF18B1A36843F00403A36027
:109A1000A36843F48032A2602A68920544BF43F4ED
:109A20001023A36038BD08B52020FDF719FA0038CF
:109A300018BF012008BD08B5FFF7F5FF20B1BDE84C
:109A400008402020FDF714BA08BD08B5F2F784FCE1
:109A500008B1012008BD04F015FCF2F785FC0028D0
:109A6000F7D1E7F729FE003818BF0120F2E708B563
:109A7000EAF788FC00280CBF0420012008BD08B5C7
:109A8000FCF7E7FE002008BDEAF74CBDEAF75ABD37
:109A90007047022070470220704700207047012065
:109AA000704700207047704737B504460D4601A83F
:109AB000ECF748FE01A8FFF7F6FF204601A98DF854
:109AC0000650EAF71FFF03B030BD084611460122D9
:109AD00000F06EB8014608B54FF0FF30EAF73AFFE4
:109AE000B0FA80F0400908BD00F0BABC00F0C2BC7A
:109AF0007FB56C4605460E460FCA84E80F009DF8F8
:109B00000D30224643F04003314628468DF80D3093
:109B100000F0ABF804B070BD7047431E012B03D9B1
:109B2000031F58425841704701207047EDF750BE5F
:109B30004FF4D472002100F08FBF70B50446ECF7EB
:109B40002BFD0546A8B9A169F1B1238AD3B12046FE
:109B500004F1100200F023FC38BBE16919B3638AF9
:109B6000A3B1204604F1120200F0EEFB78B10546E5
:109B700003E00023A3612361E361002328466361BE
:109B8000236270BDA061E8E72082E6E7E361216A15
:109B90000029F2D0A28A002AEFD02046E38ABDE84D
:109BA000704000F090BB6182F1E76582E561DEE71D
:109BB000EBF7F2BDF8B506460D46EAF7FFFED8B959
:109BC0004FF6FF734FF0240CEF68C1B28F4208D8F4
:109BD0001C4621463046EBF783F8EDF779FE204628
:109BE000F8BDAA680CFB0122D4899C4202D2002C49
:109BF000EFD023460130E8E70024F0E7808D70477E
:109C00000A7838B505461046FFF787FF60B14C78F3
:109C10002046FFF782FF38B12243530704D4284679
:109C2000BDE83840ECF708B8212038BDFFF7E8BFA1
:109C300010B504460878FFF770FF58B14A7810460F
:109C4000FFF76BFF30B1042A04D02046BDE8104076
:109C5000ECF710B8212010BDFFF7EABF00F070BA92
:109C6000084600F03DBCEBF7A9BE70B504460D46B2
:109C7000164600F02CF958B129462046EBF730F88B
:109C800038B9324629462046BDE87040F0F78ABC14
:109C90000E2070BDECF722BF08B5EAF72BFE18B115
:109CA000BDE80840EFF72CBF08BDF0B587B004460B
:109CB0000E4615461F46ADF80610D3B190F82C316C
:109CC000ABB9D0E9490194F82A310490C0B2984266
:109CD000ADF8141005D0204604A98DF81030EBF72C
:109CE000E3FF20463A7894F82B11ECF74BF800206C
:109CF00020E00ABBD0E94901D4F8E0300490ADF887
:109D000014102046A4F8406004AA0DF10601EBF7F8
:109D1000FFF978B9204604A9EBF7C6FF50B903460E
:109D200001222046BDF90610ECF7ACF8BDF806306C
:109D3000A4F8423007B0F0BDB2F91230B0F94020BB
:109D40000DF10E019342A8BF134604AAADF80E30E0
:109D50002B46EBF7DDF9BDF90E30B5F912209A422A
:109D6000A8BF1A469DF81030ADF80E200C2B0FD16D
:109D7000212384F82C31B4F9423093420DDDD4E92B
:109D8000490100230490ADF8141084F82C3104E04C
:109D9000C0B284F82C010028EDD19DF810102046A7
:109DA000A4F8422084F82A11DCF790FD84F82B01F6
:109DB0009DE738B504460D4600F06AFBEDF740FD1F
:109DC000D4F8F0302BB929462046BDE83840ECF7EE
:109DD00005B8022038BD00F018BA70B504460E462A
:109DE00000F056FBEDF72CFDD4F8F0503DB1002308
:109DF00031462046AC46BDE870401A4660472B46C7
:109E0000012231462046ECF73DF8284670BD38B5B2
:109E1000044648880D46EDF713FDD4F8F0302BB911
:109E200029462046BDE83840EBF73EBF022038BD4A
:109E3000EDF718BD00F0E0B900F0D6BB38B5054627
:109E40000C4604F02CFCD5F88C301C40D5F888303A
:109E50002343C5F8883004F01DFC211E18BF0121E2
:109E60000020490238BDECF729BA3F2B10B502D8C3
:109E70000024204610BDB3F5805F9BBF4FF0004427
:109E8000B3FA83F34FF48054DC4098BFA4B2A242EB
:109E9000134628BF2346224600F015FA0028E7D1D2
:109EA000E7E700F051BAEDF7CBBBECF715B900F0DE
:109EB000B8B9FFF7FCBF38B50446154609B100F044
:109EC00096FA15B12046ECF717FA002038BD034684
:109ED000408A18B1188A003818BF0120704700F076
:109EE00094BA00F0A2BA0846EDF7A6BF10B5044632
:109EF00000F089F820B92046BDE81040EBF73EB8E5
:109F000010BD00F075BBEEF7C7B92DE9FF419846CB
:109F100004460E46174604F0CBFB05462046FFF7E5
:109F2000E5FF0A9B3A46029300233146CDE90083C0
:109F30002046EBF771F80446284604F0B4FB2046AF
:109F400004B0BDE8F08138B5044604F0B1FB054625
:109F50002046FFF7CBFF2046EBF73CF804462846A7
:109F600004F0A1FB204638BD38B5044604F0A0FB40
:109F700005462046FFF7BAFF204600F053F8044696
:109F8000284604F090FB204638BD38B5044604F05E
:109F90008FFB05462046FFF7A9FF204600F048F852
:109FA0000446284604F07FFB204638BD70B50446C1
:109FB0000E4604F07DFB05462046FFF797FF31462D
:109FC0002046EBF777F80446284604F06CFB204661
:109FD00070BD134607B500228DF807100DF107007C
:109FE000194600F0C8FA03B05DF804FB08461146B4
:109FF0001A4600F0C0BA0020704701207047ECF705
:10A00000C9BF00F055BAEAF7F3BE10B504F050FB33
:10A01000044600F015F8EAF711FF2046BDE81040AD
:10A0200004F041BB024608B5EAF7E2FE507D08BDE8
:10A03000024608B5EAF7DCFE507D80F0010008BD5D
:10A0400000F0D6BAEBF756BD00F0B7B890F825305F
:10A0500003B108470220704710B50446ECF7FCFE38
:10A060002046BDE810400321EBF770BB90F8253087
:10A070000BB1ECF7B3BE0220704790F825300BB15E
:10A08000ECF7D2BE0220704738B590F825400D4657
:10A09000BCB1053C012C8CBF002401244968224638
:10A0A000ECF714FF286890FAA0F0000AEEF794FC91
:10A0B000A97A2889224681F00101ECF737FF0020B8
:10A0C00038BD0220FCE730B585B005460FC96C46A7
:10A0D00084E80F0021462846FFF7D6FF05B030BDC3
:10A0E0001FB5ADF808309DF81830CDE900128DF895
:10A0F0000A3000236946ADF80C30FFF7E4FF05B0E5
:10A100005DF804FB00207047002070477047D0F8CE
:10A11000903003F06003402B0DD0602B03D0203B28
:10A1200058425841704749B10B68012B06D948691C
:10A1300040F00100704740F2011070470020704766
:10A14000F7B504461046D4E952C7DDE908268CEA83
:10A15000020587EA06010540194085EA0C057940A9
:10A16000C4E95251002523F4004106EA010320F01E
:10A17000010043F40073024043F00203CDE90055AF
:10A18000EFF7C2FF94F824309A0713D5D4F84C3176
:10A190009B050FD54FF488112046FFF74FFE94F82A
:10A1A0002430024665F3410384F8243020460B46F0
:10A1B000EBF7BAFA002003B0F0BD0220EEF762B868
:10A1C000D0F8E42008B57AB11368022B0CD9536A91
:10A1D00013F47F4FC3F3072106D0126ADBB2534357
:10A1E0008B42B3FBF1F006D2002040F606524C2120
:10A1F000EAF7E8FD002008BD0346D0F82401086016
:10A20000B3F8283100208B80704790F824310C2B54
:10A2100014BF90F82900FF2070474FF48071F1F7C8
:10A2200087B9F8B507460E468C88EBF7E9FC97F836
:10A2300025700546082F737C0CD1012B0AD80146E6
:10A240000120EFF7F3FD421C01D10220F8BDE3002D
:10A2500003330EE0053FFFB2012F8CBF0020012029
:10A260002946EFF7E3FD431CEFD0012F4FEAC4036B
:10A27000EED903220344B271002DE6D0B3F5803F3E
:10A28000E3D84FF224416A0901FB03232D09B3FBF4
:10A29000F5F332680020D21A3260D7E738B54FF0B4
:10A2A0003A430546DC6A808AC4F30C04A04234BFFA
:10A2B0000020012041F6F0020821EAF783FDA88A78
:10A2C000001B80B238BD2DE9F041884618F0030725
:10A2D00006461546194633D1B2F5805F30D89A420A
:10A2E0002ED33F2A28D9B2FA82F401220120C4F1E8
:10A2F0001F03DBB29A4092B2AA422CBFC4F11904E8
:10A30000C4F11A04E2B2931DDBB2984080B2A842B5
:10A3100014D096F8F530ABB9012096F8243060F3EC
:10A32000C71386F824304046ECF73CFFC6F820807F
:10A33000B5823846BDE8F0813A46EAE70020ECE70E
:10A340002127F6E70E27F4E7F8B511F003060746D4
:10A350000D46144621D102B313883F2B1DD9B3FA01
:10A3600083F3C3F11901C9B2062901D8192B12D000
:10A37000062928BF062101238A1DD2B29340284610
:10A38000238000F0E5F823883846FD617B82EDF7F5
:10A3900019F83046F8BD3146EDE72126F9E738B522
:10A3A000148811F003054FEAC4041ED13F2C1CD9B8
:10A3B000B4FA84F4C4F11903DBB2052B01D8192CCB
:10A3C00011D0052B28BF052301240633DBB204FA84
:10A3D00003F3C3F3CF041480816104820387ECF795
:10A3E000F1FF284638BD2B46EEE72125F9E7EBF7CC
:10A3F00037B910B5144608460121EEF7EBF92046AF
:10A40000BDE810400121EEF7E5B970B50E46102108
:10A410000546F1F78DF80446102128463201F1F780
:10A4200073F8F1F78FF8204670BD1021F1F780B86E
:10A43000F8B504460E46174604F031F93A4605468B
:10A4400031462046EEF7BAFC0446284604F022F9CD
:10A450002046F8BD0220704703207047EDF70ABF81
:10A4600010B50023ECF7F4F9044608B9F0F784F8C6
:10A47000204610BD38B51D4600230446ECF7E8F928
:10A4800028B929462046BDE83840F0F76FB938BDF5
:10A4900040F2366070478021F1F74AB810B50446A3
:10A4A000EBF76EF901462046BDE81040EBF76EB9B8
:10A4B000ECF770BD38B5054610460C46ECF7E0FDEC
:10A4C00065B1D5F8E0304BB15B693BB12268013230
:10A4D00004BF6FF00102226022681A60002038BDBC
:10A4E000EEF7A6BF002070472DE9F74F01251C4667
:10A4F0009DF83030064601930368174603F00703C2
:10A5000006339D4005F1FF380B46A1B1416804EACE
:10A51000080BA5EB0B0A41F00059524509EB0B0162
:10A5200014D95246184600F0A2FA49467A1B5A44FA
:10A53000504400F09CFA019B2BB13C4448EA0508CA
:10A5400004EA0804F46003B0BDE8F08F1846F0E7B1
:10A550004FF03A4301225A6740F6FF72D9641865FA
:10A560001A67704737B5002514460095FFF7BCFF02
:10A57000204603B030BD70B50E461546044608B9F6
:10A58000002070BD0378042B18D02078EDF7E8F98F
:10A59000B0B923780C2BF3D10EB1FF233370CDB1BA
:10A5A000FF232B7016E020780130C0B20328207002
:10A5B000EBD8EDF7D5F90028F5D0E6E70020F5E770
:10A5C0001EB12078EDF702FA30701DB1207800F04E
:10A5D00003F828700120D4E710F0FD0F14BF4FF0EE
:10A5E000FF300020C0B27047704700200021704744
:10A5F00008B5EDF775FEBDE80840EDF799BE38B532
:10A600000446FFF7F5FF0546FFF7F2FF431BA342A1
:10A61000FAD338BD38B50D460446EDF761FE35B1C5
:10A62000844200D90139204601F0030138BD84423B
:10A6300038BF0131F7E708B5EDF76AFEBDE808401D
:10A64000EDF776BE08B50121FFF7E4FFBDE808404D
:10A65000EDF76EBE08B521B1920000F008FA0020B7
:10A6600008BD2120FCE700F06F43B3F1804F02D01A
:10A67000B3F1204F02D120F07040704700F06043EA
:10A68000B3F1204F08BF20F0805070470B0C23F42B
:10A690008053B3F5284FF7B50D468FB2064699B2F1
:10A6A00016D04AF60103994214D04AF602039942A1
:10A6B00012D0B1F5204F14BF04240324D6F8E030A3
:10A6C0000BB1196851B9D6F8DC3093B928680EE09F
:10A6D0000024F3E70124F1E70224EFE7234668466C
:10A6E0003A46EDF799FEDDE90003002BEBD103B00C
:10A6F000F0BD19680029E9D0234668463A46EDF7CF
:10A700008BFEDDE90003002BE0D1F0E70204C0F38B
:10A71000891307D56FEA83536FEA935313F5007FCC
:10A7200018B206D0A3F1C8006FF4FF739842B8BF07
:10A73000184670474FF0384359699A6903F500533A
:10A740000A405A61704700EB8023C0EB831353FA31
:10A7500081F303EB8322C3EB8213C1F3072213447B
:10A7600003EB8322C3EB8213C1F30742134403EBD1
:10A770008322C3EB821303EB1160704738B50D469B
:10A78000144604B938BD55F8041BFFF7DCFF013C43
:10A79000F7E72DE9F0470C4669B1CB1CB3F5002F64
:10A7A00009D24FF0000844F6FC7654F828104FEA1E
:10A7B00088094B1C01D1BDE8F087FFF7C4FFC1F346
:10A7C0000263032B844608F10107C1F3074514D146
:10A7D0008BB2F31AB5EB930F4FEA930A0DD909F137
:10A7E000040152462144FFF7C9FF844608F10208DC
:10A7F000013D08EB0A07A5EB0A052A46604604EB73
:10A800008701FFF7BBFF07EB0508CEE7F8B5044665
:10A81000002850D000F11703B3F5002F05464AD2A7
:10A82000EEF74EFE217D00EB8023C0EB83130B443B
:10A83000A28A03EB8321C3EB811303EB122304F100
:10A84000100618462968FFF77EFF2A7803469AB952
:10A85000696861B1CA1CB2F5002F08D26A7852004B
:10A860000132FFF78BFF03460835B542E9D1206975
:10A87000C31A58425841F8BD012AF8D16868002827
:10A88000F5D0421CB2F5002FF1D2E978AA78891AE6
:10A8900001310029E8D030F8027B03EB8322C3EBBF
:10A8A000821353FA87F303EB8322C3EB821303EB88
:10A8B00017230139EDE70020DDE70E2070477047D0
:10A8C000F0F79CB9F0F79AB9F0F798B9F0F796B9A4
:10A8D00008B50846F0F784FD08BDF0F78FB90022EF
:10A8E0008A4202D14FF0FF30704750F8223093FA7D
:10A8F000A3F30BB90132F3E7B3FA83F000EB421094
:10A900007047002070472DE9F843074688461446F3
:10A910000026D4E90195B9F1010905D52468002C78
:10A92000F7D13046BDE8F883AB89012B07D9B5F9DB
:10A930000E30013303D029463846C04706436835F8
:10A94000E9E770B50C46B1F90E1096B0154600292E
:10A950001E460CDAA389002113F0800F14BF402398
:10A960004FF48063002031602B6016B070BD6A46E2
:10A97000F1F734F90028EDDB019901F47041A1F5FC
:10A980000053594259414FF48063EBE78B89F7B587
:10A990009D0706460C4607D504F147032360236153
:10A9A0000123636103B0F0BD01AB6A46FFF7C9FF45
:10A9B000009F054630463946F7F701FB48B9B4F920
:10A9C0000C309A05EED423F0030343F00203A38175
:10A9D000E2E7A389206043F08003A381019BC4E9DF
:10A9E00004075BB1B4F90E103046F1F709F928B14C
:10A9F000A38923F0030343F00103A381A3891D432B
:10AA0000A581CFE70139024410B5904201D1002061
:10AA100005E0037811F8014FA34201D0181B10BDC7
:10AA20000130F2E7884210B501EB020402D98442FA
:10AA3000234607D8431EA14208D011F8012B03F882
:10AA4000012FF8E7024401468A4200D110BD13F8F5
:10AA5000014D02F8014DF7E702440346934200D14D
:10AA6000704703F8011BF9E77047704770470A44C5
:10AA7000431E914200D1704710B511F8014B91422D
:10AA800003F8014FF9D110BD9368013B002B93608F
:10AA900010B408DA9469A34201DB0A2903D15DF8F6
:10AAA000044B00F07AB91368581C106008461970FE
:10AAB0005DF8044B7047F8B506460F461446D518A6
:10AAC000AC4201D1002007E03A4614F8011B3046A1
:10AAD000FFF7DAFF431CF3D1F8BD2DE9F047164626
:10AAE00098468A6807460B690C46DDF82090934229
:10AAF000B8BF1346336091F843200AB10133336085
:10AB00002368990642BF336802333360256815F025
:10AB1000060506D104F1190AE36832689B1AAB42B4
:10AB20002BDC94F843302268003B18BF01239206C7
:10AB300030D404F1430241463846C847013023D09F
:10AB400023681A3454F80A2C03F00603042B0ABFB6
:10AB500054F80E5C002533684FF0000608BFED1A6C
:10AB600054F8123C08BF25EAE5759342C4BF9B1A0E
:10AB7000ED18B5421AD1002008E0012352464146A3
:10AB80003846C847013003D14FF0FF30BDE8F087A9
:10AB90000135C1E7E1185A1C30200233224481F804
:10ABA000430094F8451082F84310C2E7012322467F
:10ABB00041463846C8470130E6D00136D9E7B1F9F9
:10ABC0000C202DE9F041170705460C4656D44B687A
:10ABD000002B02DC0B6C002B3DDDE66A002E3AD028
:10ABE000002312F480522F68216A2B6025D0626DF9
:10ABF000A389580705D56368D21A636B0BB1236C20
:10AC0000D21A216A0023E66A2846B047411C24D0A4
:10AC10000023636023692360A389DA0400D560659B
:10AC2000616B2F60B9B104F14403994202D0284608
:10AC3000F7F7C8F9002363630DE001232846B04706
:10AC4000461C0246D4D12B68002BD1D01D2B01D03D
:10AC5000162B2AD12F6000202EE02A68B4F90C3080
:10AC600042B11D2A01D0162A21D100236360236935
:10AC70002360D5E7626022692260CEE70F69002F6A
:10AC8000E9D093070E680F600CBF4B690023A6EB59
:10AC900007088B60B8F1000FDDDD43463A46216AB4
:10ACA0002846A66AB047002808DCB4F90C3043F007
:10ACB00040034FF0FF30A381BDE8F0810744A8EBCB
:10ACC0000008E7E738B50B6905460C4613B90025BF
:10ACD000284638BD18B1036A0BB9F0F75DFFB4F927
:10ACE0000C30002BF3D0626ED00704D4990502D447
:10ACF000A06DFFF7BAFE28462146FFF760FF636E9E
:10AD00000546DA07E4D4A3899B05E1D4A06DFFF7DB
:10AD1000ADFEDDE710B50C46B1F90E10F1F768FA9B
:10AD20000028ABBF636DA3891B1823F48053ACBF0D
:10AD30006365A38110BD2DE9F0411F468B8905464F
:10AD40000C46DB05164605D502230022B1F90E108C
:10AD5000F1F73CFAA3893246B4F90E10284623F4E1
:10AD60008053A3813B46BDE8F041F1F753BA10B5DB
:10AD70000C46B1F90E10F1F729FA431CA38915BF4F
:10AD8000606523F4805343F48053A38118BFA381EB
:10AD900010BDB1F90E10F1F709BAF8B50E46144618
:10ADA000054618B1036A0BB9F0F7F6FEA369A36074
:10ADB000A3891A0701D5236943B921462846F1F72B
:10ADC0009FF918B14FF0FF373846F8BD2368F6B247
:10ADD00022693746981A6369834205DC2146284672
:10ADE000FFF770FF0028EDD1A368013BA360236843
:10ADF0005A1C22601E70431C62699A4204D0A389C7
:10AE0000DB07E1D50A2EDFD121462846FFF75AFF9E
:10AE10000028D9D0D6E7C9B20346024410B5934200
:10AE2000184601D1002003E0047801338C42F6D1AA
:10AE300010BD430803F05533C01A00F033338008C7
:10AE400000F0333018444FF0013300EB101000F0E5
:10AE50000F305843000E704710B5044688B1836A1E
:10AE6000016A7BB180689847002394F8240023622C
:10AE70000C28636005D82146F1F7F2FC0D2384F815
:10AE8000243010BD0029EFD08368002BECDB08468E
:10AE900000F05CFCE8E7002307B51A46019101A920
:10AEA000F1F730FB03B05DF804FB002330B587B049
:10AEB00004939DF83430DDE90A4503930C9BCDE9FA
:10AEC00000450293F1F79CFA07B030BD052330B579
:10AED00085B003930A9BDDE908450293CDE900455F
:10AEE000FFF7E3FF05B030BD30B500230024002597
:10AEF00085B0CDE900450293FFF7E8FF05B030BD0E
:10AF000003680B60016070472DE9F0410E4617465B
:10AF100000240546006808B9BDE8F081D0E9008347
:10AF2000B3420BD18368BB4208D154B9C5F8008045
:10AF3000C368DB0701D500F009FC20460446404603
:10AF4000E9E7C4F80080F3E7002370B51A46194614
:10AF500005460468F1F7D6FA0CB92C6070BDE368B9
:10AF60002668DB0702D5204600F0F0FB3446F3E705
:10AF70002DE9F8430E461746054610B90020BDE8F6
:10AF8000F8830468002CF9D0D4E900893B463246A6
:10AF90002946A068C8470028F1D14446F2E730208E
:10AFA000704738B5054614460A460021FFF754FDA0
:10AFB00024F01C046B7944F0100443F004032C715A
:10AFC0006B7138BD2DE9F74F1F469DF830308A462A
:10AFD00080460093002850D0002967D00C68002CD0
:10AFE00066D04FF0000BE679A179761AF6B2BE4230
:10AFF00008D30C31394408EB020945462144F61BBD
:10B00000C84537E02068A346BF1B002835D004465A
:10B01000E9E7AB19994538BFA9EB05063246284642
:10B02000FFF725FD009B002B3DD0E279A079F3B21C
:10B0300037BB1844A071E279A37927689A4232D1CC
:10B04000DAF80030A34208BFCAF80070BBF1000F65
:10B0500001D0CBF800702046F1F752FC3C46354455
:10B060004CB10027A379E67903F10C01F61A2144CB
:10B07000F6B24D45CDD3A5EB080003B0BDE8F08F87
:10B08000121AD2B2F918914209DA0C302044D21BBC
:10B09000D21A014438440193FFF7C4FC019BE279C2
:10B0A000D31AE371C7E7A3462468D8E70846E4E764
:10B0B0002046E2E710B5C4790246C4F14503D8B290
:10B0C000884228BF08460444D47110BD38B50546EF
:10B0D000C079C0F14504E4B2944288BFD4B20C30C8
:10B0E00022462844FFF7C3FCEB7920462344EB714A
:10B0F00038BD1FB503910021009103A9FFF762FF3E
:10B1000005B05DF804FB13B501240094FFF75AFF66
:10B1100002B010BD38B50446206800B938BD0568D6
:10B12000F1F7EEFB2560F7E7034610B501F0EC01FF
:10B1300003B910BD1A7902F013020A431A711A1AE0
:10B14000544254415A7964F300025A711B68EFE784
:10B1500010B558B1016802685AB1136823B15C791F
:10B16000E40704D5002414600360084610BD0360A2
:10B17000F1E71346F8E7034658B10020DA799979E8
:10B180001B68521A50FA82F01BB15A79D207F5D5D2
:10B190007047704770B50D460446E8B186798E4217
:10B1A00003D3751A8571012070BDC27906F145037C
:10B1B0009B1ADBB299420FD806F10C010144921B95
:10B1C000A81BD2B20844FFF72DFC0023A371E3793A
:10B1D0001D44AD1BE571E6E70020E5E710B50C4620
:10B1E00098B191B18979E279C379521AC3F14503D3
:10B1F000D2B2DBB2934208D30C312144FFF766FF91
:10B200002046F1F77DFB012010BD0020FCE703463E
:10B21000006818B102681A60002303607047034693
:10B22000002003B97047DA7999791B68521A50FAED
:10B2300082F0F6E72DE9F84F894614468246FFF77B
:10B24000EEFF05464846FFF7EAFFA542074601D351
:10B25000A04208D2BD4208D10024A346A0462646FB
:10B2600047B9384604E02746F6E738D24FF0FF30BA
:10B27000BDE8F88F5EB99AF806809AF80760A6EBE9
:10B28000080608F10C08D044DAF800A0F6B2BBF1C9
:10B29000000F0BD199F8064099F807B0ABEB040BFF
:10B2A0000C344C44D9F800905FFA8BFB5E45354670
:10B2B00028BF5D46BD4228BF3D4621462A4640463E
:10B2C000FFF7A0FB0028D3D1A8442C447F1BEDB28C
:10B2D000761BABEB0505F6B25FFA85FBC0E70120F4
:10B2E000C6E703680BB9016070471A461B68002B5C
:10B2F000FBD111607047036803B10B6001607047B8
:10B3000039B10B461A461B68002BFBD1036813604A
:10B310000160704770B5046806460D4644B120468A
:10B32000FFF77DFFA84211D8236813B9E379A37111
:10B3300070BD20463360F1F7E3FA3468F4E7ED1AA4
:10B34000236820463360F1F7DBFA3468002DEFD034
:10B35000A279E3799B1ADBB2AB42F0D92A44A271FD
:10B36000E6E7F8B5066805460C4646B13046FFF7F5
:10B3700056FFA0421DD8336813B9F379B371F8BDF5
:10B3800030462B60F1F7BCFA2E68F4E706463846E3
:10B390000768002FFAD1C2798379D31ADBB2A342AE
:10B3A00002D9121BC271EAE7E41AF1F7A9FA3EB119
:10B3B0003760002CE3D028680028E0D00026E7E7BB
:10B3C0002E60F6E7F8B504460F46BC4200D1F8BD42
:10B3D000A179E5796D1AEDB2C5F14506B6B20EB99F
:10B3E0002468F2E749B10C312A46214404F10C00EB
:10B3F000FFF718FB0023E571A3712368BB42EFD070
:10B400005A79D207ECD49979DD79A0796D1AEDB229
:10B41000B54228BF3546E2790C3010440C312A463B
:10B4200019442044FFF723FBE379206853FA85F39E
:10B43000E3718379761B53FA85F5C379EDB2AB429C
:10B44000B6B2857103D103682360F1F759FA002E73
:10B45000D3D1C5E738B50C46016809B9046038BDD9
:10B460000D4609680029FBD1236823B12046FFF768
:10B47000A9FF2C60F3E721462846FFF7AFFE00281E
:10B48000EDD1F6E748B100230279436003608360A1
:10B490004379027143F0040343717047002211465F
:10B4A000F1F7B0BA38B504460D46FFF773FE98B908
:10B4B00084B12079FFF7F2FF58B163794279C3F381
:10B4C000400363F3410245235D1B04604271C37175
:10B4D000857138BD0120EDE72046FAE738B50368ED
:10B4E00004460D469BB11879FFF7D8FF88B1236851
:10B4F000427903605B79C3F3400363F34102452360
:10B500005D1B4271C37185712060002038BD012030
:10B51000EAE71920FAE738B50C46054640B300685B
:10B5200030B309B9002038BD4AB9C9B2FFF732FEBD
:10B530000028F7D12B689A799871A41A06E045295A
:10B5400018D8C9B2FFF726FE0028EBD1442C07D843
:10B55000002CE7D02846E1B2BDE83840FFF7BEBF77
:10B5600045212846FFF7BAFF0028DCD1453CEDE72E
:10B570002220D8E72120D6E72DE9F84390F807806C
:10B5800090F806900446A8EB0907FFB2B9420D46B1
:10B5900002D30020BDE8F8830079FFF77FFF06465D
:10B5A0000028F6D0A17980790C317F1B29440C301A
:10B5B000BAB221443044FFF75AFAF37901203B44F0
:10B5C000F371E37999444D442368A5EB0805E571CF
:10B5D00033602660DEE7F8B5076806460D463C4650
:10B5E000002305B12CB90BB100221A603460384633
:10B5F000F8BDE379A2799B1ADBB2AB4207D8E379B5
:10B60000A2799B1ADBB2ED1A23462468E9E72046AB
:10B61000E9B2FFF7B1FF0028F1D10746E7E7531879
:10B62000452B02DCC9B2F1F7EDB900207047F7B540
:10B63000002605460F4601960DB9019C09E000223F
:10B6400038461146F1F7DEF9044628B901A8FFF79C
:10B6500061FD204603B0F0BDAB798371EA79C27118
:10B6600068796179D21A60F3000161716979607952
:10B67000C1F3400161F34100607103F10C0029182E
:10B68000D2B22044FFF7F3F9019B03B9019406B14C
:10B69000346026462D68CFE72DE9F8430D46144661
:10B6A000064610B319B3DAB1034699461B68002B5E
:10B6B000FBD12746C8463A4629464046FFF706FDD5
:10B6C000C145A7EB0007054418BFC9F8008037B192
:10B6D0000022B1793079F1F795F9C14618B9E41B28
:10B6E0002046BDE8F8838046E5E70446F8E70C46C7
:10B6F000F6E737B51546C9B200221C46F1F782F9C4
:10B70000019040B122462946FFF7C6FF844202D984
:10B7100001A8FFF7FFFC019803B030BD034610B548
:10B7200001391A1A914200D810BD445C1A7803F806
:10B73000014B42540139F4E700230144884200D10F
:10B74000704700F8013BF9E7F1F766BAF6F70FBC6E
:10B7500070470E207047704710B50446806920B1CD
:10B760000021E6F777F80023A36110BD07B5012299
:10B770008DF807100DF10701FFF78EFF03B05DF89C
:10B7800004FBF7B505464FF428500C46FCF7E6F9E4
:10B790000646FBF77EFFB0B3022C02D8002003B0B0
:10B7A000F0BD002731460DF105030DF106023846C4
:10B7B000ADF80670FCF7B1F8BDF80620631E9342A1
:10B7C00006461EDC072C1AD9023CADF806400824B8
:10B7D000BDF80630002BE1D00133D9B22846FFF77F
:10B7E000C5FF21462846FFF7C1FF31462846BDF870
:10B7F0000620FFF751FFBDF806000230CFE7ADF895
:10B8000006700924E4E74FF0FF30C8E702292DE96C
:10B81000F34104460D461746184603D8002002B0EF
:10B82000BDE8F081FCF79AF90646FBF732FF0028E5
:10B83000F4D04FF0000831460DF105030DF106027A
:10B840004046ADF80680FCF768F8BDF80630BDF854
:10B8500020200646934228BF1346AB4228BF2B4602
:10B860009DF80500ADF80630C0B9002BD7D00133E4
:10B870009AB29542D3D9D9B22046FFF777FF39461D
:10B880002046FFF773FF31462046BDF80620FFF73C
:10B8900003FFBDF806000230C0B2C0E74046BEE775
:10B8A00007B501A9F1F790FA30B9019B586AC0F3C6
:10B8B000C02003B05DF804FB0020FAE7002008B5C3
:10B8C000F1F704FB08B9FF2006E0C37B012BF7D199
:10B8D000436ADB06F4D5007808BD73B50E4601A9AE
:10B8E0001546F1F771FA90B9019A546A14F01003F1
:10B8F0000FD0C4F300343470D37B5A1E042A02D80C
:10B90000D81E18BF01202870012002B070BD002091
:10B91000FBE71846F9E738B5436A04465B0705D5E7
:10B92000002300781A461946F2F794F8636A9D07D7
:10B9300006D52046F1F75CFA636A23F002036362DE
:10B94000636A18070DD52146E27911F8010BC2F39D
:10B95000C002F2F721F80546E8B9636A23F008034C
:10B960006362204600F0D0F90546A0B9626AD106AC
:10B9700011D5D30404D52046FDF75BFE40B11BE092
:10B980001206E37B09D4E37B626A023B012B15D9E3
:10B99000616A48071FD4284638BD03F0FB03012B1A
:10B9A000F6D021692078F2F71DF8636A256123F04B
:10B9B000800363620028E6D00546ECE7D305E7D5AF
:10B9C00061692078F2F72AF800236361636A23F43F
:10B9D00080736362D2E7E37BA28D012B03D1A2B116
:10B9E000802A28BF802211F0400F94F830304FF0A9
:10B9F000010118BF01232078F2F72CF80028DBD1D1
:10BA0000636A23F004036362C5E74022EBE700208A
:10BA100010B5F1F75BFA044600B910BD636ADA06A7
:10BA20000BD55B0409D42046F1F744F9636A20463C
:10BA300043F006036362FFF76EFF2046E9E713B5A4
:10BA40000C4601A9F1F7C0F950B9022C07D80246FB
:10BA50002146019802B0BDE81040F1F755BA212007
:10BA600002B010BDF7B50E4601A915461F46F1F705
:10BA7000ABF9F8B9019C626A93050BD44FF6DF73FA
:10BA8000A6F12001994217D8A5F12001994213D8B7
:10BA9000AE4211D8E369B34202D1236AAB4204D06B
:10BAA000C4E9076542F0020262629DF82030A78572
:10BAB00084F8303003B0F0BD2120FBE790F8393036
:10BAC00037B55B0704460D462AD4F1F7F3F86B1E31
:10BAD000042B14D8032D12D0E379142B22D0A369A0
:10BAE0006BB96846FBF739FCE5F7AEFF6946E5F749
:10BAF00027FE18B91A25284603B030BDA061636A35
:10BB0000E57343F016036362E7F73AFA2046FFF75E
:10BB100002FF05460028EED02046FFF71DFEEAE7AB
:10BB20000225E8E72125E6E707B501A9F1F74CF979
:10BB300030B90198C17B03B05DF804EBFFF7BEBFDD
:10BB400003B05DF804FB37B50C4601A9F1F73CF9E9
:10BB500018B9052C019D02D9212003B030BD2869F8
:10BB6000FFF75DFB1F28F7D86869FFF758FB1F2810
:10BB7000F2D8012CF0D0231F012BEDD92146284605
:10BB80006B6A23F482536B6203B0BDE83040FFF769
:10BB900095BF37B5FFF792FEFF28044613D001A9E1
:10BBA000F1F712F978B9019D6B6A284623F010036A
:10BBB0006B62FFF7D1FD204605F1340103B0BDE80B
:10BBC0003040E7F7C5BD03B030BD002337B580F87E
:10BBD000723040F6FF73A0F86E3083680446DA04D2
:10BBE0000D46C16010D443F480636A46A36040F2FE
:10BBF00003212046CDE90045FFF7BAF90021204690
:10BC0000E5F728FE03B030BD90F87600FFF78CFF13
:10BC1000A36823F48053E8E773B56E4604464A7977
:10BC200030460D460631E5F753FF96E80300A4F8C9
:10BC30005010090C11F0800FE06484F8521004F1E8
:10BC4000530312D00122184605F11201E5F740FF17
:10BC50000C352846FDF7D0FC28B10122294604F115
:10BC60005A00E5F735FF02B070BDB4F8501094F8F3
:10BC70005220C4F8530099809A71E9E71FB590F8F3
:10BC80007420044602F0010301908DF808300BB1D6
:10BC900002F002038DF8093094F8753020468DF8D3
:10BCA0000A30039100F099F84FF4017101AA20467F
:10BCB000FFF75EF92046E5F743FE04B010BDE5F757
:10BCC000A1BD0A460021E7F715BC826838B5C2F36A
:10BCD00080320446B0F86E000D46E7F7B1FC20B99B
:10BCE000A3681DB143F40053A36038BD23F400538F
:10BCF000FAE783791A0705D413F0100F0CBFFF2061
:10BD000001207047002070470020704708B5FDF7FC
:10BD100097FB407940F4805008BD002070470F2009
:10BD200070470F2070477047F2F7F4BAF2F70CBB78
:10BD3000F2F714BB10B588B0E5F74EFD04460028B5
:10BD400047D090F87200022845D1A36813F4407FD1
:10BD50002AD094F87330012B2FD194F97500E4F7B1
:10BD6000E3FD10B9A368DB0527D594F8743013F010
:10BD7000010322D1CDE90133CDE90433CDE9063306
:10BD8000ADF80C30A36813F4807F01AB0ED0A06A2D
:10BD9000E16A228E03C31A802046BDF8042004AB5A
:10BDA0000DF10601E7F71CFC08B010BD0A220221C4
:10BDB00094F97500FAF720FFEEE7002345F2170229
:10BDC0001946204600F077F9B0FA80F040094000AB
:10BDD000EAE72120E8E70220E6E738B545F21B0252
:10BDE0000C460B460021054600F065F930B92CB130
:10BDF00021462846BDE83840F1F704BF38BD00F0C1
:10BE00007CB901F0F2BA01F0FBBA10B504464C302F
:10BE1000FAF7EBFE84F875002046BDE8104001F00B
:10BE2000BFBA10B50446FAF7A4FE01280DD094F865
:10BE3000733094F97000012B14BF0521032184F89D
:10BE40003210BDE81040FFF783BCA36843F40073D1
:10BE5000A36010BD00F083B938B5037804463E2BCB
:10BE60000D4602D0FF2B12D038BD8378052BFBD1B5
:10BE7000B0F80300E5F7A2FC20B1B4F80D10621D84
:10BE800000F0D3F92846BDE83840FFF743B983787E
:10BE9000ED2BE9D1B0F80300E5F790FC0028F1D0D4
:10BEA000B4F80D1004F10F03621D00F0C1F9E9E7C9
:10BEB000CB0448BF41F480618160704710B50446EF
:10BEC000006C30B94FF4B070FFF73EFC206420B92D
:10BED00010BD4FF4B071FFF72FFCFF23226C82F8E6
:10BEE0005E31A3681B0603D5C02301201370EFE762
:10BEF00094F87330012B14BF80234023F5E708B575
:10BF0000D0B2E5F769FC28B190F8773003F07F03F1
:10BF100080F87730012008BD10B5044645F21A01BB
:10BF2000FEF7B9FF2046BDE8104047F2305300222B
:10BF300045F21A01F0F756BB10B50A46044608212F
:10BF40000020FFF76CFB10B1837903441C7310BD14
:10BF500038B505460C460D201121FFF7EDFF0246CE
:10BF600088B12146837903440D3304F1100051F860
:10BF7000044B814243F8044BF9D12846BDE83840D0
:10BF80000621FDF793BA38BD38B505460C460420A6
:10BF90001121FFF7D1FF024688B12146837903447E
:10BFA0000D3304F1100051F8044B814243F8044B67
:10BFB000F9D12846BDE838400621FDF777BA38BDEB
:10BFC00038B505460C4603201121FFF7B5FF0246A0
:10BFD00088B12146837903440D3304F1100051F8F0
:10BFE000044B814243F8044BF9D12846BDE8384060
:10BFF0000621FDF75BBA38BD37B50022054608219A
:10C000001046FFF70CFB0446C0B10C2301220DF1D2
:10C0100007018DF80730FFF73FFB296C20225131D3
:10C020002046FFF739FB296C202271312046FFF7AB
:10C0300033FB224606212846FDF738FA03B030BD0F
:10C04000036C4BB983681B0608D490F87330012B3E
:10C0500014BF80204020704718787047C020704778
:10C0600070B50446FFF7ECFFF2F7F0F80D46034613
:10C07000002245F2010120469847236C03B11D7050
:10C080002846F2F7E3F84FF4A04103460022204689
:10C09000BDE87040184770B51546044648B1FFF733
:10C0A000CFFFF2F7D3F82A4603462046BDE870409A
:10C0B0001847022070BD114608B51A4621F000410C
:10C0C000FFF7E9FFB0FA80F0400908BD08B50B465C
:10C0D00001461846F0F7D0FD003818BF012008BD12
:10C0E00010B50446006838B11A21FFF725FB206817
:10C0F000FFF72CFB0023236010BD30B58BB00D463D
:10C10000002201A9C0B2F1F7BFFE044620BB0146E0
:10C110000D220DF10B00FEF79FFCB5F803206B79A3
:10C12000ADF8082006A9019A02A88DF80A30F1F7A7
:10C13000EDFE40F20343BDF81820002818BF1C464E
:10C140009DF81A30102102A82A80AB70FFF7F4FA8C
:10C15000102106A8FFF7F0FA20460BB030BD10B54D
:10C160000446F1F7F7FD04F13400FFF7B9FFA368C7
:10C170005A0606D523F0400300212046A360E7F7C6
:10C180007FF9236C63B1D3F89400F6F7B5FD042171
:10C19000206CFFF7D1FA206CFFF7D8FA0023236454
:10C1A00010BDF7B50D4669461646F1F76DFE04461B
:10C1B00098B929461022009801ABF6F708FE074609
:10C1C00010212846FFF7AAFA2FB110212846FFF7C1
:10C1D000B3FA40F2074406B13760204603B0F0BD21
:10C1E00038B50446C51C03212846FFF76FFFC8B9C0
:10C1F000E27863797AB922791A43F4D003F07F03A5
:10C2000043F0400363715323A3712146BDE83840D6
:10C21000FF20FFF772BFFF2AF0D122791A40FF2AD0
:10C22000E1D0EBE740F2074038BD0021E7F728B93D
:10C23000F8B51D46836804465B060F4616462DD4A6
:10C240001A20FFF781FA0146606320B92046BDE855
:10C25000F840E7F715B9034623F8027B326805F189
:10C260001001C0F8022072685A602A46636B0A33D4
:10C2700052F8040B8A4243F8040BF9D110212846E6
:10C28000FFF75AFAA36843F0400213F4407FA2601C
:10C2900004D02046BDE8F840F2F79AB8F8BD38B5AA
:10C2A00004460D4605200221FFF746FE0246B8B1BE
:10C2B0008379062103445D732046FDF7F7F845F4C2
:10C2C00090512046F1F79EFC94F873302046012BE4
:10C2D00018BF8021BDE8384008BF4021FFF7C0BE2D
:10C2E00038BDB1F5A04F70B504460D4616460AD0CC
:10C2F00045F20603994218D0324629462046BDE849
:10C300007040F2F73BBA836843F08003836090F893
:10C310007330012B14BF80204020F1F797FF0022DB
:10C3200003462046BDE87040184793791344597C72
:10C3300041F49051F1F766FCDEE72DE9F04196B04B
:10C34000154605AA1C4606460B4690461D9F01F160
:10C35000200E9446186859680833ACE8030073450A
:10C360006246F6D120214046FFF7D8F90DAB2A46A8
:10C370009C4605F1200E1D4610685168083203C521
:10C3800072452B46F7D120216046FFF7C7F9AEB3BF
:10C39000336C93F85D31013B022B2FD89DF8703040
:10C3A00043F0800301AA8DF854301546234604F16A
:10C3B000100C144618685968083303C463452246B4
:10C3C000F7D110212846FFF7A9F93B464122414603
:10C3D0002846F1F749FE044610212846FFF7ACF93C
:10C3E00041214046FFF7A8F954B11EB1082130465B
:10C3F000FFF755FF204616B0BDE8F0810023D1E7D6
:10C4000010213846FFF78AF9002EF3D0224645F274
:10C4100011013046FFF73FFEECE72DE9F34790F8B6
:10C4200073800446B8F1010F056C04D195F85031C2
:10C43000002B40F0A88095F85C3195F85191032BC2
:10C4400000F2ED80DFE803F00283ACD019F0010FB9
:10C4500078D011210620FFF76FFD8246002800F0FA
:10C460009280877910210C3707447E1C3046FFF7F5
:10C470002DFE014658B120460821FFF710FF00218C
:10C4800040F2074002B0BDE8F047F1F7D9BBA07C0D
:10C49000C0F110023044FEF7DFFAFAF76AFB012818
:10C4A00095F95E010BD132460521E4F75BFA10B332
:10C4B0000821204602B0BDE8F047FFF7F0BE334642
:10C4C00010220521FAF757FB28B1002140F21B404A
:10C4D000F1F7B6FBECE7B8F1010F0CD004F118034B
:10C4E000113756F8042BBE4243F8042BF9D1A36848
:10C4F00043F48073A360524606212046FCF7D6FF22
:10C500000B210720FFF718FD074600283BD086794E
:10C5100095F95E310C36064443F43F430821A6F8F2
:10C520000130F01CFFF7D2FD0A22042195F95E01CB
:10C53000731CFAF720FB0028C7D13A460621204693
:10C54000FCF7B4FF95F85C31013385F85C3119F0E4
:10C55000020F20D011210820FFF7EEFC064690B113
:10C560000023817901AA01440D31FF200193FFF7D7
:10C5700018FE58B108212046FFF791FE40F207400F
:10C580000199F1F75DFB02B0BDE8F0873246062164
:10C590002046FCF78BFF95F85C31013385F85C3160
:10C5A00019F0020F1BD008210920FFF7C5FC074630
:10C5B0000028E8D086790C360644E5F741FA8379FD
:10C5C0003A4683F00803C3F3C0037370036806217F
:10C5D000C6F8023083882046F380FCF767FF95F8A1
:10C5E0005C31013385F85C3119F0040F12D0112150
:10C5F0000A20FFF7A1FC06460028C4D0807910224B
:10C600003044AB210D30FEF727FA32460621204692
:10C61000FCF74CFF95F85C31013385F85C31B8F1DB
:10C62000010F08D0236C93F85031002BABD195F853
:10C630005C31042BA7D1A36C10220B2195F95E016C
:10C640003133FAF798FA78B140F21B412046F1F7FE
:10C65000D9FAB8F1010F14BF80214021204602B061
:10C66000BDE8F047FFF7FCBCA36C01220C2195F953
:10C670005E012033FAF77FFA0028E5D1A36C10227F
:10C680000D2195F95E012133FAF775FA0028DBD107
:10C69000082295F95E01114604F11003FAF76BFACE
:10C6A0000028D1D1236C93F85E2184F87520FF22F5
:10C6B00083F85E21FAF75DFA012818BFA3682046C7
:10C6C0001CBF43F48073A360F1F774FAC1E7F2F77B
:10C6D000B3B870B5B1F5A04F0446154688B077D011
:10C6E00045F21B06B14240F00A8190F87430DB0736
:10C6F00066D5056CB5F850312BB14C21FFF7B0FC75
:10C70000002008B070BDD5F858315E0747D5AB7929
:10C71000D80744D56B7BD90741D5A36C10220B21D8
:10C7200095F95E013133FAF726FA38B140F21B4130
:10C730002046F1F767FA40F21B40E2E7A36C206C59
:10C7400001220C2190F95E012033FAF714FA002837
:10C75000ECD1A36C206C10220D2190F95E012133E5
:10C76000FAF709FA0028E1D10822206C114690F965
:10C770005E0104F11003FAF7FEF90028D6D1236C0C
:10C7800093F85E2184F87520FF2283F85E2120460D
:10C790004021FFF765FC2046F1F70CFAB0E705F5FC
:10C7A000987304F1180205F5A07553F8041BAB4209
:10C7B00042F8041BF9D1A36843F48073A360E6E751
:10C7C0004021FFF74DFC29462046F1F71BFA97E779
:10C7D000036CD3F8582112F0040255D00022CDE9A1
:10C7E0000122ADF80C209A79D2073FD55B7BDB079D
:10C7F0003CD5FAF7BEF90128206C0CD100F59872EF
:10C80000032190F95E01E4F7ADF878B308212046E2
:10C81000FFF745FD8FE700F598731022032190F98B
:10C820005E01FAF7A8F928B1002140F21B40F1F7A8
:10C8300007FAEBE7206C102200F59873052190F9B8
:10C840005E01FAF798F90028EED1236C04F1180183
:10C8500003F5987203F5A07352F8040B9A4241F85D
:10C86000040BF9D1A36843F48073A3600023BDF8DF
:10C870000420CDE90433CDE906330DF1060104AB04
:10C880002046E6F7ADFE3BE7D3F8B810C3F8D0106A
:10C89000D3F8BC100092C3F8D410006C694600F5C0
:10C8A0009870F1F78FFB48B10098F6F725FA20460B
:10C8B0000821FFF7F4FC40F2074022E7206C009AC1
:10C8C00000F59871C830F1F721FB05460028EBD13F
:10C8D0000098F6F711FA236CA07C03F59873C0F169
:10C8E000100229461844FEF7B7F82A46CDE901554B
:10C8F000CDE90455CDE9065504AB01A9C0E708B060
:10C90000BDE87040F1F73ABF2DE9F04796B01D46FB
:10C91000DDE9229705AB06460C469E46DDF8908081
:10C9200002F1100A9C46106851680832ACE8030016
:10C9300052456346F6D170461021FEF7EFFE09AA74
:10C940002B46944605F1100E1546186859680833B1
:10C9500003C573452A46F7D160461021FEF7DEFE77
:10C960000DAA94461E9B03F1100E154618685968CF
:10C97000083303C573452A46F7D160461021FEF7F8
:10C98000CDFE9DF87C30D9F800008DF844309DF83C
:10C99000803006218DF845309DF8843012908DF856
:10C9A000463099F8063012A883F00803C3F3C00399
:10C9B0008DF84730B9F80430ADF84C30FEF7AEFED4
:10C9C000BB79062183F00803C3F3C0038DF84E3012
:10C9D0003B680DF14F00CDF84F30BB8804F11007D4
:10C9E000ADF85330FEF79AFE01AA234615461446C9
:10C9F00018685968083303C4BB422246F7D1102196
:10CA00002846FEF78BFE4346412205A92846F1F74A
:10CA10002BFB044610212846FEF78EFE412105A877
:10CA2000FEF78AFE34B108213046FFF738FC16B015
:10CA3000BDE8F08740461021FEF770FE224645F221
:10CA400013013046FFF727FBF1E72DE9F0419CB0D9
:10CA5000154608AA1C4606460B469046239F01F140
:10CA6000200E9446186859680833ACE803007345F3
:10CA70006246F6D120214046FEF750FE10AB2A4612
:10CA80009C4605F1200E1D4610685168083203C50A
:10CA900072452B46F7D160462021FEF73FFE18AACB
:10CAA0009446229B03F1100E154618685968083306
:10CAB00003C573452A46F7D160461021FEF72EFEC6
:10CAC00004AA2346154604F1100C14461868596848
:10CAD000083303C463452246F7D110212846FEF7E8
:10CAE0001DFE6B46502241462846F1F7BDFA04462A
:10CAF00010212846FEF720FE50214046FEF71CFE7E
:10CB000034B108213046FFF7CAFB1CB0BDE8F08104
:10CB1000039B38463B600421FEF700FE6846102167
:10CB2000FEF70AFE224645F214013046FFF7B3FA3B
:10CB3000EBE72DE9F3411D46089B0446884616465F
:10CB400090F873705BB110211046FFF7BFFA30B157
:10CB50000821204602B0BDE8F041FFF7A0BB236CDE
:10CB6000013E691E03F1100013F8012F16F801CFE2
:10CB7000834282EA0C0201F8012FF5D100224046DF
:10CB800001A90192F1F71EFA48B10198F6F7B4F83D
:10CB900008212046FFF783FB02B0BDE8F08129465B
:10CBA0002846019AF1F7B2F90028EED1022F0CBF06
:10CBB0000023062304F159022B4404F15F0012F80C
:10CBC000016F1978904281EA060103F8011BF6D142
:10CBD000022F14BF0023062304F152022B4404F158
:10CBE000580012F8016F1978904281EA060103F8A3
:10CBF000011BF6D129462846019AF1F787F9054627
:10CC00000198002DC2D1F6F777F82A4645F21001B7
:10CC10002046FFF740FABFE773B545F20406B1427C
:10CC2000044615460DD045F21006B14222D0B1F5AA
:10CC3000A04F38D1FFF770F9236CD3F85831D907DA
:10CC400020D5236CD3F85821D2070BD4AA79983376
:10CC50000C3215446A1D153552F8041BAA4243F8DC
:10CC6000041BF9D1216CD1F8583113F004030CD016
:10CC7000832104E0016CA831FFF7A2F98521204649
:10CC8000FFF7EEF9002002B070BD81F85C3101239E
:10CC900001F1B8020093204601F1A80301F5987153
:10CCA000FFF747FFEEE702B0BDE87040F1F766BD61
:10CCB00045F21003F0B59942044685B000F0878034
:10CCC0000CD8B1F5A04F1CD045F2050399421DD0F8
:10CCD000204605B0BDE8F040F1F750BD45F2110324
:10CCE000994200F08D8045F212039942F0D1036C15
:10CCF00093F85D31042B40F2B380052B03D148211A
:10CD00007BE0FFF709F9002005B0F0BD9179036CD5
:10CD10000C310A44511DB833153251F8040B9142BD
:10CD200043F8040BF9D1256C102205F1C80705F171
:10CD3000B80631463846FDF765FE20B90421204685
:10CD4000FFF7ADFADFE7D5F8583113F0040332D01E
:10CD500095F85D31042B13D105F1F803039305F524
:10CD60009873029304F15303019304F15A0300935F
:10CD70003A463346204605F1D801F1F7B3FFC2E742
:10CD800005F5A07005F1110105F1510201900BB1FB
:10CD9000052B06D10023009320463346FFF7CDFA3A
:10CDA000B1E795F85C01D5F82C31C34003F00103DD
:10CDB00043F08003EFE785F85C313246009320466C
:10CDC00005F5A07305F59871FFF7B3FE9BE7056CB9
:10CDD000102205F1A80105F5A070FDF713FE00284B
:10CDE000ACD14B21D5F858319B0742BF94F8743031
:10CDF00043F0020384F874302046FFF731F982E7EC
:10CE0000056C102205F1A80105F5A070FDF7FAFDEB
:10CE1000002893D195F85D31013B022B0FD895F88E
:10CE20005C310133DBB2142B85F85C3107D0D5F8C7
:10CE30005831432123F00103C5F85831DCE705F1EF
:10CE4000F803039305F59873029304F153030193D8
:10CE500004F15A03009305F1C80205F1B80389E70C
:10CE60004921CAE7B1F5A04F70B50446154607D071
:10CE700045F20406B1420CD0BDE87040F1F77EBC2B
:10CE8000FFF74AF8236CD3F85831D90701D40020B2
:10CE900070BD236CD3F85821D20718D4AA79A833CF
:10CEA0000C3215446A1D153552F8041BAA4243F88A
:10CEB000041BF9D1206C102200F1A8019830FDF775
:10CEC000A1FD20B904212046FFF7E9F9DFE7206C36
:10CED0001021C830FFF7FAF858B108212046FFF7B3
:10CEE000DEF940F207400021F0F7AAFE40F20740C9
:10CEF000CEE7216C2046C831FFF746F8472120468F
:10CF0000FFF7AEF8C3E7B1F5A04F70B5034614467E
:10CF100007D045F21806B14207D0BDE87040F1F7DE
:10CF20002DBCFEF7F9FF002070BD1268551C03D11F
:10CF30000121FFF7B4F9F6E7016CD1F85801400779
:10CF400043BF002281F85C212268C1F8302148BF2C
:10CF5000C1F82C2118464321FFF782F8E3E7B1F529
:10CF6000A04F70B51346044607D045F20406B142FF
:10CF700007D0BDE87040F1F701BCFEF7CDFF0020FF
:10CF800070BD9979026C0C310B44591DA8321533D0
:10CF900051F8040B994242F8040BF9D1256C102288
:10CFA00005F1A80105F19800FDF72CFD20B9042139
:10CFB0002046FFF774F9E2E7204605F1C801FEF7C5
:10CFC000E3FF47212046FFF74BF8D8E7B1F5A04F24
:10CFD00013B504460ED0A1F5A043103B012B45D854
:10CFE000016C9831FEF7ECFF44212046FFF738F83A
:10CFF000002017E0016CD1F8583101F1C80213F09C
:10D00000040328D010211046FFF760F860B1082112
:10D010002046FFF744F940F207400021F0F710FEE8
:10D0200040F2074002B010BD216C204601F1980388
:10D03000019391F85C21D1F82C31D34003F0010326
:10D0400043F08003009301F1110201F1C803513153
:10D05000FFF773F9CCE781F85C310123009301F10C
:10D06000980301F59871FFF764FDC1E702B0BDE8D0
:10D070001040F1F783BBB1F5A04F73B504461546D8
:10D0800077D045F21B06B14240F0F68090F874303C
:10D09000DB0766D5056CB5F850312BB18921FEF759
:10D0A000DFFF002002B070BDD5F858315E0747D5CC
:10D0B000AB79D80744D56B7BD90741D5A36C102237
:10D0C0000B2195F95E013133F9F755FD38B140F286
:10D0D0001B412046F0F796FD40F21B40E2E7A36CAF
:10D0E000206C01220C2190F95E012033F9F743FDF9
:10D0F0000028ECD1A36C206C10220D2190F95E0168
:10D100002133F9F738FD0028E1D10822206C1146BF
:10D1100090F95E0104F11003F9F72DFD0028D6D136
:10D12000236C93F85E2184F87520FF2283F85E213A
:10D1300020468021FEF794FF2046F0F73BFDB0E744
:10D1400005F5987304F1180205F5A07553F8041B52
:10D15000AB4242F8041BF9D1A36843F48073A36087
:10D16000E6E78021FEF77CFF29462046F0F74AFDDE
:10D1700097E7036CD3F8582112F0040245D09A794E
:10D18000D2078ED55B7BDB078BD5F9F7F2FC012844
:10D19000206C0ED100F59872032190F95E01E3F73F
:10D1A000E1FB00283FF47DAF08212046FFF777F828
:10D1B00092E700F598731022032190F95E01F9F7C8
:10D1C000DAFC28B1002140F21B40F0F739FDEBE713
:10D1D000206C102200F59873052190F95E01F9F793
:10D1E000CAFC0028EED1236C04F1180103F59872F3
:10D1F00003F5A07352F8040B9A4241F8040BF9D1DD
:10D20000A36843F48073A3604BE7D3F8B810C3F866
:10D21000D010D3F8BC100192C3F8D410006C01A94F
:10D2200000F59870F0F7CEFE48B10198F5F764FD6F
:10D2300020460821FFF733F840F2074032E7206C20
:10D24000019A00F59871C830F0F760FE0546019824
:10D25000002DEBD1F5F750FD236CA07C03F59873FE
:10D260002946C0F110021844FDF7F6FB216C204658
:10D27000B831FEF789FE14E702B0BDE87040F1F75F
:10D280007DBAB1F5A04FF7B5044608D045F21105B7
:10D29000A94236D003B0BDE8F040F1F76FBA006C98
:10D2A0001021B830FEF712FF60B108212046FEF7CA
:10D2B000F6FF40F207400021F0F7C2FC40F20740C1
:10D2C00003B0F0BD256C95F85D6105F1A807013E3E
:10D2D000022E01979CBFD5F82C0195F85C6105F1F1
:10D2E00051019EBFF04000F0010040F0800000902E
:10D2F00005F11102204605F1B803FFF71EF80020E2
:10D30000DEE7016CA831FEF75BFE85212046FEF7C3
:10D31000A7FEF4E770B545F20406B1420446134691
:10D3200025D045F21806B14206D0B1F5A04F33D151
:10D33000FEF7F2FD002070BD11684D1C03D10121E4
:10D34000FEF7ADFFF6E7026CD2F85801400743BF85
:10D35000002182F85C111B68C2F8301120464FF0A2
:10D36000840148BFC2F82C31FEF77AFEE2E79979D2
:10D37000026C0C310B44591D9832153351F8040BD3
:10D38000994242F8040BF9D1226CD2F8583143F09B
:10D390000103C2F85831CDE7BDE87040F1F7EEB9AE
:10D3A000002310B50364044690F97500431C13D0A4
:10D3B000E3F774FE082204F11003114694F9750096
:10D3C000F9F71AFC94F91330012B07D194F8743053
:10D3D00043F0020384F87430002010BD022BFBD10F
:10D3E00094F8743043F00A03F4E74B88062B05D118
:10D3F000088841288CBF002001207047002070471A
:10D4000007B58B790A460B440191197C4B1E0D2BF5
:10D4100004D801F5A0410131FEF73DFE01A8FDF75A
:10D4200079FE03B05DF804FB014B1868704700BF3C
:10D43000682B00200A4B1B6F03F00703013B032BF3
:10D4400003D8DFE803F00A030608FEE7054B186877
:10D450007047054BFBE7054870470548704700BF1C
:10D4600000800050682B0020702B002080D54302E4
:10D47000002D310108B5FFF7DDFF054B1B6FC3F32E
:10D4800003330133B0FBF3F0024B186008BD00BF5B
:10D4900000800050642B00200048704700B4C40492
:10D4A00000487047002D3101014B1868704700BFDC
:10D4B000702B00200048704780D54302014B18684C
:10D4C000704700BF6C2B0020034B5868C0F3080066
:10D4D000003818BF0120704700ED00E00A4A08B587
:10D4E000127852B107280AD8084A02EB00131B7BB6
:10D4F0003BB1D8F79FFF002008BD0548FCE7054871
:10D50000FAE70548F8E700BF2B2800205811002053
:10D51000028000F0018000F0078000F00B4A10B597
:10D5200012780C4662B107280CD859B1084A02EBB0
:10D5300000131B7B43B1D8F78FFF2070002010BD74
:10D540000448FCE70448FAE70448F8E72B280020E1
:10D5500058110020028000F0018000F0078000F0E8
:10D560000B4A10B512780C4662B107280CD859B195
:10D57000084A02EB00131B7B43B1D8F785FF2060FC
:10D58000002010BD0448FCE70448FAE70448F8E727
:10D590002B28002058110020028000F0018000F0AC
:10D5A000078000F030B5154B87B00293144B039001
:10D5B000049346F611030D46059300F077F91428FD
:10D5C000044616D1684601F015F94FF0A84303222E
:10D5D00002A95A6319601D619A63DA6B9207FCD144
:10D5E000142C02D1684601F013F900F093F90446B7
:10D5F00001E00028E9D0204607B030BDF018002037
:10D60000040000202DE9F04FB1B005468C469E463F
:10D61000E8466F4EDDF8EC90409C06F1100A474654
:10D6200030687168083603C75645B846F7D13E9B47
:10D6300003EB0208C8F1000A0AF00F0AB9F1000F63
:10D6400000F09D80C9F1000707F00F070121DDF808
:10D65000FCB044F00050C4F11006CDF810B00591B4
:10D660000690300200F4F85040F021000790B9F124
:10D67000000F40F08680CDF820D047F00050002DFC
:10D6800000F08480099121210A9041EA07210B9141
:10D6900042F00050CDF830C03D9B08A94FEA0A2C5B
:10D6A0000D910E904CF041000F901093002A75D10F
:10D6B0003E9B119143F0005312933C9B13901493A3
:10D6C00010AB1593434B444A169340F6110317933E
:10D6D000424B0021002D08BF1346189314AB199339
:10D6E0003F4B10221A9311231B931CAB1846FDF7D6
:10D6F000B3F901221D92002246F0804603461E9691
:10D70000239205B9EB46102CCDF880B024AE4BD156
:10D71000012322460021304621932294FDF79CF9F3
:10D7200020AB002125938F4218BF334647F080423B
:10D7300026923A9A2CA828922993B2FA82F35B098E
:10D7400049EA837310222B912A93FDF785F9B9F1E9
:10D75000000F00D028AED04448F080432CA918A870
:10D760002D962E93FFF71EFF30B92DB90346A34225
:10D7700025D1002818BF2C2031B0BDE8F08F10272C
:10D7800064E7CDF820E049F0005078E7002C3FF442
:10D7900079AF04A9099101210A9076E73E9B0CAA72
:10D7A00011924120129388E71022002130462193E4
:10D7B0002294FDF751F9002CB2D10123B1E703F116
:10D7C000C0026A4412F8C02C01331043CFE700BFF7
:10D7D00066F00300100000207CF0030080F00300DE
:10D7E00004000020F0B5C0299FB0DDE9244557D0E2
:10D7F000B1F5807F04D0802948D029201FB0F0BD2A
:10D8000001265CB140F2344702941024039604943C
:10D81000212401970594069502AC0AE040F21447D2
:10D820000294102403960494212405940124019762
:10D830000695079401251024089409950A9221223F
:10D840000B950C940D92174A0AAD0E92164A0F953D
:10D85000109242F61102119212931395149415929C
:10D8600001AA1692D3B112AB179304231893112374
:10D87000199316AB1A901B9340F61103C9081C911B
:10D880001AA806A91D93FFF78DFEB7E7012614B964
:10D890004FF48267C4E74FF48667B5E70EABE3E762
:10D8A0000F20ABE778F003001000001038B5164BDE
:10D8B0005A6E42F004025A66D3F8802242F0010206
:10D8C000C3F88022114B5B68C3F3080343B14FF0E8
:10D8D000A842D36B13F0430FFBD11424204638BD6C
:10D8E0004FF0A843DC6B14F04304FBD1084D2B68C8
:10D8F0001BB904212846F5F794FC2B68013343F04B
:10D9000000432B60EAE700BF0080005000ED00E01C
:10D91000F0180020014B00205B68704700ED00E02C
:10D92000B8B1036813F4E07F03F03F00C3F3821241
:10D930000AD0012A0DD1084B41B103F580530122D1
:10D9400082401A6000207047044BF5E703F500534E
:10D95000F5E70E20704700BF6880005064800050DB
:10D960000229F8B596BF104B00245C5C01280546DF
:10D970000E4608D0022809D008B944F002040B4B27
:10D980001F6837B9F8BD44F00804F8E744F02004F4
:10D99000F5E77B681A68144203D0314628465B6875
:10D9A00098473F68EDE700BFF4F003004C190020F2
:10D9B00038B5104D2B78ABB10F4C23781BB100F06C
:10D9C00047FA00232370002000F0AFFF0B4C50B14A
:10D9D00000F090FA0023012120782B70FFF7C0FFA0
:10D9E0000123237038BD0122054B1A702278054BA4
:10D9F0001A70F7E737280020352800203D2800203E
:10DA000038280020392800200C4A1378FF2B01D138
:10DA100058B170470BB908B9704730B10133137072
:10DA2000074B1B78012B03D87047013B13707047DD
:10DA3000044B1B780BB9FFF7BBBF70473C28002095
:10DA40003D2800203828002010B500F028FE064BA5
:10DA500004461B781BB1BDE8104000F01BBEFFF769
:10DA6000A7FF2046F7E700BF342800200228F8B5BA
:10DA700004D0244A1378FF2B01D1E9B1F8BDD3B902
:10DA80000029FBD0012313701F4B1B78012BF5D904
:10DA900000F005FE1D4E0446337893B920461A4C1B
:10DAA00000F0F8FD20780128E8D00121FFF758FFA9
:10DAB00001232370E2E711B9013B1370DEE7013364
:10DAC000E1E7134F3B781BB901223A70114A1370FA
:10DAD000114D2B781BB100F0BBF900232B702046B1
:10DAE00000F0D8FD012000F020FF00F0D8FD3B78C9
:10DAF00004461BB100F0FEF900233B700023337095
:10DB0000CCE700BF3C2800203D280020372800201B
:10DB10003428002038280020352800202DE9FF4730
:10DB2000EFF3108572B6AFF3008000F06FFD0028B0
:10DB300070D0704E704F337823B10020FFF764FF30
:10DB400000233370387870B903A900F06BFB0446EA
:10DB500048B96A4B039A1B689A4263D80120FFF7C1
:10DB600053FF012333703B78654CDFF8BC91002BE9
:10DB700072D02078012840F09480207800F03AF9A3
:10DB800099F8003013B15F4B1B782370AFF300801E
:10DB9000284600F0C5FEEFF3108572B65A4B1A788E
:10DBA00052B100221A70574B20781B78984203D14B
:10DBB00001212170FFF7D4FE544800F0E9FA00F08B
:10DBC00034FD80460028B6D1514B524F18703B7837
:10DBD0009BB189F80000DFF84C9199F800301BB137
:10DBE00000F036F989F80080002000F09EFE002841
:10DBF00075D000F07FF900233B70337823B100200B
:10DC0000FFF702FF0023337000212078FFF7A8FE02
:10DC100000232370AFF30080284604B0BDE8F0472E
:10DC200000F07EBE3C4BD3F8008000F09DF9039BD2
:10DC30008044984592D200F091F98200039942F015
:10DC4000020292B2CDE900422346344AA1EB080118
:10DC50002E4800F06CFE86E72E4BDFF8B4801B7870
:10DC60000BB900F0D9F82078022831D198F80030AB
:10DC700023B10022264B1A7000F000FFDFF89480D9
:10DC800098F80030002B7FF478AF254B1B7823B930
:10DC900000F0D8F80122234B1A70012388F80030D5
:10DCA0006BE74FF001080023DFF864A08AF800302A
:10DCB00099F8003013B94146FFF752FE9AF8003048
:10DCC00084F800803BB1B8F1020F7FF456AFD0E783
:10DCD0004FF00208E7E7B8F1020FCFD04DE701207F
:10DCE00000F088F8284600F01BFEEFF3108572B6AE
:10DCF0007AE700BF362800203C2800205419002075
:10DD00003D28002039280020322800205819002002
:10DD10003A280020372800205019002049DA030053
:10DD20003B280020352800203828002010B500F0BE
:10DD3000B6FC0022054B1C781A7000F0ABFC00F01A
:10DD400001FBE4B22043C0B210BD00BF3328002065
:10DD500038B500F0A4FC094B05461B78012B04D80C
:10DD600000F098FC0024204638BD054B1C6800F0EC
:10DD7000FBF80444284600F08DFCF4E73D28002021
:10DD800050190020164B17491A6F10B502F0070200
:10DD90000A601549154C8969032A01F00200C1F394
:10DDA0004001134A21700FD0D3F8201101F0030174
:10DDB000022909D0D3F8241101F00701022903D068
:10DDC0000021117018B910BD01231370FBE7D3F8BF
:10DDD000003103F00303591E4B424B41F5E700BFEE
:10DDE00000800050B419002000C0015042280020DB
:10DDF00043280020012805D00238012808D8002037
:10DE0000D8F7AEB8034A136923F00403136130BF97
:10DE1000704700BF00ED00E0074A0849D2F8203102
:10DE200003F003030B60D2F82431054A03F0070323
:10DE30001360F3F7B2BA00BF00800050C019002091
:10DE4000BC1900200122014B1A70704741280020A4
:10DE5000F8B51F4B1B78002B39D01E4C2378B3B973
:10DE60001D4B9A6DD10302D5DA6D92072FD49B6DAD
:10DE7000DB072CD400F0DFFD184B194A1860136F34
:10DE800023F0070343F003031367FFF7F3FA00F0EF
:10DE9000D2FD124B134D1B68134EC01A2B78134F33
:10DEA00056F8232046F82300111A3A681048521AEF
:10DEB0000A213A600932B2FBF1F20133DBB20260AF
:10DEC000B3FBF1F201FB12332B7000232370F8BD7A
:10DED000432800204028002000C00050AC1900203A
:10DEE000008000503F280020841900208019002065
:10DEF0007C19002008B5F3F753FA124B12491A6F38
:10DF0000096822F007020A431A671049D3F8202152
:10DF1000096822F003020A43C3F820210C49D3F810
:10DF20002421096822F007020A43C3F82421094B7F
:10DF30001B7813B10122084B9A62BDE80840FFF735
:10DF400099BA00BF00800050B4190020C019002009
:10DF5000BC1900204328002000E00050014B187835
:10DF6000704700BF43280020054B187818B1054BB7
:10DF7000186800EBD000044B1B681844704700BFC2
:10DF8000432800207C190020B019002008B5104B50
:10DF90001A78C2B100221A700E4B1A6F22F00702D3
:10DFA00042F001021A67D3F8202142F00302C3F8BD
:10DFB0002021D3F8242122F0070242F00302C3F803
:10DFC0002421FFF757FA0122034B5A6708BD00BF0F
:10DFD000412800200080005000E000500D490B68EF
:10DFE000A0B10022A3B1834203D1836822B90B60A0
:10DFF00003E01A469B68F5E7936083680BB900203D
:10E0000070475A6941690A445A61F8E7222070470B
:10E0100002207047CC19002038B500F028FD0025FB
:10E02000084B094C1A682368C31A2AB123B15169F5
:10E03000994203D3C91A5161206038BD55615B1AFA
:10E040009268F2E7CC190020C819002038B5154DA8
:10E050002B682BB35B69A3B1134A022014681C44DC
:10E0600000F0A6FA204600F065FA00230F492A685E
:10E070000B7022B1D08880070AD501230B700020D5
:10E0800038BD022000F094FA022000F0B3FAECE769
:10E090009268002AF3D050690344012BEAD9EEE7D5
:10E0A0002220EDE7CC190020C819002045280020C7
:10E0B000C38870B504460D463BB9FFF749FE85425B
:10E0C000064602D2F4F755F835460E4965610B68ED
:10E0D0008BB90C60A3600DE0AD1A9A6818466561B3
:10E0E0006AB113465A69AA42F6D930B18460521B0C
:10E0F000A3605A6170BD0020F4E70C60F7E79C60F4
:10E10000A260F7E7CC19002070B516469DF81420E0
:10E11000C0E903360271049ABDF81830026000228B
:10E1200004460D468260C380EEB900F0A0FC28448E
:10E13000A0619DB12E4600F0B2FA0546FFF76CFFD4
:10E1400031462046FFF7B4FF104B1B68A34201D1B4
:10E15000FFF77CFF284600F09DFA02E0E368656166
:10E160007BB9002070BD00F082FC3044A061002D1E
:10E17000E0D1E3686561002BDDD020462168984737
:10E18000D9E7204621689847EBE700BFCC1900206B
:10E1900038B5044618B300F082FA0546FFF73CFF95
:10E1A000104B1868A04209D02046FFF717FF04461D
:10E1B00080B1284600F06EFA204638BDFFF70EFF0A
:10E1C00004460028F5D1FFF741FF222802D10220A2
:10E1D00000F0FAF9284600F05DFA0024ECE722246A
:10E1E000EAE700BFCC19002038B50C460546A8B1B7
:10E1F000A1B100230B7000F05BFA0121084B1B68F2
:10E2000033B900F050FA002038BD9D4204D121708E
:10E210002278002AF9D0F4E79B68F1E72220F3E79F
:10E22000CC190020F8B506460F4600F041FA00254B
:10E230000446124B1B6823B9204600F034FA1B2019
:10E2400011E05A691544DA88B2420DD100F00FFC92
:10E250000B4E3368C01AA8420AD3002320463B6005
:10E2600000F021FA0020F8BDFF2EEFD09B68E2E716
:10E2700000F0FDFB33682B441B1AEFE7CC1900209C
:10E28000C819002070B500F013FA064600F0EFFB45
:10E29000084B044601201D6800F0D9FB18B100F0BE
:10E2A000E6FB04460135304600F0FDF920462946DC
:10E2B00070BD00BFD4190020014B1868704700BF23
:10E2C000D0190020F8B50C4B05461B680E4683425A
:10E2D0000FD3002440F2E7302146084B4FF47A7206
:10E2E0001F680023E5FB0701EDF774F93060204655
:10E2F000F8BD2120FCE700BFC4190020D019002080
:10E300000F4B10B51A689AB14FF47A71531E13422D
:10E31000A0FB01010ED1B2FA82F2C2F11F04531C1C
:10E32000D243E04001FA03F3184321FA02F2024318
:10E33000104610BD0023EDF74DF90246F8E700BF87
:10E34000D019002010B500F0B3F9034B1C7800F091
:10E35000AAF9E4B2204610BD442800202DE9F0417E
:10E360009846002386B00D46174606468DF81330B2
:10E3700080B30DF11301FFF737FF9DF813305BBB3E
:10E38000284605A9FFF79EFF0446F8B9134B4FF442
:10E390007A7218680023A5FB0001EDF71BF9C2F59E
:10E3A0007A7189B2B1F57A7F08BF0021BDF83430A7
:10E3B000B183F483059A02939DF830301146CDE97C
:10E3C000008330463B46FFF79FFE0446204606B0DA
:10E3D000BDE8F0812224F9E70224F7E7D0190020F4
:10E3E00008B5084B1B7803F0FF004BB100F023FB8E
:10E3F000054B1B689B69C01A02288CBF00200120B6
:10E4000008BD00BF45280020CC190020C2072DE917
:10E41000F843044607D5444A136801331360FFF7F5
:10E42000FBFDFFF713FEA3077CD500F041F94FF089
:10E43000000805464646FFF7EFFD3C4F3C680CB12F
:10E440006369A3B100223A4B012E1A7003D118F070
:10E45000020F18BF1E70FFF7F9FD222802D102201B
:10E4600000F0B2F82846BDE8F84300F01CB9234696
:10E470005A693AB91A792179914288BF1C469B683A
:10E48000002BF5D1284600F00EF92569DDB100F02A
:10E49000EEFAA269A0EB02084FEAE873A84573F10F
:10E4A000000311DB23691344A361E36813B1204621
:10E4B00021689847B4F8068000F0FAF8013605465E
:10E4C000FFF7AAFDBAE7A84600F0F2F88146204619
:10E4D000FFF784FD484600F0E6F82369002BE4D0FE
:10E4E000A38BB5EB080533B1E28B13449BB2B3F5B4
:10E4F0007A7F0FD2E38300F0DBF88046294620467E
:10E50000FFF7D6FDA369226940461344A36100F0DA
:10E51000CAF8CAE7A3F57A73E383A369013D013B17
:10E52000A361E8E7BDE8F883D4190020CC190020E6
:10E530004428002010B5044600F0B1F84FF0B04276
:10E54000936A1907FCD4136A116C5269520604D4F9
:10E55000CA1A032A01D899420ED1E21A022A98BF98
:10E56000DC1CB4F1FF3F38BF013C4FF0B043402208
:10E570001C6403F580539A6100F08CF8054A137807
:10E580003BB14FF0B041CB6B43F00203CB630023B0
:10E59000137010BD792D002007B5044B01A918791F
:10E5A00000F062F9019803B05DF804FBE8F00300A5
:10E5B00000F001038207034A48BF43F04003936120
:10E5C000704700BF00100058820700F001030AD511
:10E5D0000121064A43F0400311704FF0B041CA6B6D
:10E5E00022F00302CA63024A93617047792D00202A
:10E5F00000200058830742BF4022014B5A617047F8
:10E6000000100058012070470120704738B5D4F73A
:10E610003DFD0546E5F7B6FE041E18BF2C46FFF784
:10E62000F1FF002818BF204638BD38B5FFF77EFB44
:10E630000446D4F721FD04281ED002284FF000051F
:10E6400008BF0124FBF713FA042817D0022808BFDB
:10E650000124D4F7CBFA042812D0022808BF0124E1
:10E66000FFF7D2FF04280DD0022808BF0124002D97
:10E6700018BF0024204638BD0125E3E70125E8E75F
:10E680000125EDE70024F5E74FF4004070474FF413
:10E690007A70704710B962B6BFF36F8F7047EFF3AF
:10E6A000108072B6704780F31188BFF36F8F704788
:10E6B000EFF31180302383F31188704701224178F2
:10E6C00003788A4030214B4341F2100103F1A0430B
:10E6D00003F570335A507047F0B5154649228FB094
:10E6E000149C8DF8242004F10C060DF1250254F839
:10E6F000047BB44242F8047BF9D1247814704FF4BF
:10E700008074ADF834409DF8544000228DF83640B6
:10E7100004240694169CCDE9001505941324049452
:10E7200009ACCDE902340B4611468DF832208DF844
:10E730003350FEF767FF0FB0F0BD30B5C02A93B07D
:10E740002FD0B2F5807F29D0802A2CD14FF480744D
:10E7500080F00100204301901698012502901024BA
:10E760002120039504940590069301AB0795089426
:10E7700009900A9306AB0B9304230C9311230D937A
:10E780000AAB0E910F9340F61103D20802A90EA80E
:10E7900010921193FEF706FF13B030BD4FF4827450
:10E7A000D6E70F20F8E72920F6E708B5FFF77EF84F
:10E7B000BDE80840FFF7AEB81FB5079C02949DF86E
:10E7C0001840CDE9003413460A4601460020FFF701
:10E7D00083FF04B010BD1FB5079C02949DF818403C
:10E7E000CDE9003413460A4601460120FFF774FFC5
:10E7F00004B010BD10B50446FFF751FF4FF0A84319
:10E800001A6822601B696360FFF744FF002010BD97
:10E8100010B50446FFF743FF4FF0A84322681A6083
:10E8200062681A61FFF736FF002010BD10B404467D
:10E83000084611469DF804200192A2685DF8044B39
:10E84000FFF7BABF10B40446084611469DF80420ED
:10E850000192A2685DF8044BFFF7BDBF8068FEF728
:10E86000C1BF8968FFF769BF09B100F005B8222070
:10E8700070470121FFF754B870B506460D46FFF703
:10E8800017FF04461D2E48D8DFE806F00F18471D75
:10E8900020234726292C47472F32473538473B4707
:10E8A0003E474744474747474741FEF7C3FD0026D9
:10E8B00028602046FFF7F7FE304670BD4FF4C07069
:10E8C000D6F790FEF3E74FF42070F9E74FF440706D
:10E8D000F6E74FF46070F3E74FF40070F0E74FF4A1
:10E8E0008060EDE74FF49060EAE74FF4C060E7E73F
:10E8F0004FF4F060E4E74FF4B060E1E74FF4D0602C
:10E90000DEE74FF4E060DBE74FF4A060D8E74FF4B8
:10E910008070D5E74FF40860D2E700202126C7E7D2
:10E9200010B962B6BFF36F8F7047012070472DE9B1
:10E93000FF410D4616461F460446A8B14FF0000899
:10E94000C0F81C80FFF724FCBDF82C30424602932F
:10E950009DF828302946CDE9007320463346FFF75D
:10E96000D3FB04B0BDE8F0812220FAE7F0B50D46F4
:10E9700016461F46044685B090B10023C361FFF7D9
:10E9800007FCBDF82C302A4602939DF82830294612
:10E99000CDE9007320463346FFF7B6FB05B0F0BD66
:10E9A0002220FBE7F0B51F46002387B00D46164630
:10E9B00004468DF81730A8B1C3610DF11701FFF7B8
:10E9C00013FC9DF817207AB9BDF83430294602931C
:10E9D0009DF830302046CDE900733346FFF794FBB5
:10E9E00007B0F0BD2220FBE70320F9E7F0B51F4692
:10E9F000002387B00D46164604468DF81730B0B197
:10EA0000C3610DF11701FFF7EFFB9DF8173083B9D4
:10EA1000BDF834302A4602939DF830302946CDE9BE
:10EA2000007320463346FFF76FFB07B0F0BD22208E
:10EA3000FBE70220F9E738B5FFF73AFE054600F09C
:10EA400016F804462846FFF72EFE204638BD4FF044
:10EA5000B04301285B6904D0022805D1C3F38010BC
:10EA6000704703F0010070470020704770474FF077
:10EA7000B0439A6A1207FCD4186A70470221012039
:10EA8000E6F72EBC000000000000000000000000BF
:10EA90000000000000000000000000000000000076
:10EAA000F8B500BFF8BC08BC9E467047F8B500BF7B
:10EAB000F8BC08BC9E4670475FF800F04129002072
:10EAC0005FF800F0F92900205FF800F0A12A00208B
:10EAD0005B435D20002E2E2F6170702E6300257326
:10EAE0003A2564203A25733A200073630053746119
:10EAF0007475733A202573203D20307825303478A2
:10EB00002000417373657274696F6E206661696C71
:10EB1000656400436F6E657869756E652064657322
:10EB20006368697361210D0A00436F6E65786975CA
:10EB30006E6520696E63686973612E20536520726B
:10EB4000656961206164766572746973696E672EA8
:10EB50002E2E0D0A004C4544203D2025640D0A0050
:10EB60004E6F74696669636172652061637469766A
:10EB70006174612070656E74727520636172616387
:10EB800074657269737469636120425554544F4EC1
:10EB90000D0A004E6F746966696361726520646571
:10EBA0007A61637469766174612070656E747275E0
:10EBB0002063617261637465726973746963612053
:10EBC000425554544F4E0D0A00736C5F62745F6F70
:10EBD0006E5F6576656E74002E2E2F736C5F6761B5
:10EBE00074745F736572766963655F646576696383
:10EBF000655F696E666F726D6174696F6E5F6F7667
:10EC00006572726964652E6300736C5F676174740A
:10EC10005F736572766963655F6465766963655F76
:10EC2000696E666F726D6174696F6E5F6F76657223
:10EC3000726964655F6F6E5F6576656E7400413002
:10EC400032425244343331344131302E312E32008D
:10EC500070EC03002100210004EF03000E000E0001
:10EC6000D4EE0300030003000200FFFFFFFF0000DB
:10EC7000010000000108FFFF0000000080EE03001B
:10EC8000020002000108FFFF0500000020000A004A
:10EC900003000A000008FFFF01000000F02C002024
:10ECA00004000D000308FFFF030000000200000045
:10ECB000050002000108FFFF0500000002000B0034
:10ECC00006000B000108FFFF01000000FA2C0020E5
:10ECD000070002000108FFFF050000000A000C0009
:10ECE00008000C000308FFFF01000000102D0020A9
:10ECF000090000000108FFFF0000000084EE03008F
:10ED00000A0002000108FFFF0500000002000300E6
:10ED10000B0003000108FFFF0000000088EE030065
:10ED20000C0002000108FFFF0500000002000400C3
:10ED30000D0004000108FFFF000000009AEE030030
:10ED40000E0000000108FFFF000000009EEE03001F
:10ED50000F0002000108FFFF05000000020005008F
:10ED6000100005000108FFFF00000000A2EE0300F4
:10ED7000110002000108FFFF05000000020006006C
:10ED8000120006000108FFFF02000000182D0020FD
:10ED9000130002000108FFFF050000000200070049
:10EDA000140007000108FFFF02000000282D0020CA
:10EDB000150002000108FFFF050000000200080026
:10EDC000160008000108FFFF02000000342D00209B
:10EDD000170002000108FFFF050000000200090003
:10EDE000180009000108FFFF01000000422D00206B
:10EDF000190000000108FFFF00000000B0EE030052
:10EE00001A0002000108FFFF050000000A00008050
:10EE10001B0000800308FFFF01000000502D0020B0
:10EE20001C0002000108FFFF050000001200018025
:10EE30001D0001800108FFFF02000000582D002086
:10EE40001E000D000308FFFF030000000101000089
:10EE50001F0000000108FFFF00000000C2EE0300D9
:10EE6000200002000108FFFF0500000008000280EA
:10EE7000210002800208FFFF0700000000000000E0
:10EE800002000118020000180F00496F542D52654E
:10EE900067656C655475646F7200020000000200C3
:10EEA0000A180C0053696C69636F6E204C616273C1
:10EEB0001000AAAAAAAAAAAAAAAAAAAAAAAAAAAAF6
:10EEC000AAAA1000F01921B4478FA4BFA14F63FD77
:10EED000EED6141DBBBBBBBBBBBBBBBBBBBBBBBB79
:10EEE000BBBBBBBBBBBBBBBBBBBBCCCCCCCCCCCC0C
:10EEF000BBBBBBBB636032E0375EA488534E6DFB87
:10EF00006435BFF7002801280328002A012A292A8E
:10EF1000242A272A262A232A052A2A2B292B0229B2
:10EF200076636F6D00000000050000000000000027
:10EF300000C20100000500000010000000000000F9
:10EF4000000000002F55736572732F7475646F7223
:10EF50002F53696D706C6963697479537475646952
:10EF60006F2F53444B732F73696D706C69636974B1
:10EF7000795F73646B2F6170702F626C7565746F4D
:10EF80006F74682F636F6D6D6F6E2F696E5F706C3D
:10EF90006163655F6F74615F6466752F736C5F6238
:10EFA000745F696E5F706C6163655F6F74615F64ED
:10EFB00066752E6300736C5F62745F696E5F706C60
:10EFC0006163655F6F74615F6466755F6F6E5F65D7
:10EFD00076656E74003F00280029200013B779FA87
:10EFE000C925DDB7ADF3CFE0F1B614B801020000DA
:10EFF00000000000FFFFFFFF2000000001000000F4
:10F000000000000000000000000000000000000000
:10F0100000000000000000000000000000000000F0
:10F020000000000000000000000000001FFF0C1E98
:10F03000000003008F1003008B1003006910030011
:10F0400037100300C71003009910030039100300A4
:10F050002C00000002020203000000000201006C0C
:10F060005C4C54801018FFFFFFFFFFFFFFFFFFFF06
:10F07000FFFFFFFFFFFF0000000000000120000075
:10F080000020000000000000991403000040025C12
:10F090000000000000000010012600000400000035
:10F0A0000000000000010000000000000B00000054
:10F0B0000B00000002000000000020200000000003
:10F0C000030000008C8C3C000000000000000000E9
:10F0D0000000000001030401010109031E000000FB
:10F0E000150000001A000000000000581200000087
:10F0F000DCF0030001041001000000050002000024
:10F10000030000006CF1030044F103000000000064
:10F11000000000001CF103000000000070F5030077
:10F1200008F5030060F5030018F503002CF5030053
:10F130003CF503008CF50300FCF3030018F4030016
:10F1400000000000E5410200CCF10300B90D02000F
:10F15000000000002799030000000000A93D020004
:10F16000FAF10300000000000000000099410200D5
:10F17000CCF10300153B0200CCF1030023990300FE
:10F1800000000000ED370200000000001D990300A0
:10F1900000000000F1980300F8F10300793D02003F
:10F1A000FAF103002F9903000000000033990300D7
:10F1B00000000000296C030000000000336C030015
:10F1C000000000000000000000000000000000003F
:10F1D0004E0C0000000000000000000050EC030096
:10F1E000000000000000000004000000000000001B
:10F1F000E2FF50000001000001000400FB000000DD
:10F2000000000000198C0100000000000000000058
:10F2100000000040000000000100000030F2030088
:10F22000C0000000000000000000100020000000EE
:10F23000FFFFFFFF000000010000000000000000D1
:10F2400000000000FFFFFFFFFFFFFFFFFFFFFFFFCA
:10F25000FFFFFFFF00000000FFFFFFFFFFFFFFFFBA
:10F26000BCE6FAADA7179E84F3B9CAC2FC63255168
:10F270006B17D1F2E12C4247F8BCE6E563A440F2FB
:10F2800077037D812DEB33A0F4A13945D898C29640
:10F290004FE342E2FE1A7F9B8EE7EB4A7C0F9E16FD
:10F2A0002BCE33576B315ECECBB6406837BF51F5AE
:10F2B000FFFFFFFF00000001000000000000000051
:10F2C00000000000FFFFFFFFFFFFFFFFFFFFFFFC4D
:10F2D0005AC635D8AA3A93E7B3EBBD55769886BCA3
:10F2E000651D06B0CC53B0F63BCE3C3E27D2604BFA
:10F2F0006BC0BCE12A459991E134741A7F9E1925AF
:10F30000AE2D8A571E03AC9C9EB76FAC45AF8E5195
:10F3100030C81C46A35CE411E5FBC1191A0A52EF80
:10F32000F69F2445DF4F9B17AD2B417BE66C3710D2
:10F330003FF1CAA1681FAC09120ECA307586E1A759
:10F340002B7E151628AED2A6ABF7158809CF4F3CF9
:10F3500000000000505341004B45590000010102DC
:10F36000010202030102070B0B0701160C0000014A
:10F3700008080000050108FFFF02FFFF080802025D
:10F3800004FF010022FFFF23080F030304040A0AFD
:10F39000030A2AFFFF1419191B011C151204004847
:10F3A0000C1404131510801A8012808000040301CD
:10F3B00001020404F4010000FA00000096000000BD
:10F3C000640000004B000000320000001E0000003E
:10F3D0001400000000000000500040000800500031
:10F3E000240004009001500240009001AE01100082
:10F3F0000F0E0C080C080D1810000000090000008A
:10F40000000000000000000000000000A00309064A
:10F41000A0870908A08809070A0000000000000072
:10F420000000000000000000A0010A05A0030A047B
:10F43000A0080A03A0880A08A0060A01A003090080
:10F4400020040A1B2D12020020040A04F9110200F4
:10F4500020060A17C911020020040A1689110200A9
:10F4600062676170695F627566666572730001004C
:10F4700002000000000000000300497253144972AA
:10F4800007FF000102030405FF145300724907CD72
:10F49000F6000000FB349B5F80000080001000003D
:10F4A000000000004F940300FF72030003BE03003E
:10F4B0003995030001020C00000004000000080060
:10F4C0000138020081370200A5D102001B99030018
:10F4D0009B9903009599030041D5020059BE030092
:10F4E0004F990300979903009999030037990300F6
:10F4F00091990300919A0300519903008932020007
:10F50000CD980300C3980300020000000000000033
:10F5100000000000000000000400000000000000E7
:10F520000000000000000000A001040156000000DF
:10F5300000000000000000000000000005000000C6
:10F54000000000000000000000000000A013050003
:10F55000A0880A07A0040903A0050902A006090162
:10F560000F0000000000000000000000000000008C
:10F57000010000000000000000000000000000008A
:10F58000A0010107A0000104020408000600000019
:10F59000000000000000000000000000A0030601C1
:10F5A000A0090609A0020608A0050607A005060690
:10F5B000A0070605A0020604A0010610A008060286
:10F5C000A00D060000000402050306010701010862
:10F5D000090A0000A0015C04A0005C03A0015C0219
:10F5E000A0035C01A0025C00A0020F09A0030F04AD
:10F5F000A0030F03A0050F02A0010F01A0050F003B
:10F60000A0040103A0040108A003010601010204F3
:10F61000200C0403FD3602002000040129370200FB
:10F6200020025602D137020020025601A5370200FF
:10F6300020010605BD3D020020000205D136020072
:10F64000A01201000009007F7CF603000100000FFA
:10F650005CF603006FC2732408070000E1FE56FF4A
:10F660008DFFACFFC1FFCFFFDAFFE3FFEAFFF0FF42
:10F67000F4FFF8FFFBFFFEFF000003005200F2FE64
:10F68000FF0064001E0000007F00F80D7F24FDFFD6
:10F690003300A80323D6FFFF1B0041010A370000F7
:10F6A0001100B900653B00000B007200103500002E
:10F6B000070049002F2C000005003700312600000C
:10F6C0000300140057150000F947020041480200EA
:10F6D000ED4702004D480200354802000B9F030031
:10F6E000479F0300699F03008B9F0300AD9F0300AA
:10F6F000395B0200E95A0200F55A0200E55B02009C
:10F70000BBA10300939A0300979A03009B9A0300FE
:10F710009F9A0300A39A030000000000A8010000C4
:10F72000780B002010000000200D0020E1FE0000FA
:10F7300002000080FF7F00000080FF7F0C0252412A
:10F74000494C000020000000695302001000000036
:10F75000E15202000000000100000101000101016E
:10F760003156020015560200218C0200418F020022
:10F77000718E020020C001B80101020300040001E3
:10F780001F150F15150F151FFFFFFFFFFFFFFFFFD1
:10F79000FFFFFFFFFFFFFFFFFFFFFFFFFFFFFFFF79
:10F7A000FFFFFFFFFFFFFFFF00A801A802A8000066
:10F7B00000B801B802B800B0E0290400102A040023
:10F7C000F8290400282A0400402A0400030404083D
:10F7D000080500000000000000000000000000001C
:10F7E00000000000F8330000E0030000D8370000FC
:10F7F00014000000383E000008000000002F000048
:10F80000F8040000EC37000004000000343E000063
:10F810000300000000000000002F0000F03700008F
:10F8200001000000403E000039000000010000001F
:10F83000343E0000C1290000D9290000D929000068
:10F84000D9290000D9290000D929000000000000B2
:10F85000000000000000000000000000D9290000A6
:10F86000D9290000D9290000192E0000D92900004B
:10F870005523000065230000F12300003924000017
:10F88000B32400001D260000D3240000BD26000084
:10F890001F2500005D250000D5250000312800004F
:10F8A0000129000027230000632B00004D200000E9
:10F8B000812B0000F52B0000D9290000D52C000079
:10F8C0009D2C0000D9290000D9290000212D00001D
:10F8D000D9290000D9290000D92900005D100000B5
:10F8E0005310000067100000711000007B10000032
:10F8F0008C488068000200D4704780B58020800268
:10F90000A8490860CF2000F045FA01BDF8B5864847
:10F910000068864C802292032260854E316809057A
:10F920001DD5110BA023034001D0216017E0024038
:10F930003FD180277F4A17607F4A1760084038D040
:10F94000784D287A400705D501207C4908600002DF
:10F950007B4908602878002801D0062801DB0020B8
:10F96000F2BD00F051FB716889684E68297805295D
:10F9700007D1B905A1606E60B668CC218901704AD3
:10F98000116000F04AFB012E00DA0226BC2080053F
:10F9900085490860942080058449086065480021F5
:10F9A000C94301647142416481490F604021016093
:10F9B000D5E7AE480160FFF79BFF0120F2BD5A4832
:10F9C0000168890504D5C06E0004000F022801D02B
:10F9D000002070470120704738B5802455480460E6
:10F9E00000F012FB05007348006800F05FF9280082
:10F9F00000F013FBFFF77CFF4A48007A000705D5AB
:10FA0000A0004A49086000F0FEFB31BD6003974941
:10FA10000860AD48046031BDFEB50500CC20800112
:10FA200093494860012693480660FFF7C8FF002805
:10FA300077D03C4C2078002873D0310201950528FE
:10FA400002D02A460A406CD1CC27BF01884A1760F1
:10FA50009E4A126853075B0F022805D1022B5ED322
:10FA6000080137490860F7BD4D01032804D1022B76
:10FA700055D933480560F7BD042802D111404ED056
:10FA8000F7BD05284BD10198002848D0C005C10F0B
:10FA9000684641700198C004C10F6846017000F0CB
:10FAA000B3FA0290606869464978002903D0066875
:10FAB0008021214A11602C04A7496A461278002A45
:10FAC0000CD0C2680B68D21AA44B1B68234001D02B
:10FAD000066800E04668964200DD160068464078F9
:10FAE0006A461278024308D008684242B01E824239
:10FAF00002DA7042886000E00026029800F08DFA79
:10FB00000198800501D5964804600198054001D010
:10FB100094480460002E02D009480760F7BDFFF743
:10FB20005BFFF7BD403E0000400002A8402002A855
:10FB3000C83E00000CC001A890E001A894D000A825
:10FB4000505201A838B580248748046001204949F3
:10FB50000860864D2878052802D060008449086036
:10FB6000FFF72DFF002812D012480068000A8021FC
:10FB70004140A868000EC9B2814208D253480068CB
:10FB80004007400F022802D2FFF726FF31BD794817
:10FB90000168C0220A4002D1C06F204001D0044851
:10FBA000046031BD1C1002A808E001A808D001A81B
:10FBB00094D001A818C000A8F1B582B00F0080262B
:10FBC000B600A020384002D06B4806604CE000F040
:10FBD0001BFA009069480468F80202D5A068006921
:10FBE000029000F05FFBB102606800F069F92178D3
:10FBF00020000022491C43788B4200D200211823A8
:10FC00004B43C5180C352B78082BF3DA0C00017028
:10FC100085605648297801703E4007D057490968E9
:10FC20008968CA68F90201D403218A4382600126E7
:10FC30001046304003D100F0F6FB00F0B4FFF104B1
:10FC4000686900F03DF93C2000F0A4F8E0B200F053
:10FC5000A1F8009800F0E1F93005474908604848EC
:10FC600006603002024908600298FEBD401002A8FA
:10FC70004C6201A894E000A810B5424800688005D5
:10FC800001D4FE2010BDC02080033F49086000F071
:10FC9000BBF93A4909688A78D20702D589688C7815
:10FCA00000E00C7800F0B9F9200010BD3349096874
:10FCB0008A688B78DB0704D5927818235A438A1810
:10FCC0000C32906070470000100002A8084001A8A4
:10FCD000F1B582B02D4F3C680026200F000702D1FD
:10FCE000E00102902AE000F05EFF00F08DF9019043
:10FCF00080210903606800F0E3F825786D1C6078C6
:10FD0000A84200D20025E80020180C3000900068BE
:10FD10000290802109030098406800F0D1F83D204E
:10FD200000F038F8E8B200F035F825700098A060CF
:10FD3000019800F072F902A800F09AFF14480068D8
:10FD4000800407D5786901F050FC029908180290E8
:10FD500000D502960298FEBD48C001A8480002A83E
:10FD6000481002A8482002A894E001A8403E0000E4
:10FD7000506201A814C001A8402002A8CC3E000097
:10FD800090E000A8400002A8401002A8D03E000069
:10FD9000FC0302A841490968002901D540490860CF
:10FDA0007047F3B581B03F4FB9683F4C4A004CD51E
:10FDB0000125090100D5212501003C4A106856683B
:10FDC00022689206920E94463A689300802213406D
:10FDD00062461343802252001A4300920A0023D045
:10FDE000890601D5012008E0F021014007D16946CC
:10FDF000097A0C220A4002D0022000F03FF82C4978
:10FE0000096809040AD53968090701D5022605E001
:10FE10003968490301D5002600E003264835009AD9
:10FE200024490968890003E0009A2249C96909093F
:10FE30004023194011439A00002E02D01643266633
:10FE400008352166024322662566E06D4407640F8B
:10FE500000F0C4F8A0070BD0052C09D0B868000446
:10FE600006D400F0D1F80221134A116000F0D5F851
:10FE700000F0BDF8002000F001F8F7BD0B490A685A
:10FE8000F0239A43000110430860C0B270478020FD
:10FE9000C0020A4908607047000000004C0002A838
:10FEA000884000A8440002A8284000A8683F00003D
:10FEB000384101A8084001A87CD40350485000A84C
:10FEC00080B5664A116001F0BBFBFFF7E0FF01BDA2
:10FED000FEB500F099F802901020614908600023F7
:10FEE000604803600220604908606048C0684005BF
:10FEF000C20DD52A01D2D52204E0D1204000824291
:10FF000000D9020010000100594C0194843C24687F
:10FF100064011DD5574C0094251D574E3678062791
:10FF20007E43AA530024019D2D7CE540ED070CD5AE
:10FF3000009D06266643AD19AD888FB2BD4200D242
:10FF4000290086B2AE4200D22800641C022CEAD3FB
:10FF500089B246310904494C0C404638C005C00DF1
:10FF6000204342490860C0200006454908604048D7
:10FF7000017D00290CD04349D52A02D98024E4050B
:10FF80000C60D1246400A24202D2802424060C60BA
:10FF900010213D4C21603D490B604188002900D172
:10FFA0000280029800F039F8F7BD80B53848394929
:10FFB00008603948C1680902090A192251434160A1
:10FFC00005210160FFF784FF01BD33480068C003CD
:10FFD00000D4704780B5FFF77BFF01BD8020C002D1
:10FFE0001E4908602D4800684007FBD470478020F8
:10FFF000C0022B490860704701E02A4908602A497D
:020000024000BC
:1000000009680140F9D17047284800682021284A32
:1000100011601021274A116070473021014002D140
:1000200010202349086070472048006830210140B3
:10003000102901D101207047002070471E48007828
:100040000621014007D01D480068022803D003287C
:1000500001D001207047002070470000401002A826
:10006000F41302A8048002A8409002A87C4000502B
:10007000743F0000643E0000603E00000000FF018D
:10008000A0600050A4500050F42302A818E000E043
:100090007F1A0601500002A810E000E0400002A80C
:1000A000402002A8282002A8280002A85C0002A87C
:1000B0005C2002A85C1002A8BC3E00006C3F00005F
:1000C000F8B553488021490281610221514A5160AB
:1000D0000021514A1160514A118003214D4A11609B
:1000E0000221016020204E49086080204D490860AF
:1000F000CC2080014C49086001204C4908604648EA
:10010000806F00900F24070B274049480068C50501
:10011000ED0D103DC0202843C0B2FFF73BFE3E4826
:10012000006980030AD5092F08D0FFF787FF002850
:1001300002D040480068804701F0D8F80098044099
:1001400000943D4804680098032803D0022806D193
:10015000032F3AD000F002FA0098032803D0062FAC
:1001600033D1062D31D0354800680104C90F01D0C4
:1001700001F084FB32480068000109D5052D07D144
:10018000012501202F4908604005FFF735FF00E0F9
:1001900000252100380000F0E3F904002A4E002D6C
:1001A00006D000F089FB012030600220274908605A
:1001B000802080037065800925490860FFF73EFFB5
:1001C000002802D023480068804712488021490255
:1001D000C161002F08D10221416000200E49086151
:1001E000C020C0001C4908602000F2BD80B5FFF7A8
:1001F000F5FE1A480078800602D4022018490860EB
:10020000FFF7F5FE01BD02201649086070470000A7
:100210002C1002A8282002A8340002A8743E000076
:1002200094E001A80CC001A8506201A894E000A8C5
:1002300004ED00E0E8370000B44000A800E200E070
:10024000F03E0000645000A8646000A82C4000A8A4
:1002500080E200E0E43700002C6001A8C83E000006
:10026000081002A8082002A87B480068800700D474
:10027000704730B581480421904A0123E024E4000E
:100280008568254002D01360D160D36000680440C7
:1002900002D013605160536030BD894801218160F4
:1002A0000160704710B5012075498A680240FCD191
:1002B000844A0423D3600C680440FCD1536010606E
:1002C00010BD814908680122104200D1704710B565
:1002D000E023DB000340FF24A41CA34204D37B4B98
:1002E0001B689B0600D54868024001D000F0B6F8B4
:1002F00010BDFEB50700C820754908600620754985
:100300000860802040037449086074480168744A9A
:100310000A408021090111430160724CC020C000D5
:1003200020600225A56168036F4908606F4E704820
:10033000F0664C206F49C86638686F498968814209
:1003400001D2009100E000900099401A386001212C
:10035000380000F055FB019038680099401838606B
:10036000FFF782FF634800686349086063480168DB
:10037000490601D5624900E06249316701990029C7
:1003800008D10321E16100683068054002D0802077
:10039000800220610198FEBDF1B55B4C8020C00158
:1003A00020605A4D0126AE62594F3E601D202860E4
:1003B00056206866072001F009FB0220286006210C
:1003C000296654490968002902D40821296669660A
:1003D00051492965C021C900504A1268F823DB0140
:1003E000134001D1A96700E07961E16B314008D089
:1003F000216BC90705D44A490968084001D101F0B9
:10040000EDFA484848490860206B064001D1FFF7E3
:100410002BFF009801F0C8FA206B8001FCD4206A01
:1004200042490860F1BD30B53748414B0121026BAC
:100430000A4001D15961D9603E4A3F4C54663F4C55
:10044000146503241C600023CE4D2B601460916260
:10045000C903016030BD00004C0002A8F021090171
:10046000374A116001403748016020203649086052
:10047000364909680840C849086070476C0102A8FD
:10048000700102A880B532480821324A13680B4037
:1004900001D0016141611178C90602D586210901A7
:1004A0000160FFF70EFF14202B490860BB4801686C
:1004B000490701D0FF21416101BD0000681102A878
:1004C0006C2102A8682102A8783F0000400002A821
:1004D000548001A80C9001A8942002A8680102A8E9
:1004E000FFF1FFFF441102A8A01002A8E40002A837
:1004F000294E0600300002A8A03F0000FC0302A81D
:10050000CC3F0000C43F0000100002A8E01002A889
:10051000442102A828C000A80C1E0000A88001A841
:10052000483E0000FFFF7F7FB46000A89C3F0000B2
:10053000602102A8E02002A85E060000041E000060
:100540002C6001A82C5001A8442002A8084001A852
:10055000301102A8F84F0000703F00007047000003
:10056000F8B586B005000C008D48866AFFF74CFD93
:100570000590B00503D58B480068FFF797FB002076
:10058000019001227306DB0F87498F688860B820CD
:100590004000864E30606608B82030400978F0266A
:1005A0000E40402E02D10100402008430D2D02D103
:1005B000390004270F43790704D5010014200843AC
:1005C00010218C437A4909686D462A70049305000E
:1005D000784EC80506D5802040007749086028007D
:1005E000012505430498002811D10C202840082833
:1005F0000DD028006A49496BCA0601D410229043E5
:10060000890601D420218843B121014067D0684682
:100610000078002865D0B26BB06D0121012352072C
:10062000520F921D9340C004C00C181A80B20828C3
:1006300009D2802506205A4A106008049D4A10609D
:1006400000206A461070812028404DD00820049A6E
:10065000002A00D130623A00082717431020844353
:10066000042003900005984A10604008974A1060E3
:100670009748016068460078002832D00398062821
:1006800038D39448806BC00634D593480068000E78
:1006900001909048006880B202908F48006A00067E
:1006A00004D002988021490101430291FFF7C6FC62
:1006B000002809D089480078C00605D0029880211A
:1006C000C901014389B20291029830610298001277
:1006D000306137480168C80500D57AE70AE008208C
:1006E00030620094049732E090A06906C90E405C25
:1006F0000390BFE70094049703982949CB6A764A90
:10070000126834686F463C8128241C400443980CCE
:10071000C00120431C001B0E234010242340034330
:10072000900040221040184302AA9070086B000A03
:1007300002A9C870FFF7A0FA02A9087101984871D0
:1007400067480068C8800298F0660398F0660598CC
:10075000FFF763FC08240098400601D55A488460DE
:10076000FFF76CFC002805D05E480078002801D017
:100770005D4804600498C1B2E8B2FFF712FB00982C
:1007800007B0F0BD400102A8081A03D25749096812
:100790004018401C70470000441002A80C4000A8FC
:1007A000180002A81CC000A8683F0000B46000A8A0
:1007B0001C0100AA540000AA1C2100AAF8B54C4E46
:1007C0000F2401254B491027706B38401BD00120A6
:1007D00008704948006849490968FFF7D5FF48494A
:1007E0000968401801284BDB01F0A4F94549096864
:1007F000090B0C40022C41D16905434A1160434961
:10080000CF6335603AE0F06BC0001ED54048006809
:10081000E0218905014033D03A4D28682103014089
:10082000780281422CD1FFF7EFFB3A4A3A49096836
:10083000C90502D53949096811602968090B2140A9
:100840000229F3D0FFF7E9FBF1BD354E30680028EF
:1008500016D00D7001F0A8F8002811D101F06AF946
:1008600028490968090B0C40022C07D12904264AA3
:1008700011600221254A11600021316001F05EF90A
:10088000F1BD802080042749086070478020400423
:100890002449086070478020C004224908607047DE
:1008A000802000051F4908607047802040051D49D1
:1008B00008607047141100AA1B480168490701D05D
:1008C000FF21416170470000401002A8205001A89C
:1008D000006101A81C4000A8084001A8C43E000017
:1008E000448001A8F0370000845000A838C001A857
:1008F000100002A8773E00001CC101A820C001A87A
:10090000E03E0000AC0002A81C1002A8082002A8CB
:10091000204001A8800000AA084000A8904000A83C
:100920004C3E0000382002A80C4000A80301070636
:100930000301070605010606050106060302070670
:10094000030207060502060605020606FF2807D071
:10095000032805D2A9490978C140C807C00F7047CC
:1009600000207047F0B5802000020821A44A1160E1
:100970000A230121A34A01249C400443B6A5ED5C4F
:1009800025439560F025A04E35609D4DB5A6F65CDB
:10099000022737432F6004262E609C4D2D680D40A2
:1009A00006D1CD026D1E03D0966C3603FAD401E059
:1009B0000220F0BD956CD66C6D036D0BAE4200D27B
:1009C00020005B1ED7D508238F4C23609060904B8E
:1009D0001B685B0112D58F4C63785D1C01262E408D
:1009E00066701D000626754365191268AA80E880A6
:1009F0002370824802789940114301700020F0BDB5
:100A0000F1B582B0FFF749FC00248148006840013D
:100A100002D4012001901DE07F48826B00207D49B7
:100A2000C3B206256B43CB189B8895B2AB4204D06A
:100A3000401CC3B2022BF3D3FF20087001200190A9
:100A400073480068400105D50878FFF77FFF00284C
:100A500000D001947148006871498861714D029815
:100A60000068296D4618002E15DD00F072FD286023
:100A7000C001301A00280EDDFFF714FC00F093F8D7
:100A800002980068296D401800F08EFF050002D022
:100A90000298046085E0644E802080003060604AE7
:100AA000106807282ED005210840052805D01160C0
:100AB0000C2000F08BFF050073D15C4D5C48286270
:100AC000FFF7F0FB02202860E020C00259490860CF
:100AD0000002594948608020800470600220306024
:100AE000012000F073FF802040002862022000F007
:100AF0006DFF902040012862022000F067FF8020F7
:100B0000C00028624D4EE02040003060042000F01C
:100B10005DFF05003CD10220474908608002B062B9
:100B2000C001B06210203C4908600127F7654026EB
:100B30004348006830401BD135480068400113D558
:100B4000344800786946087068460078FFF7FEFE72
:100B5000002809D02F4869460978062251434018D9
:100B6000C0882D49086403E0FFF7FCFE05000FD1A3
:100B700029480760C467022000F028FF314C266036
:100B8000B0002060022000F021FF8120C002A0629E
:100B90000198002805D02A480068800101D4FFF799
:100BA00014FA2800FEBD70B5FFF777FBFFF77AFB5C
:100BB000022619480660244DF0022862C4082C62FF
:100BC000012000F003FF600828622E601F482862A1
:100BD000E02040001B490860174D2E60FFF7FEF92A
:100BE0001B4E3078002800D005200D490860FFF723
:100BF000FEF92C6017480068706370BD843F0000E8
:100C0000889001A8448001A888A001A8140002A827
:100C1000F03E0000603E00000C8001A8F80302A82E
:100C20003C0102A88C3F0000941002A83C1102A8CD
:100C3000BD080000142102A8942002A82C9001A84D
:100C40004C0002A82CA001A83C2102A8FD680000CD
:100C5000603F0000300002A800000001010204080B
:100C600010202000505050404040403020202000B4
:100C7000F8B50400FFF716FB2948C021C900294A2E
:100C80001268F823DB01134002D1274A116000E00B
:100C9000016000942549AC2252008A640A220A604D
:100CA0002349802252030A60224C626A224B13407D
:100CB0008022D2001A4362628022226002224260B5
:100CC0005003C8601D48E0601D4E4C20F0661D4D6D
:100CD00068699621C901471800980068874200D3C7
:100CE0000700C01B0099086000210098FFF788FEEC
:100CF00000990968C919009A116031682960124980
:100D00000968490601D5114900E011492161F2BD88
:100D1000802000010F49086000010F4908607047FA
:100D2000582102A8AC8001A8581102A80C8001A883
:100D3000941002A8440102A8FFF1FFFF286E0600EC
:100D4000300002A8903F0000FC0302A8CC3F000046
:100D5000C43F0000401002A8685000A8F1B584B05C
:100D6000B44800680390B448006B9621C90140184C
:100D70000499884205D2081A00F016FE002800D017
:100D800013E2AE4C6068C00700D50EE20420AC4907
:100D900088628003AB494862AB480568606B860790
:100DA000B60F032E03D01020A549886224E0084620
:100DB000802189024162A16B890601D5012062E090
:100DC000290610D5A26B02210A400CD19F4A0523A7
:100DD0001360A36B10273B40194311600021116081
:100DE000616B090A116004218162A06B002803D5A0
:100DF000C803934948620026606B400705D5606BC5
:100E0000C00080214900084003E08B488068C1078A
:100E100001D5FFF723FB0122154008D0B748B101E7
:100E20004018006AC004C00C401EB549086000208C
:100E30000021B44BDB6E1B0417D5B34B1B68002B92
:100E400013D40121AE4B5B69002B0ED0AF4B1A704F
:100E5000AF4A10601022AF4B1A60CA06AE4B9A67B9
:100E60000723AD4D2B60AB4B5A65AC4AC0239B00AA
:100E700013603502002901D0190000E02900CC4E92
:100E8000316053607560E16B942292050A40150051
:100E900000D0012580263602284300062CD06A485F
:100EA0002821405CC0210140402902D1FFF79EF972
:100EB00001E0FFF7A8F9202020602D0600D174E1A1
:100EC000944D606B400708D570085E494862022067
:100ED000686000F059FA002806D00420584988625A
:100EE0004002584948626E6057480078000600D4B6
:100EF0005BE130015249FEE00125606828405AD18B
:100F0000AC480068C005400F022803D0032801D078
:100F1000062802D169464D7005E0002069464870F8
:100F2000A548A6494860680446498862FFF756F814
:100F30007348406EE16B0E4008D1C00606D5FFF73E
:100F400063F802219E4A1160FFF767F8FFF74FF838
:100F5000280320609B4EC02000067060280497493B
:100F60000860606B4007C10F68460170302003992C
:100F700049072CD54021A24A1162904F4901396698
:100F8000032191640021116030607D6580207060D4
:100F9000062000F01BFD00280DD12802F866022073
:100FA00000F014FD28029749886618207060082018
:100FB00000F00CFD002800D0F7E024207060E02055
:100FC000C0029049C865A020C00238666FE0E16B9E
:100FD000C90246D5BE4949680902090E019149096D
:100FE000022901DB884A01E0B322920001993029ED
:100FF00037D311490B88E72B33D395277F00BB42AA
:1010000005D8FB1A1B095A43920A534204E07F4F4A
:10101000DB191B095A43930A5BB2019AD2180F6B72
:10102000BC46CF6B7B436746FB180B639F2A0FD3ED
:101030009F2210E0FC0302A8743F0000100002A8E9
:101040001C2002A81C1002A8C83E0000E40000AA50
:10105000202A00D821221102114312040A432949EF
:101060000A606749AA020A629A4A8A6414220A60DC
:101070003060524F7D65E020C0026249C865A80318
:10108000B86640027060062000F0A0FC002833D152
:101090002D06FD66022000F099FC5A488566680915
:1010A0007060082000F092FC002825D175600320B4
:1010B00000F08CFC88481849886700F04AFA874D90
:1010C000401DC001296B401801908548406F802168
:1010D000C9010840029008468249086001980499B5
:1010E00088421FD20846296B401A00F05DFC002898
:1010F00016D002987C49086057E000BF0C0000AA97
:10110000204000A8CC4001A8784201A8763E00000B
:10111000703E0000645000A83C6000A8046100A874
:1011200004980190206AE86204270398384001D0AF
:10113000402002E0F8057060C0087060012000F0F7
:1011400045FCB8011D490860019800F02DFC8A4E4D
:1011500068460078002805D161480068F0613805CC
:10116000864908600298604908608548854908609A
:1011700024487902416669464978002900D1076010
:10118000206A686268460078002808D0012000F0D4
:101190001DFC3078000602D5780492490860E06BA7
:1011A000C00202D54A480068286305B0F0BD00BF00
:1011B000045100A8204001A8040000FFB41002A8B8
:1011C0007CE40350441102A810B5FEF71DFF8649C8
:1011D00000240C600A22CA61FEF71FFF8348C02169
:1011E0008902016082494160824810210160C9057D
:1011F00041654020804908608048047010BD0000AF
:10120000400102A8B82002A833070000D6FEFFFF65
:101210007B48406B800300D47047F8B57948046878
:101220000027002000257849E20706D5C02080026B
:101230008025ED03EA0A0A6003E0A20701D4032037
:1012400040252843C862012000F0C0FB80204000F8
:101250006E49086708206E4908606E4909680902EE
:1012600003D46D4909680140FBD0012000F0AEFBBA
:101270006A4EE00702D58020800430643564042083
:1012800000F0A4FB600702D5E020C002F0606448D3
:101290003064012000F09AFB62483064C3200006ED
:1012A00030645A488021490201671021B1638902E4
:1012B00071615D490F60012232603022F2638F62FA
:1012C000802189014E4A116009010160F1BD0000D1
:1012D000F83F0000F3070000FFFF7F7F743F00002E
:1012E00020C001A894E001A894D001A8F8B54F4807
:1012F00000680D2707400424002F00D104274C4824
:101300001025660308214B4A4B4B1B68234012688B
:1013100014D04260394004D00220FEF7AFFD4748A8
:1013200006603C4007D046480068054344480560D5
:10133000B008424908600220424915E00260394085
:1013400005D00220FEF79AFDA0023C4908603C400F
:1013500006D03B4801680D430560700937490860B5
:1013600038480660300329490860FFF751FF002123
:101370000020FEF716FDF1BDC83E00001C1002A8BB
:1013800003000300482102A810B580202E490A68F6
:1013900002400AD02D4B1A680624144005D15C6E19
:1013A0002B4A22401B6D9C0101D5002010BD09680D
:1013B00008400DD02748824203D1180501D50120ED
:1013C00010BD25480068C107C90F481E8041C00FE5
:1013D00010BD22480321C163A8218163102101604F
:1013E000704700001C2002A8D80000AA402002A8D4
:1013F00004000080646000A82C4000A8763E000035
:10140000100002A8FC0302A81C1102A8442002A894
:101410004C6201A8C44001A84C4201A8082102A8BE
:101420002400000198008800600102A8B44000A8D0
:10143000E83E00001CC101A8440002A8401002A818
:10144000683F0000685000A8400002A814C001A82E
:101450001F1F0000010C000030C101A8082002A8D5
:101460006C4800680121084209D16B4A12686B4B35
:10147000000C1840F03291400B40984201D00220FD
:10148000704700207047F8B507000F386A46108093
:10149000604CA0680A0004D16B461B8882B29A4255
:1014A0003AD200226B461A80012502263A0013D058
:1014B0002268324007D000292ED059480088401CAD
:1014C0005749088000203900E16056490E6080B21B
:1014D000B84201D369460D805348456000E030BFF3
:1014E0002068304003D1FFF7BBFF0028F7D04D48FC
:1014F0004560390010D02168314005D048490A883C
:101500006B461B88D2180A8006600020E060A06845
:10151000B84201D244480660FFF7A2FFF2BD38B5D9
:10152000050000F007FB0400012199204543A809AC
:101530003E4A12688018123880B2FFF7A4FF0500F7
:101540008020C0013A490860200000F0F7FA280026
:1015500032BD334803883549096802889342F9D17E
:10156000100408187047FEB51238070C6946088049
:1015700000F0E0FA0190274C294D2888B8421ADA89
:1015800001202C490860274E30BF0220216801400D
:1015900006D030604003264908602888401C288017
:1015A000FFF75EFF002802D12988B942ECDB012158
:1015B000716000280DD12888B8420AD1A068694618
:1015C0000988884205D2002168460088FFF75BFF42
:1015D00001E0FFF745FF04008020C00114490860C6
:1015E000019800F0ABFA2000FEBD10B512490A6860
:1015F0000E4B1B680C689442FAD0DB014033141A7E
:1016000002D288692418641C0C4800684443181BE3
:1016100010BD0000280002A804ED00E0FF3F00001C
:10162000743E0000282002A8281002A8300002A85A
:1016300080E200E02C1002A820C001A8B43F000006
:10164000F0B502E00A601C602E607EC84F1C07D017
:101650005F1C04D06F1CF5D10A601C60F0BD0A60ED
:10166000F0BD000080B5FEF709FC01207F4908604D
:1016700001BD80B5EB2000F001F801BD30B57C491B
:101680000B6818401022134210D07A4B7A4C246811
:10169000224008D0A84A14682402FF252D022540C4
:1016A000DD6200241460802252031A60086030BD9D
:1016B000F3B5010016001C00002500959F48019A13
:1016C000330000270BE0BC464F5D4743AE009E59F8
:1016D0007E40575D47433740664637436D1CA54201
:1016E000F1D3390939438A080A43510811430840A4
:1016F000C10901430F208A0B0A4302405040F6BD46
:10170000F1B582B00E0000208B490860FD25AD01C7
:10171000EF7AA87A01900F21394000910ED00B4644
:10172000874A88490298FFF7C3FF01990140824820
:101730000160854841438548084001D1012400E00B
:101740004401380915D032003B0929000298009E57
:101750006D7A75194019FFF7ABFF01990911014026
:10176000754802680B0113430360002901D048004B
:10177000444377480068204001D10420FEBD00208A
:10178000FEBD80B50A000021118072495288801880
:10179000FFF7B6FF02BD70B50F226F4B5C7905787D
:1017A0000F202040C5402009284001259C79C440D5
:1017B0002C4001D1032070BD2F4C2468254005D05A
:1017C0009D684600AD5B6D1E644E3560DD78DE7948
:1017D000C640F00711D5E0060FD5002D0DD06048AA
:1017E00048600888488008881C7800192A408018BA
:1017F0005A7880182A09801800E00020088000200C
:1018000070BD80B557480168574A0820014201D091
:1018100050611061C90602D5862109011160534942
:10182000534A126812040CD5524A1268530401D567
:10183000C00305E0C0239B0113404202934200D045
:1018400008600D480078C022024002D18020400587
:101850000860494800682022104008604748006836
:10186000C00101D4FFF705FF01BD00002C4000A816
:10187000703F00001C1002A8C83E0000F8B5404FA1
:1018800038687E6806403F4830403F490860802401
:10189000A4033E4DF00227D53D48016801200A0609
:1018A00005D53C490968A9602870022014E001426E
:1018B00002D03949A9600FE00020C9060CD528499B
:1018C000A960364A91780B071B0F12789A180909FC
:1018D0005118A980E880A888A880A888002801D08D
:1018E000264301E0FFF7C5FE264023D0264E746054
:1018F0003460A88800280BD0F969814208D3291DDB
:101900002748AA6890470100F3D0FFF7ABFEF1BD6E
:1019100001000CD0FC218902B161224902038A61D5
:1019200034604C60FA69824204D30C60F1BDEB2054
:10193000FFF7A4FEF1BD0000503E000001010101CF
:10194000F83E0000383F0000111100002184000023
:10195000F43E0000183F0000483F0000204000A86F
:10196000531F0000F84F0000302102A8441002A8C5
:10197000384101A8204201A8084001A8CC4000A895
:10198000B44000A8FFFFDFFFB46000A8543E000091
:10199000C83E0000EC370000671F0000493F000010
:1019A000D44000A8B45000A810B5C409FFF7D1FD79
:1019B000201A312806DAC000183801D4C01EFDD51F
:1019C000002010BD2000FFF7CEFD10BDC32148430D
:1019D0006F3801D41E38FDD500207047FEB5C020F9
:1019E000C0043649086036483649C8651024364870
:1019F00004601020FFF7EAFF00285ED1FF200005F9
:101A00003249086032483349086033482D4908603C
:101A100025042E480560314807680820FFF7D6FFE7
:101A200000284AD108262E4806600120FFF7CEFF85
:101A30002A48806802902B4806602B48214908609C
:101A4000224805600820FFF7C1FF002835D124484F
:101A500006600120FFF7BAFF204DA86801902148D9
:101A60000660184E214830600299019800F046F84F
:101A70000104FC208003084000900298C10B0198EB
:101A8000C00B00F03BF80006FC21890501400098DE
:101A9000014317480A0C4240FF239B1CD2181040F8
:101AA000084330602F60E003084908602868286018
:101AB00010480460104981640020FEBD20E000A8A9
:101AC000F71700002C0102A8401102A8B02002A8BC
:101AD0000000380EB01002A810103030E04001A80D
:101AE000E05001A8E06001A8303010102020202034
:101AF0003F3F0000402102A8F7FFF00010B5490465
:101B0000CA104004C310991A00209A18D30F9A18CB
:101B1000521052188B115B0E5B18DB11D218202368
:101B2000541A01D422001843CC0F611849105B08E5
:101B3000F6D110BDEFF3108072B67047002800D1C7
:101B400062B6704780B5FEF779FA002802D0B74830
:101B50000068804701BD80B5FEF7B2FAB44800685E
:101B600000030AD4FEF7FAFCFFF752FBFEF75BFC1A
:101B70000120FFF729FBFFF716F880208005FEF70C
:101B80003BFA01BD80B5FEF79BFA80204002FEF7CC
:101B900033FA01BDF8B5FEF721FA05209749086030
:101BA000FEF725FA964806680124264201D1FEF781
:101BB00074FBFEF785FA9F48016800919E4A4068D1
:101BC0001060B105C80F002126420FD000919B4B39
:101BD0005D6815601D689A4A17687B1BBD4202D379
:101BE0009769DB195B1C974FBB42F5D3964D296073
:101BF000002804D031000098FDF7DEFF009028682F
:101C0000204004D16846FEF774FB002802D10098FA
:101C1000FEF7C2FBA94804606004FEF7EDF9F1BDD0
:101C200038B5A74CE06BC00506D5802000062060C3
:101C300000BF00BF40082060FEF724FCFEF740FA1A
:101C4000FDF764FE05009F489F490860FFF77AFF93
:101C50008020C002FEF7D0F9002D01D08020206046
:101C600001209A49087031BDF8B5FEF729FA984F5E
:101C70002C20385C0521014002D0FEF7B7FA01E0C4
:101C8000FEF7C1FA8E4C0225F86A284001D00120E7
:101C900020601020C0438F4908600026A6638E484C
:101CA0000660FEF7CBF9002803D08C480068804717
:101CB00000E03E60FEF792F989480068E16B090494
:101CC00007D4000705D5FEF79FF986490D60FEF79A
:101CD000A4F9FEF78CF9FFF794FDA804FEF78CF940
:101CE000F1BD80B5FEF7ECF951480068000303D45C
:101CF000FEF799FBFEF757FF80204003FEF77CF9C3
:101D000001BD38B5FEF7DCF96D4C2025FFF73CFB33
:101D1000002806D0206B000704D5FFF75AFBFEF71A
:101D2000F7FF2560FEF77FFBFEF73DFF6E4800786A
:101D30000C210140042902D1FEF758FA01E0FEF718
:101D400062FA6804FEF758F94020206031BD1CB5E6
:101D5000FEF744F9052029490860FEF748F9FEF727
:101D6000AFF9FFF736FBB848006800906846FEF709
:101D70007FFF0400FFF7E6FE002C02D10098FEF77B
:101D8000EDFF80204004FEF737F913BDF8B5FEF7EC
:101D900097F9AE4C256A5020284002D0FEF726FA6B
:101DA00001E0FEF730FA464FFFF7EEFA00281BD1AC
:101DB000786B40071DD4386BE0214901014018D1F0
:101DC000A80611D4FEF70AF9256AA14E354207D0BC
:101DD000FF20C0432D182562802000059D49086022
:101DE000FEF705F92E4002D00120386001E0002006
:101DF000206080208004FEF7FFF8F1BD3C1102A8AE
:101E0000400002A880B5FEF75BF9934800684006E1
:101E100001D5FEF708FB0120FFF7D6F9FEF7C3FE58
:101E20008020C004FEF7E8F801BD0000DC370000A8
:101E30000C0002A8B83F00004C3E0000D43E000059
:101E400020C001A801FF0000483E000010B5264850
:101E50000468FEF735F981490968090328D403218C
:101E6000C00601D5214001E0A0080140012902D1AE
:101E7000FEF7BCF90BE0200107D50E20FFF7F2FBBF
:101E8000A7480421016008210160FEF7BCF9A54CB8
:101E90002069A5490860FFF755FE2068002807D093
:101EA0004000122802D2FFF791FD01E0FFF737FB57
:101EB00080208003FEF7A0F810BD0000402002A89B
:101EC000100002A870012000B46000A8773E000056
:101ED000C43E0000442002A8503E0000E03700004D
:101EE000844000A87CE40350F03E0000F8B584B0C4
:101EF00001266846067000270297FEF7E1F8039076
:101F0000564C2068000300D597E00320A849C86319
:101F100086480068FB25AD010F210F220240032AED
:101F200003D0000B014006294DD1A2480068A24908
:101F30008E6DE16B890701D59F49CE6DFFF755FB8B
:101F40008619FEF77BF800280ED02879C1060BD041
:101F50002868090D4143890B7618974909680029BB
:101F600002D10002400C3618002E01D5019700E086
:101F70000196606B0107C80F03212A6B0A40022AF1
:101F80001BD1039AD20618D5AA68D30513D5A66B20
:101F90008A4B1E409E4203D11021854AD1630CE03A
:101FA00092050AD4E26B2823134006D16B461F70BA
:101FB000284A116001E06A46177002906846067868
:101FC000002E03D10FE07C48406D0190FFF7DCF953
:101FD000002808D0FFF7FDF90298002802D0FEF78C
:101FE00097FE00E00026022071490860002E10D004
:101FF0003020285C0C210140042902D0A06BC006CF
:1020000002D5FEF7F3F801E0FEF7FDF8202060604E
:1020100013E0FEF708FA802000060E4908606848C1
:102020006849086001A8FEF723FE0400FFF78AFD57
:10203000002C02D10198FEF791FE80200004FDF7EC
:10204000DBFF05B0F0BD0000CC3F0000D03E00003B
:1020500000FFFF00441002A8440102A80C0002A8DF
:10206000FEB500240194FEF72BF8FFF76BFD564EEA
:10207000F06E564D0007000F072807D17068002842
:1020800004D40020FFF7A0F8286841E001210320D4
:102090004F4A73685B070BD44E4B1B680B4007D04D
:1020A0001368DF050BD55B0502D43368DB0503D469
:1020B0000191916A890904E01021474B1960916AE6
:1020C0000909084000900020FFF77EF800980028DA
:1020D00005D17068C00602D4FEF795F801E0FEF75E
:1020E00085F800200199002903D13C480068FFF7DA
:1020F0007CFA6969401801D5009400E000906846B8
:10210000FEF7F7F8002805D10098FEF745F9A86911
:102110000549086080200005FDF76EFFF7BD00004F
:1021200080E200E0AC3F00004C3E0000AC0002A8A2
:10213000F8B5FDF7C5FF002400252948066B802768
:102140007F05300606D5300709D5FFF742F9FEF7BF
:10215000DFFD29E001251F480068284019D0002034
:10216000FFF732F80220064002D01E490C60C86119
:102170001D480468002D03D02000FDF7A9FD0400D0
:10218000FFF727F92000FEF7E9FD3800FDF734FFDF
:10219000F1BD16480078C0210140402902D1FEF768
:1021A00025F801E0FEF72FF820200D490860ECE744
:1021B000082002A80CC101A86C3F0000100000100C
:1021C000FFFF7F7FB46000A8400002A8BC3F000072
:1021D000C83E0000B44000A8441002A81CC101A8D9
:1021E000100002A8180000AAD83F0000F03E00002E
:1021F00000F03CF802480349486000F052F800BF84
:10220000732A00000000000080B5EFF305800B2862
:1022100001D23A2100E02921FF221632002000F0ED
:102220003FFAFEE710B5C20018231340FF249C407C
:10223000E2438907090E9940030004D470489B08C3
:102240009B00C01806E0AD4B0007000F083880085F
:102250008000181803681A401143016010BD80B552
:1022600073225421002000F01BFA01BD10B5FFF7C6
:1022700061FC0121634A1160634B644A1360644A44
:1022800013600323634C2360634C2360634B19602A
:10229000634B19608023A44C2360D160FFF74EFC90
:1022A00010BDFFF747FC05000024012160B2FFF7D5
:1022B000B9FF641C0E2CF8D301210F20FFF7B2FFE9
:1022C00001211120FFF7AEFF01211320FFF7AAFF24
:1022D00001211720FFF7A6FF03210120C043FFF7CC
:1022E000A1FF01211B20FFF79DFF73487349086080
:1022F0007348C16AC16201680160022071490860C7
:1023000001208A49086047046F4C20693840FCD09E
:102310002068800101D4FDF748FE2800FFF70EFC7D
:10232000774D0AE000281BD0FDF76EFE18E020690B
:102330003840FCD03000FFF701FC206E0004000F95
:10234000022801D1FEF73AFAFFF7F4FB0600FDF789
:102350006BFE0028A878E5D0002801D1FDF75DFECE
:1023600001206978002909D12978002905D170490F
:102370000968890601D45349086030BF002169709B
:1023800029780029D6D102214E4A11606749086098
:10239000CDE76848016842680A40674810401B4919
:1023A0000860800703D5A4480188491C0180704754
:1023B00070B56248016840680840000E0006604938
:1023C00080221205104218D05E4B1C68641C1C60F1
:1023D0005D4C5E4D2D682D0407D5A568002D04D0F9
:1023E00007250D600125AC4E3560402525601B6832
:1023F000012B02D910238B62CA67886770BD000069
:1024000000E400E0040002A80000FF3F282002A82A
:102410002C1002A840E002A844C002A804C001A8F1
:10242000044001A8F8B5854C206B616B0140009118
:10243000834D0846286000988249014007D0FDF787
:10244000FDFD002803D00098944909688847802042
:10245000009901401CD0F821C90123680B4017D016
:10246000C0221201934213D880231B06EB62266818
:102470000E40944F3F683F043F0F022F01D0032FBF
:1024800003D1002E01D09642F1D38F490B60286012
:102490008E48007806280DDA0098CC218901014089
:1024A00008D0FFF747FB04000098FDF7B5FA2000BD
:1024B000FFF744FBF1BD0000FFFF9B0800E100E0D7
:1024C000E04001A85C2002A84C0002A810B580489A
:1024D000016844680C407F48046080210C4205D0AC
:1024E00041607D4801600020FDF796FA600403D545
:1024F000802040057949086010BD00001CED00E017
:10250000763E000038B57648016844680C40E00724
:1025100007D5FFF70FFB0500FDF714FB2800FFF7B9
:102520000DFB7048046031BD505201A85C1002A838
:10253000F40302A8280002A8FFFF00C0B44000A8CE
:102540003C6000A8703E00002C4000A8384101A863
:10255000FEB5654C206C666C064001273E4216D0E5
:102560003D0662480560206861490F60002802D07E
:102570000021FDF7A5FC5F480068A021C901884241
:102580008041C043C00F5C4988705C480560FDF71E
:102590003BFD029002210E4049D06068C2B2019218
:1025A000000A009008224B4B4C03554D0020019E21
:1025B000012E27D0022E38D1009E012E24D1EE7894
:1025C0000096504E2F780C2047430020F051287879
:1025D000400590277F04C719032038434A4F3860CD
:1025E0001C604A480460301D2B780C246343484C1F
:1025F0002468009FE419C45028780C2358433150B4
:10260000444811E00091DCE7002E0ED1424E3760C5
:102610003C4E361D2D780C277D4370515C601C604C
:10262000C8043E4B18603E48026031480160029881
:10263000FDF7F3FCF7BD0000743E00001C4201A84A
:102640004C6201A80200060070B5FDF7DDFC040035
:10265000FFF770FA2C490A68D20717D5294A121DCC
:10266000304B5D7A0C2675435659294D2D681E60F6
:10267000CE685E604968D9818021C9041B4E3160F3
:10268000197B69185B7A0C256B43D150FFF756FA1A
:102690002000FDF7C2FC70BD3C5000A8D8370000F8
:1026A000002800D0704710B50C00FDF7ADFC1E49A6
:1026B0000C6001221D4B1A600B6C1340FCD1FDF71E
:1026C000ACFC10BDAC0002A8785201A8403E00004E
:1026D00090C001A890E001A80CC001A804ED00E0A2
:1026E00090C000A890E000A800C002A8401002A876
:1026F00040E002A8404000A8763E0000402002A82A
:102700008D3E0000300000A860C101A894D001A84F
:10271000200000A8F42302A860E101A880E200E004
:10272000F41302A8843E0000008002A8409002A892
:10273000232D302B2000686C4C00656667454647AA
:10274000003031323334353637383941424344452D
:10275000460030313233343536373839616263649C
:1027600065660062675F6D6573736167652072659A
:10277000636569766572730062676275660061639E
:102780006C006C6C5F636F6E6E656374696F6E0076
:102790006C6C5F6164765F736574006C6C5F76610E
:1027A0006C696461746F720062675F6D65737361F9
:1027B000676500736F66745F74696D65725F6D65E0
:1027C0007373616765006C6C5F6164765F73796ECB
:1027D00063006C6C5F7363616E5F73796E63006737
:1027E00061705F706572696F6469635F61647600D0
:1027F0006761705F706572696F6469635F73796E3A
:1028000063006C326361705F636F635F6368616E06
:102810006E656C006D626564746C735F636F6E747B
:1028200065787400782704007E270400822704005E
:10283000902704009B270400A8270400B327040066
:10284000C6270400D2270400DF270400F027040075
:10285000022804001428040062676275665F696ECE
:102860000062676275665F6F7574006267627566A5
:102870005F6E6F666C6F770062675F6D616C6C6F27
:10288000630000000D000300020001000500E69D4A
:10289000350E480103CCDBFDF4AC1191F4EFB9A582
:1028A000F9E9A7832C5E2CBE97F2D203B020008BEF
:1028B000D28915D08E1C742430ED8FC24563765CAE
:1028C00015525ABF9A32636DEB2A65499C80DC0031
:1028D0006C888391AAF5A53860370BDB5A6083BEFC
:1028E00000000001000100050100050202030002D2
:1028F00000000000000205010005000001000100C9
:1029000000010001020203000200000000000202B8
:102910000100020009FF0200E1F9020015D30300E3
:1029200083D2030019CC0300B9F7020005F70200B7
:102930005DF5020077D00300CFC6030075FB0200EF
:102940009DF00200E9EE0200CDCF03005FCF03004F
:1029500007CF030065CE0300B1CC030069EC020091
:1029600095EA02004DEB0200D3C6030039E80200ED
:10297000BF01FB9D4EF3BC36D874F5394138684C25
:102980008BD28915D08E1C742430ED8FC2456376AE
:102990005C15525ABF9A32636DEB2A65499C80DC04
:1029A000E69D350E480103CCDBFDF4AC1191F4EF4C
:1029B000B9A5F9E9A7832C5E2CBE97F2D203B0200B
:1029C0003F49F6D4A3C55F3874C9B3E3D2103F5072
:1029D0004AFF607BEB40B7995899B8A6CD3C1ABD29
:1029E000EC31040000000000582A0400010000003F
:1029F0006A6625D900F04902EC31040000000000AD
:102A00007C2A0400010000004E667ECC00F04902E2
:102A1000EC31040000000000A02A040001000000C6
:102A2000C15A6F0400F04902EC31040000000000BC
:102A3000C42A040001000000358742EB00F049027F
:102A4000EC31040000000000E82A0400010000004E
:102A50006EF10B1B00F049020C2B0400809C2B8FA5
:102A600080841E000000000027005200E82C002097
:102A700000000000A4350400000000006C2C0400DD
:102A8000809C2B8F80841E000000000027005200D5
:102A9000E82C002000000000A43504000000000025
:102AA000CC2D0400809C2B8F80841E000000000031
:102AB00027005200E82C002000000000A43504008C
:102AC000000000002C2F0400809C2B8F80841E00AF
:102AD0000000000027005200E82C00200000000049
:102AE000A8350400000000008C300400809C2B8F6F
:102AF00080841E000000000027005200E82C002007
:102B000000000000AC35040000000000FC4F010391
:102B10001434040010400100004100003C4001005A
:102B20000000000048400100200704005040010060
:102B3000000000005C4001000D0F00000441010096
:102B4000FF4C000020400301000000861FC0010070
:102B5000002000003840010100000000584004013E
:102B60001800050040080000090000009200040061
:102B700080400F018C002C020000000012001200A7
:102B800000808C19000000000002050E1C2F43532A
:102B9000626968615543320416100E0E0D0C0A0866
:102BA00007060504030302020201010101010100FD
:102BB000EC40010180B0B18CFC4003019C200B0073
:102BC000055B60804737414A0C410301B85512004C
:102BD0002A1949290908404028410101FFDD000068
:102BE000384107014CD4E83B04196F10080E141A41
:102BF00020262C32383E10325476980A1D000000F0
:102C000070410101C0030000344201010008000EC0
:102C10004842010158AA1EC078420101000000800C
:102C200038800101114910009C800301EB40020033
:102C300070380300D0000000A8800111F0010000EE
:102C4000A8800131055AFD01AC800111F00100009E
:102C5000AC800131053EFD00E40001026C2C5111F5
:102C600054010102C43F0000FFFFFFFFFC4F0103BE
:102C70006434040010400100004100003C400100A9
:102C800010000000484001002007040050400100EF
:102C9000000400005C4001000D0F00000441010031
:102CA00003C0010020400301300000461FC801009E
:102CB00000200010384001010000000058400401CD
:102CC00018000500400800000900000092000A00FA
:102CD00080400F018C002C02000000001200120046
:102CE0005B808C1B000000000002050E1C2F43536C
:102CF000626968615543320416100E0E0D0C0A0805
:102D0000070605040303020202010101010101009B
:102D1000EC40010180B0B18CFC4003019C200A0012
:102D200001612080B75635120C410301B8551200DD
:102D3000A01B042908884040284101010000000030
:102D4000384107014CD4E83B04196F30080E141ABF
:102D500020262C32383E10325476980A1D5F00002F
:102D60007041010100000000344201010008000E22
:102D700048420101F4811F00784201010000000077
:102D800038800101114910009C800301EB400200D2
:102D900070380300D0000000A8800111F00100008D
:102DA000A8800131055AFD01AC800111F00100003D
:102DB000AC800131053EFD00E40001026C2C511194
:102DC00054010102C43F0000FFFFFFFFFC4F01035D
:102DD000B434040010400100004100003C400100F8
:102DE000100000004840010020170400504001007E
:102DF000010400005C4001000D0F000004410100CF
:102E000003C0010020400301300000461FC801003C
:102E1000002000103840010100000000584004016B
:102E200018000500400800000900000092000A0098
:102E300080400F018C002C020000000012001200E4
:102E40005B808C1B000000000002050E1C2F43530A
:102E5000626968615543320416100E0E0D0C0A08A3
:102E6000070605040303020202010101010101003A
:102E7000EC40010180B0B18CFC4003019C200A00B1
:102E800001612080B75635120C410301B85512007C
:102E9000A01B0429088840402841010100000000CF
:102EA000384107014CD4E83B04196F300A10161C56
:102EB00022282E343A4010325476980A1D5F80A49E
:102EC0007041010100000000344201010008000EC1
:102ED00048420101F4811F00784201010000000016
:102EE00038800101114910009C800301EB40020071
:102EF00070380300D0000000A8800111F00100002C
:102F0000A8800131055AFD01AC800111F0010000DB
:102F1000AC800131053EFD00E40001026C2C511132
:102F200054010102C43F0000FFFFFFFFFC4F0103FB
:102F30000435040010400100014100003C40010044
:102F40000000000048400100A007040050400100BC
:102F5000000000005C40010000000000044101008E
:102F6000FF4C000020400301000000861FC001004C
:102F7000006000003840010100000040584004019A
:102F80006402FF00400800000100000092000800F9
:102F900080400F018C000C0200000000D7032200CB
:102FA00000000000000000000002050D1A2D3F5037
:102FB0006068696357463525150D0908070605053C
:102FC00004040403030303020202020201010101DB
:102FD000EC40010190382C8CFC4003019C200A003D
:102FE000055B58804737414A0C410301B8555200F0
:102FF0002A194929893B404028410101FFDD000091
:1030000038410701E853FA0000000000000000000A
:1030100000000000000000000000000000000000B0
:1030200070410101C1030000344201010000000EA3
:103030004842010158AA1EC0784201010000000068
:1030400038800101114910009C800301000000003C
:1030500070780300FFC00200A8800111F001000099
:10306000A88001310542CB01AC800111F0010000C4
:10307000AC800131050A0D00E40001026C2C5111F5
:1030800054010102C43F0000FFFFFFFFFC4F01039A
:103090005435040010400100014100003C40010093
:1030A0000000000048400100A0070400504001005B
:1030B000000000005C40010000000000044101002D
:1030C000FF4C000020400301000000861FC00100EB
:1030D0000060000038400101000000405840040139
:1030E000C804FF0040080000010000009200040036
:1030F00080400F018C000C0200000000B60322008B
:1031000000000000000000000002050E1C2F4353C9
:10311000626968615543320416100E0E0D0C0A08E0
:103120000706050403030202020101010101010077
:10313000EC40010190E82B8CFC40030190200A0038
:10314000055B58804737414A0C410301F562520044
:103150002A194929893B404028410101FFDD00002F
:1031600038410701E853FA000000000000000000A9
:10317000000000000000000000000000000000004F
:1031800070410101C1030000344201010000000E42
:103190004842010158AA1EC0784201010000000007
:1031A00038800101552510009C80030100000000BB
:1031B00070780300D0000000A8800111F001000029
:1031C000A88001310542CB01AC800111F001000063
:1031D000AC800131053EFD00E40001026E2C51136C
:1031E00054010102C43F0200FFFFFFFF0C40010039
:1031F00001810100204002000000000001000000E9
:10320000304003000000000000000000000000004B
:10321000404002000000000000400000604001004B
:1032200001010000A840010007000000BC400400AC
:10323000000000000000000000000000000000008E
:1032400008410300FF4C0000FF4D0000FF4D00004F
:1032500020C0011000F8070020C00130F50208006E
:1032600024C00110FF00000024C001300013000042
:1032700028C00700EC80B38343754051A00F00487D
:103280003040000000000000000000002E0200009E
:1032900050C00400511130040E2D09E654060708F1
:1032A000D1B6020064C00A000430001C4030180986
:1032B0000D647920EBFCFB017FF6E803BD4B721532
:1032C00011A3180510325476980A0000000000007F
:1032D000080001010807000018000101AAAAAA00BD
:1032E000200001010060DA001C4001011000000014
:1032F0002C400301008000000000000300000000DB
:10330000684002012941767100000000BC400201C2
:103310000000000000000000E04002013300000057
:1033200000000000F4400201640483078813C83AD7
:103330002441010100000000304102016406660CD6
:103340000C0100005441010101010000684102012B
:1033500064048307881382003042010100000000EA
:103360003842020100000000000000004442010158
:1033700000000000544209010000000000003C0071
:1033800000000000000000005555555517000000D2
:103390000000000000000000AAAA06007C42020112
:1033A0000000000000000000108001010300000088
:1033B0003C80010101000000B08002010003000216
:1033C0003700000198000202000C00044C000000CD
:1033D000A400010200040000D0000202050040AA7F
:1033E00088010000F4000202000000003D210811E5
:1033F000FC0001123F000000FC00013200540400F8
:103400003001010260005102680101020004000065
:10341000FFFFFFFF1200000000008000000000001E
:10342000583604000836040000000000802596008D
:103430000048E80140420F000108F5001149500220
:1034400000000000B0350400000000000000000093
:10345000000000003E420F000000000000000000DD
:1034600000000000120000000000800000000000CA
:10347000583604001836040000000000802596002D
:103480000048E80140420F000108F50011495002D0
:1034900000000000B0350400000000000000000043
:1034A000000000003E420F0000000000000000008D
:1034B000000000001200000000008000000000007A
:1034C00058360400283604000000000080259600CD
:1034D0000048E80140420F000102F5001149500286
:1034E00000000000B03504000000000000000000F3
:1034F000000000003E420F0000000000000000003D
:103500000000000012000000000080000000000029
:1035100058360400383604000000000000478600DA
:103520000048E80180841E000101F50011495002A5
:1035300000000000B03504000000000000000000A2
:103540000000000055841E00000000000000000084
:1035500000000000120000000000800000000000D9
:103560005836040048360400000000008417430069
:103570000024F40040420F000101F50055255003DE
:1035800000000000B0350400000000000000000052
:103590000000000038420F000000000000000000A2
:1035A000000000000300000003020000030100000F
:1035B0000200000000F049020614000000E093043D
:1035C00005380000A00800000000580901040706A3
:1035D000100A01040707C80A00040807800B00044A
:1035E0000808380C00040908610800000000680899
:1035F00000000000C709010404032C0B01040404AB
:10360000920C01040504000050C30000E62D0000E8
:10361000D0070000D0070000F5DA020010270000F4
:103620002C0100002C010000E5BF00001027000065
:10363000C2010000C201000050C30000501400008D
:10364000FA000000FA00000050C30000FC21000056
:10365000B3010000B3010000193F0106041001008E
:103660000001010600102700000C0000000000000F
:043670000000000056
:0836740078EDFC7F010000006D
:0C367C0088360400202B00209F00000076
:103688000000000000000000FFFF0000302B0020B9
:103698007C0E002020EF0300020100007D2A0100BB
:1036A8000000000000000000000000000000000012
:1036B8000F1000007C0E0020330000004D2B01008D
:1036C800E8030000C0EA2101C0EA210100800000EF
:1036D80000F04902782B00200040070000A00000FD
:1036E800E0110020C8000000FE00000000000000FB
:1036F80034F00300C80A002059AA030000000000A3
:103708000100000000000000100000001000000090
:10371800E915020000000000D12F0200000000009F
:1037280000000000000000002B99030000000000CA
:10373800F53A020000000000000000000000000050
:10374800A13A020000000000000000000000000094
:10375800693B0200000000000000000000000000BB
:103768001D3E0200000000000000000000000000F4
:10377800B14402000000000000000000FFFFFFFF4E
:10378800199B030018F70300FFFFFFFF2CF7030046
:1037980009A1030005A10300FFFFFFFF0DA103001E
:1037A800FFFFFFFFEBA5030055A60300FFFFFFFF88
:1037B800FFFFFFFFFFFFFFFFFFFFFFFF2F2A0000B4
:1037C8000000000003000000D0250020702C00201D
:1037D80000000000D025002038260020A026002068
:1037E80000000000000000000000000000000000D1
:1037F80000000000000000000000000000000000C1
:1038080000000000000000000000000000000000B0
:1038180000000000000000000000000000000000A0
:1038280000FFFFFFFF0000001BBD03001FBD0300DA
:1038380023BD030027BD0300000000003906030074
:103848000000000000000000FFFFFFFF0000000074
:10385800200004000000000000000200100000002A
:103868000000000000000000000000000000000050
:103878000A0001000000000002000A0008003030C1
:1038880030303030303000000200050003003030A6
:1038980030000000020008000500302E302E3000F5
:1038A8000000020008000000000000000000000006
:1038B8000A000100000000001200010001000000E1
:1038C800FFFFFFFF0400080702001700FFFF0C00BE
:1038D80000000000FF1F04010101BF8FAF7F8700B8
:1038E800370F10100004040F05140A0A03010FFF14
:0C38F8000CFF0F7FC9230100A123010079
:0400000310003101B7
:00000001FF
