S013000062745F736F635F656D7074792E733337D9
S214012000C80A002001310100C3080300C308030009
S21401201055210300C3080300C3080300C3080300D7
S214012020C3080300C3080300C3080300C308030072
S214012030C3080300DCEF030007220300C308030004
S214012040C3080300C3080300C3080300C308030052
S214012050C3080300C3080300C3080300C308030042
S214012060C3080300C3080300C3080300C308030032
S214012070358B0100C3080300C3080300E12B0100F0
S21401208015080300C3080300C3080300C3080300C0
S214012090C30803000D390100C3080300C308030089
S2140120A0C30803006924010001350100C3080300C9
S2140120B0C3080300C9A90200C308030021B4020033
S2140120C0C5A80300C1A80300FDAB0200DBA80300FE
S2140120D0C9A80300F1B30200CDA8030061B4020051
S2140120E0358A0200F98B0200CDB40200C308030052
S2140120F0C3080300C3080300C3080300C3080300A2
S214012100C3080300C3080300C3080300C308030091
S214012110C3080300C3080300C3080300C308030081
S214012120C3080300C3080300C3080300C308030071
S214012130C3080300C3080300C3080300C308030061
S21401214082B030BF074BD3F8F030DB0704D500234D
S2140121500193019B052B01DD02B07047019B013302
S214012160F6E700BF00ED00E0F0B5114A114C124E43
S21401217000F00105E3695F0713D40DB9334213D1AB
S21401218003EA00078F4207D10B4A1A40002A0CBF08
S21401219000206FF00100F0BD013AEBD16FF00200B4
S2140121A0F9E74FF0FF30F6E76FF00100F3E700BF05
S2140121B08096980000000350020001000B4B70B59A
S2140121C0D96911F480310DD101244FF48072084E83
S2140121D0084DF46020462C641A61FFF7C5FF34648D
S2140121E0EC6070BD6FF00100FBE700BF000003501C
S2140121F000100350002003504FF4003238B50F4B47
S2140122000F4C9A6641F671330122E569E3630D4B83
S2140122100021DA60022360612120236105F4803504
S214012220FFF7A2FF10B92120FFF79EFF0122064B00
S214012230DA600DB10023E36338BD00BF00900050A3
S21401224000000350001003500020035070B5134CDB
S2140122506061E3695B071ED40E4656F8043B8D1891
S214012260A361AE420BD10423002121202361FFF795
S2140122707BFF58B9BDE870402120FFF775BF0821E4
S2140122800846FFF771FF10B10423236170BD56F8AD
S214012290043BA361E5E74FF0FF30F7E7000003508A
S2140122A02DE9F84315464FF40032184B89469A66D5
S2140122B041F6713203F51C33DF69DA630122064603
S2140122C003F58053DFF84C8007F48037DA6055B9A0
S2140122D0284601220E4BDA601FB10022A3F50053F7
S2140122E0DA63BDE8F88306F5005404EA0804A41B83
S2140122F0AC4228BF2C46494622463046FFF7A6FF89
S2140123000028E6D12644A1442D1BE0E700900050AA
S2140123100020035000E0FFFF000000000000000066
S21401232007B588B10BA3D3E900230949C1E9022304
S214012330CDE900234FF0FF324FF0FF33086927F055
S2140123408DFC03B05DF804FB00220023EDE700BF1F
S214012350500B00200DD50155200000000348044B0A
S214012360834202D0034B03B1184770479C2D0020CF
S2140123709C2D002000000000064B0749C91A891051
S21401238048BF0131491003D0044B0BB1014818472F
S214012390704700BF9C2D00209C2D002000000000EF
S2140123A010B5064C237843B9FFF7D8FF044B13B199
S2140123B00448AFF300800123237010BD06280020D7
S2140123C0000000007436040008B5054B1BB1054932
S2140123D00548AFF30080BDE80840FFF7CDBF00BF5A
S2140123E000000000A80D002074360400A3F5803A12
S2140123F0704700BF174B002B08BF134B9D46FFF7D6
S214012400F5FF00218B460F461348144A121A28F08E
S21401241023FB0E4B002B00D098470D4B002B00D012
S21401242098470020002104000D000D48002802D026
S2140124300C48AFF3008019F0F3FB200029001EF0D2
S21401244072F919F057FA00BF0000080000000000FA
S21401245000000000C80A0020C80A00204029002009
S2140124600000000000000000044B0120D3F82024E7
S21401247003F50053C3F8202411F0D8BD00C0035063
S2140124807FB50368AD4A23F47F4323F007039342E5
S21401249000F09C810DD8AA4A934200F0DF8002F139
S2140124A08072934200F0E680A64A934229D004B097
S2140124B070BDA54A934200F0698102F180629342A1
S2140124C0F5D1B0F805001B28F1D10DF10B0301225F
S2140124D00093002103AB0EF043FF9DF80B20102361
S2140124E0002A00F02881994A13611EF09CF91EF01B
S2140124F09BF9974B9DF80B20964918681FF093F8A7
S214012500D5E7954E304611F0B5FD054618B3904C0B
S214012510924920681FF087F8914920681FF083F8D8
S2140125201EF081F91EF080F98E4B8F4A00938F4979
S2140125306F2320681FF077F88D492B468D4A206857
S2140125401FF071F8284600F061FC8B4920681FF0E7
S2140125506AF800BEFDE70221307811F0C5FD044699
S21401256018B37B4D7D4928681FF05DF87C492868C3
S2140125701FF059F81EF057F91EF056F9794B7A4AB2
S21401258000937A49742328681FF04DF8784923464A
S214012590784A28681FF047F8204600F037FC76494D
S2140125A028681FF040F800BEFDE7A0220090034611
S2140125B01146307811F078FD054618B3644C67492A
S2140125C020681FF030F8664920681FF02CF81EF0CE
S2140125D02AF91EF029F9634B634A009363497D2368
S2140125E020681FF020F862492B46624A20681FF0D7
S2140125F01AF8284600F00AFC5F4920681FF013F815
S21401260000BEFDE70221307811F082FD0546002864
S2140126103FF44DAF4E4C514920681FF004F8504925
S21401262020681FF000F81EF0FEF81EF0FDF84D4B76
S2140126304D4A00934D49812320681EF0F4FF4C4912
S2140126402B464C4A20681EF0EEFF284600F0DEFBC3
S214012650494920681EF0E7FF00BEFDE71EF0E3F8DB
S2140126601EF0E2F83A4B4549186804B0BDE87040E0
S2140126701EF0D9BF364C1EF0D6F81EF0D5F84049EC
S21401268020681EF0D0FF0022334E3E4B02213078E8
S2140126901A7011F029FD054610B3304920681EF066
S2140126A0C2FF2F4920681EF0BEFF1EF0BCF81EF0C8
S2140126B0BBF82C4B2C4A00932C49952320681EF01E
S2140126C0B2FF2B492B462B4A20681EF0ACFF28464A
S2140126D000F09CFB284920681EF0A5FF00BEFDE720
S2140126E00221307811F014FD054600283FF4DFAED4
S2140126F01A4920681EF097FF194920681EF093FFBB
S2140127001EF091F81EF090F8164B174A00931749E1
S2140127109A2320681EF087FF15492B46154A206824
S2140127201EF081FF284600F071FB134920681EF059
S2140127307AFF00BEFDE7144AD6E600BFA0000103FB
S214012740A0000600A0000100A0000A0300D003506C
S214012750E40E002055EB0300742D002027EB030048
S214012760D0EA0300C9EB0300D5EA0300DEEA030062
S214012770EDEA0300EAEA030002EB030013EB0300B1
S21401278029EB03000728002000E00350B0F80530CD
S2140127901D2B7FF48CAE03891A4E13F001041A4DDB
S2140127A00AD01EF040F81EF03FF8184930681EF0B7
S2140127B03AFF01232B707AE61EF035F81EF034F846
S2140127C0134930681EF02FFF2C7070E64468012C08
S2140127D07FF46DAE0F4B22465B6F0021C3F3C0132F
S2140127E08DF80C301D2003AB0EF0EAFD064B1B786E
S2140127F0002B3FF45CAE214603AA1D200EF00CFE12
S21401280055E600BFE40E00200728002060EB030019
S21401281093EB030000C003500022014B1A8070475F
S214012820CC27002030B503687E4A23F47F4323F08B
S2140128300703934289B040F0F38006220021162058
S214012840794B0EF0BDFD044618B3784D78492868DB
S2140128501EF0E9FE774928681EF0E5FE1DF0E3FF4D
S2140128601DF0E2FF744B754A009375496C23286886
S2140128701EF0D9FE73492346734A28681EF0D3FE1C
S214012880204600F0C3FA714928681EF0CCFE00BE4F
S214012890FDE70146082212206D4B0EF091FD04461D
S2140128A018B3624D624928681EF0BDFE614928686A
S2140128B01EF0B9FE1DF0B7FF1DF0B6FF5E4B5F4A76
S2140128C000935F49782328681EF0ADFE5D492346D4
S2140128D05D4A28681EF0A7FE204600F097FA5B497D
S2140128E028681EF0A0FE00BEFDE701460322142064
S2140128F0584B0EF065FD054618B34C4C4C49206804
S2140129001EF091FE4B4920681EF08DFE1DF08BFFD8
S2140129101DF08AFF484B494A00934949862320689F
S2140129201EF081FE47492B46474A20681EF07BFE73
S214012930284600F06BFA454920681EF074FE00BE7A
S214012940FDE70DF10F0104A811F006FC044618B3CB
S214012950364D374928681EF066FE364928681EF04F
S21401296062FE1DF060FF1DF05FFF334B334A00939C
S2140129703349952328681EF056FE32492346324ACB
S21401298028681EF050FE204600F040FA2F492868BD
S2140129901EF049FE00BEFDE7BDF8143001465BBAE5
S2140129A0ADF818309DF8133008228DF81A30FF2341
S2140129B08DF81B30FE238DF81C309DF81230182040
S2140129C08DF81D30BDF810305BBAADF81E3006AB81
S2140129D00EF0F6FC054618B3144C154920681EF097
S2140129E022FE144920681EF01EFE1DF01CFF1DF07D
S2140129F01BFF114B114A00931149A52320681EF0B5
S214012A0012FE10492B46104A20681EF00CFE28467E
S214012A1000F0FCF90D4920681EF005FE00BEFDE73A
S214012A2009B030BDA000010049EC0300E40E00200F
S214012A3027EB0300D0EA030009EC0300D8EB030000
S214012A40DEEA0300EDEA0300EAEA030002EB030014
S214012A5041EC03003EEC0300064B1B681A7A022A7F
S214012A6004D812B11B68044A13607047032AF9D0D0
S214012A70704700BF2C2B0020C00D002070B5274DDD
S214012A80A8B012AC0FCD0FC495E80700032384E865
S214012A9007008DF861302923214A2249CDE9032315
S214012AA0214B0024CDE905134FF4807307934FF4AF
S214012AB0A023CDE909440B94089319AD08AE0FCEB7
S214012AC0CDE90E4410940FC5184B0DAE2B60184B74
S214012AD01EAD0D930FCE0FC52020164B19A92B60E6
S214012AE0154B12AA2393154B2694CDE92403144BB8
S214012AF014482793144B009303AB05F009FC0446D6
S214012B009DF897304FF4E130002B0CBF03210021D4
S214012B101DF0C9FE204628B070BD00BF28EF030097
S214012B2000000650000500060008000724000650B5
S214012B30020005003C0006500828002000010100A4
S214012B40402B00207C0E0020C40D0020831E012B8C
S214012B5010B50C4619D801290DD8184B04221B694B
S214012B6005210020C3F3401303F08AFB24B1144B64
S214012B7018680368F3B910BD114B18680368002B79
S214012B80F9D0BDE8104005F091BB8B1E012B0CD887
S214012B900128F0D8BDE810400022084B05211B692A
S214012BA01046C3F3401303F06BBB0029E4D00129A0
S214012BB0DDD0E0E7BDE810401EF004BF00C00350C2
S214012BC0542B002008B50449044805F097FDBDE8DC
S214012BD00840FFF753BF00BF582B0020A40E00206B
S214012BE001481EF074BF00BF7C0E0020014B5A6ADC
S214012BF0186810477C0E0020044B834205D1044B15
S214012C001B7813B1C8B211F097BA7047AC0E00200A
S214012C102828002030B5002503685A4A23F47F434C
S214012C2023F0070385B0934204460295ADF80C5095
S214012C3000F0828002F1C06202F5802293420DD03C
S214012C40514A934240F09C80504B1B78002B00F079
S214012C50978005B0BDE830401FF0D1BAB0F8053016
S214012C60212B40F08D80FF2304A91A4611E90300A9
S214012C701DF0D2FD012814BF41F2FC15434B05F0AF
S214012C80FC0208BF1870212120790EF0AFFB054623
S214012C9018B33F4C3F4920681EF0C5FC3E492068EA
S214012CA01EF0C1FC1DF0BFFD1DF0BEFD3B4B3C4AB6
S214012CB000933C49592320681EF0B5FC3A492B463F
S214012CC03A4A20681EF0AFFC284600F09FF83849C3
S214012CD020681EF0A8FC00BEFDE736490090237967
S214012CE0354A0968354800F0EDF80546002847D012
S214012CF0274C284920681EF096FC274920681EF0BC
S214012D0092FC1DF090FD1DF08FFD244B244A00938C
S214012D102449622320681EF086FC23492B46234A59
S214012D2020681EF080FC284600F070F820492068D4
S214012D301EF079FC00BEFDE7B0F80530B7EE047A68
S214012D4007EE903AF8EE677AB0F8073067EE877AC2
S214012D50013307EE103AB8EEC77A67EE877AB1EE1E
S214012D60047A67EE877AFAFE677AFCEEE77A17EE60
S214012D70903AB3F57A7F38BF4FF47A730D4A1360F1
S214012D8005B030BDA0000602A000060128280020DC
S214012D90E40E002027EB0300D0EA0300B5EF0300A2
S214012DA044EF0300DEEA0300EDEA0300EAEA03006B
S214012DB002EB0300602B0020F92B0100AC0E002073
S214012DC0012208B5074B1A700022074B1A7004221D
S214012DD0064B1A701F22064B1A7004F049FF054B6A
S214012DE0186008BD772D002029280020762D0020A8
S214012DF0752D0020E40E0020024B034918681EF0D2
S214012E0012BC00BFE40E0020D5EF030070B50C4CD9
S214012E100C49064620681EF006FC04F029FF05460C
S214012E20206804F019FF3046FFF7E6FF284604F055
S214012E3013FF20680449BDE870401EF0F4BB00BFD4
S214012E40E40E0020D7EF0300D9EF030038B505469E
S214012E502BF02EFC00230B4A14685CB1AC4206D161
S214012E60A96A6BB199622BF01EFC012007E023468C
S214012E70A46AF2E7002DF3D02BF015FC204638BDEE
S214012E801160F0E7E80E002010B50446B0B12BF053
S214012E907FF92046FFF7DAFF10B194F82C300BB912
S214012EA0002010BD064C2368002BF9D02BF000FC47
S214012EB02368013B23602BF0F6FBF1E72220F0E7C5
S214012EC0EC0E00202DE9F04385B005469146984664
S214012ED00E469DF8307009B9002F5CD12846FFF7E1
S214012EE0D3FF0446002836D185F82C00686305F028
S214012EF0DFFD864233D92BF0DFF92146844640F2C6
S214012F00E7304FF47A720023E6FB0C0118F062FBFF
S214012F104FF0FF32002318F05DFB2B46E886114682
S214012F202846CDE900441D4A2BF060FD044690B9C1
S214012F30C5E9089885F82D702E632BF0B9FB184A61
S214012F40136833B31A469B6A002BFBD195620023A4
S214012F50AB622BF0A8FB204605B0BDE8F08347B175
S214012F602B4631462846CDE900440C4A2BF0F6F9AB
S214012F70DCE7304603A92BF0A5F904460028EAD180
S214012F802B462846CDE90077044A03992BF00AFD23
S214012F90CCE71560DBE72124DDE700BFA52F0100A4
S214012FA0E80E002091F82C3013B50C4683B98B8EB1
S214012FB0CA8E93420ED243B9CDE9003320460B4662
S214012FC0124A4FF0FF312BF0D1FCA38E0133A386BA
S214012FD002B010BD52B191F82D3093B10123009388
S214012FE0D1E908232046096BFFF76CFF012384F81B
S214012FF02C30074B1A6801321EBF1A6801321A605C
S214013000E6E708462BF0C4F8F0E700BFA52F01005D
S214013010EC0E00202DE9F041154E336833B34FF026
S2140130200008144F2BF044FB05463C6824B928469B
S214013030BDE8F0412BF037BB94F82C30A3B13368D0
S21401304084F82C8013B13368013B336094F82D303B
S21401305013B92046FFF7FAFE28462BF024FBD4E9E5
S214013060083120469847DDE7A46ADFE7BDE8F0812E
S214013070EC0E0020E80E0020034B1B68002B14BF4B
S21401308004200120704700BFEC0E0020024B186898
S214013090B0FA80F040097047EC0E002008B50348EE
S2140130A02BF0E7FBBDE808401DF06ABBE4F0030027
S2140130B001482BF0DEBB00BFE4F0030007B5082093
S2140130C01DF023FC0222064B6846CDE900231DF0C5
S2140130D0AEFB082003B05DF804EB1DF021BC00BF79
S2140130E0006A18100348044A0449121A92101DF087
S2140130F0E9BB00BF40210100202301004029002038
S21401310008B5154B83F30A8800F030F8FFF7EAFF9D
S214013110124B13498B4212D30020124B12498B4299
S21401312018D3FFF767F9186850F82240586840F836
S2140131302240013298688242F5D30C33EAE7002236
S214013140F8E71C6844F8220001325C68A242F8D312
S2140131500833E4E70022F8E7080000207C36040084
S2140131608836040088360400883604004FF400418F
S214013170134B144A70B59A60D3F88820124D42F466
S2140131807002C3F88820114A05F5005491664FF085
S214013190FF3222664FF6DF7262660222C3F8D02043
S2140131A0BFF34F8FBFF36F8F4FF44036032004F009
S2140131B045FD0320E66004F025FD2E6170BD00BFCD
S2140131C000ED00E000200100008000440090005067
S2140131D0014B1860704700BF682B0020054B186034
S2140131E0054B1B6F03F00703032B01D12AF042B9ED
S2140131F0704700BF702B00200080005000239B6AA0
S214013200B3F5903F03D21968064A914203D00023D2
S214013210037083607047012202709A689B6942605E
S214013220F7E700BF07B0CD5E00239B6A10B5B3F584
S214013230903F11D219680A4A91420DD1094C227861
S21401324012F0FD0F01D0002010BDDB699847002861
S214013250FAD101232370F6E74FF48170F4E700BF3B
S21401326007B0CD5E2A280020024B034A1A601EF0E2
S2140132708AB900BF0000002002020FF0BFF34F8F93
S2140132800549064BCA6802F4E0621343CB60BFF3FC
S2140132904F8F00BFFDE700BF00ED00E00400FA0518
S2140132A0002307B5294801932BF0E3FA4FF4407346
S2140132B0012204216846ADF8003000F095F801229D
S2140132C0234B0520C3F8442401A92BF0CDFA00288E
S2140132D039D1204BD3F8F02042F00102C3F8F02098
S2140132E0D3F8FC2042F08072C3F8FC201A4AA3F5FA
S2140132F05D431A60019B194A03F5D52303F2FC438B
S214013300B3FBF2F3164A013B13610223C2F8F03015
S2140133104FF48073C2F804334FF06043114AC3F888
S214013320B02F114AC3F8802ED3F8002E42F48072D3
S214013330C3F8002EFF2283F82020D3F8002E22F4B3
S2140133408072C3F8002E03B05DF804FBE4F00300BE
S21401335000D0035000ED00E0FF030040F8590D00D7
S214013360000004E055CEACC5090001004FF06043F3
S214013370D3F8802E30B5D20715D501240B4D8440E5
S214013380D5F8FC2042F08072C5F8FC20D3F8002E58
S2140133902243C3F8002E53F82020002AF0D003F869
S2140133A02010002030BD1120FCE700BF00ED00E03A
S2140133B008B50C482BF05DFA192004F031FC28B151
S2140133C0192004F03BFC192004F01CFC1A2004F020
S2140133D027FC28B11A2004F031FC1A2004F012FC54
S2140133E0002008BDE4F003002DE9F0410E46174623
S2140133F0054610B30F2922D80378DBB1013BDBB2B7
S214013400022B1CD8104AD35C6A78D340DB0716D54A
S2140134100E4BD3F81043A4B92BF04AF980463A462E
S2140134202846314603F0DEF940462BF03CF92046AB
S214013430BDE8F08140F2FF13E6E72224F7E72124F6
S214013440F5E70224F3E700BF2CF0030000C00350A9
S21401345010B5044608B30378E3B1013BDBB2022B97
S2140134601DD8104AD35C6278D340DB0717D52BF002
S2140134701FF90122617823788A4030214B4341F2BB
S214013480100103F1A04303F570335A502BF00BF9EA
S214013490002010BD40F2FF13E5E72220F9E72120C6
S2140134A0F7E700BF2CF0030010B5044608B3037815
S2140134B0E3B1013BDBB2022B1DD8104AD35C627824
S2140134C0D340DB0717D52BF0F3F801226178237878
S2140134D08A4030214B4342F2100103F1A04303F529
S2140134E070335A502BF0DFF8002010BD40F2FF1366
S2140134F0E5E72220F9E72120F7E700BF2CF00300DB
S214013500F8B503F065F90C250127164B00F0553484
S21401351024F05024144EC3F820440CB314F00100D8
S2140135200BD0002024F0010405FB00635A68002A32
S214013530F3D09968C0B29047EFE7234601302028C0
S2140135404FEA530301D0DA07F8D507FA00F30F283C
S21401355024EA0304E8D9103805FB0063B433E5E731
S214013560F8BD00BF00E00350F00E00202DE9F04F3B
S2140135709A46564B85B01B7806460F461546DDF82B
S2140135803C909DF844B0DDF85080002B00F0978009
S214013590072A00F296800E9B002B00F09280B9F16C
S2140135A0000F00F08E80129BB3F5006F00F3898048
S2140135B0012803D1109B002B00F08380444B03EBC2
S2140135C005131B7B002B7ED0424C1022002168463F
S2140135D027F042FA04EB45141022A7BB39462046D1
S2140135E027F03AFA43F210036380BBF1000F03D1D0
S2140135F0E37843F00303E370364A0E9B02EB451C67
S214013600CCE90193129B6901581E9DF84C30C0F31A
S2140136100A0003F003039B0643EA001E53582E4894
S214013620012E00EA03004EEA0003CDF800A0535035
S21401363017D0B8F1000F2ED19CF8023068F30413AE
S2140136408CF8023027E00021204627F005FA4FF4D7
S21401365044736380BBF1000FCED1E37843F03003AF
S214013660C9E713230CF1100ECCF80C309CE80F00C0
S2140136708EE80F006FF00301DCF81C20109B61F34D
S2140136809F02012FCCF81C20CCF8143003D1CCF8C3
S2140136901890CCF8043000270D4A290102EB0513D7
S2140136A042F80180159A28465A60694622469F606C
S2140136B05E7302F079FE384605B0BDE8F08F074824
S2140136C0FAE70748F8E70748F6E700BF2B28002087
S2140136D058110020581000200F80FFF3028000F0E0
S2140136E0018000F0078000F038B5124B05461B78C4
S2140136F0DBB1E0B12AF0DCFF0F4A00231146147B50
S21401370054B92B6001251A0101EB03131D738C506C
S2140137102AF0C9FF204638BD0133082B02F11002FA
S214013720EDD12AF0C0FF0548F5E70548F3E705485F
S214013730F1E700BF2B28002058110020048000F07C
S214013740028000F0018000F038B52AF0B1FF0023B6
S21401375005460B4A147B6CB90133082B02F11002A3
S214013760F8D102F0CDFD074B28461C702AF09BFFCE
S214013770204603E028462AF096FF034838BD00BFDE
S214013780581100202B280020058000F00D4B10B5A5
S2140137901B78044693B1072812D82AF089FF0A4BF2
S2140137A003EB04131A7B2AB100241C732AF07BFF57
S2140137B0204610BD2AF077FF0448FAE70448F8E7E8
S2140137C00448F6E72B28002058110020068000F058
S2140137D0028000F0018000F0154B13B51868002335
S2140137E001908DF804302AF063FF124B1C7824B147
S2140137F02AF059FF104802B010BD01221A702AF0B3
S21401380052FF0E4B01A81C731C7783F82C4083F8DB
S2140138103C4083F84C4083F85C4083F86C4083F866
S2140138207C4008238DF8073002F08EFD2046E2E743
S2140138302FF003002B280020038000F058110020F1
S214013840F8B50D4D2D7885B1072810DC0B4D060116
S21401385005EB0014277B67B1AB510025069BA560DD
S214013860636002F0A1FD2846F8BD0548FCE705485F
S214013870FAE70548F8E700BF2B280020581100207A
S214013880028000F0018000F0078000F00A4A08B5C7
S21401389012785AB107280BD8084A02EB00131B7B93
S2140138A043B1002102F042FD002008BD0448FCE7B8
S2140138B00448FAE70448F8E72B28002058110020AE
S2140138C0028000F0018000F0078000F00A4A08B587
S2140138D012785AB107280BD8084A02EB00131B7B53
S2140138E043B1012102F022FD002008BD0448FCE797
S2140138F00448FAE70448F8E72B280020581100206E
S214013900028000F0018000F0078000F0184B2DE9DE
S214013910F0411F6D5B6D1F4000D5FEE701260025B7
S214013920144CDFF85880374218D02368C8F8506026
S214013930A3B1A168284601316268A1609847637BFC
S214013940012B0BD150B90C4B03EB45131A7B60F3DB
S21401395041021A731A7F60F341021A770135082D66
S2140139604FEA460604F11004DDD1BDE8F08100BF40
S2140139700000045058110020581000200020045068
S2140139802DE9F04F144605460E469B46C36B87B09D
S21401399001225B6902A960689847EB6B01225B69AB
S2140139A003A93046984702A81DF0DDFB074648B13B
S2140139B00023A37563754FF0FF33A360002007B0A3
S2140139C0BDE8F08F03A81DF0DBFB0123A375237E62
S2140139D004EBC303DE611F846368B3420ED120602B
S2140139E003A81DF0EFFB4FF0FF332075A360237D86
S2140139F0043B022B26D80023A375DFE723681A1A97
S214013A0053425341A37503A81DF0DCFB237D83427B
S214013A1018BFA77503A81DF0B7FB074602A81DF03F
S214013A20B3FB874218BF002303A818BFA3751DF078
S214013A30B3FB074602A81DF0AFFB87421CBF00235D
S214013A40A375D4E703A81DF09FFB80B1EB6B0222A0
S214013A5030465B6904A9984704A81DF0A4FB0346F9
S214013A60207D032839D8DFE800F03838040903A898
S214013A70F3E7CC22237E04EBC3031A8401F0EAFAAF
S214013A80109B187003A8277E1DF072FB04EBC70776
S214013A9087F82200237E03A804EBC303B3F8209023
S214013AA093F822701DF070FB804603A81DF074FB8E
S214013AB08246B8F1000F15D0EB6B022230465B69E7
S214013AC004A9984704A81DF033FB6075637D6BB9A4
S214013AD00023A3754FF0000838E0227E04EBC202F3
S214013AE01384CBE703A81DF00EFBEEE794F81680CF
S214013AF0B8F1000FEED0B9F1000F09D1DFB1012303
S214013B00E375637E002B4FD1012F42D1677614E017
S214013B106B6C06EB0A02594286EA020008421CBF99
S214013B200021A175591E0A409B1A9945D0D8A37D3C
S214013B30002BE3D1CEE7E37D43B94FF000084B46B7
S214013B405246314628461DF04CF8A060A27D12B1BF
S214013B5023694B4423611A49237E097899422AD95D
S214013B6001332376BBF1000F27D032B3E37D23B3B5
S214013B70B8F1000F21D1032F1FD0A1684B1C1CD018
S214013B80109B2246009328460123FFF7F9FEA075F5
S214013B9013E095F8343063B9EB6A0133CFD1032FC4
S214013BA0CDD10123A376C8E7012FCFD0032FC4D1EF
S214013BB0F7E79846C3E70023A375A07DFFE600BF9D
S214013BC054F003002DE9F04F0E46984600238BB0C3
S214013BD004464FF0FF31104617468DF8133001F0BA
S214013BE023FAB6F5801F3BD3B21C53D1E56A6B1C92
S214013BF057D12046616A1CF03AFF0546B31C18BF30
S214013C000123DFF810910193636A626C02932368C3
S214013C1005A902FB053AE36B05225B695046984706
S214013C2005A81DF03BFB1DF05EFB50461DF066FB34
S214013C304FF0000B824601464B1C05D0636C81EAAF
S214013C400A025B42134232D0294620461CF00FFF7F
S214013C50029BAB424DD0BBF1000F4DD10546D3E7D9
S214013C60314605AA04F108001DF0CBF90146481CAF
S214013C7010D0384601F0D8F90122394620460DF118
S214013C8013031DF000F828B19DF8133088F80030B2
S214013C90002003E0237C002BA8D12D200BB0BDE82B
S214013CA0F08F2368ED1A636CB5FBF3F5A6E748467B
S214013CB001F0BAF90DF1130349462046019A1CF0AA
S214013CC0E2FF034690B1B21C03D0D9F80020B242FD
S214013CD00CD19DF8132003930D4B88F8002049461C
S214013CE01A68384626F0C3FE039B9B46D9F808108F
S214013CF0A2E7BBF1000FD0D0B6F5801FC8D231467F
S214013D0098F800307A6804F1080001F0BBF8BFE7C4
S214013D1050F003004C1800202DE9F34104461746E5
S214013D2098460E46194D816AE36A8B422AD04B1C8F
S214013D3018E0284601F078F90122294620460DF1BF
S214013D4007031CF0A0FF30B14346294620469DF8E4
S214013D500720B847B0B1A9684A1C05D0012E0AD081
S214013D60E36A9942E5D10DE0696820461CF00CFF34
S214013D70012E0146D8D16B6881EA0302636C5B426F
S214013D801A42D1D002B0BDE8F08100BF2018002051
S214013D902DE9F04F4FF0FF334FF6FF720025044632
S214013DA000F10806C0E909238BB0C362056205630A
S214013DB030460F461DF0F6F820461CF028FE20BBC4
S214013DC0204639461CF0A3FE20461CF020FE20BBF0
S214013DD05E200BB0BDE8F08FE26B2368606CD2F812
S214013DE014C000FB0530052205A9E04705A81DF013
S214013DF055FA012828D1294620461CF059FE421CB6
S214013E00294620461CF022FE0135E3699D42E3D394
S214013E1020461CF0FCFD0028D2D000254FF0FF39CB
S214013E204FF6FF73CA46A846C4E90853E3699845A6
S214013E3014D3A5EB0905012D36D84FF6FF72636A38
S214013E40934246D16720C4E71DF052FA0028DBD022
S214013E50294620461CF02CFE0246D1E72368E26B79
S214013E60606C576900FB0830052205A9B84705A80C
S214013E701DF014FA834605A81DF0E7F907465846D3
S214013E801DF031FA68B1574538BFC4F82480B945EA
S214013E9028BFB946BD4238BF3D46BA46236A0133FC
S214013EA0236208F10108C1E74FF6FF73002563623C
S214013EB0E3699D42C1D2676C2068E36B052207FB6C
S214013EC005005B6905A9984705A81DF0BEF90135EF
S214013ED0EEE7E26B676C2068694607FB03005569ED
S214013EE00522A84768461DF0B0F9626A2368606C2F
S214013EF04B4D00FB02301DF001FA4FF0FF33A0627C
S214013F00E3622A466FF00101204605ABFFF75AFE31
S214013F10002846D1AD6829462046E5621CF053FDCF
S214013F20206320B92046E16A1CF02EFEE062294695
S214013F3020461CF029FE0546A36A9D4233D1204641
S214013F401CF014FD00278046B946E36999453CD329
S214013F50B84559D92046616A1CF089FD00260546F8
S214013F6004F1400AB74212D8626C2368694602FB24
S214013F700539E36B05225B694846984768461DF09C
S214013F8064F9534602464946E06B1DF0B9F92946E5
S214013F9020461CF06CFD0136B0450546E2D1642092
S214013FA017E7A56AB7E7294620461CF00CFD236BE8
S214013FB0294603440746236320461CF0E5FD0546D3
S214013FC0002FB9D1C4E90B07B6E7636C2568052253
S214013FD003FB0955E36B05A95B692846984705A8C5
S214013FE01DF05CF91DF07FF958B128461DF086F9E1
S214013FF0014620461CF0E7FC636C143B984208BF60
S214014000013709F10109A0E730461CF0CBFF002378
S21401401020461946034AFFF77FFE0020D9E600BF77
S21401402078180020750C03002DE9F041036B9046CB
S214014030826B07689A4288BF8363426C436A90B07A
S21401404002FB0377C36B0E46052201A95B69044692
S2140140503846984701A81DF021F90128014630701D
S21401406057D0656CE26B2368606AD2F814C005FB12
S2140140700030052206A9E04706A81DF00FF9012821
S2140140804FF0000523D0D4E90A3201219342CDE94D
S2140140900B458DF834800E958DF83C102AD11946C3
S2140140A020461CF071FD236B626C14339B1AE06290
S2140140B023630C9B53B99DF83C303BB1626A616C3B
S2140140C02368E06B01FB02311DF0A0F80C9DE36B49
S2140140D005225B6901A93846984701A81DF0DEF85C
S2140140E030702846236BA26B9A4288BFA36310B038
S2140140F0BDE8F081237C33B91C490BAA04F1080002
S21401410000F00EFFD5E72046194A0BABFFF704FE79
S214014110CFE7237C23BB2246164904F1080000F0B2
S214014120FFFE616A20461CF0C3FC616A421C204601
S2140141301CF08CFC054620B9236B626C1344143BBF
S21401414023632046A16A1CF01FFD2368A062C01AE3
S214014150636CB0FBF3F0606220461CF058FDB6E7D6
S21401416000232046044AFFF7D7FDDAE79D48010001
S214014170194801000F0D0300AB0C030073B50D4683
S214014180D11E4A421C461B7E4A419A4226D12968C4
S2140141902368994222D3636899421FD8114E0DF1C4
S2140141A007033246FFF70EFDC0B972686B689A4284
S2140141B014D19DF80730DA1E53425341227E9342B2
S2140141C00CD1636901336361D4E90323934205D2B9
S2140141D02968A26842F8231001332361012002B046
S2140141E070BD00BF781800202DE9F04F9A468BB0BD
S2140141F09DF85030DFF850B10293DBF8103080465E
S21401420053450D461646C0F09980D146DBF804307A
S2140142100193B9F1000F00F08D80D8F83C300122EF
S2140142205B6907A90198984707A81CF0A9FFDBF866
S2140142300030984240F0858007A81CF0ADFF0428A6
S214014240074614D107A81CF0AEFF019B029A04464C
S2140142503B44002A3FD1864212D91446361A4046BC
S21401426001991CF091FCA9EB04090190D1E7D8F85B
S2140142703C3002225B69019808A9984708A8E2E742
S214014280841B544528BF5446032C03EB0607AAEBB0
S214014290040A4FEA94021CD9D8F83C30294638461D
S2140142A05B69984724F0030304F003061F441D448A
S2140142B0002ED4D0D8F83C3001225B6908A93846D4
S2140142C098473246284608A9354426F0D0FB0026F2
S2140142D0C5E72646ECE7074600F0030203920344CF
S2140142E02A1804920593049BDD1B059BD81B039B90
S2140142F09F420FD1002FB2D0D8F83C30012208A936
S2140143005B6998473A46284608A926F07BFB78B9A8
S2140143103D44A4E7D8F83C30012208A95B699847D8
S2140143200422284608A926F06DFB08B9043FDAE7FF
S2140143304FF0360948460BB0BDE8F08F4FF06309E1
S214014340F8E74FF06F09F5E7A41800202DE9F041D2
S2140143500F4616469846044688B060B390F8345027
S214014360FDB101211CF048FB00210E9BCDE9051192
S214014370CDE902379DF83C30CDF804808DF81C302D
S214014380237C04968BB90D4901AA04F1080000F0BC
S214014390C7FDDDE90553E06B002E08BF1D461CF086
S2140143A0C4FC284608B0BDE8F0812046044A01ABAB
S2140143B0FFF7B2FCEDE70546F3E700BFD90C0300B3
S2140143C07D4101002DE9F04F99B00F4609920A6927
S2140143D0416C0E931439D31DB3FBF1F3013302EB99
S2140143E0C302036B04469342C0F0B3810023DFF897
S2140143F024940D93E36A48461946079300F014FE89
S214014400D7E9033604930E9B022B4ED1CC2E40F0F7
S2140144108A81099B002B42D0394620461CF0E3FCDA
S214014420656C079A6B1E13401490ED1AE36B01221C
S2140144305B6916A97868984716A81CF0A5FE00289F
S2140144400CBF04230823782E06933DD901230025AB
S2140144504FF0080A05933B6805990E98C9F8003095
S214014460C9F810601CF0B2FE4FEA9A0310930023BD
S214014470DDF81CB089F814000B930F9308930C9386
S214014480616C4A1E0BEA02028B1A002E38D0554484
S214014490AB4240D8236B5B1A13442363ABE0049B07
S2140144A01B68149308230693D0E7656C079A6B1E66
S2140144B01340782EA5EB030516D8FB7D7BB9099B27
S2140144C0002BB3D104230693331DAB4210D9A6B1FA
S2140144D0082DBBD804250023AA460593BBE7099BF4
S2140144E0002BA3D10823EEE7099B002B9ED1D9E729
S2140144F0002505954FF0040AADE704250596F9E772
S2140145005345C7D3B0460BEB0A030393089B002B16
S21401451018BF032313E0A3EB0A039E42B0460BEB3E
S2140145200A0228BF98469E420392EFD90123D9F882
S214014530102089F81730964271D1C9F804B0089353
S21401454099F81730002B6CD099F818200899D31CCD
S21401455009EBC3030132C3F804B0A3F808809972CB
S21401456089F81820B8F1000F14D00E9B022B5BD1EE
S2140145700B9B7BB90F9B4344032B0BD9E36B0122A7
S2140145809B69039814A998470546002840F0E380E4
S21401459001230B93089B16A80193059B009399F89A
S2140145A014204346396800F0F5FCE36B58469B69D6
S2140145B0109A16A99847051E0D9B18BF5B465246D2
S2140145C00D935946434620461CF00BFB236B08F11E
S2140145D00302A3EB0A0322F003029B1AC9F80800A0
S2140145E02363002D40F0B7800F9BDDF80CB04344E9
S2140145F0A6EB08060F93594620461CF0C5FA00257F
S2140146008346002E7FF43CAF824A3968936804F1F2
S2140146100800E36252680E9B00F034FC84E002233B
S2140146208DE7C9F804B09DE7099B002B30D1049BA8
S214014630B8F1030F43440A9327D9DDE90301E36B7D
S2140146404FEA98029B6998470546002865D118F0FD
S21401465003025FD0049B28F003052B440493039BBD
S2140146601D444FF0FF33049915A8159326F0FFF962
S214014670E36B28469B69012215A9984705460A9BC4
S2140146800493002D86D0039B99E74246039DE8E7F5
S214014690039B0A9307F120031193FB7D78689BB176
S2140146A000233D7E0C9AD9B28D4211D9119903F19E
S2140146B0010C31F83310914226D9069907EBC30352
S2140146C0D8690A44104403E00C9B069A1344184424
S2140146D0E36B01225B6915A99847159B0122139389
S2140146E00C9B0A9804330C93E36B13A99B699847B8
S2140146F0039B0A9A43449B1A042B054607D978B9AB
S214014700134604330A93C8E76346521ACBE70A9B5B
S2140147100393B6E70A9B04933CE70A9B0493B2E72C
S2140147200A9B0393AFE77026304619B0BDE8F08FB9
S2140147304FF0000A4FE03A69616CD31D1439B3FBA0
S214014740F1F3013302EBC302236B9342BFF452AE83
S2140147505DE01C26E8E73D2D59D104F108030393DB
S2140147602368079A606CA2EB030ABAFBF0FA00FB17
S2140147700A301CF0C3FDE16A804620461CF004FAAC
S214014780A26A8242D7D0626CD9F80830511E0B401B
S214014790216B2668891A0B4423630D9BE0629E1BDE
S2140147A0B6FBF2F6B245C3D1079BB3EB080A12D0AB
S2140147B0E36B4FEA9A0241469B6998478346E36A50
S2140147C0079A5344E362236B03989B1A434423637B
S2140147D01CF0E8FBDA462368616CE06B01FB0631EE
S2140147E01CF001FD20461CF012F920461CF00FFAC1
S2140147F02063BAF1000F9ED03A69616CD31D14395B
S214014800B3FBF1F3013302EBC3029042A8D22E466A
S2140148108AE700BF4C180020032A2DE9F34106461B
S2140148200D4617461C4606D1237A012B23D00120BC
S21401483002B0BDE8F081DFF86080096842460DF1FC
S2140148400703FFF7BFF960600028EDD19DF8072048
S214014850237A032AE8D0D8F804106A689142E3D193
S214014860012B2969D4F80CC007D172690CEB01033E
S214014870934202D92074207CDAE708316144E16072
S2140148803B46012229463046FFF79CFD6060002822
S214014890CAD00020CCE700BF781800202DE9F341EC
S2140148A0089C032A1746266806D1237A012B24D0B2
S2140148B0012002B0BDE8F081DFF890803046424624
S2140148C00DF10703FFF77EF960600028EDD125683A
S2140148D0D8F80400A96AD5F844C04840CCF10003D2
S2140148E01840227AE1D1012A09D1E268D8F81030BD
S2140148F013447269934202D92074207CD9E7286850
S214014900EB6A1B1A081AB3FBFCF3B0FBFCF08342FC
S2140149100BD1706CF36A421E1340326B121A1344A9
S214014920284633631CF030F9E862D8F81020E368B3
S21401493008321344E36001223B4604492068FFF72E
S21401494041FD60600028B0D00020B2E77818002052
S2140149502DE9F0410025634B0E46D3F8008004464E
S2140149601D6018B921252846BDE8F08190F83470FD
S21401497007B30A6803689A4240F0AA804A68436807
S2140149809A4240F0A5808A6883689A4240F0A080E7
S214014990CA68C3689A4240F09B800A6943699A4292
S2140149A040F096808A69C36B9A4240F091804B69C9
S2140149B08361D8E768223946856B26F04DF8D6E93B
S2140149C00212336804F1080023607368A56363600C
S2140149D0336963617369A3611CF0F6FAB36904F184
S2140149E04000E3639B68984720B9676C17B163681A
S2140149F0B3FBF7F794F84330E761002BB2D00023FE
S214014A00656C2366002D6BD0002F69D02368B3FB3D
S214014A10F5F205FB1233002B5CD16768B7FBF5F6A0
S214014A2005FB1676002E55D120461BF0BCFFA36968
S214014A30043303449F424FD340F634726369CC3B40
S214014A4093424BD8B5F5805F4AD3032120461BF02D
S214014A50D3FFD4E90001E36B1B6898470546E36B77
S214014A600220DB6898472DB184F83460E06B1CF0B7
S214014A705CF978E741462046FFF78AF9642805463F
S214014A8004D141462046FFF783F90546636C143B83
S214014A90D5B9226A204602FB03F61BF084FFA36900
S214014AA0043303449E4203D284F834505A25DDE78A
S214014AB00123D4E900010C4A84F834301368013329
S214014AC013601CF01BFBD1E7002384F83430CDE7DC
S214014AD05D2548E7592546E75A2544E75F2542E71D
S214014AE05B2540E7DC110020D81100202DE9FF41AD
S214014AF00C4616461F46054680B390F834307BB305
S214014B00B1F5801F2ED2DFF8608001211BF074FF03
S214014B102146424628460DF10F03FFF753F8044697
S214014B2070B99DF80F30012B11D1D8F81030BB4267
S214014B3012D10246009031462846FFF755FB04463F
S214014B40E86B1CF0F2F8204604B0BDE8F081022BB9
S214014B5014BF2D246024F3E76324F1E72124F2E750
S214014B601124F0E72924EEE7A41800202DE9F043EC
S214014B7085B00C4617461E460546DDF8308098B3CC
S214014B8090F8343093B3B1F5801F31D2DFF86490DA
S214014B9001211BF031FF21464A4628460DF10F033D
S214014BA0FFF710F8044688B99DF80F30012B14D191
S214014BB0D9F8102006EB08039A4213D30090434617
S214014BC0324639462846FFF70FFB0446E86B1CF0D1
S214014BD0ACF8204605B0BDE8F083022B14BF2D24A7
S214014BE06024F3E76324F1E72124F2E71124F0E7D8
S214014BF02924EEE7A41800202DE9F3411F460023DF
S214014C000C46164605463B6050B390F834304BB31D
S214014C10B1F5801F28D2DFF8548001211BF0ECFE8D
S214014C202146424628460DF10703FEF7CBFF044610
S214014C30A0B99DF80730032B10D0022B0AD101230F
S214014C40336004233B60E86B1CF06FF8204602B02B
S214014C50BDE8F081D8F810303060F3E72D24F2E794
S214014C602124F3E71124F1E72924EFE7A418002013
S214014C7073B50446056B1BF096FE636E03449D42B6
S214014C802CBF00230123854294BF00252D1A207CCA
S214014C9084F85030656584F85800A8B100230C4E9E
S214014CA01A461946204600961CF06AF90023054666
S214014CB01A461946204600961CF06BF9E36828440C
S214014CC0984294BF0020C01AE06502B070BD00BFD4
S214014CD0FFFF0F002DE9F3471E4643690446B34222
S214014CE0884617469DF828904ED300258DF8075024
S214014CF020461BF058FED4F830A082450AD2236A1B
S214014D00B5EB430F06D2002220460DF10701FFF74F
S214014D108BF9B8B39DF80730012B05D10022204648
S214014D200DF10701FFF780F9B9F1030F06D03146FF
S214014D3020461BF028FE256B854227D3144D4FF0E5
S214014D40FF31284600F070F94B46294600222046DE
S214014D50C5E90376C5F80080FFF734FB236E0546E8
S214014D6063B12046FFF784FF94F8503013B994F8E6
S214014D7058301BB1236E04F150009847284602B004
S214014D80BDE8F0870135B3E76225F7E71C25F5E7AF
S214014D90781800202DE9FF410F4690461E4605462D
S214014DA098B390F8343093B3B1F5801F31D21A4CD2
S214014DB002211BF021FE2246394628460DF10F033B
S214014DC0FEF700FF024678B10123424600933946BA
S214014DD033462846FFF77EFF0446E86B1BF0A5FF27
S214014DE0204604B0BDE8F0819DF80F30012BEBD1D1
S214014DF02169B142E8D10093414633462846FFF780
S214014E00F3F904460028DFD1E7E72124E8E7112477
S214014E10E6E72924E4E700BFA418002030B50C46D5
S214014E20054685B028B390F8343023B3B1F5801F1A
S214014E3023D202211BF0E0FD0DF10F032146284687
S214014E400F4AFEF7BFFE034688B99DF80F20032AD6
S214014E500DD003222146009202462846FFF73AFF6C
S214014E600446E86B1BF061FF204605B030BD2D24DB
S214014E70F7E72124F8E71124F6E72924F4E700BF31
S214014E80A41800202DE9F043466886B305689846C5
S214014E904FF0000CA946AE4655F83C400CF1010C0B
S214014EA0C4F31307013401D0B94217D066450EF199
S214014EB0080EF1D12F46002403E0A64207F10807A9
S214014EC012D055F8343001340133F6D1C1F3130151
S214014ED041EA0851C7E90012BDE8F08341EA0851EA
S214014EE0CEE90012BDE8F083B8F1030F03D1012328
S214014EF00372BDE8F083002303E09E4209F108092E
S214014F00F5D055F833400133C4F30754032CF4D1DC
S214014F10C1F3130343EA0853C9E90032BDE8F0833D
S214014F202DE9F0410646406882B0C0B10F46904672
S214014F300024336853F8345003EBC403C5F3075217
S214014F40C5F31301013504F1010406D05B68304650
S214014F50CDF80080B84710B170688442E9D302B03A
S214014F60BDE8F081024B1968024B1868FFF7F0BCE8
S214014F70742B0020942B002008B529F090FB014BE0
S214014F80186008BDD0180020014B186829F082BBB4
S214014F90D018002073B504462248012A00EAC11140
S214014FA09DF8185023F07C4007D9961E012E28D96B
S214014FB0073303F07F03194308E09DF81C300A43CA
S214014FC0DB0603F0C053134343F060410023C4E9FA
S214014FD000108DF80730B5B1202221460DF10700EB
S214014FE01CF0A8F91A220DF10700211D1CF0A2F9E8
S214014FF0082063689DF8072043EA8263636002B075
S21401500070BD1143E2E71B220DF1070021461CF09B
S21401501091F923689DF80720042043EAC2632360C0
S214015020EDE700BF80FFFF0738B5094B0D461A684C
S2140150300021044625F010FD00234FF0FF322383A4
S214015040C4E900252361A260E382A37638BD00BFD0
S21401505050F003000138C0B205289ABF014B185C16
S2140150600120704755F003002DE9F041074615462B
S21401507000240E46596888B0490A012922464FEA9B
S214015080510104F10104F8D8DC78997824031B88CF
S214015090C90201F4006104F480540C43C3F30A030B
S2140150A05203234492B24FF000089C18274B6FEA34
S2140150B00444039325F07843ED4302A90DF107005C
S2140150C01B2202938DF807801CF034F99DF8072007
S2140150D0029B02A943EAC2630DF107001B2225F0D9
S2140150E07845049302958DF807801CF023F99DF806
S2140150F00720029B6FEA144443EAC26305934FF00C
S214015100FF330794069307A9BB69012206F1100035
S2140151109847BB6905A90446012206F1080098478D
S214015120BB69404518BF044604A90122301D9847B3
S2140151300122404518BF0446BB69304603A998477B
S214015140404508BF204608B0BDE8F08101009AB28C
S214015150044BD3F88420D206FBD4D3F88400C0F3E2
S214015160811070470040005038B5184B0546D3F8FB
S21401517024010C4600F00700062823D8DFE800F0DB
S214015180040A121A1E0E1600012305B1286004B186
S214015190236038BD28F048F90523F6E728F044F9DE
S2140151A00623F2E728F080F90323EEE728F07CF9DE
S2140151B00423EAE728F074F90223E6E728F07AF9EF
S2140151C00723E2E700231846DFE700BF0080005010
S2140151D038B5104B0546D3F800310C4603F00303EF
S2140151E0022B0BD0032B0DD0012B0FD128F05CF92D
S2140151F0032305B1286004B1236038BD28F05EF9A9
S2140152000823F6E728F056F90723F2E701230020E2
S214015210EFE700BF0080005038B5104B0546D3F8C5
S21401522020310C4603F00303022B0BD0032B0DD0C9
S214015230012B0FD128F0F8F8052305B1286004B139
S214015240236038BD28F030F90323F6E728F028F963
S2140152500223F2E701230020EFE700BF00800050A1
S21401526038B5104B0546D3F840310C4603F003031E
S214015270022B0BD0032B0DD0012B0FD129F004FAF2
S214015280092305B1286004B1236038BD28F016F95A
S2140152900823F6E729F0FBF90B23F2E701230020A8
S2140152A0EFE700BF0080005038B5104B0546D3F835
S2140152B060310C4603F00303022B0BD0032B0DD0F9
S2140152C0012B0FD129F0E0F9092305B1286004B1BB
S2140152D0236038BD28F0F2F80823F6E729F0D7F95D
S2140152E00B23F2E701230020EFE700BF0080005008
S2140152F02E4B98424AD022D82D4B984240D014D8F3
S2140153002C4B984239D00AD82B4B984232D02B4B93
S21401531098422FD02A4B98422CD000207047294B18
S2140153209842FAD1284B186F7047284B98422AD0DA
S214015330274B9842F1D1244BD3F880007047254B78
S21401534098422BD009D8244B984223D0234B98421D
S214015350E3D11D4BD3F88C007047214B984221D0E6
S21401536003F5740303F510539842D6D1164BD3F8C0
S21401537098007047144B986D7047134B586E7047E2
S214015380114B586F7047104B986F70470E4BD3F800
S214015390840070470C4BD3F8880070470A4BD3F84B
S2140153A090007047084BD3F8940070470048E80116
S2140153B00024F400C0CF6A0080841E0000093D006E
S2140153C040420F00405DC6000080E00FC0EA2101A8
S2140153D080BA8C01007E560380D54302006CDC0245
S2140153E00090D00373B50D4600210E4B0191D3F802
S2140153F08041064604F00304012C09D0022C0CD08F
S2140154000C460EB1019B336005B12C6002B070BD35
S21401541001A8FFF701FF0F24F3E728F041F80190F8
S214015420EFE700BF0080005038B5104B0546D3F8B3
S21401543040320C4603F00303022B0BD0032B0DD096
S214015440012B0FD129F020F9092305B1286004B1F9
S214015450236038BD28F032F80823F6E729F017F95B
S2140154600B23F2E700231846EFE700BF0080005049
S21401547038B5144B0546D3F800020C4600F0070079
S21401548004281BD8DFE800F003090D1115000123DD
S21401549005B1286004B1236038BD29F0F5F8092369
S2140154A0F6E728F00BF80823F2E729F0F0F80B23CB
S2140154B0EEE727F0DFFF0E23800AE9E70023184610
S2140154C0E6E700BF0080005010B40D4C0B46D4F840
S2140154D0204204F00304012C0AD0022C0CD008B19F
S2140154E0002101600BB100221A605DF8044B704781
S2140154F05DF8044BFFF790BE5DF8044BFFF7B0BEB6
S21401550000800050B0F5207F1FD009D8B0F5007F8D
S21401551015D003D868B1B0F5C07F0AD000200CE0E2
S214015520B0F5607FFAD10B4BD3F88000C0F30110C1
S21401553003E0084B186FC0F3033001307047054B8A
S214015540D3F89000C0F30460F7E7024B186FC0F37E
S2140155508020F2E7008000504FF400320E4B0146E7
S21401556010B500209A66FFF7CDFF484341F6713229
S2140155700A490B4B884294BF00200120DC69DA639C
S2140155809A6822F4401242EA00529A60E20344BF4B
S2140155900022DA6310BD00BF00900050005A62027C
S2140155A000000350420910B50FD0012A0FD00A4B54
S2140155B00A4C022A18BF234600F01F0049B103F522
S2140155C08053012282401A6010BD1346F4E7044B53
S2140155D0F2E703F50053F4E768800050608200505C
S2140155E0648000501FB50021B0F5807F044601910C
S2140155F000F0068100F29D80612800F295801F2848
S21401560005D8002840F0928027F034FFDCE0A0F1B6
S2140156102004412C00F28A8001A353F824F000BF35
S21401562009560100CD57010009560100CD5701006A
S214015630ED570100ED570100ED570100ED57010050
S214015640CD570100CD570100A75701006157010052
S214015650235801002D58010061570100CD57010064
S214015660CD570100CD5701002D5701002D570100E0
S2140156702D5701002D5701002D5701002D57010010
S214015680F757010083570100CD570100CD570100A0
S214015690CD5701004158010037580100CD57010090
S2140156A02D5701002D5701002D5701002D570100E0
S2140156B02D5701002D5701002D5701002D570100D0
S2140156C02D5701002D5701002D5701002D570100C0
S2140156D02D570100095601002D57010009560100FA
S2140156E00956010009560100ED5701002D5701002A
S2140156F02D5701002D5701002D5701002D57010090
S2140157002D5701002D5701002D5701002D5701007F
S2140157102D5701002D5701002D5701002D5701006F
S214015720095601000956010080284BD0019804B0A3
S21401573010BDB0F5A06F5ED028D8B0F5607F50D010
S21401574019D8B0F5007F4CD004D8B0F5C07F3FF42F
S2140157505BAFEBE7B0F5207F38D0B0F5407FE5D101
S21401576027F088FE02464FF42070FFF7CBFEB2FB0F
S214015770F0F2520833E0B0F5806F37D0B0F5906F95
S214015780D4D1002101A8FFF7EFFCCFE7B0F5E06F19
S21401579051D00DD8B0F5C06F43D0B0F5D06F45D01D
S2140157A0B0F5B06FC2D1002101A8FFF71BFEBDE71F
S2140157B0B0F5F06F44D0B0F5086FB7D101A8FFF788
S2140157C007FDB3E727F036FE0190AFE727F052FE5C
S2140157D002464FF42070FFF795FEB2FBF0F20192FD
S2140157E0A4E727F027FE02462046F4E7002101A899
S2140157F0FFF712FD9AE7002101A8FFF765FE95E77E
S2140158004FF0E02302911B695B0705D527F032FEB6
S2140158100290029B019389E703A902A8FFF720FDE6
S214015820F7E7002101A8FFF71BFD7FE7002101A88C
S214015830FFF71EFE7AE7002101A8FFF7F5FD75E7E1
S214015840002101A8FFF730FD70E700BF08B58020F2
S214015850FFF7C8FE034B98429EBF4FF48032024BBF
S2140158601A6708BD005A620200A000501FB5034621
S2140158700020B3F5807F01906FD027D8382B00F039
S21401588082800BD8243B092B0FD8092B0DD8DFE8D3
S21401589003F05F5F5F5F0C0C5A0C3675522B57D0C6
S2140158A007D83D2B3AD03E2B72D0019805B05DF853
S2140158B004FB802BF9D1394B1B6F03F00703013B27
S2140158C0032BF2D8DFE803F03D36393BB3F5D06F52
S2140158D054D019D8B3F5A06F55D00AD8B3F5806F58
S2140158E036D0B3F5906FE0D1002001A9FFF73CFC5C
S2140158F0DBE7B3F5B06F26D0B3F5C06FD5D1002086
S21401590001A9FFF7ADFCD0E7B3F5006FECD00AD8DC
S214015910B3F5E06F3CD0B3F5F06FC6D1002001A916
S214015920FFF7C2FCC1E7B3F5086FBED101A9FFF7C7
S2140159304FFCBAE705230193B7E70323FBE70723E9
S214015940F9E70223F7E7002001A9FFF74BFDACE7D3
S214015950002001A9FFF760FCA7E74FF0E0230290C3
S2140159601B695B0705D527F085FD0C230393039B75
S214015970E1E703A902A8FFF773FCF8E7002001A9F5
S214015980FFF776FD91E7002001A9FFF79DFD8CE763
S214015990002001A9FFF748FD87E700BF00800050FF
S2140159A04FF48032074B0849586E03F580535A6608
S2140159B00B6A23F001030B62C3035CBF034B5A66F9
S2140159C0704700BF0080005000C0075000A0005084
S2140159D008B5FFF74BFF082811D00938012802D96E
S2140159E04FF6FF7008BD4FF40012064B5A6603F5DA
S2140159F0D8335B6ADB07F3D54FF4FA70F2E7024B54
S214015A001888EFE700900050622D002008B5FFF7D8
S214015A102DFF03280ABF024B4FF6FF70188808BDFA
S214015A20602D0020F8B504468020FFF71FFF0328ED
S214015A3000F087804FF40022424B02215A6645F659
S214015A400E03414AC2F88030404B9962012103F5AA
S214015A5080539962936DD903FCD4D4E900131B05D6
S214015A6043EA0163E17B94F820500B43217BE77EF8
S214015A7043EA0143617B6D0143EA0133A17B43EABB
S214015A80811313619169D4E904031B0643EA806319
S214015A9001F000410B43A17E94F823000B43217EC5
S214015AA043EA0143617E43EA01239361136AE6698F
S214015AB023F00D0394F8221043EA8703002E2DD11C
S214015AC01362966A94F8213045EA031326F03305EB
S214015AD02B4343F0010393621D4D1B4B9A6D35EA30
S214015AE00202FBD10222194DAA621A659A6D520072
S214015AF0FCD41A69A56822F4700242EA05521A61BA
S214015B004FF00042114B9A6119B9022203F58053F6
S214015B109A6278B901220F4B9A620BE0334343F045
S214015B2008031362936A23F0330303432B4343EAC8
S214015B304103936294F824301BB1034B064AC3F821
S214015B408020F8BD0090005000C0005000D00050EA
S214015B500300014000E00050F1A7FFFF014B93F95D
S214015B60000070472D280020F0B5D0E901434FF41E
S214015B7080061A4A4178057856664FF4D1560227B0
S214015B8002F5B8325662164E4F2977604FF001077C
S214015B9028BF4F2106F5805677601669F603FCD4B8
S214015BA041EA052151611B01417B43EA04230B4372
S214015BB0017B43EA41039360C37B817B1B0143EA7C
S214015BC04113417C0B43017C43EA41035360837CD0
S214015BD013B16FF4D1535362F0BD00BF0090005073
S214015BE000100250014B1880704700BF622D002044
S214015BF0014B1880704700BF602D00204FF4001243
S214015C0008B5184B5A660223174A5360936813F473
S214015C108033FBD1012822D127F046FC134B984252
S214015C2015D003F5122303F5F863984213D0104BF1
S214015C3000EB8002400AB3FBF0F3520A0A49CA623B
S214015C400B6301234B620022074B5A6008BD45F6E1
S214015C507A13084AF2E745F61A03074AEEE7536253
S214015C60F1E700BF009000500040025000F04902EA
S214015C7064666666D8B80500BBCF0500B0F5207F20
S214015C8010B50C4642D008D8B0F5007F33D003D803
S214015C9088B1B0F5C07F0ED010BDB0F5607FFBD1E6
S214015CA01F4A4C1ED2F8803023F0300343EA041317
S214015CB0C2F88030F0E71BF05BFB1BF067FB4FF48C
S214015CC08031184B164A1967136F013C23F4704351
S214015CD043EA0433136727F0CDFB0446FFF738FA8F
S214015CE0C0F1020120461BF04BFB00F035F8BDE881
S214015CF01040FFF7ABBD0A4A4C1ED2F8903023F095
S214015D00F85343EA0463C2F89030C5E7044A4C1ED0
S214015D10136F23F4806343EA84231367BCE700BF51
S214015D20008000500090005008B50121022000F0CC
S214015D3055F94FF42070FFF7E5FB054B18701BF083
S214015D4017FB1BF023FB4FF48032024B1A6708BD8A
S214015D502C2800200090005008B54FF4C070FFF7C3
S214015D6041FCBDE808400449884294BF0121022154
S214015D704FF42070FFF782BF80F0FA0238B5044670
S214015D8027F078FB0546FFF7E3F9C0F10201284644
S214015D901BF0F6FA0121002000F060F92CB1FFF7A4
S214015DA0DBFFBDE83840FFF751BD034B4FF42070D1
S214015DB01978FFF763FFF4E72C2800204FF4C02280
S214015DC070B50546FFF794FA314B04465A6603F55B
S214015DD098335A68012A04D12E494A609A69920773
S214015DE0FCD18020FFF742FD052807D11BF0C0FA41
S214015DF01BF0CCFA4FF48032254B1A67264B24F061
S214015E0040749D4230D0254B9D4230D027F00CFB8C
S214015E108542064603D90121284600F01FF9204B8A
S214015E20DA6812F0060FFBD199689C609A686240A6
S214015E3012F4F81F1ED12846FDF7CAF98020FFF795
S214015E4015FD05280DD127F015FB0446FFF780F94F
S214015E50C0F1020120461BF093FAFFF77DFFFFF722
S214015E60F5FCAE420CD270BD44F00074CEE744F0AF
S214015E708074CBE780209960FFF7F8FC052805D0F1
S214015E80BDE870400121002000F0E8B83546DAE7A9
S214015E900090005000E0015040420F0080841E0038
S214015EA00000015010B5224B70B94FF40031214A61
S214015EB01860516602F598325268012A03D11E4ACB
S214015EC0D2F800211A6010BD1B68002BFBD01B4ABC
S214015ED05268012AF7D0184A8020C2F80031FFF72D
S214015EE0C5FC05281FD14FF4C070FFF70BFB012836
S214015EF0044604D102214FF4C070FFF7BFFE07220B
S214015F000F4B1A610122A3F580535A600B4A13699D
S214015F10DB07FCD5012CD6D12146BDE810404FF455
S214015F20C070FFF7ABBE0122064B5A60CBE700BF3D
S214015F30D4180020009000500080005000C001508E
S214015F4000E0015000D00150044A4178536F23F419
S214015F50407343EA01235367704700BF0040005077
S214015F6010B5044610B10020FFF79CFF124A1369D2
S214015F7043F00403136128F009F81BF00CFA0F4BE9
S214015F805B6E5B0142BF0E4B0E4AC3F8202428F01D
S214015F9086FB28F091FD28F07DFB1BF0FDF902F051
S214015FA0DBFC1CB9BDE8104027F064BA0120BDE84F
S214015FB01040FFF777BF00BF00ED00E00080005003
S214015FC000E003500000FF0F034A0179D36E23F06F
S214015FD030030B43D366704700400050F8B50446C3
S214015FE01C4BD3F88420D106FBD4D3F88430C3F3FA
S214015FF081139C422CD027F01DFA012C064602D1B3
S21401600021461BF0BDF928F04AFB4FF00072124BF7
S21401601007465A6620461BF0C6F94FF480630D4DBD
S214016020621E93402B676B6E9A0103D4D5F88430B9
S2140160309B060AD5384628F02DFB022C08D130469F
S214016040BDE8F84000211BF09BB9D5F88430EAE79B
S214016050F8BD00BF004000500060005010B50C466F
S21401606008B927F0E7F9074B21461B783BB1064BE9
S214016070984204D80120BDE81040FFF7AFBF0220C8
S214016080F9E700BF2E280020005A62020278034B6F
S214016090012100201A70FFF7E1BF00BF2E28002063
S2140160A04FF0004238B5264B26495A6601224A600F
S2140160B04AF6CD3103F50B235D6C1964154030BBF0
S2140160C09968C9070BD4002401221F4B5A6015B1E9
S2140160D01E4B1F4A1A6423F0DFFD204638BD1A49BD
S2140160E08A601C4AD96ACC0705D4904201D107249C
S2140160F0EAE70130F6E79042E5D1F8E70132DC6ADB
S21401610014F0080406D08A42F8D10724DFE70022FB
S2140161101049F4E78A42F8D020220B4B0B495A6209
S2140161200122A3F580539A6023460A4A486A8006EC
S21401613003D49342E9D00133F8E79342C7D1E4E7A9
S214016140009000500050095000600950004009506E
S2140161503254FFFF40420F004FF0004238B5174B54
S214016160174C5A66012203F50C235A604AF6CD33C2
S214016170656C2364437893401343124AD363C37810
S2140161808178A2689B0043EA011322F0740213434C
S214016190A3600279837943EA022323614279C379B2
S2140161A043EA022363610078FFF77AFFEB0744BFF7
S2140161B0054B236423F070FD012038BD009000508C
S2140161C000400950004000503254FFFF072A2DE9D5
S2140161D0F041154698464FF0030401F003072DD809
S2140161E09600B44000FA06F221461C481BF0DCF883
S2140161F021461B4807FA06F21BF0D6F8194B1A4936
S2140162009DF81800B8F1000F18BF1946012303FACC
S21401621005F50D60154B1649002818BF0B461D6085
S214016220144B9DF81C00C3F82054103103F224438C
S214016230002818BF0B461D60BDE8F081A2F10806D4
S214016240B600B44000FA06F221460B481BF0ACF843
S21401625021460A4807FA06F2CEE700BF00C40350FB
S21401626008C4035010D4035010E4035014E4035040
S21401627014D4035000E0035004C403500CC403506C
S214016280F8B504460D461F4616464AB101238B4013
S2140162903021184A01FB0022F7B141F21001535098
S2140162A004EB4403072D4FF00F014FEA031316D8F2
S2140162B0A80006FA00F281400F4818441BF074F853
S2140162C04EB9012330210B4AAB4001FB042277B1C2
S2140162D041F210015350F8BD42F21001DFE7A5F17B
S2140162E00800800006FA00F281400448E5E742F221
S2140162F01001EFE700C0035004C003500CC0035068
S21401630010B5152001F06CFC0024FF22064B214637
S2140163105C6520209A625C60FFF744F92146BDE87F
S21401632010402120FFF73EB900000450044A054BF7
S214016330002908BF1346012282401A60704700BF39
S214016340401004504020045010B50121044620207E
S214016350FFF728F901212120FFF724F90122114B2B
S21401636015205A60227812069A606178A27842EA6D
S21401637001429A61FF229A6200229A631A644FF0E0
S21401638000425A654FF0FF3203F500531A6501F0DB
S21401639055FC1520E1781BF0F8F8BDE810401520F3
S2140163A001F030BC00000450F8B50125C3B21E4F01
S2140163B0D1F800C09D408E7ACB7A0C46097B3D65AC
S2140163C007F5005747F820C04FF0300C0CFB00F0E3
S2140163D01B05677B00F1A04043EA064300F58020D9
S2140163E043EA415322F003020766C365026728F0B9
S2140163F05FF90E4B227A5D6502B11D64627A02B1C5
S2140164009D632279A37943EA0243074A936161793E
S214016410E37943EA014305498B61054B55639D6466
S214016420BDE8F84028F03FB90020045000100450A1
S2140164300000045010B50124C0B2844028F038F999
S214016440044B5A6D22EA04025A659C62BDE810406C
S21401645028F029B90000045010B50124C0B28440C8
S21401646028F026F9074BDA6A224208D15B6B9C4377
S2140164700CBF0124002428F016F9204610BD002484
S214016480F9E700BF0000045070B5054628F010F982
S2140164903022084B5E6B02FB05335C6E28F003F975
S2140164A00123EDB2AB4033420ABFC4F30A10002009
S2140164B0013070BD000004504FF40032054B9A665F
S2140164C041F6713203F51C33DA63012203F50053FA
S2140164D0DA6070470090005041F671320121064B98
S2140164E0DA6303F50052D1600022DA634FF400321A
S2140164F0A3F518339A66704700000350CB784A78A4
S21401650010B55B010C7843EA82030A79234343EA18
S21401651002130C22424302F1B0421363012C02BF64
S2140165208A78024B43F8202010BD00BFE880035054
S21401653008B54FF0B0435A686AB958B15B680BB1F9
S2140165401AF041FF01210D4B59601AF03CFF4FF044
S214016550B043D96008BD5B680BB11AF034FF002860
S214016560F0D11AF030FF4FF0B0430222DA601AF091
S2140165702AFF0122024B5A60ECE700BF00100058C8
S214016580002000584FF0B0414B6810B50BB11AF01F
S2140165901AFF01220B4BC4785A608378934043EA72
S2140165A0840344782343047943EA0413447943EA91
S2140165B0C4038B60044B5A600378C3F10203CB60BB
S2140165C010BD00BF00200058001000584FF4803264
S2140165D0064B5A6603F5E6235B69C3F385128270A0
S2140165E003F03F021B0B427003707047009000508F
S2140165F0014B986CD96C70470080E00F024B18680D
S214016600C0F30740704700BF0080E00F0120034B36
S2140166109B680A3303F01F03984070470080E00F21
S21401662070B5054616461C4621B94FF42070FEF794
S214016630D9FF0146402C1BD003D8DCB1202C1BD03F
S21401664070BD602CFCD1042303FB06F2530803EB58
S2140166504113B3FBF2F36021084A203B02EAC3036D
S21401666005F50052916005F580529460EB61E7E70D
S2140166700623E9E71023E7E70823E5E7F8FF7F00AD
S214016680012200F580535A6040F6AA6341F20502E2
S214016690436100230B498360C365C26000F5005265
S2140166A00361C361C364916407498365884203D16A
S2140166B003650023436502E004498842F8D00123BC
S2140166C053607047FFFF010000C0055000000650F0
S2140166D070B50D46FFF7D4FF012300F580567360B1
S2140166E0AB7C04461BB1836843F080438360EB7C3C
S2140166F04BB1344A2B7D944243D1A2F51032C2F8F5
S2140167008C318023F3652A8A6B7B20461343EA8902
S2140167101343E3602B7BD5E90112FFF781FF6B7D05
S2140167201BB1A36843F48033A360AB7D1BB1A368A0
S21401673043F40043A360EB7D2A7E1B07120502F497
S214016740E00203F0E0431343A365697E1D4A8B1EF6
S214016750012B1D4B1FD894421BD002F58042944258
S2140167600CBF01224FF0FF3203EB4213022041F22D
S2140167701C620329985020D10423F3652B786361AA
S21401678070BD124A944204BFA2F52032C2F89C3171
S214016790B7E70022E8E794420DD00C4A94420CBFBA
S2140167A001224FF0FF3203EB4213022042F21C6239
S2140167B001299850DFE70022F5E7042204F500538B
S2140167C0DA65DBE700C0055000C003500000065044
S2140167D0034BD3F82424D3F820041040704700BF9D
S2140167E000C003502DE9F8431E4B0546D3F810337D
S2140167F04B1E0E2B0E46174690F8009044781DD976
S21401680009B34FF000082846D7B127F057FF09EB28
S2140168104903072C4FF00F014FEA031315D8A400C4
S214016820114808FA04F2A14018441AF0E8FDBEB96E
S21401683028468FB1BDE8F84327F040BF8846E2E717
S2140168401AF0ECFDE3E78846E1E7083CA4000748B8
S21401685008FA04F2A140E7E7BDE8F8431AF0DEBD06
S214016860BDE8F88300C0035004C003500CC00350B9
S2140168704FF48032084B5A6603F5E6235B691A0B20
S214016880027003F03F0242704FF6FF72C3F38513A6
S21401689042808380704700BF00900050014B986C87
S2140168A0D96C70470080E00F70B5044623F0C0FA3B
S2140168B0064630B90FCC044D0FC594E8030085E8B1
S2140168C00300304670BD00BFD818002047F6FF739E
S2140168D09A42F0B56FD002296FD8394B5B5C012B19
S2140168E06BD8384DDF0005EBC30415F83330A178BB
S2140168F0012B13D10025E078401AA84202D808449B
S214016900C0B2F0BD431B6668A0EB530336F91360B3
S2140169109642D4BF1D4603F1FF30EEE760680028BB
S214016920EFD0B0F90040944204DBB0F90240944243
S214016930B8BF144683883D44FF2B19BFC8224FF0C9
S214016940280CB0F90620B0F908C0A2EB04030CBF6E
S2140169500126002693FBFCF333446E781BB29E425D
S21401696001DD002B01DA731E1BB24FF47A7C013372
S2140169709BB2071D5D1E2DB24FEAC50E00EBC50585
S214016980EA88AD689E4214FB025222EAE27202F1E4
S2140169905C02B2FBFCF204DD37F83350013395425A
S2140169A0E8D200EB0E039888904228BF1046884232
S2140169B038BF0846A4E7FF20A3E70020A1E700BFF1
S2140169C05BF00300D81800200229F0B555D82C4BEF
S2140169D0585C012851D82B4C04EBC00114F8300048
S2140169E04B6801280FD1C8788C78904294BFC4EBCD
S2140169F00001C4EB0201001BCAB28242C8BF0022DA
S214016A0033F91200F0BD002B37D08878904202D3BC
S214016A10B3F90200F6E7CC78B3F900009442F1D955
S214016A204C789988013CA1F1FF06714203F10405F7
S214016A30E4B2714103F10C07CEB2B44216D805EBAD
S214016A40C1014FF47A756A43B1F902404968521A96
S214016A5004EBD47102EB610292FBF4F29042D1DBBB
S214016A60B3F902009042CDDC10B2CBE737F831C063
S214016A704E1C9445E3D33146DEE70348C2E700BF28
S214016A805BF00300D81800200080FFFF08B504481B
S214016A90FFF70AFFBDE80840012023F0CDB900BF8B
S214016AA044F6030000487047642D00207FB502229B
S214016AB0084B0949CDE901234FF00073CDE90313D3
S214016AC0052301A94FF0FF30059323F00CFA07B018
S214016AD05DF804FB006A18000002040006289ABF4D
S214016AE0014B185C002070475FF003004FF4005222
S214016AF0034B00209A660322C3F86022704700BF4A
S214016B00009000504FF40052034B00209A66032277
S214016B10C3F86022704700BF00A0005000F01F02BB
S214016B20A0F50620A0F55060812810D80123094958
S214016B304009934051F820201A4341F82020064985
S214016B4051F8202022EA030241F8202070474FF036
S214016B50FF30704708190020F418002000F01F03CA
S214016B60A0F50620A0F55060812810B519D801219E
S214016B700D4A4009994052F820300B430B4942F820
S214016B802030D1E9004323448C682344CC6809694A
S214016B9023445B1804D1C2E90033C2E9023313610E
S214016BA010BD4FF0FF30FBE7F41800200819002055
S214016BB02DE9F04FA7B003921F4604460822CDE9FF
S214016BC00401414021FA02F34B40980702F1080202
S214016BD018BF9B00202A1C44F4D18123B4FBF3F395
S214016BE003EBC313E41A7F4B04F506241B7804F564
S214016BF05064002B39D1FEF7B5F9054600286FD150
S214016C000146402206A823F027FF2946402216A85F
S214016C1023F022FF744D754EA8461035AE4228BFAC
S214016C202E467348013E009643461022006806A988
S214016C301AF0A6F94FF0000B81460DF1180AD94556
S214016C4041D16B48009643461022006816A91AF0F7
S214016C50A0F94FF00008834616AEC34546D1654BF2
S214016C609D42D8D101225F4B1A704FF08108002651
S214016C70DFF894B1A4F50625A5F550635B095BF82A
S214016C80232004F01F01CA40D20746D45A4A52F8BC
S214016C902330CB40DB0732D58123002E08BF2646A2
S214016CA0A5F6FF44B4FBF3F303EBC313E41A04F5B0
S214016CB00624B8F1010804F55064DBD1039B03B345
S214016CC0FEB1344625E05AF8040BFFF727FF0130E2
S214016CD009D10022434B1A70424B1B78002BC4D1BA
S214016CE06FF091000FE00BF1010BA8E756F8040BCB
S214016CF0FFF734FF0130EFD008F10108ADE7039B41
S214016D0023B96FF08B0027B0BDE8F08F002E18BFB7
S214016D103446329B00201C60F5E7309B13B10023FC
S214016D20309A1360319B13B10023319A13604FF0F0
S214016D30100ADFF8BC90CDF800A000233A462146A1
S214016D40D9F80000FDF712FF002838D130993A68CB
S214016D502A4BE9B19A42C1F800A01CD02146D9F8C5
S214016D600000FEF75BF80028CBD1D7E90223DDE966
S214016D700410834208BF8A422AD08123A5F6FF4524
S214016D80B5FBF3F303EBC313ED1A05F5062490E701
S214016D909A42EAD0E2E7319B002BE6D02146D9F8A9
S214016DA0000016AAFDF728FF48B9319B309A1B68E8
S214016DB01268934294D39B1A319A1360D5E7104B0D
S214016DC09842CBD06328C9D00E4B9842CDD087E7E6
S214016DD0039B002B9DD07B68012B9AD16FF084001A
S214016DE091E700BF2F280020006D0800816D080084
S214016DF0942B0020906D0800F4180020105D175E9B
S214016E00FFDF00F0FEDF00F0081900202DE9F04F4B
S214016E1087B08246894698461646DDF840B02AB1C4
S214016E20002B53D040F26C739A4252D8BBF1010F3B
S214016E3052D8002406F110073946012005941BF0AC
S214016E40B4F8054600284AD021463A4623F004FE07
S214016E5005ABCDE9014300942B4601225046494635
S214016E60FFF7A6FE044680B110F18C0F08BF6FF045
S214016E708D043A460021284623F0EEFD28461BF0F5
S214016E8076F8204607B0BDE8F08F164BC5E902A993
S214016E902B60C5F804B02EB13246414605F110000C
S214016EA023F0E5FD059E10483B462A46314600681C
S214016EB0FDF770FF38B93046FFF730FE013008BFE6
S214016EC06FF08604D5E76FF09104D2E76FF0860481
S214016ED0D7E76FF09104D4E76FF08504D1E76FF040
S214016EE08C04CEE7105D175E942B00202DE9F0434D
S214016EF08DB08146DDE914780E4615461C469BB1D9
S214016F00B8F1000F05D16FF0860630460DB0BDE82A
S214016F10F083002FF7D0B7F1005FF4D3C3F100532D
S214016F2003F500439F42EED81022002108A823F063
S214016F3093FD002207AB029305AB019306AB3146E6
S214016F400093484608ABCDE90522FFF731FE064619
S214016F500028DAD1059BA4B1AB4215D853EA050443
S214016F60D1D1069B0B48C8F8004000943A460799D1
S214016F7000682B44FDF7FAFD002818BF6FF0910654
S214016F80C3E7AB42EDD2BEE75B1B9C4228BF1C4663
S214016F90E7E700BF942B002030B58DB00C460546C0
S214016FA01022002108A823F057FD002207AB029308
S214016FB005AB019306AB21460093284608ABCDE905
S214016FC00522FFF7F5FD044608BB099B012B21D0DE
S214016FD0079D134B29461868FDF720FFE8B9A5F56C
S214016FE00623A3F55063812B05F01F020DD801215E
S214016FF00C485B09914050F823204A4040F8232072
S2140170002846FFF7ABFD013001D16FF0860420461C
S2140170100DB030BD6FF08404F9E76FF09104F6E728
S214017020942B0020081900202DE9F04F89B007465F
S2140170300E4601F073FEC00709D4042401201BF09C
S2140170407EFC80B3013CF9D16FF0920028E010225B
S21401705000210DEB020023F0FFFC04A801F0C0FEA6
S214017060049B002BE9D0059B002BE6D0069B002B4A
S214017070E3D0079B002BE0D00025DFF8808008F1E5
S2140170800409B54219D34FF48A7401F041FE00F0A9
S2140170900E03062B2DD1C30501D501F06BFE002092
S2140170A009B0BDE8F08F01F033FE10F00E03FAD000
S2140170B0022BF8D04105DFD5C4E701F023FEA6EB8D
S2140170C0050A8400544528BF544699E80300002366
S2140170D08DE80300CDE9054307EB050BCDF810B0AD
S2140170E0029404AAD8F8003007CA1BF021FB2544F5
S2140170F0C7E724FA03F3DA07A6D5C6E78CF0030040
S2140171002DE9F0438BB01746DDE91545DDE9132679
S2140171109C46DDE91738894621B96FF086000BB029
S214017120BDE8F083002FF8D00EB9002CF5D11299E6
S21401713009B9002AF1D10DB9002BEED1B8F1000F33
S214017140EBD0244A944541D10288B2F5105F3DD177
S2140171504288B7EBD20FE0D322F04001802902D05B
S214017160B2F5807FD9D16CB3AE421CD232199542AA
S21401717019D29C42D1D831462246284623F052FCE9
S2140171802E4614F00F03C8D1CDE90197CDE9033699
S214017190CDE90543CDE907540993FFF7A7FC38B1BC
S2140171A06FF09200BBE79C42EBD96FF08900B6E71F
S2140171B007AA04A901A801F0D7FE0546FFF7A2FC1D
S2140171C00543EDD10020C8F80040A8E76FF0850020
S2140171D0A5E700BF004440042DE9F04FA9B083465F
S2140171E017469A460E46DDF8C890DDF8D88029B9CC
S2140171F06FF08603184629B0BDE8F08F002AF7D055
S214017200B9F1000FF4D0349B002BF1D0B8F1000F88
S214017210EED00024424B0CAD93E8070085E807004A
S2140172203C22214619A8189423F016FC338872884C
S21401723003F4E040B0F5804FDAD03A4E3A480BEA14
S214017240060646F01066864263D1B2F5807F60D1AD
S21401725047F2121293425CD10620344ABAF11F0F4C
S214017260D3680E940B931369126800FB03F3CDE900
S2140172700C23BDD9339B402BBAD9359B1F2B4BD939
S21401728009F1010220261292402299F800300F9748
S214017290042B18AFCDE91324CDE91572109611947D
S2140172A01794A5D1FFF722FC03460028A2D10B9B19
S2140172B015AACDE9086305AB07CA83E8070002AB48
S2140172C012AA07CA83E80700DDE910018DE803006A
S2140172D00F9B95E8070001F021FF0546FFF712FC1A
S2140172E055EA000384D13D46349A20AE2C4603CCA1
S2140172F0B44210605160254602F10802F6D1002220
S2140173001146B9540132402AFBD12022C8F8002088
S21401731070E76FF085036DE76FF089036AE700BFDA
S21401732008F203000000FFF6000002091CF2030049
S214017330F0B50E461D468BB0002853D0002951D01B
S214017340002A4FD0002B4DD0048804F44F43B3F5E8
S214017350824F03D06FF085000BB0F0BDE3B224F08E
S214017360FF04B4F5E24FB0F802C0F3D1122B01D0FE
S214017370172BEFD10CF10701B2EBD10F4FEAD10772
S21401738033D31D4A04ACBCF5807F07CA84E80700E6
S214017390E0D1122B07D1194B1A691B681344CDE9AA
S2140173A00432002306930023CDE907670993FFF70C
S2140173B09DFB0028D0D1124A02AB92E8030083E875
S2140173C003000AAB13E903008DE80300079B94E86A
S2140173D007001BF032F90446FFF794FB204307D160
S2140173E02F60B9E76FF08600B6E76FF08900B3E764
S2140173F06FF09200B0E700BF08F203001CF2030032
S21401740084F003002DE9F0438FB01D46DDE916C672
S21401741000285CD000295AD0002A58D0002B56D01C
S214017420BCF1000F53D0002E51D0038803F44F4413
S214017430B4F5824F51D1DCB223F0FF03B3F5824F8E
S21401744040884AD0122C01D0172C46D1C31DB2EB6E
S214017450D30F4FEAD3083AD34FEA4802571C674581
S21401746038D8B0F5807F38D1122C18BF4FF00009FC
S2140174704FF0000308BF1C4CCDE9081805F10101C7
S21401748014BF4C46D4F80C90CDE90B120A930D9319
S214017490FFF72CFBC0B9CDE9058902AB08AA07CADC
S2140174A083E807000EAB13E903008DE803000B9B8E
S2140174B094E807001BF0E0F80446FFF723FB20439F
S2140174C00ED104232B7037600FB0BDE8F0836FF048
S2140174D08600F9E76FF08900F6E76FF08500F3E7BD
S2140174E06FF09200F0E700BF1CF203002DE9F043B5
S2140174F089B00E4615461F46DDF8488020B96FF064
S214017500860009B0BDE8F0830029F8D0002AF6D03D
S214017510B8F1000FF3D0038803F44F42B2F5824F5F
S21401752002D06FF08500ECE7DAB2122A01D0172AF2
S214017530F7D123F0FF03B3F5E24F41D14488C8F8F1
S214017540004044B9EB00B3F5807FC8F80030E8D1BD
S214017550122A0DD108E0E31DB5EBD30FCFD1B4F558
S214017560807FDED1122A29D1354B1C681B691C4449
S2140175700023194670192C4414F801CD10F8012D7A
S2140175801143B2EB0C020CBF4FF0FF3C4FF0000C66
S21401759086420CEA030343EA0203EDD10029AED08A
S2140175A0002BACDA109B9D4246D82A463146384617
S2140175B023F05DFA119B00201D60A2E70024D7E7A7
S2140175C03378042B9BD16B1EDB005B08B3F5807F01
S2140175D0C8F80030A5D1122A06F1010318BF4FF0F2
S2140175E000094FF0400205934FF000030ABF144C08
S2140175F04C46D4F80C90CDE90623FFF777FA00281D
S2140176007FF47FAFCDF80C90D8F800300733DB0855
S214017610029308AB13E903008DE80300059B94E889
S21401762007001BF0D6F80446FFF76CFA00287FF433
S21401763068AF002CB6D062E76FF0890061E700BF43
S2140176401CF203000388B3F5105F0ED14388DB08F4
S214017650103B102B0CD8084A22FA03F313F0010F43
S21401766014BF00206FF0860070476FF085007047EA
S2140176706FF08600704700BF010101002DE9F04F51
S2140176808FB01546DDE918A91E46DDF868801C9FF7
S21401769009B300B3B8F1000F1DD0E7B1BAF1000F7E
S2140176A002D1B9F1000F16D1274B26F47E129A4269
S2140176B0B0F802B044D1FFF7C5FF0446A8BBB5EB4E
S2140176C0DB0F4FEADB0306D316F47C1FC6F3054532
S2140176D004D0102D03D96FF0860426E010251B9ADE
S2140176E095422AD8CDE9011300231022CDE905934E
S2140176F00DF12809CDE9033ACDE90823CDF81C9010
S214017700FFF7F4F9044680B907AA04A901A801F015
S2140177103FFC0646FFF7F6F9044656B958B92A461D
S2140177204946404623F0A3F93D6020460FB0BDE828
S214017730F08F6FF092040025F6E76FF08904F4E706
S2140177406FF08504F1E700BF0002C0032DE9F041A8
S214017750069F0C461646054610B309B302B9FBB997
S2140177606288B3EBD20F4FEAD20819D34C2200211C
S214017770284623F071F90D4B27F47E129A4212D156
S2140177802046FFF75FFF044638B942463146281DBA
S21401779023F06DF9C5F824802F602046BDE8F081FE
S2140177A06FF08604F9E76FF08504F6E70002C00380
S2140177B02DE9F0410E4614460546002840D0002922
S2140177C03ED092B10368214823F47E1383423AD116
S2140177D0AF6BF7B1C7F1100807F1280042452844FE
S2140177E006D2274423F043F9AF630020BDE8F081B9
S2140177F0424623F03CF91022103C3C19AA63F4D00F
S214017800284605F1280119F071FE0028EED14644FC
S214017810A863102C0CD9671E27F00F073A4631468D
S214017820284619F063FE0028E0D1E41BDDD03E4473
S2140178302246314605F1280023F019F9AC63D4E756
S2140178406FF08600D2E76FF08800CFE70002C00332
S2140178502DE9F04388461F4605468BB070B169B1E5
S21401786063B10368234923F47E1088423ED113F4A2
S2140178707C1FC3F3054604D0102E03D96FF086048F
S2140178802AE0102696422BD8FFF730F9044618BB9B
S214017890AB6B05F12802CDE901236B6A2A1DCDE900
S2140178A004231023CDE9083007AB1A46039006904F
S2140178B005F13C0901A904A8CDF81C9001F08CFB48
S2140178C00546FFF71FF904466DB928B93246494601
S2140178D0404623F0CCF83E6020460BB0BDE8F0836E
S2140178E06FF08904F8E76FF09204F5E76FF085040E
S2140178F0F2E700BF0002C00370B504460D4626F04D
S214017900D7FE1D2C064608D80C2C0AD8082C2CD0DD
S21401791013D8BB23E340DB0718D4002321242B8094
S2140179201EE00123174AA340134224D1122C26D06D
S2140179300D2CF2D14FF4F06005E0092C18D00C2C78
S214017940EBD14FF4C060FEF743F802E08020FEF76B
S2140179505DF84FF6FF7398420CBF0E240024288072
S214017960304626F0A0FE204670BD4FF48060EEE75C
S2140179704FF49060EBE700230F242B80F0E74FF4E1
S214017980E060E0E70080912030B58BB06C466B4D2F
S2140179900FCD0FC42B686A4A2360FF238DF8013090
S2140179A0D2F84C3113F4802340F0BC80D2F8502139
S2140179B08DF801309DF801306C46FF2B08BF192366
S2140179C06846604D8DF80130FEF7CEF83220FEF79E
S2140179D009F90FCD0FC40FCD0FC495E8030084E855
S2140179E00300574BD3F84C21120340F18780A3F5CF
S2140179F0FE431C88B4F5807F28BF8C248DF819407F
S214017A00FEF7ACF8044484F308044F488DF8184098
S214017A10FBF7E4FB6846FEF705F83220FEF7E8F8C8
S214017A204A48FEF7CBF94A4C4A4826F022FF002086
S214017A30FEF7E4F8FEF778F9236F002023F007033A
S214017A4043F003032367FEF799F9236F424923F4B2
S214017A5074432367414BD3F8FC2012F0807251D156
S214017A60C1F880203A4BD3F8202122F0030242F0DD
S214017A700202C3F82021D3F8242122F0070242F0A3
S214017A800202C3F82421D3F8802122F0030242F037
S214017A900102C3F88021D3F8402122F0030242F00C
S214017AA00202C3F84021D3F8602122F0030242F01B
S214017AB00202C3F86021D3F8402222F0030242F00A
S214017AC00202C3F84022D3F8002222F0070242F055
S214017AD00202C3F80022D3F8202222F0030242F069
S214017AE00102C3F82022FDF75BFF4FF0E0220020E1
S214017AF0136943F0040313610BB030BDD3F8504152
S214017B00E4B27BE7D3F8FC2022F08072C3F8FC20B5
S214017B100022C1F88020D3F8FC2042F08072C3F81E
S214017B20FC209FE74FF07E6393F89C2093F99C30EE
S214017B30002BFFF63FAF8DF801203BE798F00300DE
S214017B400080E00FACF0030000F0490200B4C4046A
S214017B5000800050E0F003000090005000ED00E0CF
S214017B6007B56B46054A1068516803C36846FEF7B9
S214017B70F3FA002003B05DF804FB00BFD4F0030065
S214017B800028ACBF00F16040064B4FEA0111C9B2B4
S214017B90ABBF00F5614000F00F0080F800131954E8
S214017BA0704700BF14ED00E008B526F081FD0B4BD1
S214017BB01A7872B901221A7026F075FD6FF0040268
S214017BC010460132052152B2FFF7DAFF402AF7D1FB
S214017BD008BDBDE8084026F066BD00BF302800207D
S214017BE000280CDB01220649430900F01F008240F1
S214017BF0203341F82320BFF34F8FBFF36F8F7047B9
S214017C0000E100E0002807DB01234109034A00F0F8
S214017C101F00834042F82130704700BF00E100E0BA
S214017C20054B421153F8223000F01F0023FA00F0F2
S214017C30C04300F00100704700E100E0002808DBC7
S214017C4001224309034900F01F008240603341F8D6
S214017C502320704700E100E010B5044626F01FFD22
S214017C60024B1C6026F016FD002010BD1C190020DA
S214017C7010B526F014FD034B1C6826F00BFD2046BC
S214017C8010BD00BF1C190020034B022218680023F8
S214017C908068194613F040BE6C2C0020302337B59F
S214017CA0007D0DF10701434303F1A04303F5802353
S214017CB0DD6E1C6F25F032FC9DF8070040B9054BC0
S214017CC09D4203D184F00204C4F3400003B030BDEA
S214017CD00120FBE7312800203021037D02464B437B
S214017CE003F1A04303F58023D86E07491B6F884232
S214017CF008D113F0020006D0106A136D1B1A584201
S214017D0058417047002070473128002070B504465E
S214017D1008B9012070BD057D2846FBF7B7FD302365
S214017D206B4303F1A04303F580232846DE6EFBF781
S214017D30CDFD0A4B9E421CBF042384F8A13094F863
S214017D40953094F8A1002BB1022803D1012384F8C1
S214017D50A130DFE70428DCD1F8E700BF3128002096
S214017D602DE9F743D0E9043404F17C07D0F80C90F0
S214017D700646013B102200213846D4F874809DB295
S214017D8022F06AFE0B4BC5F30A0543EA0513C4E964
S214017D901F39012394F8780084F88C30C4F8848065
S214017DA03A46054B009604F16401FBF749FD03B022
S214017DB0BDE8F08300001030CD1603002DE9F04F2A
S214017DC004464FF444764FF030093F4D00F1380732
S214017DD01022002185B0384622F03EFE6687C4E9AF
S214017DE00F55207DFBF752FD10220021384622F068
S214017DF033FE6687207D354EC4E90F5509FB0063C7
S214017E00DB6EAB4204D105B0BDE8F04FFBF75EBDBB
S214017E100DF10B0125F082FB9DF80B50002D4CD186
S214017E20204619F037FC804603A9207D25F098FBF3
S214017E30039B2946013B1FFA83FB04F118031D46E9
S214017E4010221846D4F810A022F006FEA169204A96
S214017E50CBF30A031B010A4043F040731343C4E902
S214017E60063A237DC4F8208009FB0366336F94F835
S214017E7024205B0863F3410284F82420326F94F8CF
S214017E80243025F0030562F3000384F82430336FB1
S214017E90626A9B0863F39F0245F0020562626564AD
S214017EA000943A4621460B4B207DFBF7C9FC207D0A
S214017EB0FBF70CFD05B0BDE8F08F94F844306FF386
S214017EC0410384F84430EBE73128002000000450D9
S214017ED00F80FFFC3B1703002DE9F04F9946002366
S214017EE004468DB008910692C9F80030D9F80050C2
S214017EF0069B5E1B00F09E80089B5D1900F09A8031
S214017F00207DFBF7C3FC2046FFF7E6FE8046207D7A
S214017F10FBF7DCFCB8F1000F40F08C80204619F02E
S214017F20B9FB216D94F89AA088429CBFD4E912034C
S214017F30C018401A864228BF0646BAF1000F00F064
S214017F40A98026F0B5FB236D079020460993FFF71D
S214017F50A5FE3746099B834698198342D4F89C2090
S214017F6071D1D4E9120303449A4208BFC4F89C00B5
S214017F70079826F098FBDA46207DFBF787FC0DF183
S214017F802F01207D25F0CAFA204619F083FB236DC8
S214017F908346984240F28C80A26CB5B293427FD160
S214017FA0099304F12808236910220021404607930B
S214017FB022F052FD3021079B013DE362099BC5F388
S214017FC00A052363237D2D014B4328F0030803F1A3
S214017FD0A04345F0407548F0020203F58023A562F0
S214017FE01A67236DD4E9121233440A44934208BF38
S214017FF00B465B45236505D10123204684F85430A2
S214018000FFF7DCFE207DFBF761FC94F89A303BB16C
S214018010BAF1000F04D0236E112120465B68984701
S214018020D9F8003037B1069A3B449342C9F800307C
S214018030FFF45CAFD9F80030002B14BF00201B20E2
S2140180400DB0BDE8F08F013303F1FF3C624510D15E
S214018050C4F89C3013F8012C112A01D0132A15D12B
S214018060013FA2F111014A424A41D04684F8A020BC
S21401807073E713F8012C02F0FD0CBCF1110F06D1C9
S214018080013FB8F1000F3FF468AFEAE7D04605F8C4
S214018090012B62E73246284622F0E9FC37466BE7B9
S2140180A0238DC3F30A12154465F30E13238598E74F
S2140180B09DF82F30207D93B93023584300F1A0401E
S2140180C000F58020426E436EC2F30A1223F4FF438A
S2140180D0324423F0700343EA0213436681E70C4BF4
S2140180E0049403930023CDE90163012300935A46C8
S2140180F02369216818F020FC3022237D534303F1C5
S214018100A04303F580235A6E22F480125A6668E76C
S2140181103B170300F0B50C4615460646A42200217F
S21401812089B0204622F098FC2746AC46BCE80F00F2
S2140181300FC7DCF8003005F1140C3B6004F164074E
S214018140BCE80F000FC7DCF80030EA6A3B60AB6A98
S214018150C4E9132395F83020A36484F8992095F890
S2140181603320C4F89C30012384F89A2084F8A03088
S21401817084F85430AB6B236695F8313084F8983028
S2140181803F4B346073603F4BB3603F4BF3603F4BF4
S21401819073613F4BB3613F4B3361FBF71DFB10B17E
S2140181A03D4B98420ED1002107A8FBF79DFA0146E8
S2140181B040B9079B07A82375FBF796FA28B1207DDF
S2140181C0FBF7E4FA102009B0F0BD0127079B84F8FD
S2140181D07830324B7362324B84F8A170F361314BC5
S2140181E095F83210336284F8960084F8957020462C
S2140181F019F073FBAB6B93F91100FFF71FFDAB6B27
S21401820093F91100FFF7FEFC207DFBF73FFB0028EA
S214018210D8D1254B0494CDE90203E36CCDE9007374
S2140182202369A26C2168207D18F086FB0028C9D13D
S2140182303022237D4FF48011534342F2640203F14E
S214018240A04303F580239950AB6B93F91000FFF719
S214018250F5FCAB6B93F91000FFF7D4FC04F190002A
S21401826018F03DFB3046FFF7F7FC2046FFF7A6FD6A
S214018270207DFBF72BFB003818BF01200001A2E789
S214018280AB170300F5160300D97E01008316030021
S2140182908916030053190300038000F00D7D0100C9
S2140182A0DB1803008F1603003B17030070B5056843
S2140182B0144E2C7D2046FBF7E9FA302303FB0463BA
S2140182C0DA6E114B9A420FD12846FFF7E7FC80B1D0
S2140182D026F0EEF901230D4AA3405365A2F580521C
S2140182E09362536326F0DFF92046BDE87040FBF742
S2140182F0EDBA2846FFF7F0FC0028F5D10123A3408C
S214018300B364F1E700000450312800200020045037
S214018310F8B517461C46564A8B6B069D1A60554A99
S2140183205A60554A9A60554ADA600A462946FFF766
S214018330F1FE0646002840F0958023680121C5F825
S214018340A43063683A20C5F8A830637A85F8AD3062
S214018350237A85F8AC30E37A85F8AF30A37A85F8CE
S214018360AE30637B85F8B130237B85F8B030E37B94
S21401837085F8B330A37B85F8B230FDF713F90123F6
S2140183800422617A207AFDF77BFF01230222E17A3B
S214018390A07AFDF775FF01216068FDF703F93E70CD
S2140183A039462068FEF794F91422637C5B0103F1D9
S2140183B0A04303F57033C3F81C26617A227A42EA99
S2140183C00142C3F83426E17AA27A42EA0142C3F8AE
S2140183D02C2685F8B4607B7E032B47D8DFE803F0B4
S2140183E03444021C022385F8B43000230422E17BC6
S2140183F0A07BFDF745FF022741F21C61627C204B02
S21401840003EB42104750E07BA17BB13241EA0041C9
S21401841003EB4213996017E0012785F8B430022276
S2140184200023617B207BFDF72BFF637B227B617C36
S21401843042EA0342134B49015A500422236803F5CA
S2140184408053DA65002FD0D1237A0F4A85F8AC30F5
S214018450637A052185F8AD30206800F500539A64EB
S21401846018F0B9FF3046F8BD0027D6E72326F9E70E
S214018470151A0300A71A0300B51A0300291A0300E8
S21401848000C0035024D60350FFFF010007B568461D
S21401849000F028F8DDE900010022034B03B05DF887
S2140184A004EB19F039BE00BF2019002007B5009370
S2140184B013460A460146034819F067FB03B05DF808
S2140184C004FB00BF2019002007B5009313460A4697
S2140184D00146034819F04DFD03B05DF804FB00BFEB
S2140184E0201900200249034A0160521A426070476F
S2140184F0A02D002000800020004870472019002091
S214018500BFF35F8F074B5A6A22F480325A62D3F860
S214018510942022F00102C3F89420BFF34F8FBFF3DB
S2140185206F8F704700ED00E038B5FFF7E9FF274A87
S2140185302748D2F8C030274D23F0FF0343F0A003AD
S214018540C2F8C030244B04689D4204F101011DD1DC
S214018550224BC2F89840C2F89C3003F5FF437E33A5
S214018560C2F8A0300160BFF35F8F0522174BC3F836
S21401857094205A6A42F480325A62BFF34F8FBFF397
S2140185806F8FBFF34F8FBFF36F8F38BD23F01F037D
S214018590203BB3F1005F09D3C2F898400F4C43F07B
S2140185A00103C2F89C40C2F8A03001600C4B016880
S2140185B0064A23F01F0343F00303C2F89810C2F8DB
S2140185C09C30084B0131C2F8A030CBE700ED00E04B
S2140185D048190020202B00204029002003000020FD
S2140185E03F2B0020E17F00202DE9F0410D4611468A
S2140185F0DFF8E080D8F80040B4F5807F34BF00276C
S2140186001A27FFF77DFF1F292ED90021C2061CBF9E
S21401861020F01F0020302E4EEB0618BF25F01F0558
S214018620CBB29C4235D8D6F8C03020F01F0023F4D8
S2140186307F4343F48073C6F8C03040F0030426F04D
S21401864037F8D8F8003025F01F0141F00301C6F8CD
S2140186509830C6F89C40C6F8A01026F024F8D8F842
S21401866000300133C8F80030BFF35F8F0522184B86
S214018670C3F894205A6A42F480325A62BFF34F8F8D
S214018680BFF36F8FBFF34F8FBFF36F8F3846BDE8D1
S214018690F081C6F89830D6F89C30D6F8A02023F0A2
S2140186A01F03984222F01F0201D195420BD090423F
S2140186B001D89D4209D2D6F89830013123F0FF0344
S2140186C0C6F89830ACE70027CEE72827CCE700BFEE
S2140186D000ED00E048190020BFF34F8F0549064B17
S2140186E0CA6802F4E0621343CB60BFF34F8F00BF4A
S2140186F0FDE700BF00ED00E00400FA0538B5416073
S214018700044625F0CCFF05462146044818F0EAF851
S2140187102846BDE8384025F0BDBF00BF4C190020F3
S214018720014818F0DCB800BF4C19002070B525F0E0
S214018730B6FF174E0546174826F09BF83378CBB997
S21401874000F07CF9044620B1284625F0A3FF204618
S21401875070BDFFF7E5FF26F089F90F4B1C6025F089
S214018760ABFD0E4B0E4A1860536F43F0010353677F
S21401877019F0F4FC00F078F819F007FD094B002415
S214018780186001232846337025F084FFDFE700BF19
S2140187903E280020E4F0030050190020781900203C
S2140187A0004000505419002038B5044625F077FFE4
S2140187B00F4D02462B78FF2B04D1B4B1BDE83840EB
S2140187C025F068BF1BB9002CF8D0012103E0002C6E
S2140187D00CBFFF2101210B44DBB22B70B3FA83F3EC
S2140187E004495B0910460B70E8E71946F3E700BF3A
S2140187F03B2800203A280020054B1B685843054BB0
S21401880000F5742000F23F20B0FBF3F0704700BF84
S2140188107819002040420F0073B5114E0446337894
S21401882083420FD04FF400730E4DADF8043058B1AB
S21401883001A8FDF789FB4020FFF7DEFF2B68181A19
S2140188402860347002B070BD8DF8050001A8FDF7F0
S2140188507BFB4020FFF7D0FF2B681844F0E700BFF2
S214018860782D0020B019002073B5002401A88DF8DA
S2140188700440FDF70BFC2046FFF7CEFF2C4B2D4A9C
S214018880D3F8003103F0030313604FF400222A4BA0
S2140188905A664FF400325A6625F074FA4FF4C870DF
S2140188A0FFF7AAFF254B264A1860264913680134AC
S2140188B0E4B20A2C41F8040BF9D1034400EBC000E2
S2140188C003441360204B214D1B7813B3184BD3F888
S2140188D0003103F00303022B23D0032B24D0012BFA
S2140188E017D124F0E1FD024698B1194B194EDC6808
S2140188F000231946C4F30B04013404EB8404013845
S214018900E4FB060112F066FEFFF776FF2B680344D0
S2140189102B601F20FFF770FF2B6803442B6002B00B
S21401892070BD24F0CBFDDEE724F0C4FDDBE700BF1D
S21401893000800050B8190020009000507C190020DB
S214018940801900208419002042280020B019002038
S21401895000C0015040420F000122154B10B55A6766
S214018960144B154C1B7813B3022026F070F8F0B1A7
S21401897025F036FDD8B1A36DD90302D5E36D9A076C
S21401898015D40D4B9B6DDB0711D401220B4B1A70CE
S21401899026F051F8BDE81040094B0A4A1860136FDB
S2140189A023F0070343F00303136724F063BD10BDF0
S2140189B000D000504328002000C00050402800206E
S2140189C0AC190020008000500122014B1A7070473C
S2140189D04328002008B5FFF759FDFDF70FFE0128D3
S2140189E00ED1134B04205A6E4FF4802311495203C3
S2140189F058BF114A4B6601F51041086258BF5366CD
S214018A0019F0C7FBFFF7D0F8FFF7AAF818F0B9FD81
S214018A10FFF78CFE00F012F8FFF786FD19F0BAFB9F
S214018A2019F0C7FB17F0BFFEBDE8084019F0B3BB4D
S214018A30008000500090005000A0005070B525F056
S214018A4037FE144E05463478FCB9134B1C60134BA5
S214018A501C60134B1C6000F031F8012025F0A8FDC6
S214018A6025F09AFD0F4B0246186020B9284625F0DE
S214018A701AFE232070BD234640F2E7310A4812F061
S214018A80A9FD0A4B186001233370284625F00BFE1A
S214018A900020EFE746280020CC190020C819002046
S214018AA0D4190020D019002018FCFFFFC41900209B
S214018AB0014B1868704700BFC41900201FB5002479
S214018AC0194B18689A880290D3F806009B7A009092
S214018AD01648ADF80C208DF8043025F0CAFE02A821
S214018AE08DF808408DF80C40FDF74CFD69460120D5
S214018AF08DF80040FDF702FD40F2FF320C4B9A6103
S214018B005A614FF0B042936A13F00803FBD1136227
S214018B100120FDF70DFD0C20FFF790F80C20FFF764
S214018B2071F804B010BD00BFF7F00300DCF00300DD
S214018B300020005810B525F0BBFD4FF0B0430446A9
S214018B405B695A06074A03F0010003F0510348BF68
S214018B5040F00200536125F059FC2046BDE8104064
S214018B6025F0A1BD0020005838B5044605F0DEF812
S214018B7000283DD10323A38340F2FD53238304231E
S214018B80A376A368A07743F48013A36019F028FBAB
S214018B90A368A0801B030CD4B0F5FA7F09D925F091
S214018BA07EFD01210546084624F060FF284625F093
S214018BB071FD204605F0E2F8D8B9E068D0B106F0BC
S214018BC0FDFA1AF017FE04F015FA1BF083FF1CF0ED
S214018BD04AFD0022012104201DF025FD0321042069
S214018BE002F0E0FD0A2001F0B1F8204619F005FB7D
S214018BF0002038BD0048E2E77A2D002008B5044978
S214018C0004480BF053FDBDE808400BF081BD00BFE2
S214018C1004F10300CCF103004FF08052014B5A607F
S214018C20704700BF00ED00E0F8B50E460546D0B12E
S214018C30C9B10E4B0E4F19683868FBF789FE04461A
S214018C4078B9062332460B493868FBF74FFF0446CE
S214018C5038B901232A4608493868FBF747FF00B1AF
S214018C602C702046F8BD2124FBE700BF742B0020A2
S214018C70942B00202C0004003C0004001B0603F08B
S214018C80706300F00F000902034301F470611204DF
S214018C9002F470220B431343014A1360704700BF6E
S214018CA00020025C60B5054619B10139B1F5806F47
S214018CB00FD2094EF06810F48030FBD143EA01234D
S214018CC012072B4302F08052134343F000437360B4
S214018CD060BD0120FCE700BF0020025C0122054BBD
S214018CE09A60DA68D203FCD4D86820F00F0000043A
S214018CF0000C70470020025C014B1868704700BFEB
S214018D000040025C014B5868704700BF0010025CCF
S214018D10014B186B704700BF0010025C014B1868CE
S214018D20704700BF0010025C014B9860704700BF9F
S214018D300010025C014B1864704700BF0010025C13
S214018D40014B5864704700BF0010025C014B58632A
S214018D50704700BF0010025C0022014B1A6070478A
S214018D600010025C024A136843F001031360704767
S214018D700010025C024A136823F001031360704777
S214018D800010025C43F20402014B1A60704700BFF8
S214018D900010025C024A136843F030031360704708
S214018DA00010025C044B1A6842F480721A601A685A
S214018DB022F480721A6070470010025C024A13683F
S214018DC043F48063136070470010025C034A136823
S214018DD023F4702343EA0043136070470010025CDB
S214018DE0044B1A6902605A6942609A698260DB69BB
S214018DF0C36070470010025C0268044B1A61426847
S214018E005A6182689A61C268DA6170470010025C32
S214018E10024B1A6BD207FCD4186270470010025C32
S214018E200322024B186019615A6370470000025C06
S214018E3082B01FB507930A9B04AC8B4228BF0B4632
S214018E4004E907001048D100079948BF03330160C1
S214018E50099948BF23F0030323F0704301F0E04172
S214018E60194341F000518160002102F0E042019C6B
S214018E701A4342F00052C16004618261416304B04A
S214018E80BDE8104002B070470000025C3F22034B71
S214018E901A631022DA6103229A6370470000025CAB
S214018EA0024AD36B9B07FCD4704700BF0000025CEC
S214018EB0044B9B6A13F0240F14BF0120002080008E
S214018EC0704700BF0000025C08B5FFF7F1FF064BD4
S214018ED0DB6B23F47F4323F0EF0303431EBF012222
S214018EE0024BC3F8FC2F08BD0000025C00F0FF3FF8
S214018EF04368182B0AD0202B1DD0102B2BD1174BD3
S214018F00D3F80434DB010AD401207047134BD3F89D
S214018F1004349A01F8D50B6843F008030B60036824
S214018F200F4A934210D10B6843F040030B600023B5
S214018F30436000207047094BD3F804345B01E3D546
S214018F400B6843F00403E9E7064A9342F1D10B6844
S214018F5043F08003EAE70720704700BF0000025C89
S214018F6048280020472800200B4607B50749D1F8B6
S214018F700414C90708D5002100920246084600F0ED
S214018F805BF803B05DF804FB0120FAE70000025C21
S214018F901346064AD2F80424D20504D50A460146E9
S214018FA0002019F040BB0120704700BF0000025CA2
S214018FB013B5084CD4F80444E40508D500931346C9
S214018FC00A460146002000F061F802B010BD0120FB
S214018FD0FBE700BF0000025C13B5084CD4F804445C
S214018FE0E40508D5009313460A460146002000F022
S214018FF071F802B010BD0120FBE700BF0000025C63
S21401900070B504460D4616468CB00A4A09AB07CA27
S21401901083E807001A462146CDE90563CDE9033307
S214019020CDE9013300954FF4803019F028FA0CB0E1
S21401903070BD00BF08F20300F0B51C465B6815461C
S2140190408DB01A07129E1AD1CBB17268934216D10F
S2140190500C4B0D4A53F8217009AB07CA83E8070089
S2140190601A462946CDE90533CDE90333CDE9016337
S214019070009447F4807019F002FA0DB0F0BD072095
S214019080FBE700BF14F2030008F20300F0B5164632
S2140190905A688DB0102A0D46129F15D17A68102A8B
S2140190A012D10A4A09AC07CA84E8070022462946B3
S2140190B0CDE90547CDE90344CDE9014404480096CE
S2140190C019F0DDF90DB0F0BD0720FBE708F203004B
S2140190D030000100F0B516465A688DB0102A0D46CC
S2140190E0129F15D17A68102A12D10A4A09AC07CA0A
S2140190F084E8070022462946CDE90574CDE90344F4
S214019100CDE901440448009619F0B9F90DB0F0BD57
S2140191100720FBE708F203001000010082B070B5DB
S21401912086B0149D03AE202D86E807000B9359D810
S21401913005EB85038B4203D006236B438B4253D149
S2140191400C9BAB4250D10F9BB3EB450F4CD1129AFF
S214019150934249D1012229462220159BFFF7A2FD01
S214019160044630BB034606220E210C20FFF786FD7F
S2140191700123CDE900332B4696E8070019F012F9D2
S2140191800E230BAA009307CA2B4619F056F80C2398
S214019190164C00930EAA2B4607CA19F07EF8636890
S2140191A023F07F0343F026036360FFF797FD30B19A
S2140191B00624204606B0BDE8704002B070476368DA
S2140191C023F07F0343F022036360FFF787FD044625
S2140191D00028EDD1062311AA009307CA2B4619F0E1
S2140191E08FF8E6E70124E4E70724E2E70020025CC3
S2140191F070B598B0002843D02C4C08AD0FCC0FC5E5
S2140192000FCC0FC50FCC0FC594E80F0085E80F00F3
S2140192106D4604AE04F1100320340FCB85E80F0031
S21401922094E80F0086E80F00FFF7BCFD0420FFF767
S214019230CDFDFFF7A7FD3046FFF7DEFD002408AEA3
S21401924056F8040B0134FFF7E3FD102CF8D1FFF7B5
S21401925059FD0328FBD90024FFF77EFD2646FFF7BC
S2140192604BFD55F8043B01365840042E44EA0004F1
S214019270F5D12CB1012206200D4B1A7018B070BD25
S214019280FFF790FD0820FFF74FFD0020FFF752FD86
S2140192900720FFF755FD4FF40070FFF757FD082034
S2140192A0FFF794FDFFF75EFD0020E7E7F0F203000D
S2140192B04A28002008B5FFF775FD0122014B1A70F8
S2140192C008BD00BF492800201FB519F02BFB044636
S2140192D030B1012206240D4B1A70204604B010BD91
S2140192E0FFF70AFD0090FFF707FD0190FFF704FD69
S2140192F00290FFF701FD03906846FFF77DFDFFF73B
S214019300D9FFFFF747FDFFF759FDE6E74A2800209A
S21401931010B50A46044619B1024B00211B6898474E
S21401932010BD00BF982B00200E4B0340B3F1607FA9
S21401933006D1B1F5885F14BF6FF086000020704734
S214019340B3F1707F0BD101F4E043B3F5005F06D1B2
S21401935011F4E06F0CBF6FF08600002070476FF0CD
S214019360860070470000C07F8A42F8B507460C4663
S21401937000F019818F4922F4FF7323F001038B4219
S2140193800ED08D4B22F0FF01994209D08B4822F472
S2140193907F7323F00303834202D0894B994228D17D
S2140193A0884B24F0FF0199420FD114F0FF000BD037
S2140193B0854B40F00070984240F0F78082EA040046
S2140193C0FF288CBF00200120F8BD7B4B9942ECD0D2
S2140193D0A3F588539942E8D024F4FF7323F00103E0
S2140193E0B3F1062FE1D076488142DED073498B4235
S2140193F0DBD004F0FE43B3F1A06F14D102F0FE43BC
S214019400B3F1A06F40F0D18082EA040333F47E13F7
S21401941040F0CB8014F40040D6D0C4F30540C2F32C
S21401942005429042CDE7B3F1407F40F0A88002F0BC
S214019430FE43B3F1407F40F0B88082EA040535F47C
S2140194407E1540F0B28039462046FFF76DFF0028B2
S21401945040F0AB805D4B12F47C1603EA020319D090
S214019460B3F1607FC2F3054679D15949D3B243F0CF
S21401947000738B4277D003F17E43043B0F2B5CD8FD
S214019480DFE803F05A5A5B716567696B65675B5B7A
S2140194906567696BB3F1607F34D14D49D3B243F050
S2140194A000738B4244D003F17E43043B0F2BDCD880
S2140194B001A151F823F000BF359501003595010053
S2140194C06B94010031950100AF950100F9940100FC
S2140194D0FD94010001950100AF950100F99401008A
S2140194E06B9401006B940100AF950100F9940100A3
S2140194F0FD940100019501002026B6E73026B4E769
S2140195004026B2E7B3F1707F17D107F4E043B3F515
S214019510005F03D10126C7F302239E4007F4E04310
S214019520B3F5005F09D10125C7F302218D4004E0A0
S21401953010269AE7142698E7142514F47C1FC4F322
S214019540054312D1B54214BF002001203CE71C257B
S214019550F3E72025F1E73025EFE74025EDE7B3F106
S214019560707FEAD1DAE71025E7E712F47C1F01D114
S214019570AB4218D022047FF527AFB34221E7B3F1FF
S214019580106F12D124F01F6020F4702068B902F029
S214019590FE43B3F1106F7FF417AF0E48104040F052
S2140195A01060A042CFE701200EE700200CE71C2642
S2140195B05BE700BF00020006001300060004000679
S2140195C00009000600030006FF0000020000C07F3D
S2140195D0030000020000FFF637B50D4D0C466B7810
S2140195E0022B12D12B78072B0FD100230A460193A9
S2140195F0014601AB281D17F0AAFF20B9019BA34223
S21401960018BF6FF0930003B030BD6FF08800FAE723
S214019610D81900202DE9F843884617461C4600F065
S214019620D5FA054688BBD8F80060B6F8009009F46C
S214019630E043B3F5804FB36808BF27F0010737EA68
S21401964003031AD10CB3254B24F0FF029A421FD113
S21401965014F0FF0304D0224A43F00073934232D041
S21401966022464846F168FFF77FFE074668B922465C
S21401967048463169FFF778FE70BB6FF0840500231A
S2140196803046C8F8003019F065FF2846BDE8F88373
S214019690144B9A42DCD0A3F588539A42D8D024F4CE
S2140196A0FF7323F00103B3F1062FD1D00E498A428E
S2140196B0CED00E4A9342CBD004F0FE43B3F1407FA6
S2140196C004D12304CCD56FF08605D8E7B3F1A06F9B
S2140196D0F7D0034B9C42C2E73D46D6E7000300069F
S2140196E0FF00000200130006000900060004000641
S2140196F000F0FE43B3F1407F70B504460E4619D123
S214019700FFF712FE00285ED114F47C1F15D0C4F3B7
S2140197100543032B137054D9554D2540B5F1607F91
S21401972040F09380534AE4B244F00074944256D118
S214019730102B48D96FF0860045E04D4B2340B3F11E
S214019740607F39D14B4BE4B244F000749C4202D1A5
S2140197501023137037E004F17E44043C0F2C2ED8FE
S21401976001A353F824F000BFA9970100A9970100AF
S214019770BF970100519701006D980100AD97010058
S214019780B1970100B59701006D980100AD970100F2
S214019790BF970100BF9701006D980100AD970100CA
S2140197A0B1970100B59701001423D2E7202307E003
S2140197B0302305E0402303E0B3F1707F04D000239B
S2140197C013706FF0850070BD01F4E043B3F5005FE0
S2140197D0F5D10123C1F302218B40DBB299E704F1F5
S2140197E07E44043C0F2CA5D801A252F824F000BFF9
S2140197F03F9801003F98010035970100319701001D
S21401980069980100319801004398010047980100CA
S21401981069980100319801003597010035970100DC
S21401982069980100319801004398010047980100AA
S21401983020218B423FF67EAF142BC4D9C1E7142BEF
S21401984077E73021F5E74021F3E7B5F1707F7FF444
S21401985071AF06F4E042B2F5005F7FF46BAF012111
S214019860C6F302229140E4E71C21E2E71C23A7E7A6
S2140198700000C07F030000022DE9F04F9B46002345
S214019880924601F0FE428FB0B2F1806F0E46DDE9DE
S2140198901878DDF86890099305D0184619F05AFE35
S2140198A06FF086052EE00B464FF4807209A9FFF78C
S2140198B0B1FE0546099815B119F04CFE22E0038861
S2140198C003F4E042B2F5005F1FD113F4E06FC3F377
S2140198D002211AD0364C26F48072A2420AD004F530
S2140198E00074A64206D0334CA64203D0A4F53F44EA
S2140198F0A2420AD101248C40102C11D919F02AFE5B
S2140199006FF083052E46002448E042F2040293429B
S21401991002D1294B9E420AD0284B9E4211D10D24DA
S214019920A04506D219F016FE6FF08905EAE70C2469
S214019930F6E721460AA8FFF74FFE054610B109983B
S214019940BAE700240998D0E908126FB307EB040CB4
S2140199504568A8EB04032D0AA0D10DF12808CDE92E
S2140199600539CDE903BC3346CDE9014ACDF800807F
S214019970FDF7C6FB054615F1860F09989CD019F030
S214019980E9FD0646002DBDD180B924B122464146E7
S214019990384621F06CF8D9F800301C443046C9F836
S2140199A000400FB0BDE8F08FBC46D1E70546A9E7F9
S2140199B00010C00400FF4004000180040013C0042E
S2140199C0002307B51A460091024919F03BFC03B083
S2140199D05DF804FB50F3030010B5114C23785807CB
S2140199E044BF23F0040323702378990705D500F0BC
S2140199F093F8237823F00203237063781BB10023C6
S214019A00084A636053600023082106486370FFF725
S214019A107FFC2378DA0744BF23F00103237010BDCF
S214019A20D8190020DC19002038B51A4C6278237842
S214019A30022A01D1072B11D0DD0712D5237898070A
S214019A4007D400F061F82378054643F0020323703B
S214019A5080B96278237882B15A0716D50025284640
S214019A6038BD17F072FD2378054643F001032370D5
S214019A700028E3D0FFF7B0FFF1E7D907ECD5064998
S214019A8062604A6002226270E6E743F004032370D4
S214019A90E4E700BFD8190020DC19002000F140439C
S214019AA0032B70B505460E460CD82822154C02FB32
S214019AB00344237E022B02D16369834218D06FF0E0
S214019AC08B001AE0012119F01FFDB8B10D4B0022E1
S214019AD01C46197E022902D15969A94205D00132D4
S214019AE0042A03F12803F4D1E9E7282303FB0244FF
S214019AF0204619F0FCFC00B9346070BD6FF0870099
S214019B00FBE700BFE41900200122024B002083F886
S214019B10A0207047E41900202DE9F0410A4C0025E9
S214019B2026464FF0010803272046C4F81C802776F6
S214019B30013519F0C4F8042D04F12804F4D10023EA
S214019B4086F8A030BDE8F081E4190020F8B51E4D76
S214019B50064695F8A0300F4683B300242B462246CE
S214019B60197ED1B13CB9022905D1D96919B919793A
S214019B70002918BF1C460132042A03F12803EFD13D
S214019B8014B96FF08C0006E0204619F0B0FC2046B0
S214019B9019F095F810B100240EE01C46237E83B917
S214019BA0012323763EB1651BED1003F1CC335D43F3
S214019BB005F18045356000203C60F8BD6FF08800F7
S214019BC0E9E76FF09600E6E7E4190020F7B500260E
S214019BD02C4B0E6093F8A03007460D46002B4ED056
S214019BE0FFF75CFF10F18C0F044645D1294630463D
S214019BF0FFF7ACFF044600283ED101232E68CDE9CD
S214019C000000694630467761736001AA19F025FDA8
S214019C10044670B1DDE9000119F01DFD286819F050
S214019C204EF814F18C0F08BF6FF0870400232B60E9
S214019C3022E0DDE90012304618F0CCFF0446DDE9EB
S214019C40000119F008FD002CE8D128688368D904C2
S214019C5044BF43F48063836083689A0444BF43F43B
S214019C6000638360037E012B04BF0223037619F091
S214019C703EFC04460028D9D1204603B0F0BD6FF063
S214019C808804F9E7E419002030B40D4D2C681C60F7
S214019C906C685C6000249C605468DC6014881C82DC
S214019CA054885C8294685C61D4689C61126930BC9B
S214019CB0DA6119620A46014603F1240020F0D7BE94
S214019CC054F303002DE9F843232904460F46914631
S214019CD09846089E04D86FF098052846BDE8F88394
S214019CE00822194920F08EFE05460028F3D1A36804
S214019CF0002BF0D1216A243F8F42C8F80010EAD326
S214019D00B1F5005FE7D271B9C9F80000E368736086
S214019D10238A3380638A73806369B360A369F360BF
S214019D20E3693361D9E7012018F03FF9C9F800006B
S214019D3030B1D8F8002004F1240120F098FEE5E7C0
S214019D406FF08C05C9E700BF54F30300014B187090
S214019D50704700BF8B2D0020F7B505466B461646AB
S214019D60174A0C461068516803C395F858300833F3
S214019D706B4413F8087CB5F85030DA0609D433463C
S214019D8022463946284619F010FD00F5FA7003B050
S214019D90F0BD204621F043FAB5F8503000F10A0430
S214019DA09B074FEAC40405D0304621F038FA04F583
S214019DB00C740444E823781E584304FB0700E4E7C8
S214019DC05CF303009022174B10B51C68002102FBC0
S214019DD00044204620F040FE134B04F108001B68A7
S214019DE00021DB7863751AF03EFF4FF00823E36429
S214019DF01323A4F85030236A0C4A43F0130323625A
S214019E004FF60773A4F85830FF2384F85A30084BEE
S214019E102046C4E91B32C4E91F32BDE8104019F0E0
S214019E20EBBC00BF881A0020441D00205555550084
S214019E30D6BE898EF0B5104B02461E6893F804C054
S214019E4035464FF0FF3400239C4508DC91B1631C76
S214019E5010D0902303FB046080F85920F0BD95F8DC
S214019E60597028469742F9D0FF2F08BF1C469035F7
S214019E700133E9E70020F1E7881A002070B50446AF
S214019E80234D002842D0083001F010FD0026FF23A4
S214019E9004F1280084F85930A66121F03BF904F159
S214019EA02C0021F037F904F1300021F033F904F1E8
S214019EB0340021F02FF904F1400021F02BF9286835
S214019EC0144B201A00115843C0B219F029FC014660
S214019ED0304619F020FCE06B10B100F0F3FFE663AA
S214019EE0606C18B119F029FC00236364A06C19F0AA
S214019EF063FC0023A36470BD286806FB0400FFF71B
S214019F00BDFF01342B79A342F6DCF4E79026F9E78E
S214019F10881A0020398EE338F7B504461CF0CDFCCC
S214019F20C0F30F23542B3ED9AA2B34BF012302239F
S214019F30C0B27E288CBF0222012203218DF8043094
S214019F401344B3FBF1F000EB40001B1A8DF805300B
S214019F501344B3FBF1F202EB42029B1A8DF8063072
S214019F60002318461D461A46104901AF4B7517F8CF
S214019F70016B44FA06FC1CF0010F06D053009E400C
S214019F80012330430132C0B2D2B20135EDB2032D06
S214019F90EDD103B148754B7D43EA82134B75FF2320
S214019FA00B7503B0F0BD0023C2E700BF881A00207E
S214019FB0064B1B68D97ADA78437D5B1A9342A8BFB1
S214019FC0DAB20021427519F056BC00BF441D0020CC
S214019FD0027D034622F00802027511B1012910D054
S214019FE07047094A407D1168CA7A897802448A42D4
S214019FF0D8BFD1B29A6959752AB10121184619F00C
S21401A0003ABCFFF7D5BF7047441D00202DE9F0414B
S21401A0100025354E8AB03379AB4203DC01200AB005
S21401A020BDE8F0819023346803FB054494F8593069
S21401A030FF2B0DD0236A980106D504F1400840464F
S21401A04021F0E5F8074628B9226A12F0A06F1ED162
S21401A0500135E0E7BB7908A90C333B44D8689A7A06
S21401A0601B8AC2F38012ADF8243000238DF81F201E
S21401A07008901A460DF11F0019F0A4FB38469DF80A
S21401A0801F2094F8591008AB1AF08DFED7E7B4F8E4
S21401A09050301D2B18D13C23FF210020CDE904317F
S21401A0A0CDE902000121CDE9000004F16203C2F30B
S21401A0B080221BF02CF90028B1D04FF0A06104F1EA
S21401A0C0200019F046FBC3E712F0807F08BF3C2151
S21401A0D04FF0000218BF432194F8573094F8590006
S21401A0E01AF0B8FFE7E700BF881A00202DE9F04113
S21401A0F01F46836904460D4616468BB169B924F09E
S21401A100D7FA06462946A06C19F051FB2046294687
S21401A11019F099FB304624F0C6FA0020BDE8F0811C
S21401A1200029FAD0036A03F01203022B00F0BD8067
S21401A130236ADD0700F1C18094F85930FE2B0CD15B
S21401A14004F15B001CF053FB1CF04AFB28B14FF4F2
S21401A150001104F1200019F0F4FA256A624B2B4035
S21401A160B3F5807F00F0BC80A80531D5C5F3802506
S21401A17004F1620800224146284619F029FB002115
S21401A18084F85A0019F035FB41460022284619F09A
S21401A19024FBB4F8501020B194F95A00002880F23C
S21401A1A098804FF4007104F1200019F0D2FAB4F847
S21401A1B0502002F00302012A0AD14146284619F02E
S21401A1C00CFB28B14FF4006104F1200019F0B9FA34
S21401A1D0236AD90600F18280D4E90A122046FFF7E5
S21401A1E0BBFD012F11D040F27123B4F84C205A4325
S21401A1F090420AD9B4F84E205A43904272D800F5DC
S21401A2001C70B0FBF3F0A4F84C00384BA36100239C
S21401A21084F85730236A84F8567013F0100F0CBF79
S21401A2204FF48C778C27E16823F480322262216117
S21401A23007F2631756B140F27121B4F84E3042F47A
S21401A2408032C3EB06134B4322626362236A43F4F4
S21401A25000232362264B1B68DB78637524F028FAFB
S21401A260237D054643F0080304F1080039462375AB
S21401A2701AF0F9FC012003F0D1FB28B9237D5A0717
S21401A2805CBF43F00203237526B11CF057FB636ADB
S21401A2900344636220461CF099F9284624F003FA29
S21401A2A00121A06C19F083FA37E7C06A20F0B7FFE6
S21401A2B000287FF43DAF0C2030E7E36B002B7FF4E2
S21401A2C03BAF00F0ADFDE06300287FF435AF092019
S21401A2D024E701F0010119F08CFA68E7054B95E7D0
S21401A2E012201BE7452019E7000120007B370300F9
S21401A2F0441D0020F1A3010070B500249026094DED
S21401A3002B79A34200DC70BD286806FB040090F898
S21401A3105930FF2B04D000231A461946FFF7E6FEF4
S21401A3200134EDE7881A00202DE9F04304468F79C1
S21401A3308BB00C370DF10409CD1901220E460DF133
S21401A3400300494619F04FFAE36B80460393002356
S21401A350E363236AE879C3F300138DF8253029896E
S21401A360F7591CF06BFB214B07441B6805975B797B
S21401A37005F118026375012306928DF8103005F178
S21401A3800C03B8F1000F26D09DF80330CDF81C90D1
S21401A3908DF820309DF8252094F859308DF821301D
S21401A3A00123EAB98DF8223094F884308DF82330F1
S21401A3B06B7903A88DF8243000F03EFE1CF059F9A5
S21401A3C00121204619F03FFA304612F099FA012091
S21401A3D00BB0BDE8F0830793AB7AC3F38013D7E7DE
S21401A3E0AA7AC2F340128DF82220DFE7441D00202E
S21401A3F0022810B50C4621D0032827D001282AD1DF
S21401A400084619F055FC40F27121B4F84C30B4F806
S21401A4104E2094F85800D21AE36803F59C5308338B
S21401A42001FB02332361FFF777FD0B4B204699684A
S21401A430A36ABDE810400B6003F0C0BD03F01EFC2C
S21401A440844208D1BDE810401CF013B90846BDE8A7
S21401A4501040FFF7ADBD10BD881A002038B50A4D73
S21401A4600020FFF70BFDAB6813B100221A60DA80FB
S21401A4701AF01BFD00242B79A34200DC38BD2046D0
S21401A480FFF7A0FC0134F6E7881A002070B52A4CC5
S21401A4900546A06818B112F033FA0023A360FFF74F
S21401A4A0DDFF002019F040F955B90320257125601C
S21401A4B0E58212F095F9207919F036F928B970BDC0
S21401A4C0022020F0EBFFA06048B90025A0682571A6
S21401A4D0256060BB002019F027F90720EFE700266A
S21401A4E0032025712660E68212F07AF9B542E2DD94
S21401A4F005EBC501090133460122032089B212F09A
S21401A5002BF906460028E0D1032012F08BF92060D3
S21401A5100028DAD0902231466A4320F09DFA23794A
S21401A520B342C8DD3046FFF74DFC0136F7E712F0BF
S21401A530E7F9A560CEE700BF881A002006222DE9BC
S21401A540F341354B06469C688846A5790C35635D14
S21401A550671903F04F036355B0F850307A70103B1B
S21401A5600D2B31D8DFE803F055305107300C303071
S21401A57030303030300C635D6FF30303635523E0F6
S21401A5800123625D006A63F3030262550C2210F434
S21401A590006F7A7006F1620107F108020CD0019291
S21401A5A04FF0FF32C0F3802000921A4619F013F9DB
S21401A5B0635D43F08003E1E7D6F86230BB608B88C9
S21401A5C09380336A5B05F3D4B6F85020635D30465A
S21401A5D062F345136355B91C19F0EFFB635D60F335
S21401A5E086136355A3797A7802331344E371B6F878
S21401A5F0503003F01403142B04D0B8F1000FC4BF7D
S21401A60042447A7002B0BDE8F081635D62F30303F1
S21401A610B4E70222635DF9E7881A00202DE9F043CA
S21401A6208B7906460C33CC18237985B0DA0737D5F3
S21401A630E77A252F34D8484B9A6893790C33D1188A
S21401A640D35CA27AC3F38013B3EBD21F28D1056A79
S21401A6500622EB064CBF0231043104F1120020F051
S21401A660D1F9E8B994F80A9019F0B9F805F4C0459B
S21401A67080F001032A1EC9F3801904F10C08414633
S21401A68018BF01224846DBB21CF0E2F9014650B180
S21401A690A37A03F00F03032B1BD1336A980712D456
S21401A6A04FF0FF3012E019F0A0F80028F8D1A37A95
S21401A6B003F00F03002DEED0032B85F4C0451CD10B
S21401A6C0A904EDD5E9E70C2FEAD1032005B0BDE8D2
S21401A6D0F083052BE4D1306AC207E1D500F01403FC
S21401A6E0142B0FD0012202A90DF1070019F07BF8F7
S21401A6F008BBA17AC1F3801121E0052BD0D16B04F0
S21401A700E9D4CDE706F162052946C0F3802019F0A9
S21401A7105BF80028E6D1A27A336AC2F38012C3F34B
S21401A72080239A42BCD106222946404620F06AF987
S21401A7300028B5D1D6E79DF807100DF10808404668
S21401A74000F0E2FB0028ABD104F1180019F0E9FA99
S21401A7500028A5D00520B9E7881A002038B5044698
S21401A760D0F8A00010B9D4F8A400D0B194F83051B4
S21401A77020F001FD81B2063128461CF05FF983B254
S21401A78040F271200849B4F87820098E42434143CB
S21401A7908A42B8BF0A4603F548709042B8BF1046D1
S21401A7A038BD0346ECE700BFA01A002030B5174BB2
S21401A7B0826A1B681206597926D5028F1C79436B6B
S21401A7C01203B2FBF3F2631AB2FBF3F2B0F89C3059
S21401A7D003B1013BD0F8A05005B15B101B02B3FBDF
S21401A7E0F2F35B180CD090F895200F2A08D91209BD
S21401A7F0B3EB820FB8BF00234FEA8201A8BF5B1AF2
S21401A8009C42A8BF1C46E1B2417530BD441D0020E4
S21401A8102DE9F0411A4C06462368A3B92EB100254E
S21401A8204FF4A478EFB2B74211DB0020BDE8F08107
S21401A8302068013507FB030018F065FFA27EEBB226
S21401A8409A42F5D8EAE700254FF4A477F6E72068A0
S21401A850013508FB070018F054FF0028E2D0002558
S21401A8604FF4A47605E0206806FB050018F04BFFC0
S21401A8700135EBB2BB42F6D341F20700D6E700BF83
S21401A880A01A0020084B9A7E82420AD94FF4A4727D
S21401A8901B6802FB0030836A13F0100F08BF00200C
S21401A8A070470020704700BFA01A0020084A0949D7
S21401A8B01368C31AD810002B01FB00F005DB937E4A
S21401A8C08342D8BF4FF0FF3070474FF0FF307047DC
S21401A8D0A01A0020199C8FC170B504460E4623F0BD
S21401A8E0E7FE3146054604F1300019F08FFA20469E
S21401A8F0FFF7DCFF01218140054819F087FA4FF484
S21401A900807009F0C5FD2846BDE8704023F0CBBE37
S21401A910C81A0020F3292DE9F84304460D468C4E4B
S21401A9201ED1738C5BB9A36813F4601F6ED0238F9E
S21401A930626B1B01B3FBF2F3F32D9FB225D12046C8
S21401A94019F0E7FAB4F89C30002B38D1A26A984681
S21401A95012F0800F0CBF3E22082284F8772030E0E8
S21401A960736959064BD5836A1A0748D5336900F1CE
S21401A970400143601AF0ECFE738C002BD3D0238F7A
S21401A980626B1B01B3FBF2F39FB2618FB4F89C209C
S21401A9909BB25B1A9A423BDC736994F831019B07C0
S21401A9A04CBF002102211CF0A3F840F20223726979
S21401A9B09343C4D12046A4F89C7019F0ABFA4FF02B
S21401A9C001082046FFF7F2FEFFF770FF87B2384610
S21401A9D018F0E4FE8146384618F0DEFE30B13846FF
S21401A9E018F0D0FE0021384618F0D5FEF32D04D01D
S21401A9F0A36A190701D5628F8AB9012334E0718CE5
S21401AA00238F626B00298ED01B01BBE773848EE710
S21401AA10B37F002BC9D0032194F83101C3E713F4A7
S21401AA20C05FEAD1726912F00C0FE6D140F2022340
S21401AA309343E2D1D4F8A430002BDED12046FFF7B1
S21401AA4035FF80B218F0A2FE0028D6D12046A18F8D
S21401AA501BF006F8031E69DD628F0132934265DC46
S21401AA60012BCAD0013B9BB2A4F87C30384618F0C3
S21401AA708BFEB4F87C301844A4F87C00384618F0F5
S21401AA8082FE236B5A0409D54FF4804104F130004D
S21401AA9019F0C4F900212046FFF71EFFA58FB4F870
S21401AAA07C302B44A387B8F1000F0AD0204619F05A
S21401AAB0EEF9204618F028FE2046A18F1AF084FEF3
S21401AAC08046384618F06AFE48450DD0A36A1B0733
S21401AAD00AD43846A58718F057FEA38F013080B2F6
S21401AAE0A4F87C001844A087A38FAB4202D2384654
S21401AAF018F050FEB4F87C20B4F89C3094F870102E
S21401AB009B1AA4F89C3094F86F3002FB013325227F
S21401AB10B3FBF2F102FB113384F86F30B8F1000F8A
S21401AB2007D02046BDE8F84319F09EBA638F01337B
S21401AB3099E7204608211AF083FE20460221FFF7F6
S21401AB40CBFE41462046BDE8F8431BF04CBD00BF96
S21401AB50A01A002038B500230C4D0446AB772023FD
S21401AB604FF400306B6104F08FFA58B103F0A4F88B
S21401AB70E862204619F077F984F83101204619F089
S21401AB80D9FA38BD02F032FFF2E700BFA01A002062
S21401AB90022810B50C462CD0032832D001283FD10C
S21401ABA091F8953008466FF3071381F89530FFF753
S21401ABB0D1FFA36A20461B0718D503F0B5FB042076
S21401ABC004F062FA60B3174AD37F4BB392F8203091
S21401ABD00133DBB282F8203092F824209A421FD843
S21401ABE0BDE810404FF0806009F052BC03F088FDCC
S21401ABF0E5E703F043F8844212D1BDE8104003F0C4
S21401AC0087BB91F895302046C3F30312013262F3F5
S21401AC10071381F89530BDE81040F321FFF77ABE9F
S21401AC2010BD00BFA01A002008B504F0B9FAFB2237
S21401AC30114B10F0020FDA7644F290229A830CBF81
S21401AC40012203224107197E48BF42F0040262F343
S21401AC50030119761A7EC2F3030161F307121A760D
S21401AC6000229A621A61DA774FF480621A6203222E
S21401AC7083F8242008BD00BFA01A00202DE9F84360
S21401AC80574C0546A06818B111F03AFE0023A360A0
S21401AC90EFB2384619F006F98046002839D1384611
S21401ACA019F00BF90646A0BBFFF7B2FD814602205C
S21401ACB011F096FD002D58D005EB850105EBC1017D
S21401ACC0C90033460122022089B211F045FD002851
S21401ACD046D102204FF4A479A77611F0A3FD3146A0
S21401ACE009FB05F220601FF0B7FE2368681EF1B26B
S21401ACF0814209FB01F206F101062CDB0021284600
S21401AD0099506360FFF784FD50BB384618F036FD56
S21401AD1090B30025002019F0C5F8002019F0CDF8F1
S21401AD200020FFF775FD022011F05AFD2846C4E900
S21401AD300055A57618F022FD284619F0A6F82846F3
S21401AD4019F09FF8284618F0EDFC022011F048FD96
S21401AD504FF0070840E002F5A47119449950C6E780
S21401AD600023C4E90033A376D3E7C4E90055A576EA
S21401AD70B9F1000FC9D0CCE7384619F086F800289B
S21401AD80C7D1284618F0CEFC0028C2D1384619F0A3
S21401AD9078F80028BDD1384619F07CF80646002818
S21401ADA0B7D1002D18DD022020F078FB0223A06029
S21401ADB0C37183793146C3F102020C33D2B218440F
S21401ADC01FF04AFE0121A3689A7913441A7B61F3A6
S21401ADD001021A73FFF728FF4046BDE8F88300BF5B
S21401ADE0A01A0020014B987E704700BFA01A0020D1
S21401ADF030B50A4B4FF4A4751A689C7E002318469A
S21401AE002832D9B28C4200D830BD05FB03F1515827
S21401AE100133490644BF0130C0B2F2E7A01A002050
S21401AE202DE9F04123F044FC244D06466C6824B914
S21401AE3023F039FC2046BDE8F0814FF4A47723685F
S21401AE40D4F81C803A46002120466B601FF004FEB1
S21401AE50402104F12800C4F81C8018F0D7FF3046C2
S21401AE6023F021FC0123237584F83031A3F101136B
S21401AE70A367EB7E2A8B84F84231AB8B0021A4F8C2
S21401AE804031072384F885300D4BA4F84421C4F8DB
S21401AE90883003F1CE5303F59813C4F88C3041F68D
S21401AEA01B33A4F890301B23A4F8867084F89230E4
S21401AEB004F1080019F0D7FEBCE700BFA01A002075
S21401AEC04801480170B5044619F0AAF804F10800D3
S21401AED000F0ECFC23F0ECFB4FF4A47205460021D5
S21401AEE02046E6691FF0B8FD064BE66153F8042FCD
S21401AEF02AB928461C60BDE8704023F0D4BB13462F
S21401AF001268F5E7A01A00202DE9F04106464FF435
S21401AF1080400F4604F0B8F8044630B90E4B1D6861
S21401AF2093F81A807135A04502D80020BDE8F0815B
S21401AF3055F8493CDA0609D5C3F38003BB4205D16F
S21401AF400622294630461FF05DFD18B1013405F58D
S21401AF50A475E8E70B20E9E7A01A002010B504461F
S21401AF6010B9084B198610BDA0F87810A0F87A2001
S21401AF70FFF7F4FB2169E0602046BDE8104018F0B9
S21401AF8056BF00BFA01A0020B0F8943010B55A1C66
S21401AF9062F30B030446A0F89430042004F074F81E
S21401AFA0C0B12046FFF782FC80B218F0E9FB78B109
S21401AFB04188094AD37F0B44DBB2D37792F821202C
S21401AFC09A4207D8BDE810404FF0806009F060BA99
S21401AFD00121EEE710BD00BFA01A002038B58B791D
S21401AFE005460B449B7D0C4603F00303032B09D156
S21401AFF001212C3018F00AFF4FF4006105F12800FA
S21401B00018F004FF21460548A56020F06AF9BDE85E
S21401B01038404FF0005009F03BBA00BFAC1A002090
S21401B020014BD87699837047A01A0020014BD87E31
S21401B030704700BFA01A00202DE9F04FD0E9027535
S21401B04090F9181087B00291417E046890F8048048
S21401B050D0F810A0037D427D90F816B090F81790B6
S21401B060002940F0E680A9F1030101298CBF0226E0
S21401B070032603932B8984F89B202A4652F8101B3B
S21401B080BBF1000018BF0120C4F8281104F14401E7
S21401B090019305F083FB20461AF0CBFB204618F0FF
S21401B0A00EFF1BF02BFD49460246204618F001FF15
S21401B0B0C82220460DF11601ADF8162018F0ECFE58
S21401B0C00022C4F83421AA88039BA4F82C21AA796B
S21401B0D084F82E21DAF80020C4F87120BAF804208A
S21401B0E004F1280AA4F875201BB10421504618F073
S21401B0F08DFEBBF1000F04D04FF40051504618F0FE
S21401B10085FE4FF4607003F0BFFFC0F3C0134FEA33
S21401B110831BC30548BF4BF0800B810548BF4BF42A
S21401B120807B23F0C5FA4FF482610390504618F0F5
S21401B1306DFE594604F12C0018F068FE039823F0C2
S21401B140B2FAA8F10203012B75D84FF4002150463C
S21401B15018F05CFE01212046FFF7BEFB04212046C5
S21401B1601AF06EFB6B7D2046C3F3040384F870303F
S21401B1706A8952006263697B2A7B42EA01226287FE
S21401B180E97BAA7B42EA012222876A7D84F86F3036
S21401B190C2F3421284F83E2000220523A287012230
S21401B1A0A4F89C30A4F87C20029918F08DFE03F0D8
S21401B1B0F1FF20F40060C4E908012046FFF7F6FA23
S21401B1C03A493B4AB1F822B008F0FD03BBF1000F43
S21401B1D066D1B3BB40F2C71B6760A26120460F6110
S21401B1E0FFF7BCFAB9F1010FE06005D049462046E9
S21401B1F084F8309119F00AF804F10800594619F05C
S21401B20032FD012002F00AFC28B9237D5A075CBFF3
S21401B21043F00203237540F271216B892046013BFE
S21401B220594318F004FE20461BF0D0F907B0BDE8DC
S21401B230F08F01261DE7B8F1010F8BD140F20141D5
S21401B24089E74FF4D77BA26140F27128019B760013
S21401B25006EB430608FB06F6374440F6080150465F
S21401B260676004F1400718F0D1FD394620461AF010
S21401B2706FFA33463946204604F1340200F032FEB6
S21401B280EB7901225B003946204608FB03F31AF0EE
S21401B29065FA236C20469E08FFF760FA3044A1E762
S21401B2A06760A261002BCFD198E700BFA01A0020EB
S21401B2B091AB010070B51D46C36A04461B071646CE
S21401B2C013D408212C3025F4105518F09FFD25F0D5
S21401B2D01005064B2D0433402D0C2046C4E90835D5
S21401B2E0BDE870404021FFF7F7BA70BD2FCF87F752
S21401B2F02DE9F04F85B004460191084689B34B7994
S21401B3009A071FD41FF08BFF019D70B96B79DB077D
S21401B31005D54FF4803104F1280018F077FD01A817
S21401B3201FF0F8FE05B0BDE8F08FA36ADF0309D56C
S21401B3304FF4803104F1280018F070FD6B7943F06A
S21401B34001036B71019E23F0B3F9737931469E07B1
S21401B35005461ED504F1AC001FF0D2FF284623F0A7
S21401B360A2F9DFF8909123F0A3F9A36A0746DD0559
S21401B37014D5D4F8AC3043B19A7913441B7B3A2BDD
S21401B38003D829FA03F3D80711D4384623F08BF9EA
S21401B390C8E704F1A8001FF0A4FFDFE794F94631DF
S21401B3A0022BF2DCD4E92A2372B9002BEDD004F18A
S21401B3B0AC001FF0CDFE0546384623F074F9294649
S21401B3C0204619F0D6F8CEE7002BF0D194F89280FB
S21401B3D0039304F1A80BD4F8A86096F807A0B379F4
S21401B3E0AAEB030A5FFA8AFAC24527DC58461FF021
S21401B3F00EFF0546A8EB0A086B7929466FF3C303CF
S21401B4006B7103A81FF06DFFD4F8A8302BB15B79E0
S21401B410990702D1B8F1000FDDD1039B002BB4D000
S21401B4209B79022B40D8002020F038F8014670BBEB
S21401B430039904F1A8001FF063FFA6E7002020F09F
S21401B4402DF8054630B9039904F1A8001FF058FFFE
S21401B45003959AE78079B1790C300C314246314434
S21401B46028441FF004FBEB7953FA88F3EB71B379A8
S21401B470727953FA88F3B3716B794FF0000862F36F
S21401B48000036B7173796FF300037371B4E7039B69
S21401B4904A79587960F300024A715A7903A86FF322
S21401B4A000025A711FF027FFE36A9A0512D5039826
S21401B4B0034600680028FBD1DB79C3F14503DBB204
S21401B4C0032B07D81FF0EAFF01460028B0D003A8D7
S21401B4D01FF007FFD4F8A83013B15B79DB0704D55A
S21401B4E0039A537943F008035371384623F0DBF887
S21401B4F0039965E77C2C0200F8B50023124A02F195
S21401B500280151E8004F41E80035002DF7D1012709
S21401B51034B9BDB10D48294618F078FC2046F8BD6F
S21401B52094FAA4F0B0FA80F007FA00F624EA0604CA
S21401B530FFF7A8F90028EBD019F0A9F80028E7D101
S21401B5403543E5E70120EAE7A01A0020C81A0020E3
S21401B5502DE9F74F04460190002862D0C5794FF0D7
S21401B56000080C35054423F0A3F8464600904FF436
S21401B570A47A40462C4FBA7E5FFA88F94A4517D915
S21401B5800AFB09FB3A685A44916ACB0646D5B2F8DB
S21401B5909420C2F30B02002A40D0E279C2F14502A0
S21401B5A0D2B2032A17D802201FF078FF044650B9FA
S21401B5B000230098FB7787F8203023F074F8304694
S21401B5C003B0BDE8F08F014601A81FF08AFE0020F7
S21401B5D0E5790C35254404220123002112FB0033B2
S21401B5E005F82090E9543B6802FB005C5B44B3F825
S21401B5F0943001368CF80230032312FB0032A95432
S21401B6003B6801305B44B3F89420C0B261F30B028F
S21401B610A3F89420E379F6B20433E37108F1010844
S21401B620A9E70646CBE700BFA01A0020F7B5684693
S21401B63005F0A8F800254FF4A477124EB37EAB426E
S21401B64001DC03B0F0BD346807FB0544A36A03F0D0
S21401B6501803102B13D10522694604F145001FF08B
S21401B660D1F960B1012120461AF09EFA38B90120BD
S21401B6701FF014FF014610B1204601F065F80135B0
S21401B680DCE700BFA01A00202DE9F74F23F010F8E1
S21401B690424BDA6800920022DA6023F004F8009B3D
S21401B6A013B903B0BDE8F08F68461FF051FD8279EB
S21401B6B0876802F10C04044401460190A07A0A321C
S21401B6C010F0200F14BF0320022002448A71FA6A88
S21401B6D052050FD5E07AA27A42EA0022384619F0DE
S21401B6E0AAFA38B901A81FF015FD3D21384619F010
S21401B6F0ADF9D4E7BA6A94F80AB012F40072019967
S21401B7000BF0030013D003288A79EBD10A44127B8D
S21401B7103A2AE7D8224B23FA02F2D307E2D54A792E
S21401B720384642F002024A7100F0EEFCB7E7032801
S21401B730F5D048790BF0030B62F3410048710846D7
S21401B74094F8069094F905A01FF069FD019D064640
S21401B750AC793846063CE4B2AC71FFF7A7F80C3476
S21401B760C0F3032305EB040843EA0B1388F8033000
S21401B7702B46F6B288F80200A8F8046005F804A083
S21401B78088F801905A796FF341025A711B68002BB1
S21401B790F8D1284619F037FB81E700BFA01A002030
S21401B7A07C2C0200012838BF0120012938BF012165
S21401B7B0024B83F8210083F824107047A01A00205A
S21401B7C0104B1A7842F0F0021A701A7C42F0F0021E
S21401B7D01A7493F8202042F0F00283F8202093F8A0
S21401B7E0302042F0F00283F8302093F8402042F0F7
S21401B7F0F00283F8402093F8502042F0F00283F8DC
S21401B80050207047D41A00200368054A23F07F634E
S21401B81023F4002302EAC14213430360704700BFCA
S21401B8200000F80FF8B54488054604F00704072C15
S21401B8301C4E28D122F03CFF00221101735C06EB5E
S21401B84002171B090F2B0AD00132062AF5D1164A18
S21401B85013880133138022F026FF1920F8BD2B68C8
S21401B86094B27B801123735422F01DFF1BF066F8FF
S21401B87006EB0413D8602B68002023F4E02343EA88
S21401B88004432B60EAE72301F15CC1F303120132A2
S21401B89002F00F02052A28BF002262F30711F154B5
S21401B8A0E4E700BFD41A0020CE27002038B544882C
S21401B8B0054604F00704072C0FD022F0F9FE074ACC
S21401B8C02401135D43F0F00313552B6843F4E02382
S21401B8D02B60BDE8384022F0E6BE38BDD41A002001
S21401B8E02DE9F0474588074605F00705072D8946E7
S21401B8F037D01D4C4FEA051814F808601BF01EF8E7
S21401B90004EB051ADAF80C30360906EBC506C01A40
S21401B91004EB4606708014F8083003F00F02042A80
S21401B9209EBF013262F3030304F80830B9F1030F36
S21401B93014D114F8081004EB0514A01C01F00F0133
S21401B9401AF046FD044622F0B3FE3A68074B134050
S21401B95023433B60BDE8F04722F0A5BE4FF6FF74D7
S21401B960F1E7BDE8F08700BFD41A00200000FF7F92
S21401B970064A08B59268824207D0427922F003024D
S21401B98042F00302427108F0DDFD08BD341B0020C1
S21401B99010B5064C20461FF0BDFB201D1FF0BAFB5C
S21401B9A004F10800BDE810401FF0B4BB341B0020B2
S21401B9B010B502201FF072FD034C606002201FF0DC
S21401B9C06DFDA06010BD00BF341B002008B5FFF759
S21401B9D0DFFF0022024BDA60BDE80840FFF7E8BF50
S21401B9E0341B0020014B5868704700BF341B0020F1
S21401B9F0014B9868704700BF341B002038B50C4CCB
S21401BA00E3681BB1E36898470023E36023686BB1E2
S21401BA1007481FF09DFB054640B123681BB14FF058
S21401BA20004008F035FD284619F0CCFD38BD00BFB2
S21401BA30341B002010B5084CE0604FF0004008F0C1
S21401BA4027FD00BF00BF00BF00BFE3681BB1E3686E
S21401BA5098470023E36010BD341B002038B5837976
S21401BA60044603445B7B13F0300F437923F0030352
S21401BA7008BF43F00103437122F01AFE0546214632
S21401BA8005481FF02EFC4FF0004008F001FD284647
S21401BA90BDE8384022F007BE341B00202DE9F041F6
S21401BAA0234F00217C68FE20A679FEF7C3F90546E0
S21401BAB001F028FB40B10C22B8680023BDE8F04134
S21401BAC042F2050119F0E2B801F05CFB0028F2D160
S21401BAD00C363444237AE61C9B09022BEBD0012B4F
S21401BAE018D9237AA11C03F03F02073443F0C003A0
S21401BAF011F8010F8C4242EA000203EA0003F7D173
S21401BB00002AD8D0FF2BD6D055B930461AF03BFEC6
S21401BB100022D1E731461AF04AFE0028E1D0CAE7F2
S21401BB203146284618F0A7F80028EED1C3E700BF33
S21401BB30341B0020F0B5184E85B07568AB790C3310
S21401BB401D4403F02DFBB5F80920B5F807108A420D
S21401BB501FD8032A1DD903291BD96F79CFB1C0433A
S21401BB6060F0050010EA070413D1EB78A879CDE957
S21401BB7001742C79009401F07DFA00280CBF0C2288
S21401BB80002242F24101B06805B0BDE8F04019F06C
S21401BB90CEB81122F5E700BF341B002010B50D4CBE
S21401BBA0626893790C331A441179D078003918BF3A
S21401BBB001210038B2F8073018BF0120B2F805207D
S21401BBC001F066FD42F242010246A068BDE810405F
S21401BBD019F0ADB8341B002010B5084C60688379A5
S21401BBE018440F301AF0B3FD0023A0681A46BDE8CA
S21401BBF010404FF6284119F049B800BF341B002009
S21401BC00242816D80F2805D802280CD8B0FA80F0B8
S21401BC1040097047084B103880B2C34003F0010357
S21401BC2083F0010070470538012894BF00200120E9
S21401BC3070470120704700BF2D2011002DE9F04FFD
S21401BC4095B0FFF7CFFE42F23603867905460C36ED
S21401BC5030F80680841998450ED1FFF7C3FE0221FD
S21401BC601FF028FA7F22A3780233A370AA55002377
S21401BC7020222377627063770121E078FEF7DAF8F5
S21401BC8000230646002800F0D280CDE91233E28870
S21401BC90237AADF848208DF84A30B4F80920E37AC3
S21401BCA0ADF84C208DF84E30A288E37802F01C01E6
S21401BCB0FE2B4FF6FF7308BF4FF480431C2925D097
S21401BCC0DDE9120188421DD900251126FFF790FEF5
S21401BCD0012332464146ACB218F0D8FF002DCCBF46
S21401BCE00534053C24B2002E40F0A4800A2394FBC0
S21401BCF0F3F4E4B2FFF77CFEC3791844C47215B0BE
S21401BD00BDE8F08F1F28DFD99942DDD8D206E77D3E
S21401BD10657E04D5012F16D000251226D6E7012F01
S21401BD2074D0032FD0D16B1EDBB2022BCCD803F01C
S21401BD3037FA04270742C7D0032D08BF0425284039
S21401BD40C0B20028C0D0E07817F02DFD20B1A08841
S21401BD50FFF756FF0028DFD0374A237F1278002AE4
S21401BD605CD0042BD8D8637F042BD5D8A388DB06F8
S21401BD705BD41AF0C3FE0121C822084004F0D8F9AA
S21401BD8094F91630B4F804E003EB8303B0EB430FE9
S21401BD904FEA4302637B677E0F93A37BE188109390
S21401BDA004F10F031193637F94F80C9094F815A097
S21401BDB094F818B00546E07DC8BF15B2B4F809205E
S21401BDC00C93237F03280B93E37E08BF0420032FE5
S21401BDD008BF0427003B18BF01230A93A37E1FFA5E
S21401BDE085FCCDE90873119BCDE9060B0293109BE8
S21401BDF0CDE904ACCDF80C9001930F9B304600932F
S21401BE005FFA8EF317F088FD06465FE76B1EDBB21E
S21401BE10022B3FF659AF03F0C3F98BE7002B7FF4F3
S21401BE2053AF637F002BA1D04EE70020A3E7054662
S21401BE3007264BE700245DE74B280020F8B50746A8
S21401BE400D4616461C4623B901201FF027FB044663
S21401BE50C8B106220C21204618F03AFF691EC9B265
S21401BE60032988BF0022A37998BF074A03F10C0370
S21401BE7098BF525C234420469F80DE70DA719A7127
S21401BE80FFF776FD0120F8BD64F30300F8B5FFF770
S21401BE90A9FD83791844B0F80F60B0B2FEF7F2FC42
S21401BEA00446C0B118F029FB0138C0B2032814D8E3
S21401BEB000270B4B1C5CFFF79BFD054604233A4607
S21401BEC042F2300118F0E2FEAB790C33E818C68076
S21401BED004724472F8BD0227EDE700242746EAE71C
S21401BEE064F303002DE9F0411D4690460E460746D1
S21401BEF001F092FF01F08AFF044698F80A0001F06B
S21401BF0085FF1A4B04449D4225D9194B9D4215D9EC
S21401BF10184B013D93FBF4F3002BB8BF03339A1083
S21401BF2005EBA305B5FBF2F379683268A1EB930143
S21401BF3002EB430279603260BDE8F0810E4B0F4A96
S21401BF40A3FB05535B0904FB03F303F6C313A2FB30
S21401BF500323DB0AE8E704FB05F3094A03F5743318
S21401BF608F33A2FB03231B0CDEE700BF4C621000DD
S21401BF701366660640420F001F85EB515917B7D16D
S21401BF8083DE1B43024B1A6802601860704700BFCD
S21401BF90481B00200022024B1A6000F045BA00BF81
S21401BFA0481B00202DE9F843064617F0CDFF04464E
S21401BFB0002835D045784DB922F07AFB2378637096
S21401BFC01B4B1B682570636022F06DFB4FF0010868
S21401BFD0677837B923781BB34FF4007008F058FA26
S21401BFE01EE097FAA7F5B5FA85F508FA05F55FFAA2
S21401BFF085F9636833B90E4B27EA050565701B683A
S21401C0006360E5E79B681BB963681B686360F0E7DC
S21401C010494630469847012805D163681B68636026
S21401C0200120BDE8F8830228EED10020F9E700BF21
S21401C030481B002070B500250D4EFEF7D3FEA84222
S21401C04001D8012012E03068FEF71CFC50B93468B4
S21401C050FEF7C8FE0134B4FBF0F303FB10440135D0
S21401C0603460EAE7FFF79EFF0028F0D170BD00BFFD
S21401C070441B002010B50446837903441B7B3A2BEE
S21401C08096BF044AFF21D15C1FF014F8A0790C304A
S21401C090204410BD68F30300F8B5174606460C4663
S21401C0A01D4617F049FF020713D50221304618F046
S21401C0B088FC70B11121204619F0DAFB2046FFF703
S21401C0C0D9FF4570877021463046BDE8F840FFF736
S21401C0D00FB929200B49C5F12002A5F12003E9403B
S21401C0E000FA02F220FA03F311431943CB07E1D415
S21401C0F00D21204619F0BCFB2046FFF7BBFF477019
S21401C100E1E700BF000040842DE9F34105460C46F7
S21401C110019117F009FF830605D501A81EF0FAFF65
S21401C12002B0BDE8F081019FBE790C36BB5D3A2BAB
S21401C13018D8164A12F80380B8F1FF0F12D0384605
S21401C1401FF06DF8013840450CD1114B1E6896B9A9
S21401C15021462846A37923441A7B02B0BDE8F04164
S21401C16019F09ABB01981EF0D5FF2846BA5D0199D1
S21401C17019F092FBD4E773680BB93668E7E72146F6
S21401C180284698470028F8D0CAE700BF68F303009E
S21401C190481B002037B504460D46202117F0C6FE81
S21401C1A02946204617F014FF2146012019F01BFCF2
S21401C1B02146002019F017FC012000232146034ADE
S21401C1C0009019F0A1FB03B030BD00BFC5570300B6
S21401C1D037B5044619F085FD0321204617F0FBFE0E
S21401C1E00025034621460120034A009519F08CFBE1
S21401C1F0284603B030BD00BFBD5B03002DE9F34107
S21401C20004460D460146012017F085FE012107462A
S21401C210284619F02DFB2846FFF72CFF064600F1AD
S21401C2200108404604F0AEFAD6F801300221C7F8FC
S21401C230123073792046BB7517F0CDFE29460746A6
S21401C240F080204619F012FB20232146009301209E
S21401C2503B46034A19F058FB002002B0BDE8F081C6
S21401C260A35C03007FB504460D4619F02EFDD8B336
S21401C270204617F061FE430715D5002320461A46CF
S21401C2800DF10F0118F020F99DF80F30062B0AD892
S21401C290284610F035FB012200232046FFF70AF856
S21401C2A0002004B070BD0E21284619F0E1FA284698
S21401C2B0FFF7E0FE064602F06DFFC6F8051002F035
S21401C2C069FF2946C6F80100204619F0CFFA032176
S21401C2D0204617F080FE00220346009221460120E8
S21401C2E0024A19F011FBDBE70821DDE7C15B030019
S21401C2F0F7B50D460446174619F0E7FC80F0010035
S21401C3002146C0B217F007FEC668012DB37907D0E3
S21401C3103A462946204603B0BDE8F04019F000BD74
S21401C3200C3320461E44FEF7C1FA718980B217F01D
S21401C33038FA10227389214600920020024A19F029
S21401C340E3FA284603B0F0BD215D03002DE9F74F5F
S21401C3500746884617F0F0FD10F480165DD10220DE
S21401C3601FF09CF80546002859D098F8063031464B
S21401C3700C334344B3F80490B3F806B0B3F808A0FE
S21401C38019F076FA2846FFF775FE0221044638466C
S21401C39017F021FEA4F804906081A4F806B0A4F872
S21401C3A008A01AF08AFA09F10109B0FBF9F303FBB8
S21401C3B01900022360806370AB7988F80630EA7949
S21401C3C003F10C0088F80720D21AD2B2291840448B
S21401C3D01EF04DFB3946012017F09DFDC0F80C807C
S21401C3E03846FEF763FA618980B2013917F0D9F948
S21401C3F0102263893946012000920A4A19F084FA0C
S21401C4004FF48031384617F099FD3846294619F021
S21401C4102DFA304603B0BDE8F08F2320FAE7072057
S21401C420F8E700BF215D030010B5054C054A20461C
S21401C430054919F0B4FB2046BDE81040FFF7A2BD40
S21401C4404C1B0020AD5D0300A9C501002DE9F0419C
S21401C45091F806800F4686B008F10C080391044651
S21401C46001EB08060146012017F055FD17F80830C4
S21401C4700546023B0F2B00F28E80DFE803F0088CA6
S21401C4808C8C8C638C6D8C8C2D5C8C8C8C4D22F002
S21401C4900FF971780546204617F09AFD20212046AF
S21401C4A017F044FD2146012019F09DFA214600208F
S21401C4B019F099FA01230093002321461846374ABA
S21401C4C019F022FA03A81EF025FE284622F0EBF802
S21401C4D0012006B0BDE8F081B388204672887178E5
S21401C4E017F0D8FF204617F027FD830708D420460B
S21401C4F0039919F0F6FB0121204619F0A1F9E7E7A7
S21401C500AA68274B9A4203D12146012019F03BFA2B
S21401C51003A81EF0FFFDEEE7836843B103AA049269
S21401C520B27803218DF8142004AA2046984703A860
S21401C5301EF0F0FDCCE78368002BF8D003AA049226
S21401C5407278EEE78368002BF1D00022059203AAE9
S21401C5500492042104AAE8E7039D21460120AE794E
S21401C56017F0D9FC0F4B82689A4203D0284610F088
S21401C570C7F9ADE7AB19D3F80D202046D3F8113033
S21401C580FEF798FE284610F0BBF92146012019F067
S21401C590FAF90221B0E700209BE700BFD75C030051
S21401C5A0BD5B0300C15B03002DE9F3410D46044664
S21401C5B019F08BFBAB7900287DD00C3315F803807E
S21401C5C0EE18B8F1010F53D0B8F1080F4BD0B8F1FF
S21401C5D0000F63D12046718919F084F9B3887288F7
S21401C5E09A4294BF07460027092B38BF0923727861
S21401C5F0013B9BB29A421BD8002A08BF002720465F
S21401C600FEF754F91FFA80F8404617F0B9F888B1DA
S21401C6104388B18800930846F388328919F0A8F850
S21401C62050B9284610F06CF9012002B0BDE8F0813F
S21401C6304746E4E70123ECE7002FF2D0214600202D
S21401C64017F069FCC56071894046013917F0A9F8F1
S21401C650102273890092013B1B4A9BB2214600209F
S21401C66019F052F9E0E72946204619F0CCFADBE743
S21401C6702046F18819F036F90746701C1AF050FA70
S21401C6800028CED0002FCCD02146002017F043FC46
S21401C6902023C5600093F3880C4ADFE7294620462D
S21401C6A019F084FE0028BFD12946204602B0BDE815
S21401C6B0F041FFF7CBBE2B441B7B0E2BD3D0294674
S21401C6C0204619F062FEEDE7F1C201005B5C030053
S21401C6D038B504460D4617F02FFC42070FD4204606
S21401C6E017F02AFC83070AD42046022117F026FCFD
S21401C6F029462046BDE83840034A19F0E5B92846E0
S21401C70010F0FEF8002038BDD1C1010038B504464E
S21401C7100D4617F009FC00F0180010280CD1204631
S21401C72017F00AFC10F4C02F06D129462046BDE8B2
S21401C7303840044A19F0C8B9284610F0E1F80C2030
S21401C74038BD00BF4DC30100014A19F0BDB900BF95
S21401C750FDC1010070B505460C460146012017F0E3
S21401C760DAFB0646284617F0E7FB020704D5204603
S21401C77010F0C6F8002070BD33685B05F7D4284674
S21401C78019F0A3FA40B121462846FFF7A1FF18B9D0
S21401C7901EF084FE044670B156E8003F43F4806301
S21401C7A046E80032002AF7D121462846BDE8704007
S21401C7B0024A19F089B90720DDE700BF65C201000A
S21401C7C073B504460E4617F0AFFB00F03000102894
S21401C7D04FF0020031D11EF061FE054678B3437971
S21401C7E0022143F00203437119F042F82846FFF78D
S21401C7F041FC29464670204619F038F81621204695
S21401C80017F0E6FB2021204617F090FB2146012079
S21401C81019F0E9F82146002019F0E5F8204619F04C
S21401C82088F90121204617F0D6FB03460120214650
S21401C8300090044A19F068F8002002B070BD072085
S21401C840FBE700BFEB5B03002DE9F04387B004462E
S21401C8500E4617F071FB00F4C060B0F5C06F06D14C
S21401C86002201EF01BFE054610B9072054E00025E5
S21401C8702146012017F04FFB814696F8068000F10D
S21401C880120208F10C08B04408F10F0308F11F0169
S21401C89053F8040B8B4242F8040BF9D103213046BE
S21401C8A018F0E6FF3046FFF7E5FB0A22074608F1D7
S21401C8B0050101301EF0B6F80C210DEB010000F069
S21401C8C029FB03AB03CBC7F80B00C7F80F10059B7A
S21401C8D007F10B02C7F813300DB30A21284618F0EA
S21401C8E0C7FF2846FFF7C6FB2946204618F0BEFFBD
S21401C8F04FF480712046C9F80C6017F017FB03212E
S21401C900204617F068FB00250346214601200C4A05
S21401C910009518F0F9FF284607B0BDE8F0832046D9
S21401C92007F11303012118F0E5F82046314618F007
S21401C9309DFF2046C9F80C5018F0F8F8DFE700BF55
S21401C940EF5D0300F0B589B00D46044619F049FACB
S21401C950AB79002800F0A3800C33EA18EB5C033BAC
S21401C960082B00F23881DFE813F0090036013601A2
S21401C97084003601360136015D007E00D2F80100E2
S21401C980D2F8051003ABB2F8097003C302F1130322
S21401C99001210B32204618F0ADF80421284618F084
S21401C9A067FF2846FFF766FB06460C2105A800F040
S21401C9B0B1FA05AB03CB3346C6F80100C6F805103D
S21401C9C0079A002143F8092F2046721C18F092F8A6
S21401C9D02146002017F09FFA034603AA478303CA9D
S21401C9E0C3F81200C3F8161020460821FDF774FF9D
S21401C9F04FF40071204617F099FA204618F096F881
S21401CA002946204618F032FF0321204617F0E3FAA4
S21401CA10034600202146714A009018F075FF012058
S21401CA2009B0F0BD0B21284618F022FF2846FFF773
S21401CA3021FB2946204618F019FF21F039FE05464C
S21401CA404FF44071204617F071FA4FF4805120469A
S21401CA5017F074FA284621F026FE4FF4806120462E
S21401CA6017F06FFADBE728460FF04AFF4FF4007124
S21401CA70F5E70621284618F0FBFE2846FFF7FAFAE6
S21401CA80204617F032FD2946204618F0EFFE2046D4
S21401CA9018F072F82146002018F075FFBFE72B4406
S21401CAA01B7B043B072BBBD801A252F823F000BF27
S21401CAB0D1CA0100F7CA010059CB010021CA010001
S21401CAC021CA010021CA010021CA01006FCB010061
S21401CAD020464FF4007117F029FAAA7920460C3245
S21401CAE02A4402F109030021013218F003F828460E
S21401CAF00FF006FF93E74FF4806002F0C5FAB0B17D
S21401CB0000274FF40061204617F010FA2046CDE9C1
S21401CB100577FDF7CBFE0646204617F003FA3946A1
S21401CB200346009505AAB0B218F0DBFC77E721466C
S21401CB30012017F0F0F900F11201204618F031F843
S21401CB400621284618F094FE2846FFF793FA294650
S21401CB50204618F08BFE62E728460FF0D1FE2146EC
S21401CB60012018F040FF204618F006F857E721F09C
S21401CB709FFD06464FF40071204617F0D7F94FF493
S21401CB808051204617F0DAF9304621F08CFD4FF43B
S21401CB90C061204617F0D5F92946204618F066FEF2
S21401CBA02146012017F0B7F9C268054682B193798C
S21401CBB001210C331A4402F1130320460B3217F0FD
S21401CBC099FF204617F0B2FF2046E96818F04EFE9E
S21401CBD00023EB6023E7002022E700BFEF5D0300A0
S21401CBE010B5074C07492046002218F0D8FF20460A
S21401CBF0FFF7C8F9BDE810400120002102F04ABA4B
S21401CC00581B002045C9010038B505460C4617F0EB
S21401CC108BF900F01800102806D121462846BDE8F9
S21401CC203840044A18F050BF20460FF069FE0C2029
S21401CC3038BD00BF49C8010038B50C468B7905469A
S21401CC400C331944E35C142B03D0152B0FD00020B2
S21401CC5038BD013119F09DF915212846224619F0F3
S21401CC60E0F92146284618F001FE0120F0E70146CA
S21401CC70012017F050F90B4B82689A4203D02046E8
S21401CC800FF03EFEF1E7A179284621440D3119F057
S21401CC9080F920460FF034FE2946012018F073FE75
S21401CCA0E3E700BF7760030037B504460D460A4642
S21401CCB0142119F0B6F92946204618F0D7FD0321AC
S21401CCC0204617F088F930220346009221460120BB
S21401CCD0024A18F019FE002003B030BD7760030049
S21401CCE010B5074C07492046074A18F058FF20465A
S21401CCF0FFF748F9BDE810402020002102F0CAB92C
S21401CD00641B002039CC01007B60030073B51E460E
S21401CD10ADF800208DF80230009B044601A801936F
S21401CD200D46114619F01FF99DF80630B34203D19E
S21401CD30BDF804308B4205D028460FF0E1FD1220E5
S21401CD4002B070BD204617F05FFA9DF80230827A75
S21401CD509A4209D18288BDF800309A4204D1284609
S21401CD600FF0CEFD0020EBE76946204617F09AFE4D
S21401CD7029462046014A18F0A7FEE1E7A9CC0100A2
S21401CD802DE9F0411D46134307460C461646BDF8ED
S21401CD90188006D12046BDE8F0411A46194619F01A
S21401CDA0D0B94146204618F089FD78B1214638466B
S21401CDB017F0B1F840238674C574214606933846A9
S21401CDC04346BDE8F041024A18F09EBDBDE8F08139
S21401CDD021620300F7B50E46054617F08BFBB379C3
S21401CDE00C3333445F789B781F400378C3F303000A
S21401CDF000EA1310384019F06DF9044668B9284660
S21401CE0019F071F9384019F065F9044628B9284631
S21401CE1017F073FB00F0D4FF04462846002117F0F4
S21401CE20F5F91721304618F023FD3046FFF722F9B1
S21401CE30314644708470284618F018FD03212846B0
S21401CE4017F0C9F840220346009229460020024AFC
S21401CE5018F05AFD03B0F0BDD56103002DE9FF417E
S21401CE6007460E461446DFF838804346694638467C
S21401CE700A4A03F0B9FB0028F7D0102C254628BF34
S21401CE80102530462A4669461DF0F1FD641B2F44E5
S21401CE902E44EAD104B0BDE8F08100BF5C28002032
S21401CEA04C28002030B589B020226946FFF7D6FF0E
S21401CEB06A460C4D04AB144603CC9C42286069605C
S21401CEC0224605F10805F6D1074C08AD1A4603CAF5
S21401CED0AA4220606160134604F10804F6D109B045
S21401CEE030BD00BF4C2800205C28002010B588B05B
S21401CEF0694620200FF0C0FE044630B96846FFF7A9
S21401CF00D1FF0122024B83F82020204608B010BD35
S21401CF104C28002070B5134B054693F820300C467C
S21401CF208CB00BB9FFF7E2FF0023CDE90033CDE962
S21401CF30023354B91C22214605A804941DF08CFD29
S21401CF4004A8FFF7AFFF0CB070BD102C264628BF13
S21401CF501026294632466846FFF780FF3544A41B53
S21401CF60E7E700BF4C28002008B581B2074817F054
S21401CF707AFE012000F052FD30B9054A137D5907AB
S21401CF805CBF43F00203137508BD00BF781B002089
S21401CF90701B002001238340DB43064901F1240274
S21401CFA052E8002F1A4001F1240C4CE8002000281A
S21401CFB0F4D17047701B00200123074A03FA00F0E2
S21401CFC002F1240353E8003F034302F1240C4CE82A
S21401CFD000310029F4D17047701B0020044A4FF03D
S21401CFE08040536A43F40023536207F051BA00BFEE
S21401CFF0701B002038B54FF01013194C00256364E0
S21401D0004FF4E063A4F848300123164A84F85C30F4
S21401D010154B6562C4E91532256602F0C1F84FF476
S21401D0208073A4F84E30114B84F85200A361104B64
S21401D03025751A6829461378527804F108001344B6
S21401D0405B106375A4F8B450A4F8AE5017F00BFE4D
S21401D050294604F19000BDE8384017F004BE00BF31
S21401D060701B002055555500D6BE898EB764030047
S21401D070441D00202DE9F843214C9946636A0F466A
S21401D080DB0715469DF824609DF8288035D468B3E3
S21401D0900120FFF791FF626A9DF8203022F4C072EA
S21401D0A042EAC312052E626284F8506007D102F08C
S21401D0B007FD48B96D00ADB2BD4228BF3D4694F8A4
S21401D0C0500019F0EEF90646636A84F85C60A4F82D
S21401D0D04470A4F8465084F84890B8F1000F09D07F
S21401D0E043F4801301206362BDE8F8830120FFF753
S21401D0F051FFD0E723F48013F4E70020F4E700BFE4
S21401D100701B0020024B586AC0F38000704700BFB6
S21401D110701B002010B51A4CFFF7F4FF636A13F07A
S21401D120010313D1A8B994F85D3094F84910253B52
S21401D130DBB20133DBB2032B28BF002341FA03F233
S21401D140D207F6D5253384F85D3014E094F85030D4
S21401D15010B194F85120134303F00503052BE2D1D7
S21401D16002F0AEFC0028DED194F85C30012B03D12E
S21401D170032384F85C3010BD012384F85C30D2E7C9
S21401D180701B0020024B586A00F00100704700BF78
S21401D190701B0020F8B540F271232F4CE36018B1E4
S21401D1A0237D43F00803237519F0C8FB40F2712173
S21401D1B0B4F84620E66B151F4D43AE42236CB4F817
S21401D1C0447018D2A3F5967301FB0733E768181A63
S21401D1D023893B4483420EDA5143237D891B43F066
S21401D1E0080323758142D4BF216120611A48BDE836
S21401D1F0F84019F0EBB940F271277A43A2F5E172D3
S21401D2002261FFF787FFB4F84420236CAE4207FB88
S21401D2100233636023644FF00003104AE3630DD3C7
S21401D220FFF770FF136838B19A791B7B617D0B4459
S21401D23093420DDC6375D9E71A78F6E7FFF762FFCC
S21401D240136838B1DA79197B637D5B1A9342F1DA98
S21401D2506275CBE75A78F6E7701B0020441D002064
S21401D26038B505460D4C80B10320FFF793FE002329
S21401D27084F84D300123A4F84A300420FFF78AFED3
S21401D280BDE838401020FFF785BE0520FFF782FE77
S21401D290012384F8AD50A4F8B030EEE7701B0020EF
S21401D2A0274B70B55A6A0D4609B3160747D503F1E1
S21401D2B04D0603F14A0428B3D1061FD52388012B56
S21401D2C01CD95B0804202380FFF764FE1020FFF7BB
S21401D2D061FE19F0F2FA2388B0FBF3F202FB1300A9
S21401D2E0307055B30320BDE87040FFF753BE940677
S21401D2F025D503F1AD0603F1B004DCE70420FFF702
S21401D3005BFEE3E7D20314D5B3F84A10B3F84E2018
S21401D31091420ED222881020520092B22280B3F897
S21401D3204E30934228BF13462380FFF733FE042076
S21401D330CDE71020FFF740FEF9E70520D3E770BDE3
S21401D340701B002070B58AB005466B46484AAC791A
S21401D35010685168127A03C30C3408201A702C44E2
S21401D36001F092FE20B101222846A11D1DF0AEFE5D
S21401D3700021A379CDF821108DF80F30A37AADF8EE
S21401D380251003F00F0303F128026A4412F8282C33
S21401D3908DF82010ADF81020062B08D8DFE803F032
S21401D3A0044F07075F074B000D20FFF705FEA37A22
S21401D3B00DF11301C3F380138DF81230E3680DF1FC
S21401D3C01200CDF81330238A09AEADF817300023CA
S21401D3D01A4616F0F7F9E3791C218DF819304FF447
S21401D3E07F43ADF81A307F238DF81C3063792846C9
S21401D3F08DF81D300023ADF81E30AB7903AC123327
S21401D400AB711DF0C7FEAB792B440C33224603CA21
S21401D410B24218605960144603F10803F6D1106849
S21401D4202946186013481DF05CFF4FF0804007F056
S21401D4302FF80AB070BD0D20FFF7ACFDB7E7D4F8A2
S21401D4401230CDF82130E38AADF82530EB79063B72
S21401D450EB71A37AC3F3C0138DF82030A7E7064B10
S21401D4605B6A9B0444BF42F00102ADF810209EE7C0
S21401D470A3F30300901B0020701B002070B5837976
S21401D4800C33C4182379DA0702D44FF0FF3070BD8D
S21401D490A37AE27A03F00F05082DF6D8062D01D9F6
S21401D4A02846F4E7911F1F29EFD8012D1FD10C2A1A
S21401D4B0EBD1244E736A13F0060F01D1DB05EFD4CE
S21401D4C016F08DF920B916F081F90028E8D1DCE7CD
S21401D4D0A37A96F84820C3F3C010B2EBD31FD4D179
S21401D4E004F1120100F0010019F061F9EDE7042DD5
S21401D4F0D6D11449144A486A0240002AC5D0096B9D
S21401D5000029CDD08A79C3F380130C3288188A5C3F
S21401D510B3EBD21F08D016F062F90028C0D116F07E
S21401D5204CF90028BCDBB0E704F10C0106220830F8
S21401D5301DF068FA044616F052F90028B0D1002C06
S21401D540AED0ECE7701B002008000400F0B5214CBB
S21401D55087B0A06A00B3E76ABE79FDF7A7F9022390
S21401D560FF210C36BA5DCDE90431BD1995F823309B
S21401D57000215B090393AB8BD20902936B8B80B2BC
S21401D58001932B8B009305F1080317F0C0FEA06AE8
S21401D590FDF798FC0023A362E06A0FF0B1F90023BF
S21401D5A0E362636A23F00402DB07626208D594F83B
S21401D5B05050052D06D102F083FA18B184F85C505C
S21401D5C007B0F0BD94F8500018F06BFF84F85C00CB
S21401D5D0F6E700BF701B002013B5154C21F068F864
S21401D5E0236A01930023236221F05DF8019BA3B90E
S21401D5F0636A1A0406D517F0C9FBA0B1636A23F45F
S21401D60000436362636A1B0305D5FFF79FFF636AE6
S21401D61023F40023636202B010BD01A81DF098FD3B
S21401D62017F01FFCE2E74FF0804006F031FFE9E714
S21401D630701B002038B50E4D044601F07DF8286BAE
S21401D64018B10FF05DF900232B6317F01CFB094896
S21401D650FEF72CF9EB6A0BB1FFF7C0FC044884F027
S21401D660010118F0C0FFBDE8384003481DF052BD67
S21401D670701B0020781B0020901B0020034B586A6B
S21401D68010F0050001D1FFF7D5BF7047701B0020D1
S21401D69070B53B4C1646636A03F0010270B95AB185
S21401D6A021F006F8636A054623F001036362FFF77B
S21401D6B0E5FF284620F0F7FF002070BD002AFBD1C9
S21401D6C09B0704D5236BBBB10120FFF7C9FD94F876
S21401D6D0483003F0FD03012B16D020F0E9FF054684
S21401D6E0C6B10E20FFF768FC19F028F942F2107354
S21401D6F003FB0600606310E002201DF0CFFE2063EE
S21401D7000028E1D10720D8E719F06AF80028E4D10B
S21401D7101220D2E70E20FFF73DFC0020FFF74CFC5D
S21401D720636A13F00403C4D140F27122E363B4F8D0
S21401D7304630E260023B5343236119F0BEF80323EF
S21401D740B0FBF3F303EB4303C31A253384F85D30D0
S21401D750FFF7E0FC19F0F2F860602064B4F8B4005A
S21401D760002808BFF520FFF7FFFB064B04481A68A0
S21401D7701378527813445B10637518F027FF98E707
S21401D780701B0020441D002038B51A4C0546237D29
S21401D79023F00803237500F0CFFFB4F8B4302BB99B
S21401D7A0A36813F4601F08BFA4F8B4300021114821
S21401D7B018F019FF104BA361636A5A0405D485F06B
S21401D7C00100BDE83840FFF7E5BC626B6168521A9C
S21401D7D0002AF4DA23F0010343F400436362FFF7FF
S21401D7E04DFF4FF0804006F053FEFFF78BFC0028FC
S21401D7F0E5D138BD701B0020B764030008B5FFF7FC
S21401D80081FCB0B10B4B586A20F0040210F0010005
S21401D8105A6203D1BDE80840FFF70CBF00F08CFF49
S21401D82017F031FAFFF7DAFBBDE808400020FFF7F2
S21401D830ABBF08BD701B00202DE9F04F4FF0000B69
S21401D8402E4C89B0E66AA36AB779C4E90ABB0C37DD
S21401D850F51901936B6A904682468946039302F056
S21401D86085F8F35D05F108073946C3F3C01306A82A
S21401D8708DF8183015F0BBFFFF238DF81930636A59
S21401D88001A8C3F380230E358DF81A30CDE904576D
S21401D8908DF808B08DF81BA08DF81C908DF81D80B2
S21401D8A0FDF7CAFB30460FF02BF8636A23F024021B
S21401D8B0DB07626205D40120FFF7BCFE09B0BDE8B4
S21401D8C0F08F0F4B94F850501A68052D1378527844
S21401D8D013444FEA630363750AD094F8500018F0B6
S21401D8E0E0FD0546012084F85C50FFF74DFFE5E7B3
S21401D8F002F0E6F80028F0D0F4E700BF701B002025
S21401D900441D002010B5074C2368DA0607D523F01E
S21401D9101003236018B90220A16815F0F0FE002359
S21401D920A36010BD281C0020F8B500230360037D0A
S21401D930044698070DD5204650F8081FC90C01F477
S21401D940FC7141F00501FDF75FFF237D23F0020323
S21401D9502375237D2589190703D518F0EFFF284481
S21401D9606060174E6068314651F8043F2D1A7BB946
S21401D97023600C60B368D3B1617D5A7D914217D2A2
S21401D980227D12070DD5BDE8F8400020FFF7BABF8B
S21401D9905A681F892A44D21B002AE9DA19461B68ED
S21401D9A0E5E75A681B6913441B1A002BEBDAF8BD2E
S21401D9B01A895B68D31AE2680344D342F7D5E2E7D3
S21401D9C0281C0020014610B50446032015F097FEDA
S21401D9D0054B1B68D90305D4237D5A075CBF43F06A
S21401D9E00203237510BD00BF281C0020014BD86818
S21401D9F0DC387047281C0020034B10B5DC6818F093
S21401DA009DFFDC3C201A10BD281C00201822002196
S21401DA1001481DF021B800BF281C0020034B1B68DD
S21401DA2013EA004314BF012000207047281C002081
S21401DA3070B568B146685EB1154C23691D4645B997
S21401DA40257D0135EDB242B1036020618160257507
S21401DA5070BD8542FCD02D68F1E743B19B68CB1AB7
S21401DA6041BF5B42B3FBF6F303FB0666891900234D
S21401DA7003602369074E816013B903603060E6E7EF
S21401DA809A688A1A002AF8DB1E461B68F4E700BF6C
S21401DA90281C0020381C002040B1436833B1084BD5
S21401DAA01A7D013A1A7553F8102F02B97047904241
S21401DAB0116801D11960704713460A46F5E700BFA1
S21401DAC0281C002038B50446084D0846AB68A3421A
S21401DAD001D1FFF717FF6B68054A1BB1A34219680E
S21401DAE001D1116038BD1A460B46F6E7281C002006
S21401DAF02C1C00202DE9F3415A4D2B6858077ED483
S21401DB00AB68002B7BD155E8003F43F0040345E8A2
S21401DB100032002AF7D16C68A4B118F00FFF01AAF1
S21401DB20804601462046276918F02EFD08B9204692
S21401DB301FE0019B2668FF1AA6B96368DC371F44FD
S21401DB40C5E9024755E8003F23F0040345E80032E3
S21401DB50002AF7D1AC68002C45D102B0BDE8F041EF
S21401DB6001F096BF4146304601AA18F00DFD18B9DE
S21401DB703046FFF727FFCEE7337DD6F804C032895B
S21401DB80D907ACEB020205D4019933695B1AF16837
S21401DB905B1A1A446368D919891A00291FDD8F4256
S21401DBA004D9E168D21ADC31914217D9207DC20727
S21401DBB00BD42269F1681344A3EB0C0322895B1A88
S21401DBC09B1AE268DC3293420BDC727D637D9A42DB
S21401DBD005D20307ABD5F768344600E0174636682A
S21401DBE0AAE70F46F8E7A36813F4601F0AD1214697
S21401DBF02B6843F010032B60012015F080FD02B066
S21401DC00BDE8F08104F108063046FDF70BFE2B68EF
S21401DC10214643F010032B600028EDD1012015F0BA
S21401DC206EFDA36813F4601F4FEAD341C3F3C244E9
S21401DC300ED0013CE4B201F4FC7130462143FDF7FD
S21401DC40E3FD03213046FDF74BFE002CD7D103E060
S21401DC5003213046FDF744FE304602B0BDE8F041F0
S21401DC60FDF724BE281C002008B5034B996809B1AE
S21401DC7015F045FD08BD00BF281C0020014B986823
S21401DC80704700BF281C00200A4B70B59C68844270
S21401DC900FD12146022015F032FD6668258918F05D
S21401DCA04DFEAD1BC54221464CBF0120032015F099
S21401DCB026FD70BD281C0020104B70B59D682E698E
S21401DCC02C681CB9686864B9304470BD627D6B7D90
S21401DCD09A42F7D9204618F0A2FC0028F2D124680F
S21401DCE0EFE76FF0DB0362681B1A134422899B1A65
S21401DCF02A699342D4BFC0188018E6E7281C002082
S21401DD00542310B5046808490D20B4FBF3F40EF053
S21401DD107DFD002351211846A2B20EF01DFD0028FC
S21401DD2014BF1920002010BD19CC0200014B187831
S21401DD30704700BF6D280020837E0F4A1B01DBB2AF
S21401DD4082F81F3382F8203382F8223382F8213397
S21401DD5082F8233382F8243382F8253382F8263377
S21401DD6082F82A3382F82733837F23B9437E1B0147
S21401DD70DBB282F8223C704700E100E037B504468A
S21401DD800EF08AFD204601F091F9054698B9204625
S21401DD90FFF7D2FFA38A0DF10601ADF80430E38A3E
S21401DDA001A8ADF8063018F040FC0122034B1A70AA
S21401DDB0284603B030BD0225FAE700BF6D280020D3
S21401DDC00138C0B203289ABF014B185C0020704787
S21401DDD0B0F30300431E012B05D9022902D8024BDA
S21401DDE0585C704700207047ADF30300431E042BB8
S21401DDF0054A07D8052808BF03200621431E01FB54
S21401DE000320704710467047D8F30300014B53F8C0
S21401DE1020007047B4F30300024BDB6993F87F00E0
S21401DE20704700BF500B0020094B10B5D96968B187
S21401DE30084B1C4653F8042F0AB18242FAD21B1B28
S21401DE409B10013BDBB281F87F3010BD0123FAE75E
S21401DE50500B0020B4F30300054B1B681B6A13F03C
S21401DE60100003D013F0030018BF0120704700BF55
S21401DE70101D00202DE9F34100264FF0FF31044626
S21401DE8001A8019601F010FF019949B12046FCF75F
S21401DE90C5FB032806D005282FD001A81DF03AF9A6
S21401DEA0012023E01B4D1C4800F06EFF2B68304616
S21401DEB0597D01F073FB2F68184EF86AD6F8088072
S21401DEC01DF0ADF941460246384615F056FF2B685F
S21401DED0B068DB6A036002F04BF82B681B6ADB0450
S21401DEE007D52046019915F010FF002002B0BDE8C5
S21401DEF0F08101A81DF00EF9F7E7019801F004FF83
S21401DF002046019915F0B5FE0028C9D0304600F02C
S21401DF103BFFEAE7101D0020F1E00100881A00200F
S21401DF2038B5254904460B7D4A7D0133DBB2B3EB98
S21401DF30921F0B7503D3032300200B7538BD016AAE
S21401DF4009042CD5032390F87520243A92FBF3F3A9
S21401DF5003EB4303D21A2532D2B2B4F8505094F8E8
S21401DF60743015F01001B4F9540084F875201CD1F2
S21401DF7018F0BFFD04F16C050146284602F008FAC8
S21401DF80284618F0E0FC00221146104615F0CEFB9C
S21401DF9094F87500002118F0ABFD0120CEE75B0078
S21401DFA01A4102F003022532D7E70246194600203D
S21401DFB002F0BEF8DEE700BF881A0020204B2DE9EC
S21401DFC0F04104461860806A1DF029F90146204692
S21401DFD0FCF7B4FAB4F850301A4E03F01403142BBD
S21401DFE00CBF0022A26AB36820461A60FFF798FFAA
S21401DFF0FFF732FF144B051E144808BF184600F001
S21401E000C3FE94F81480676818F098FC6D0008F059
S21401E01008080346627DE8B2B8F1000F03D1FF1A83
S21401E020B7F59B7F07D5114618F0B7FCB068BDE879
S21401E030F04101F09DBF616818F09BFCF6E700BF58
S21401E040101D0020881A0020DDE001002DE10100EE
S21401E05070B50546FFF700FF104B041E104808BFB9
S21401E060184600F091FE2846FFF75AFF0D4E05466A
S21401E07060B133686000597D00F0FE0018F08DFC39
S21401E080BDE87040084B986801F072BF00F07CFE56
S21401E09029463068BDE87040FBF79ABFDDE0010015
S21401E0A02DE10100101D0020881A0020034610B53E
S21401E0B0094C552B20680AD0562B0CD1002000F0B5
S21401E0C063FE20680121BDE81040FBF781BFBDE873
S21401E0D01040FFF7BDBF10BD101D0020512803D111
S21401E0E0024B1868FFF7B4BFFFF7E0BF101D002012
S21401E0F00C4B512810B51C680FD1A06A1DF08FF883
S21401E10001462046FCF71AFA074BA26A9B6820468E
S21401E110BDE810401A60FFF79BBFBDE81040FFF74F
S21401E120C5BF00BF101D0020881A00200E4A5128C6
S21401E13010B5146805D0532809D0BDE81040FFF784
S21401E140B5BF617D0120BDE8104001F03DBA204613
S21401E150FFF790FE30B101F009FC2046BDE8104003
S21401E160FFF776BF10BD00BF101D002038B50D4665
S21401E1700446002000F008FE01F0F8FB2946204680
S21401E180FCF7C8FB0022014B1A6038BD141D0020A5
S21401E1900123074A03FA00F002F1140353E8003F93
S21401E1A0034302F1140C4CE800310029F4D1704706
S21401E1B0A01A00202DE9F041324E054673690C463F
S21401E1C013F4C07F03D0980659D401200CE039B16E
S21401E1D0590705D4D5F8A43013B90820FFF7D8FF9E
S21401E1E073699A0602D50020BDE8F081B27FAB6A5A
S21401E1F0022A03F0080709D927B184F0010040007C
S21401E200C0B2F1E7002CEED00320EDE77FBB002C77
S21401E210E9D05B05D5F8A00048BFD5F8A4001CF0EE
S21401E220AAFFC1B2063195F8300118F007FC95F83F
S21401E2308F108046063195F8300118F0FFFB054631
S21401E24018F07CFBF36A1FFA88F8A3F596731B1A7D
S21401E250A3EB0803ADB25B1B002B0EDB736913F057
S21401E2601C0FC0D137B1002CBDD10520BCE7002C56
S21401E270CFD0B8E7002CB6D0F7E70420B4E70029E2
S21401E280A6D1B0E7A01A002038B504460B4B18609B
S21401E29000F5947018F057FB2046FCF707FBC4B254
S21401E2A0204615F039FA0546204615F037FA294674
S21401E2B00246022015F03AFA38BD00BF141D0020B0
S21401E2C038B50446114D4FF480616B69283043F42C
S21401E2D000736B6118F0D5F90121204615F031FE67
S21401E2E000212046FFF766FF014620B12046BDE823
S21401E2F03840FFF73BBF6869617D80F48070C0F3EA
S21401E3000020BDE8384001F05FB900BFA01A002028
S21401E31008B5002000F038FD01F028FB0022014B73
S21401E3201A6008BD141D002010B50446FFF7ACFFA7
S21401E330064800F029FD6168226C637D1120BDE866
S21401E340104001EB920218F03CBB00BF45E601000D
S21401E350454B37B51C680023A26A01935005D4F8D3
S21401E360A03012D504F1A40001931CF0F1FEC4F80C
S21401E370A00050B194F846314FF48061013B84F817
S21401E380463104F1280018F07CF9D4F8A0500DB9F4
S21401E390364B9D6894F94631022B0DDCD4F8A83033
S21401E3A013B1A36AD90502D5D4F8AC3023B14FF422
S21401E3B080512046FCF790FAD4F8A410A36A0029ED
S21401E3C014BF01210021AA794FEA830302F10C024E
S21401E3D003F00C0343EA0113A95C21F01C0143EA94
S21401E3E00103AB540DD1214A02F1140353E8003F57
S21401E3F023F0080302F1140040E800310029F3D1AC
S21401E40002E00320FFF7C4FE284601F0B1FD2046D6
S21401E410FCF74CFAAB792B445B7B1BB1012180B234
S21401E42015F0B9F9019B53B15B7903F00A03082B88
S21401E43002D12046FCF7A8FD01A81CF06BFE6B7903
S21401E4409A070ED5A36A1B040BD50820FFF7A0FE7A
S21401E4504FF4004104F1280003B0BDE8304018F045
S21401E46010B903B030BD00BF141D0020A01A002053
S21401E47000232DE9F04385B00446032103A8039346
S21401E48001F012FC039D35B9F4212046FFF76EFE1C
S21401E49005B0BDE8F083AB79694F0C331D442A798A
S21401E4A07B69D6074FD4DD064CBF07200420FFF753
S21401E4B06FFE002601212046FFF77CFE054650B977
S21401E4C07869617D80F48070C0F30020400001F01F
S21401E4D065F8FFF73DFF039801F016FCDDF80C80A8
S21401E4E07A6998F80630510603F10C0308EB030924
S21401E4F015D458F8033006203B61FFF749FEA36A9E
S21401E5001A060CD404F1280252E8003F43F08003B7
S21401E51042E800310029F7D10120FFF739FE4946CC
S21401E520204615F014FD99F80430DB0740F184808D
S21401E530002E52D11DB129462046FFF717FE03A82B
S21401E54001F0CAF9A4E7012023F010037B61FFF76D
S21401E5501FFEAE7AF0062FD50220FFF719FEA36A3A
S21401E560AA7A83F00203C2F38002C3F340039A42FD
S21401E5702FD14FF4006104F1280018F082F850E81A
S21401E580002F42F4806240E80023002BF7D1A26AF4
S21401E59082F00202A262BB77AA7AA36AC2F3C00221
S21401E5A003F001018A4284D183F0010316F00306C9
S21401E5B018BF0126A3627DE707F1140353E8003F65
S21401E5C023F0040307F1140141E80032002AF3D1D5
S21401E5D0C5E7BB7F0133DBB2DDE72046FCF766F912
S21401E5E0C0B215F099F806462046FCF75FF9CDF85B
S21401E5F00480A38F82B2009331460023022015F0D7
S21401E60087F84FF0FF3103A801F04EFB039B9A7980
S21401E6101344DB7D002B8DD02046FCF747F9012102
S21401E62080B215F0B8F820460399FCF7D7FC002D08
S21401E6303FF42EAF294628E7002E3FF47BAFE0E7F4
S21401E640A01A002008B50346114A532B10680BD0B8
S21401E65002D8512B18D008BD553B012BFBD8BDE87D
S21401E6600840F121FFF782BDFFF702FF094A02F1D8
S21401E670140353E8003F23F0200302F1140040E89E
S21401E68000310029F3D1E6E7BDE80840FFF718BEE0
S21401E690141D0020A01A0020174B513810B51C6815
S21401E6A0052819D8DFE800F008180318191F2046B6
S21401E6B0BDE81040FFF7DCBE2046FFF701FE0F4A1B
S21401E6C002F1140353E8003F23F0200302F1140083
S21401E6D040E800310029F3D110BDF1212046BDE804
S21401E6E01040FFF743BD4FF4806104F1280017F096
S21401E6F0C8FFF221F2E700BF141D0020A01A002077
S21401E70010B50446FFF7C0FD054800F03DFBFFF7D6
S21401E7101FFE627D61680220BDE8104018F029B92D
S21401E72099E60100034B5B6A13F0060F0CBFE2206B
S21401E730F1207047701B002008B5FFF79FFA054BC4
S21401E740834206D101F012F9BDE80840002000F02E
S21401E7501BBB08BD701B002070B51E4C1E4800F088
S21401E76013FB94F85C3094F85D200021C82018F063
S21401E770C0F9014604F1540001F00AFE04F1540008
S21401E78018F0E1F800221146104614F0CFFF666833
S21401E79018F0D4F80246FFF7C5FFB61AB6F5FA6FB9
S21401E7A005460BDCFFF722F9627DA0F5E1712846EC
S21401E7B018F025F9BDE8704001F0B6B86668FFF7B5
S21401E7C015F93146A0F5E172637D284618F0F9F88F
S21401E7D0F0E700BF701B002055EB010038B501F0D3
S21401E7E0C5F8FFF709F940F2EE2398420E4C0EDD0C
S21401E7F0FFF798FF0546FFF7F9F8627DA0F5E1718E
S21401E800284618F0FCF8BDE8384001F08DB818F03D
S21401E81095F8E36B62689B1A0344E3630020BDE846
S21401E820384017F056BE00BF701B0020F7B5104CDD
S21401E830064694F84D500F462DB10020013D84F850
S21401E8404D5003B0F0BD0B4B02201B68597800F009
S21401E850A5FE94F848303A46CDE9005331460323E5
S21401E860206B17F067FE206B01F082FB0120E8E7C2
S21401E870701B0020441D0020094A02F1240353E8BE
S21401E880003F43F0080302F1240040E8003100296C
S21401E890F3D1044B01201B68597800F095BE00BFE8
S21401E8A0701B0020441D002070B50A4C636A5B078C
S21401E8B00DD58B790C33CD1850B9E879CE58298906
S21401E8C018F0BCF80644A6636B7984F84C3070BD2A
S21401E8D00120F3E7701B00202DE9F04F16468DB09E
S21401E8E0021E069108BF00211F46964B0592DD6A5F
S21401E8F05B6AAC7938460C342A5DC3F3801B61F33E
S21401E90045122A55314603F04002039214F069FF7E
S21401E91005EB04080790285D08F108094946C00977
S21401E92014F05FFF039B8246002B44D1002844D19C
S21401E93014F055FF80F00103DBB25A4631463846E3
S21401E94003F0010318F084F80490002800F08A8090
S21401E950039B002B33D1BAF1000F75D1079B002B17
S21401E96072D014F02DFF00286ED001220AA90DF1F5
S21401E970270014F038FF002874D09DF827302A5D50
S21401E980591E4B424B41B3EBD21F6BD10622484670
S21401E9900AA91CF037F8002864D13368C8F8083093
S21401E9A0B388A9F804302B5D67F3C7132B554FF0D6
S21401E9B0000AD34619E00123BFE7039BBDE7614B7D
S21401E9C05B6A13F4007A1CD115F804B0CBF3801BF4
S21401E9D0504614F00DFF3368C8F80830B388A9F81C
S21401E9E004302B5D67F3C7132B55059B554E002B43
S21401E9F03ED196F8AD30002B3AD0013B86F8AD30CB
S21401EA0030E014F0DAFE002806DA15F804B04FF00C
S21401EA10000ACBF3801BDBE700221146104614F0F8
S21401EA20DCFE15F804B08246CBF3801B0028CFD05D
S21401EA30002302211A4608EB010017F053FD2B5D57
S21401EA4060F386132B55C3E77A1E57422B5D574159
S21401EA50B7EBD31F06D10622314648461BF0D2FF3C
S21401EA600028A4D00023049304980DB0BDE8F08FCD
S21401EA7017F064FFF36A00F196019A7908F10E0027
S21401EA8013441A6B059B00939DF8583017F002FE4D
S21401EA902D4B059A07461B68A2B95978022000F04B
S21401EAA07DFDF06A01F064FAF36A9A7913441F63F4
S21401EAB0FFF7E4F8254B8361069BBBB9736A23F421
S21401EAC0806316E0D979002000F068FDF06A01F055
S21401EAD04FFAF36A1E489A7913441F6300F054F9FB
S21401EAE0069BC3B9736A23F4806317E0736A43F421
S21401EAF080637362039B9BB1BAF1000FB4D000230D
S21401EB0059461A4608F1020017F0ECFC2B5D60F33B
S21401EB1086132B55A8E7736A43F480637362EBE7A9
S21401EB202B5D0022C3F3C01349460AA88DF828308E
S21401EB3014F059FE2B5D9DF8282062F3C7132B5560
S21401EB40DAE700BF701B0020441D0020854C03003F
S21401EB5021ED01002DE9F04F532885B01FD005D8CF
S21401EB60512800F0CE8005B0BDE8F08FA0F1550326
S21401EB70012BF8D855384FF0010118BF0120FEF7D8
S21401EB808FFB17F0DBFE644AD36B51685B1A0344B4
S21401EB900020D36305B0BDE8F04F17F09ABC0025FE
S21401EBA003A84FF0FF31039501F07EF803985A4E03
S21401EBB058B1FEF763FC0828804603D8574B1F5C04
S21401EBC0380709D403A81CF0A5FA736A13F0060FD8
S21401EBD015D0FFF703FE12E0B8F1070F16D1726ADF
S21401EBE012F48012EED13046039916F042F800284E
S21401EBF0EBD016F049F810B10120FEF7CBFA01214F
S21401EC00084605B0BDE8F04FFEF74ABB039CFEF789
S21401EC10F3FE736A814613F0040343D017F0020330
S21401EC2040D0A0F56E73002B0DDD0120A2790C32C9
S21401EC302244917A0090C1F380130C32C1F3401143
S21401EC40FFF74AFE0546204601F05EF82146012000
S21401EC50FFF72AFE736AD9072ED503F0800A94F8C7
S21401EC6006B014F0BCFD0BF10C0BA34480F00103BD
S21401EC709BF80A00BAF1000218BF0122DBB20BF1C1
S21401EC800C01C0F3801017F0E3FE68B155BB736A40
S21401EC9020469A073AD5FB0712D47B0739D5FEF7EB
S21401ECA051FB92E71D46CEE7BAF1000F04D151465B
S21401ECB014F09BFD0028E9D020460DF021FE1CE053
S21401ECC017F040FF70B1A9F21659B9F1000F09DD2E
S21401ECD0A0790C302044817A0C30C1F38011FFF703
S21401ECE0A5FD0546B8F1040F02D1736A9907E3D56D
S21401ECF07A07E1D52046FEF725FB002D7FF47FAF8E
S21401ED0063E705B0BDE8F04FFFF7B6BDB8F1040FF5
S21401ED10C3D10DF0F5FD58E7701B0020F0F303009A
S21401ED20512808B50BD1084800F02EF80122074BF0
S21401ED30104693F94C10BDE80840FEF77DBDBDE8CE
S21401ED400840FFF707BF00BF55EB0100701B00200E
S21401ED500022024BC3E90022704700BF381D002085
S21401ED6010B5074C2022002120461BF075FE052316
S21401ED70A383044BA36100F0DFFA9030206010BD3E
S21401ED80181D00208F68030010B504461FF087FC8D
S21401ED900022044B5C60044BBDE810409A611FF0F2
S21401EDA079BC00BF381D0020181D0020034B03EB63
S21401EDB080035868003818BF01207047181D0020CE
S21401EDC010B504461FF06BFC0022044B9C61044BFB
S21401EDD0BDE810405A601FF05DBC00BF181D002042
S21401EDE0381D002010B5074CA36953B10020FFF76A
S21401EDF0E7FFFF23A38300F03DFEBDE8104000F0CF
S21401EE0005BA10BD181D002070B5C5B2212D0446E7
S21401EE1012D100F0F1FB0A4B220CC4F3074403EBBA
S21401EE2084049A8362689A61054A936933B12846D5
S21401EE30BDE8704011681847222DF5D170BD00BF9E
S21401EE40181D002038B50D4B04461A7812B1002261
S21401EE501A7038BDC5B2FEF711FF40B1C38AB3EBD5
S21401EE60144F284605D1BDE83840FEF7FDBEFF2306
S21401EE70F5E7BDE8384017F0EEBC00BF381D0020AE
S21401EE80A0F121030E2B10B5044611D8FEF7F6FEAD
S21401EE9060B3C08AFF2829D0222C03D1BDE81040D8
S21401EEA0FFF7A0BF44EA0040BDE8104000F012BAE8
S21401EEB0A0F131031E2B0ED8114B988B44EA00406B
S21401EEC000F01CFA312C11D10020FFF779FFBDE8C4
S21401EED0104017F029BDA0F111030E2B06D8132CF4
S21401EEE040F4A02003D006D9142CDDD010BD012299
S21401EEF0044B1A70D8E7BDE8104000F0FFB900BF18
S21401EF00181D0020381D00200B4A10B593690446D1
S21401EF101BB11168BDE810401847084B5B6813B178
S21401EF20BDE810401847FEF7A9FE014618B18369EF
S21401EF300BB12046EEE710BD181D0020381D00203D
S21401EF40024B186908B105F0A3BA7047300B0020D0
S21401EF5038B50A4B1C6804B10C3400F0EDF90025F5
S21401EF60C0F89050204600F0F9FA284617F0EFFB5B
S21401EF70BDE8384001481CF0CDB800BF401D002058
S21401EF80002310B53E4A02F1100151E8001F02F1BC
S21401EF90100C4CE80034002CF5D140EA0104A00224
S21401EFA001D5FEF7A7FD210101D500F025FDE203FD
S21401EFB001D500F05BF9002C01DAFCF71FFD6300B8
S21401EFC001D5FEF709FBA00001D5FCF75DFBE100CA
S21401EFD007D5FBF71BF820B94FF08051294817F0E9
S21401EFE010FC620107D515F0D6FC20B94FF0806100
S21401EFF0244817F006FCA30105D517F078FDFCF7A9
S21401F00015FB14F0D5FBE00108D514F041FF0728E5
S21401F01004D14FF080711B4817F0F3FB610201D554
S21401F02014F0C0FB220201D514F074FBE30207D5ED
S21401F03014F029FF20B94FF48011124817F0E1FBB4
S21401F040A00507D5FCF7F6FF20B94FF400710D486F
S21401F05017F0D7FBE10507D5FCF74EFA20B94FF4B8
S21401F0608071084817F0CDFB620503D514F067FBE5
S21401F07014F066FB230501D516F0F7FA10BD00BFA4
S21401F080300B0020400B0020014B1B6818407047D6
S21401F090300B002010B5044BD3E9064204430A4363
S21401F0A0C3E9064210BD00BF300B002038B5044648
S21401F0B0344DFEF7ABFC0021202228461BF0CCFC89
S21401F0C04CF20C000021FFF7E5FFC4B1A3684FF630
S21401F0D0FF720020A18B2B60FBF740FF02201CF083
S21401F0E0DDF9294B1860002849D023460C3004F17D
S21401F0F0200253F8041B934240F8041BF9D1234B1A
S21401F1002348AB6000232B730DF036FCFCF758FB4D
S21401F110204600F045FD054678BB00F0FFF920B11A
S21401F1204FF480700021FFF7B5FF00F007FA20B119
S21401F1304FF400600021FFF7ADFF2CB1B4F91210B7
S21401F140B4F9100001F00CF917F0DCFC01F0DEFA5E
S21401F150FDF7CCFE054680B9FCF738FC00F03EF81A
S21401F16000F0E2F8FFF7F4FD00F068F818B9BDE822
S21401F170384000F069B8FFF7EBFE284638BD012598
S21401F180FBE700BF300B0020401D002041EF0100CF
S21401F190340B0020014BD3E906017047300B0020E9
S21401F1A0054B9B69DA054CBF032001201B0548BFB0
S21401F1B040F00400704700BF300B0020014B186080
S21401F1C0704700BF441D00202022034BC3E90022E4
S21401F1D09A6000221A7670476C1D002038B500250B
S21401F1E0084C094B1C2229462046C3E900551BF052
S21401F1F033FCFFF7E9FF30236576C4E90333636127
S21401F20038BD00BF6C1D0020481D002008B51FF04A
S21401F2104FFA30230749084ACB60D3600B6113616C
S21401F2204B61536100234B765376BDE808401FF0CF
S21401F2303ABA00BF6C1D0020501D0020014B187803
S21401F240704700BF6E28002010B5044C23781BB908
S21401F25017F015FB01232370002010BD6E28002037
S21401F260014B1868704700BF481D0020F8B5164EC0
S21401F2701FF01EFA3546154C07460FCD0FC495E80C
S21401F2800700002584E80700FFF79EFF3023384675
S21401F290C6E90333736175761FF005FA0C4E103C10
S21401F2A0E068302804D07368C6E90030FFF7CAFD6D
S21401F2B054F8040B202801D0FFF7A6FD0135EDB266
S21401F2C0032DEDD1F8BD00BF6C1D0020501D0020A0
S21401F2D0481D002010B504461FF0EAF9064A137EC1
S21401F2E042F82340013313761FF0DDF9BDE81040E4
S21401F2F04FF4803005F0CCB86C1D002010B50446E4
S21401F3001FF0D6F9074A537E02EB83010133CC6026
S21401F31053761FF0C8F9BDE810404FF4803005F071
S21401F320B7B800BF6C1D00209422002101481BF0D5
S21401F33093BB00BF881D002000487047881D002031
S21401F340074B586940F20D1338B9002BC1BF45224F
S21401F3504433B3FBF2F0C0B270470068453BF3E7B5
S21401F360500B00202DE9F0414FF0000882B0CDF897
S21401F3700480F8B10546154F01AC09E023601B680F
S21401F3807B612368C3F800802668002D344611DDB2
S21401F3907B69453D002BF1D101201CF07FF8064624
S21401F3A020600028F1D101A81BF0B4FE304602B05F
S21401F3B0BDE8F081102000F02DFD019E30467379E6
S21401F3C043F00103737102B0BDE8F081500B0020D9
S21401F3D037B5184D0446EA6992F87D3013B9002016
S21401F3E003B030BD01281CD002280CBF0223012324
S21401F3F08DF8043001238DF80530936F286923F4C6
S21401F400805323F00203936701A91AF025FC002814
S21401F410E6D1012C07D1EA69936F43F002039367A3
S21401F420DDE70423E4E7022CD9D1EA69936F43F4BC
S21401F4308053F4E7500B002037B5174D0446EB69AF
S21401F44093F87D2012B9002003B030BD01281AD0F0
S21401F45002280CBF022201228DF8042001228DF819
S21401F46005209A6F286922F044029A6701A91AF0CA
S21401F470DDFB0028E8D1012C07D1EA69936F43F040
S21401F48040039367DFE70422E6E7022CDBD1EA6953
S21401F490936F43F00403F4E7500B00200422F0B509
S21401F4A01D4E0546F36985B083F87C20407917F038
S21401F4B02BFA2C79074694B1A879FFF7BDFF0446CD
S21401F4C038BB01466A79012017F019FA3B462246F5
S21401F4D07179306905B0BDE8F0401AF005BB2B68BC
S21401F4E068790394029317F00FFA00902246717917
S21401F4F0306902AB1AF0FAFA044650B9A879FFF758
S21401F5009BFF044628B9024601216B79286817F04B
S21401F510F7F9204605B0F0BD500B002010B5064C9B
S21401F52020691AF068FD28B920691AF066FD00F016
S21401F530010010BD0120FAE7500B0020014B1869AD
S21401F5401AF05DBD500B002008B5FFF7F5FE024B23
S21401F5501030D86108BD00BF500B002038B50446F6
S21401F560084DFFF7F1FFEB692A689A6744B1A08856
S21401F570FEF75AFC0122EB69002083F87C2038BD97
S21401F5802046F5E7500B0020034BDA69936F43F4EE
S21401F59080339367704700BF500B0020042238B5B4
S21401F5A0084B0D46DB6983F87C20FFF745FF0446D0
S21401F5B008B100F03BFC2A460021012017F09FF914
S21401F5C0204638BD500B0020022238B5094B0D46A7
S21401F5D0DB6983F87C20FFF7FBFE044608B100F0E8
S21401F5E025FC2A460021012017F089F914F09FF81E
S21401F5F0204638BD500B0020034A136823F400430D
S21401F600136000F029BF00BF500B00207FB5022316
S21401F61004462A4D1022EE69002186F87C306846A1
S21401F6201BF01AFA237A03B301238DF804306368BA
S21401F6300293A37A53B196F87D00FEF7D7FB029B9F
S21401F64002881344029301238DF80D30637A207BE0
S21401F6508DF80E30FFF7BCFE50B1EA69936F23F4C4
S21401F6608033936700F0E2FB20E023680093DEE737
S21401F670E07A17F049F96A460346697928691AF06B
S21401F68037FA0028E9D1EB69227AB3F87A10E37ADF
S21401F69001F0010162B11A46012017F030F914F0A9
S21401F6A046F8EA69936F23F48033936704B070BD1C
S21401F6B00A462068012117F023F9F0E7500B0020D5
S21401F6C02DE9F0431C4A87B0D56995F86C3003EBF9
S21401F6D0C3004FEA800855F8087005EB80061FB195
S21401F6E0304607B0BDE8F08311791069717301AA3D
S21401F6F00321B760B7731AF0D6FBDDE9031245F8AC
S21401F7000800304608F11003E9501D446A60BDF850
S21401F7100630BDF80820B7839B1A32839DF8042073
S21401F7207383072A08BFB368376204BF43F0010337
S21401F730B36007B0BDE8F083500B002083689B07D9
S21401F74000D5704730B5154D87B0044601686A4646
S21401F75028691AF0AAFB50B9238B628B69461344B9
S21401F76003332869ADF804301AF0A3FB08B107B0DB
S21401F77030BD009B9DF90E00636000F001FE207312
S21401F780EB699DF8111093F87D00FEF723FBA36843
S21401F790A07343F00203A36007B030BD500B0020F6
S21401F7A02DE9F04F4FF6FF741F46A142038B458BA0
S21401F7B008BF818B1D4418BF8183A942064683B0CA
S21401F7C059DA4FF6FF708242A5EB010502D0954249
S21401F7D0A8BF15468B42ADB20BD84FF00008A8451E
S21401F7E02AD345462846B38B2B44B38303B0BDE8E2
S21401F7F0F08FA3EB0108A845A8BFA84632691FFAF7
S21401F80088F802EB010BB8F1000F62D0002F5ED032
S21401F810B946C2465246452A594628BF4522484659
S21401F8201BF054FC83B2AAEB0304A4B283443CBB92
S21401F830318B0B46A845D4D2C91A7369A5EB0809C2
S21401F84013FA81F41FFA89F9002FCAD04A46452ACD
S21401F850214628BF452238461BF038FC1FFA80F89F
S21401F860A9EB08039BB20444002BBBD03A68CAB18B
S21401F87017469946EAE70025284603B0BDE8F08F0B
S21401F880D9F8002012B19146A246C3E799F80400C0
S21401F89001931BF003FE019BC9F8000060B181468D
S21401F8A0A246B7E7387901931BF0F8FD386040B1FE
S21401F8B0019B07469946C9E7A3EB0A0343449DB259
S21401F8C090E7A8EB0908A8441FFA88F58AE73D46A1
S21401F8D088E719460B46ADE72DE9F04106461EF0CE
S21401F8E0E7FE0746FFF72CFD35460446286818B1A3
S21401F8F06CB928461BF00EFC31680A481BF0F1FC77
S21401F90038461EF0D0FE00233360BDE8F081D0F803
S21401F91000801BF0B7FD2B68013CC3F800802D6802
S21401F920E4B2E3E7640B002010B5094CE369986F75
S21401F93010F400700AD020691AF0D3FA30B9012108
S21401F94020691AF0CCFA80F00100C0B210BD00BFE9
S21401F950500B0020044BDA69926F920503D5002103
S21401F96018691AF0BCBA7047500B002010B5154C38
S21401F970E36993F87C30012B08D00022114610462B
S21401F98016F0BDFF0122E36983F87C2000220321E3
S21401F99020691AF09AF80022012120691AF08BFAE0
S21401F9A0FFF7D8FF002016F0B2FF16F0B2FF0020D6
S21401F9B016F0B0FFE269936F23F4847343F4C043F7
S21401F9C0936710BD500B002010B51EF071FE044663
S21401F9D0FFF7CCFF074B5620DA69B2F874300133D3
S21401F9E0A2F87430FFF790FA2046BDE810401EF0EA
S21401F9F05ABE00BF500B0020F8B51C4DEA69936F44
S21401FA001C0704D523F008039367FFF7DDFFEB69B6
S21401FA109B6FD8060FD51EF04BFE0646FFF790FCEF
S21401FA200446134F24B101201BF038FD0146B0B93E
S21401FA3030461EF038FEEA69936F990615D523F015
S21401FA402003936700F04EFF78B11EF031FE0446A6
S21401FA50FFF7BAFF2046BDE8F8401EF024BE384640
S21401FA60013C1BF048FCE4B2DCE7F8BD500B00207B
S21401FA70640B002008B5FFF779FF00F0EDFC034AA0
S21401FA80136823F40043136008BD00BF500B002029
S21401FA90002210B5094C1046114616F030FF2069B9
S21401FAA004F04EFF16F02AFF04F114001BF032FB9F
S21401FAB0E269936F23F01003936710BD500B00208B
S21401FAC0024B1868C0F38020704700BF500B00201F
S21401FAD038B5154C0546E36993F87D3083420ED060
S21401FAE0431E042B08D8DFE803F0030B0F1416009F
S21401FAF0206905F043FB10B9E36983F87D5038BDF2
S21401FB00206916F009FFF6E70121206916F006FFC5
S21401FB10F1E70321F9E7FFF7D3FF0028ECD02069CE
S21401FB2016F0FEFEE7E700BF500B002073B5044653
S21401FB300D4D407A0026287116F0C1FE6871207AB4
S21401FB40FFF7C6FF0096637AD4E9002128691AF008
S21401FB50C7FA32463146304613F0E8FD206816F003
S21401FB60D7FE02B070BD00BF500B002038B50B4C5D
S21401FB7005462368206923F4806323601AF041FA5E
S21401FB8038B10DB9002038BD236843F48063236083
S21401FB90F8E7002DF6D00C20F5E700BF500B00204B
S21401FBA0F0B5394C0546216889B011F0010163D1E1
S21401FBB0202220461AF050FF344819F0B7FF0746B6
S21401FBC010B1102009B0F0BD314E324B30463360D3
S21401FBD0314B736016F097FE3946304604F046FE08
S21401FBE0AB682061DB0249D40120F2F799FB0028BB
S21401FBF0E7D102224FF0FF3120691AF034F80646A9
S21401FC000028DED10120FFF7B1FF4FF40073324622
S21401FC10224920691AF029F9B0F5007FD1D1287E52
S21401FC2000F048FA0028CCD120691AF015FA00280D
S21401FC30C7D100F0D3FA0028C3D13C239422039302
S21401FC40CDE9013296235022059001A92069CDE91C
S21401FC500623049304F01EFF0028B2D1012019F0F8
S21401FC6039FF0028ADD00E4A0E49206916F049FE2C
S21401FC70236843F0010323600020A3E7012119F064
S21401FC8013FF0028B0D09CE7500B0020690345EC19
S21401FC902C1E002055FE01001C1E00206C1F00209B
S21401FCA0BB680300E96803002DE9F04105460E46EE
S21401FCB0FFF706FD2F680446C7B9638B008B18440F
S21401FCC00A30FFF74FFB03462860C0B182790C3239
S21401FCD01344A2681A71618B228BDF710A441A8160
S21401FCE0084A0A2112799A711BF0E4F920462B681A
S21401FCF0B2B24FF6FF71BDE8F041FFF751BDBDE866
S21401FD00F08100BF500B002070B505460D4BDC6935
S21401FD1094F86C6006EBC60004EB8000FFF70EFD5E
S21401FD20AA790C32AB18197941F002011971242114
S21401FD3001FB06446168A950227B5A71A27BDA71E5
S21401FD4070BD00BF500B002038B5FDF797FFC8B156
S21401FD50847DC4B92A4DEB6993F87C20022A10D120
S21401FD60B3F8702053200132A3F87020FFF7CCF8C7
S21401FD70012016F0CFFD2421EA6992F86C304B433E
S21401FD80D45038BDFF242046FFF710F8002831D0A4
S21401FD901B4CE36993F87C20022AF2D1B3F8702059
S21401FDA053200132A3F87020FFF7AEF8012016F0B9
S21401FDB0B1FD23681B0407D5E36993F87C30012B5A
S21401FDC002D05220FFF7A0F82422E16991F86C30A6
S21401FDD05A438818806810F004001FBF03220133BD
S21401FDE0B3FBF2F202EB42021ABF9B1A81F86C30A7
S21401FDF08850C6E75320BDE83840FFF785B800BFF6
S21401FE00500B0020024BDB6993F87D00704700BF62
S21401FE10500B0020044BDA69936F034393674FF04E
S21401FE20006004F035BB00BF500B002038B5054616
S21401FE301EF035FC0446064B0820DB6983F87E502D
S21401FE40FFF7E8FF2046BDE838401EF023BC00BFA0
S21401FE50500B0020F8B515461C46064619461046B6
S21401FE6016F054FD2A462346304616F069FD3E4FED
S21401FE70D7E9022300EA020401EA030554EA05036E
S21401FE802FD0A4F108032B4325D0A4F58043083BCB
S21401FE902B4327D0A4F10C032B4319D0231F2B434C
S21401FEA03FD0324B23402BB124F0011323F4A0435F
S21401FEB02B4346D004F17F432B4335D0600122D536
S21401FEC0FA69936FD9051ED523F48073936704E00E
S21401FED0002016F01FFDFFF737FF2046294616F0D3
S21401FEE011FDF8BDFFF730FFFA6992F87C30022B5E
S21401FEF0F3D140F60201906F814318BF01235520CC
S21401FF0082F87C302CE01EF0CAFB64220646FB69B0
S21401FF10082083F87E20FFF77DFF30461EF0BAFBEF
S21401FF20DBE716F0F8FCD8E7FA695120B2F86E3034
S21401FF300133A2F86E30FEF7E7FF012016F0EAFC67
S21401FF40CBE7FB6993F87C20012AC6D040F6020273
S21401FF50996F55208A4314BF0122022283F87C2020
S21401FF60FEF7D2FFB9E700BF500B00200150010099
S21401FF7038B5044680790C4D0C30204413F0D8FB7C
S21401FF800123A179E279521A0C3121442869D2B2AF
S21401FF9019F069FF246804B938BDA179E279002314
S21401FFA0521A0C31F1E700BF500B002010B4254C5B
S21401FFB02269B2F9001081422DDA034694F814C082
S21401FFC00CF18041013932F9210002EB810198429E
S21401FFD025DD312B28DDA17D8C4530D902EB810052
S21401FFE032F921409C4224DB14D001F1804C0CF103
S21401FFF0FF3C32F92CC0E41A002CACEB0303B8BF6B
S2140200006442002BB8BF5B42A34203DA0139C9B28D
S21402001002EB8100024610465DF8044B70470A4622
S2140200205DF8044B10467047002BD4BF0021617D5B
S214020030D2E70131CCB2A44500F10400D0D8104674
S2140200400246E8E73C1E0020042307B58DF8073079
S214020050002306481A460DF10701006919F0C6FF8B
S2140200609DF8070003B05DF804FB00BF500B0020AC
S21402007037B504461EF01CFB0B4B054618689B88DA
S2140200800090ADF80430094B694618698DF80040B7
S21402009019F0BDFE47F6FF72054B28469C739A81FF
S2140200A01EF001FB03B030BDD0270020500B00200D
S2140200B03C1E002037B58DF80700F6F7F3FC134C0C
S2140200C00368134D236083889DF80700A380FF28EA
S2140200D003D0FE2809D1FFF7B7FF20700021286958
S2140200E004F032FE002003B030BD237828698DF874
S2140200F0073000230DF107011A4619F077FF10B1F9
S2140201009DF80700E9E72020EDE700BFD027002092
S214020110500B00200346044AB2F902001BB1034BFF
S2140201201B8BC01A00B270473C1E0020500B0020EA
S214020130084B10B5B3F9004030B903EB4103B3F9ED
S21402014002309C42A8BF1C46A242A8BF22461046C6
S21402015010BD00BF3C1E0020024B1B69B3F9000015
S214020160704700BF3C1E0020034A137D1269013B04
S214020170DBB232F9230070473C1E00207FB5ADF893
S2140201800210ADF80420ADF806304FF0C8124FF05A
S21402019082136946CDE90223ADF800000C46FFF74C
S2140201A0E3FF042202ADB1F9003035F9026B834257
S2140201B0A8BF03461BB2B342A8BF334621F8023B90
S2140201C0531E13F0FF02EED194E80300024B83E8BD
S2140201D0030004B070BD00BF401E00202DE9F04FA2
S2140201E0DFF878A189B0DAF80000BAF80430069091
S2140201F0C0B2FF28ADF81C3003D1FFF725FF8DF8FB
S2140202001800534F06A9386919F001FE1EF050FA7D
S2140202104FF4FA710290386919F0DFFD386904F07C
S2140202207DFD4C490090386919F0D7FD386904F015
S21402023075FD4FF01E08484D01904FEA88001BF0EE
S21402024083FA064680B14FF000030024DDF80490DE
S2140202506B75AB75009B4B451EDA234647F6FF725D
S214020260434571DB2E612C7502981EF01CFA64233E
S2140202701A4619461846FFF781FFFFF775FF2B69E6
S21402028028801B8800206B8047F6FF73AB810C2307
S214020290AB7309B0BDE8F08F9AF80030ADF816904F
S2140202A0FF2B34D14FF00C0338698DF815300DF161
S2140202B0150200230DF1160104F02AFF9DF815B071
S2140202C0AB7B5B4502D05846FFF7D2FE49463869FB
S2140202D019F083FD0028C7D1386904F01FFD019B81
S2140202E083422CDC009B834229DB34B104F1804339
S2140202F0013B36F92330834221D0A0450AD8304646
S21402030008F105081BF022FA5FFA88F895E78DF8DF
S2140203101530D3E7002802DA6C75AC7501E0312897
S214020320FBDD06EB840326F8240083F802B0386966
S214020330039319F050FD039B0134D870E4B209F11F
S21402034001090FFA89F985E726F82320013387E7A2
S214020350500B00200CFEFFFF3C1E0020D027002082
S2140203608BB200294FF00A01B4BF053B05331BB21E
S21402037093FBF1F3014A108353837047500B00201E
S214020380024B5B8BC01A40B2704700BF500B002076
S214020390044B10B51B8B0446C81A00B2FFF706FEC4
S2140203A0E06010BD500B002010B5094C2369B3F96C
S2140203B000108142B8BF0146FFF7D6FE8842A8BFAA
S2140203C0084600B2FFF7F2FD0388638010BD00BF47
S2140203D03C1E002010B50146FFF7C6FE88420346C3
S2140203E0A8BF0B46064C18B22269B2F9002090420A
S2140203F0B8BF1046FFF7DAFD0388238010BD00BFA2
S2140204003C1E002070B5044608B3114DB0F900300A
S214020410B5F90C209A421AD01EF04AF9AB7B064672
S214020420A078834201D0FFF723FEB5F90C20B4F979
S21402043000309A4206D0074BE178186919F0B9FCE9
S2140204402388AB813046BDE870401EF02CB970BDE3
S2140204503C1E0020500B00200022044BDB691A6071
S2140204605A629A64A3F86C20704700BF500B0020B3
S2140204702DE9F04F87B0074691469A46ADF80C1024
S2140204801AF0CDFEB0F100083DDD002F3ED03C460E
S2140204904FF0000B264EA379E57903F10C01ED1A15
S2140204A0EDB2214406EB0B002A461AF0E0FA246865
S2140204B0AB44002CEFD19DF80C101E4801F023012E
S2140204C00091C0F808900DF11409424653461849A7
S2140204D0CDF80490A0461EF0B5F93C46A379E5791E
S2140204E003F10C00ED1AEDB206EB080120442A4691
S2140204F01AF0BDFA2468A844002CEFD1042249461B
S21402050038461BF0C9F807B0BDE8F08F9DF80C100E
S214020510084801F02301C0F808900DF11409009173
S214020520534642460249CDF804901EF08BF9E5E7A1
S214020530541E00209C2B00202DE9F04784B09046E4
S21402054099460390ADF808101AF069FE071F002FAF
S21402055025DD039D002D40D04FF0000A204EAB79DA
S214020560EC7903F10C01E41AE4B2294406EB0A0022
S21402057022461AF07CFA2D68A244002DEFD11948C3
S214020580F119C0F8088001919DF808104B4601F059
S214020590230100913A4612491EF048F918B100208C
S2140205A004B0BDE8F087039D7DB10746AB79EC79D0
S2140205B003F10C00E41AE4B2F119284422461AF0B8
S2140205C056FA2D682744002DF0D103A804211AF00C
S2140205D0C8FE012004B0BDE8F087014ECFE700BF99
S2140205E0541E00209C2B002030B514460D460246B1
S2140205F0064883B0019580218360234600941EF04E
S2140206002DF9B0FA80F0400903B030BD9C2B0020D3
S2140206100023F0B50E46D1688BB009BA0291C178B4
S21402062090F800C061F3070381781A4D61F30F2337
S214020630417802AF61F317436CF31F630993936823
S21402064051681BBA0393836809BA1BBA07931368E7
S21402065042681BBA0593C36812BA1BBA06AC049169
S214020660AF60089206932346802229460120009412
S2140206701EF0F7F80028F6D1DDE90810DDE90632AB
S21402068000BA09BA12BA1BBA30607160B260F3607F
S2140206900BB0F0BD9C2B00202DE9F84FDFF86890D8
S2140206A08246D9F800B088461746BBF1000F28D01C
S2140206B0002699F80450B54207D13D7099F8040017
S2140206C0A84214BF0120022017E074196110C1EB82
S2140206D0C10159448879C4F3470400F00100B8EB1D
S2140206E0000003D1062250461AF08CF9002806DBD9
S2140206F002D0661CF6B2DEE73C70BDE8F88F2546EF
S214020700D9E70320F9E700BF641F00200022014B4F
S2140207101A717047641F0020F8B505461DF0C8FF21
S214020720104C85F3070563790646AB4205D10024D3
S21402073030461DF0B8FF2046F8BD002720686571D8
S214020740277110B11BF002F827606379002BEED0F8
S214020750C5EBC5000CF060FA20600028E7D1607196
S2140207600724E5E7641F00204840704700EB0010AE
S214020770084480B2704700BF90FAA0F000BA80B278
S214020780704700BF044BD3F8012002605B7903F088
S2140207901F030371704700BF6F280020234B2DE90B
S2140207A0F041002914BF0C461C4600250646174693
S2140207B013688AB0C4F801301379257063715FFA42
S2140207C085F84146384616F087F938B1237803F1A2
S2140207D028026A44013302F8288C23700135252D3D
S2140207E0EDD194F800803EB142466946A01D1AF04B
S2140207F03EF90AB0BDE8F081B8F1000FF9D0053431
S214020800F5B22946384616F067F940B9B5FBF8F353
S21402081008FB13550AAB53FA85F515F8285C013622
S214020820252E04F8015FEBD1E3E700BF6F28002016
S214020830034B002818BF03460B449879704700BF45
S2140208406F280020F8B50D4682EA124296B231466B
S21402085003462846FFF788FFFFF78EFFFFF786FF5F
S214020860FFF78AFFFFF782FFFFF786FFFFF77EFF9D
S2140208700546FFF779FF164C002B14BF1F46274686
S2140208800446144B781CA3FB0423E21A03EB520320
S2140208905B0903EBC30203EB8203E41AE4B22146CC
S2140208A016F01AF940B93B786E40B6B206FB03F36F
S2140208B007EB1347B879F8BD7B1D2A3701E09F4244
S2140208C004D013F8010F8442F9D1F4E72046F8BDAC
S2140208D06F2800204D91CFBA014B186E80B2704738
S2140208E000C001B80A4BD86800F07060B0F1106F13
S2140208F00CD008D8B0F1E06F08D0B0F1006F14BF8A
S214020900002001207047B0F1406FF8E701207047E1
S214020910000002B80022034B1A609A80FF229A71E6
S214020920704700BFBC280020064A1379834207D9C5
S214020930012312688340134214BF0120002070472F
S214020940002070476C210020054A034610680022EA
S21402095008B91A607047C10748BF01324008F7E776
S2140209606C210020F0B541EA002087B040F49027C1
S21402097006200E461546F6F7B1F81AF0E5FE0446CE
S21402098040B901461A200DF05BF96FF08C05284637
S21402099007B0F0BD43684761DAB222B923F0FF031D
S2140209A043F00103436010F050FD0002062E1C4B7C
S2140209B040F0010060600CBF40F201114FF48071FC
S2140209C0204616F0C1F8E360164B2A46236002ABB7
S2140209D01E4605F110071D4610685168083203C509
S2140209E0BA422B46F7D1102130461AF097FE102253
S2140209F03146204601AB12F06FFA054620B1014699
S214020A0040F207400DF01CF9102130461AF094FE11
S214020A10204612F0EAFC20461AF098FEB7E700BF1E
S214020A200044400400248000102A2DE9FF470646B1
S214020A300F46154623D800244FF00109DFF84480FC
S214020A40DFF844A0D8F8002009FA04F3134213D0C2
S214020A5046EA042040EA0A006A46E9B280B203F097
S214020A60A9FD48B92A463946684619F0CBFF18B997
S214020A7060B204B0BDE8F0870134202CE2D14FF01A
S214020A80FF30F6E76C2100200080FFFF2DE9F341DE
S214020A901D4E054601460622304619F0B3FF20B920
S214020AA096F9060002B0BDE8F0810024A046EF1CCD
S214020AB02046FFF739FFD8B13B88CDF80080ADF865
S214020AC00330BB786946E0B28DF805301BF097F923
S214020AD021280DD0A8B903222946684619F092FFAC
S214020AE030B92B6860B23360AB88B071B380D9E797
S214020AF00134202CDCD12B683360AB88B380FF2313
S214020B00B3714FF0FF30CDE7BC280020034B93F9BA
S214020B100630013301D1FFF7FDBE7047BC28002026
S214020B20F7B5044618F035FF631C58D1FFF7F2FEFE
S214020B300024624E3379A3422CD84FF4004100249D
S214020B40084603F097FD20224FF0FF315C483460E0
S214020B5019F082FF204600F04DFEFF260446594D4E
S214020B605CBB594812F0C8F8014630B110F1880F44
S214020B7003D040F207400DF063F80C214F4A43F6CB
S214020B80FF7003F0FBFC202138204D4A03F0F6FCF0
S214020B9000202AE02046FFF7C7FE60B165B20521B5
S214020BA0284615F0D3FF0321284615F0CFFF06216D
S214020BB0284615F0CBFF0134BCE794F975300133B3
S214020BC005D02B7843B9132120461BF07AF820462D
S214020BD000F010FE0446C3E784F87560F7E7204687
S214020BE0FFF7A2FE18B940F2064003B0F0BD6B460E
S214020BF006220021204615F0FFFF002845D0492393
S214020C008DF806304FF47F41304840EA0420084011
S214020C1003F030FD0521204615F098FF03212046FB
S214020C2015F094FF0621204615F090FF0122234975
S214020C30E3B29A400B6823EA02030B60244B93F953
S214020C400630A34201D1FFF765FE002005460B7968
S214020C501B4A013BC1B2994221DBFF260020D65433
S214020C6000F0C8FD0546174F002D86D095F9753061
S214020C70A34205D13B78EBB9132128461BF021F895
S214020C80284600F0B7FD0546EEE76B460622012130
S214020C90204615F0B1FF0028B4D07223B0E75656AE
S214020CA0A64200D025B1551895F901505554012594
S214020CB00130CFE785F87560E2E700BF6C210020BF
S214020CC09C2800209A280020370004000080FFFF9E
S214020CD0BC2800202DE9FF41354C064601A8FFF747
S214020CE033FE2379019A93421ED86279012A40D1B3
S214020CF000274FF0FF383D4610E02368EB40D90747
S214020D000BD5082202AB114668B215F075FF20B16A
S214020D10039B43453CBF2F469846013523799D42A7
S214020D20EBD378B2FFF7FCFE236813F0010529D057
S214020D30002501220135202D18D002FA05F71F42A0
S214020D40F8D13B432360A3680C21013343F6FF70BE
S214020D50174A7361A36003F011FCA8B1236823EA63
S214020D6007032360A368013BA36073614FF0FF355E
S214020D7019E0022AFAD10F4A134413F9010D421C54
S214020D80FBD0CFE70127DCE722790A4C013A21465D
S214020D90D2B2601C19F046FE6DB2224620213820DF
S214020DA0257003F0EBFB284604B0BDE8F08100BFD7
S214020DB06C2100209C2800202DE9F043002489B0F5
S214020DC0AF4D04213F2001AA2C7003F0F3FB00B1C3
S214020DD00194019F002F4FD00026781E47424741BC
S214020DE000242C70A74D0C212A4643F6FF7003F010
S214020DF0E1FBC0B10D23AB80019B2C60032BAC60E2
S214020E0011D803AC2246142143F6FF7003F0D2FB3E
S214020E1048B994E8070085E807002A460C2143F6FD
S214020E20FF7003F0ABFB019B042B06D004213F208E
S214020E300DEB0102019103F0A1FB20213820924A1A
S214020E4003F0B8FB28B120224FF0FF318E4819F08C
S214020E5003FE03222B795B00B3FBF2F38B4A13707B
S214020E60FFF758FDF8F7E0FD014618B140F20740DB
S214020E700CF0E6FE002413E001263746B0E72B68A6
S214020E80E340D9070BD508224FFA84F811464046AC
S214020E9003AB15F0B1FE10B94046FFF741FE013430
S214020EA02B799C42EBD38EB11021372003AA03F094
S214020EB081FB002852D10620F5F710FE1AF044FCFA
S214020EC0044680B901461A200CF0BAFE3FB13D2016
S214020ED003F08CFB00242B799C42C0F0AB800020F0
S214020EE009B0BDE8F0836A4A43684261DAB222B9C1
S214020EF023F0FF0343F00103436010F0A6FA00025A
S214020F00644B40F0010040F201116060204615F08B
S214020F101BFEE360604B1021236003A81AF0FEFB61
S214020F20102202AB03A9204611F0D6FF0646102176
S214020F3003A81AF001FC204612F057FA20461AF0CF
S214020F4005FC372003F052FB46B140F2074031461B
S214020F500CF076FE4FF0FF30FFF7E2FD002623E0AE
S214020F603046FFF7E1FCF0B174B2102203212046AE
S214020F7003AB15F041FE1028814620D103212046FE
S214020F8003AAFFF7EFFC8046494603A81AF0D4FBF3
S214020F90B8F1000F0CD040F2074041460CF050FE6C
S214020FA02046FFF7BDFD01362B799E42D8D38DE74A
S214020FB048F2030040EA062080B203F017FB102234
S214020FC00521204603AB15F017FE1028814613D1E3
S214020FD00521204603AAFFF7C5FC8046494603A81A
S214020FE01AF0AAFBB8F1000FD5D148F2050040EA84
S214020FF0062080B203F0FAFA10220621204603AB3E
S21402100015F0FAFD10288146CDD10621204603AA06
S214021010FFF7A8FC8046494603A81AF08DFBB8F1F4
S214021020000FB8D148F2060040EA062080B203F06C
S214021030DDFAB8E72046FFF777FCF0B166B2042285
S2140210400C21304602AB15F0D7FD04280AD1029BCC
S2140210500122C3F300238DF80C300C21304603AB7B
S21402106015F089FD00231022CDE90333CDE90533BF
S2140210700D21304603AB15F07EFD01342BE700BF91
S2140210809A2800206C2100209C2800209B28002003
S214021090370004000044400400248000F8B5104BDA
S2140210A0044618790F4B00221D46D1B2884204D955
S2140210B013F9017B561CA74204D10B4B1B788B42BB
S2140210C002D9F8BD3246F0E70649481C19F0AAFCD8
S2140210D02C702021BDE8F8403820024A03F04EBAB0
S2140210E06C2100209C2800209B28002020F0004035
S2140210F0A0F20540F8B5032817D8DFE800F002177B
S21402110028330C790F78A4F11B02534253414E88C0
S214021110CD8801F108021948990015F04DFF20B15B
S2140211200771A0F80560C4710581F8BD0E784D8878
S2140211308C8801F108021248002115F03DFF0028B4
S214021140F3D00671A0F80550A0F80740EDE70D4869
S2140211500D784C6815F0F8FE0028E6D00571A0F868
S2140211600540E2E707480C7815F0EEFE0028DCD0D2
S21402117007234371002304718371D6E714F4030036
S21402118010F403000CF4030037B50D4B41881C68BD
S21402119001AA0DF10203008817F091F8043CBDF88D
S2140211A00230A4B2A34288BFADF802400546019AB7
S2140211B0BDF80210034815F077FE858003B030BDF7
S2140211C07422002020840A16002110B5821D83880E
S2140211D0044608461AF08DFA024648B1618820880D
S2140211E017F099F80446034815F015FF848010BDE1
S2140211F01A24F8E720020A1737B5B0F80140C57876
S214021200007816F057F968B1002321462A46CDE940
S214021210003317F059FA0446034815F0FCFE8480A2
S21402122003B030BD2524F7E720020A0408B50146BC
S214021230034631F8040B5A8817F003FA034815F0F0
S214021240EAFE00230371437108BD00BF20020A1B99
S21402125040F2055320F0004098422DE9F0410BD8A9
S21402126040F20153984209D840F2014398420DD009
S21402127040F20A43984214D0BDE8F081A0F203502F
S214021280022816D8DFE800F024495C000D784C8866
S2140212902D4815F059FE0028EED00571A0F805403D
S2140212A0EAE72A480C7815F04FFE0028E4D00471CD
S2140212B0E2E727480F784E880D79CC8815F044FE71
S2140212C00028D9D00771A0F80560C5710481D3E75C
S2140212D08C684E880D790F7884B1B1F8068001F1DA
S2140212E008021C48002115F067FE0028C4D00771CA
S2140212F0A0F80560C571A0F80880BDE7234622461F
S2140213002146144815F031FE0028B5D00771A0F822
S2140213100560C57104724472AEE70F4891F800800A
S2140213204F880E79CD880C8915F00EFE0028A3D0C2
S21402133080F80480A0F80570C671058144819BE799
S2140213400D784C680548A4E73CF4030028F4030033
S21402135038F4030034F4030030F403002CF40300E2
S2140213602DE9F04385B081460F4601A8134916467B
S2140213701D46DDF8308000F0C1F80446C0B9029B75
S21402138001A8A3F80490DF8000F01EF90299044633
S2140213900DB1CB882B60B8F1000F06D0CA88B242D6
S2140213A00AD84046083119F062FB01A815F03FFD45
S2140213B0204605B0BDE8F0831D24F6E758F4030086
S2140213C030B587B005460C4600930749134603A876
S2140213D0022200F0B3F828B9049B03A89D80DC80A3
S2140213E015F029FD07B030BD50F403007FB5064660
S2140213F00D4601A80749144600F080F838B9029B4A
S21402140001A81E71A3F80550DC7115F014FD04B096
S21402141070BD00BF48F4030010B586B004460B4604
S21402142000920649022203A800F088F820B9049B1D
S21402143003A89C8015F0FFFC06B010BD40F4030024
S214021440044A0346106810B102789A4200D17047E7
S2140214504069F8E77821002038B5074D2C784CB95A
S21402146015F070FC02F096FD044B1C60044B1C70D9
S21402147001232B7038BD00BFC4280020782100202D
S214021480C328002070B5104E04463568B5B9B0F5CD
S214021490006F15D20D490434084610F028FB20468A
S2140214A00BF0BAFB224601463060084810F024FBD7
S2140214B033683BB12846064B1C6070BD1220FCE721
S2140214C02120FAE71920F8E78C21002060F40300B7
S2140214D088210020084A136833B94178436141F0F5
S2140214E00101417010607047197802789142FAD073
S2140214F003F114025B69EFE77821002038B5044651
S21402150008680D4618F01AFA50B9094B1B680020F5
S2140215102A68C4E900531A60064B1B68A36038BDEC
S2140215202028FCD1044B1B68002BF0D10920F6E7DB
S2140215308C21002088210020842100202DE9F047FC
S2140215401D460C6816464FEA0429C4F3072309F41D
S214021550E06949EA03091B4B09EB050A1B680AF115
S21402156004029A4280462AD80123F20093409D4202
S21402157025D2FFF7C3FF0746C8B924F47F4424F0F8
S214021580C70444EA1A244FEA0A2AD8F804101FFAB3
S2140215908AFA44EA0A0441F8044B89442A46484631
S2140215A0089919F064FA012E04D109F8015C38464C
S2140215B0BDE8F087022EFAD129F8025CF7E71D276C
S2140215C0F5E700BF8821002038B50446054B0068C1
S2140215D01D684068D4E901231146A84763689888C5
S2140215E038BD00BFB02B00202DE9F84F0F468846C5
S2140215F057F8041B0546144600203A461E4615F0C8
S214021600A2FBD8F80080404615F015FB20B19DB924
S21402161041684FEA186359B90F21334622464046BD
S21402162015F013FC0D461AE04A799A4204D00831A6
S2140216300D68002DF8D1EFE7DFF83490DFF834803C
S214021640D9F800B0D8F800A03846C9F80040C8F863
S2140216500060A8470025C9F800B0C8F800A02246D6
S214021660012052F8041B15F06EFB2846BDE8F88FE1
S214021670802100207C21002070B50D4B04020E460E
S21402168004F4E064C0F307211B680C43094A0434DF
S2140216909C42126809D9052B02D91D2115F0D5FBEB
S2140216A000231A461046336070BD1060043BF9E70B
S2140216B07C21002080210020054B186808B1C368F1
S2140216C01BB1003818BF012070474069F6E700BF1B
S2140216D07821002008B539B1FFF7B2FE30B10020FC
S2140216E0034B1B680B6008BD2220FCE72D20FAE79F
S2140216F08821002037B50D461446CAB10F4B1B6829
S2140217008B4217D815F0BEFB01460190A0B100230C
S2140217102A46204619F0EDFC01A819F0FBFC2246E9
S214021720022052F8041B15F00EFB002003B030BD59
S2140217302220FBE72120F9E72D20F7E78821002069
S21402174070B504460D461B4A13686BB393F87D10BA
S214021750586811F0040129D110608C22184693F8BB
S214021760706019F079F9034680F870602268C0F854
S2140217705A20A288A0F85E20A27980F86020286805
S214021780D864AA79A98883F85220FF2283F87520A4
S21402179083F8762040F6FF72A3F86E20064AA3F876
S2140217A05010116813605960184670BD1A1D034622
S2140217B0CBE700BF9421002090210020054A034673
S2140217C0106800B97047B0F86E209A42FAD04068A6
S2140217D0F7E700BF90210020054A0346106800B9CB
S2140217E0704790F870209A42FAD04068F7E700BF38
S2140217F09021002010B9024B186870474068704765
S214021800902100200023114A2DE9F0418C2113601B
S2140218108046024601200AF09FFF044620B905468C
S2140218200B4E3060454502D32046BDE8F0810120CC
S2140218300AF0F8FF07468C220021013519F00CF950
S21402184087F8705037603E1DECE700BF90210020FD
S21402185094210020012310B58B4090F871100446A5
S21402186021EA030149B280F87110002949D118F023
S21402187074F820461AF0EEFA102104F1180019F056
S2140218805BFF204601F020FA04F1380019F042FC12
S214021890204617F05DFE214A13681BB19C42596828
S2140218A030D11160A36859050BD51A0509D443F443
S2140218B00063A18994F87000A36004F1780202F034
S2140218C08FFA00232046636019F03EFB15F0B5FB45
S2140218D04FF48072B2FBF0F2424394F87030034445
S2140218E0B3FBF2F102FB1133DBB2591EC9B2FD297A
S2140218F0F5D884F8703000236360094B1A6852B931
S2140219001C6010BD1A465B68002BCBD09C42F9D1F6
S21402191063685360C6E7131D5268F0E79021002003
S2140219209421002090F8743003F00B03013BDBB2E5
S2140219300A2B9ABF014AD05C002070476EF403005F
S2140219401FB5014690F870308DF80430FFF7EAFFB5
S214021950B1F862308DF80C00ADF80630B1F864309C
S21402196001AAADF80A30B1F86630054840F2031114
S214021970ADF8083019F0FCFA05B05DF804FB00BFBC
S214021980A821002007B590F870308DF8051001AA3E
S21402199040F2072103488DF8043019F0E9FA03B043
S2140219A05DF804FBA821002038B50A4B04461B68E4
S2140219B00D462BB143699B0702D515F002FD30B1E7
S2140219C02A4620680421BDE8384017F06FBDA36997
S2140219D09D6138BD98210020014B1860704700BFFA
S2140219E098210020024B1868003818BF0120704763
S2140219F09821002013B50446019120B901A819F0D8
S214021A0089FB212012E008460029FAD019F007FCCB
S214021A1080B20028F2D0094B20461B6801994BB1D0
S214021A20984728B92046019900F04AFC02B010BD3A
S214021A300020FBE701F086F8F3E700BF98210020BC
S214021A4000487047B7210020044890F8261000F19D
S214021A500B020430012918BF10467047AC21002043
S214021A6038B58379044613F0280F25D00368134D42
S214021A70C5F80B308388A5F80F30837900206B7485
S214021A800BF024FA40B92B68032043F002032B60C4
S214021A90BDE838400BF052BC436A13F4404FEFD116
S214021AA0226843F00803C0F80120A288A0F80520A7
S214021AB0A2794362C271E3E7212038BDAC2100203F
S214021AC04379024A9B09D05C704700BF89F4030041
S214021AD00B6810B503608B88FF2A0446838002D108
S214021AE00723A37109E0032A08D8054B9B5C072B42
S214021AF0837102D1FFF7E4FFA07110BD0023F0E767
S214021B008DF403008379024A03F00703D05C704722
S214021B1081F4030010B582798B79094C02F0070232
S214021B2003F00703A25CE35C9A4206D1062218F091
S214021B3069FFB0FA80F0400910BD0020FCE700BF44
S214021B4079F40300F722014B1A8070476A2D0020B1
S214021B5010B5044658B30068836CA3421FD163686D
S214021B6083642246124919F0CFF904F10C0019F0E9
S214021B70EBF904F1440019F0CDFAA06948B114302B
S214021B8019F0C8FAA069183019F0C4FAA06919F059
S214021B90DDFD2046BDE8104019F0D8BD1346002BE7
S214021BA0DFD05A68A242F9D162685A60D9E710BDFE
S214021BB05374030070B5054648200E4619F0C4FD5E
S214021BC0044650B1FFF70EFF60B11C2019F0BCFDB1
S214021BD0A06128B9204619F0B9FD0024204670BD40
S214021BE0002303700321284615F01FFAAB6C224629
S214021BF06360AC6417232681002663811449284655
S214021C002560267766640AF00FFD01F045FF32462E
S214021C10014604F10C000AF007FD02232374FFF7C5
S214021C20E1FE18B90B4B1B78002BD7D00A4B19884C
S214021C301729D3D9204615F087FA0028CED11321CA
S214021C40204615F0CBFB636943F002036361C5E7E8
S214021C5053740300C52800206A2D0020F8B50546F7
S214021C6010B3002920DB114C2468247E8C421BDD35
S214021C703F2919DC032701F0030600EBA10191F8C6
S214021C8031407600B74002F0030224EA0704B2406D
S214021C90224381F8312013B1002115F059FC284661
S214021CA0BDE8F84015F0B1BCF8BD00BFA421002085
S214021CB070B5164600221A7032800A7A0D46072A36
S214021CC04DD8DFE802F004090D111A1E304AE86802
S214021CD030F8023B338043E0EB68981D5B88F9E7F7
S214021CE0EB68981D9B88F5E7697B15F07EFC02225F
S214021CF01C4B18801846328032E002231A48338082
S214021D002EE01A4C2B7BE88923702B88E11C0133CA
S214021D1063702B8801331B12A37000F0D9F90330CD
S214021D20308020461CE0124CA889EB89020AA37078
S214021D301B0A20706270E37000F03CFA58B1C36868
S214021D401A88022A07D19A782271DB7863710623F1
S214021D500748338004E00423FAE780221A70002042
S214021D6070BD00BFDF28002091F40300CC280020BD
S214021D70C6280020054A064B1860136843F0010384
S214021D801360828B034B1A80704700BF9C21002091
S214021D90A4210020D627002000232DE9F04FDFF8EB
S214021DA0B89191B0D9F80070054617F00807CDE94A
S214021DB00633CDE908330AD0644B03F1100253F818
S214021DC0041B934245F8041BF9D1002015E01022AB
S214021DD0394618F041FE0320F4F780FE19F0B4FCF1
S214021DE0804648B10620F4F779FE19F0ADFC0646A7
S214021DF030B9404619F0AAFC1A2011B0BDE8F08F9F
S214021E00CDE90477F7F710FE044668B1404619F0AC
S214021E109DFC304619F09AFC40F2074021460BF032
S214021E200FFF40F20740E8E70FF00FFB4FF4A05316
S214021E30DFF828A10002C6E9023A454B706033601B
S214021E4010223046776104AB06A911F045F8044625
S214021E50A0B952464046049911F00CF9044668B9F6
S214021E60BB463C4BBAB21B68D988914227D810228F
S214021E702946404605AB11F01BF90446404611F0D0
S214021E8091F8404619F062FC304611F0AEFA304640
S214021E9019F05CFC049810F02FFF002CBCD12B4BE1
S214021EA005F1100255F8041B954243F8041BF9D1BC
S214021EB0D9F8003043F00803C9F8003085E71A68FD
S214021EC0BCB2210102EB04142046ADF80EB001911B
S214021ED0009215F084FF8246204600F03FF930B3A8
S214021EE0DDE90021AAF5205080B2032802D9BAF50E
S214021EF0245F1ED1525A00202146ADF828200DF14B
S214021F000D030DF10E02ADF82AA0FFF7D1FEBDF8C3
S214021F100E2001460BA818F0AAFDBDF80E2040467A
S214021F2004320AA911F0A9F804460028A6D10137FE
S214021F3097E70AF55640FF3080B20428F7D8525A7F
S214021F40ADF82AA0ADF82820E7E700BFE128002078
S214021F5000248000A42100209C2100200002C0034F
S214021F60134B01461B6870B513F0040306D000221B
S214021F70104B1C68E38990B2834209D80E4A146853
S214021F800022E58990B2854209D84FF6FF7005E037
S214021F90A56835F8125001328D42ECD170BDA668A4
S214021FA036F8126001328E42ECD1034498B2F5E75D
S214021FB09C210020A0210020A4210020094B1B68A0
S214021FC05B070AD5084B1A68D389834203D99368FC
S214021FD033F810007047C01A80B2044B1B689B6827
S214021FE0F6E700BF9C210020A0210020A4210020AB
S214021FF038B5046805460C222046084918F002FD4A
S21402200050B90222064904F10E0018F0FBFC18B97A
S21402201002200C342C6038BD1020FCE794F4030038
S214022020A2F403002DE9F743102801910BD00228F1
S21402203004D04FF6FF7003B0BDE8F083019B18880A
S214022040FFF78EFFF7E701A8FFF7D2FF0228F5D0C9
S2140220501028EED11B4B019F1E6816F0040608D00E
S2140220600024194BD3F80080B8F81660A5B2AE4229
S2140220701AD80025154BD3F80080B8F81690ACB2E3
S2140220804C45D6D2D8F81000102200EB051039467F
S21402209018F0B8FC01350028F1D1A0196FEA4040CB
S2140220A06FEA504080B2C6E7D8F81000102200EB64
S2140220B00410394618F0A6FC01340028D6D145F49F
S2140220C00040B8E79C210020A0210020A421002087
S2140220D0020408B51DD5124BC0F30E001B685B0741
S2140220E013D5104B1A68D38A98420CD2136903EBA5
S2140220F0001000F1100350F8042B984241F8042B0C
S214022100F9D1102008BDC01A80B2074B1B681B69A4
S214022110EDE7FFF753FF0870000A48700220F1E768
S2140221209C210020A0210020A421002038B50446CE
S214022130094B1B681D68A54209D2204621B915F035
S21402214058FE30B1103402E015F05CFE08B12046AD
S21402215038BD103CEFE700BFA4210020437ADA071F
S21402216002D5C3F380007047034BC2881B881A420D
S21402217014BF012000207047D62700200A4B1B6898
S214022180DB0708D570B1094B1B68DB88834234BF76
S21402219000200120704728B1054B1B88834294BF5C
S2140221A000200120704700BF9C210020A4210020AF
S2140221B0D827002070B50246FFF7E0FFE8B10F4BC4
S2140221C01968CD88954209D302F180500B68013810
S2140221D0040103EB00101B5B93420ED0002398B25F
S2140221E0854201D8002008E00E681C01345B06EB2D
S2140221F00310944203F10103F1D170BDA421002023
S2140222002DE9F34100250E46A846174F01903A687D
S214022210ABB2D18899421DD91468ABB204EB031451
S214022220B4F90430002B1CDA2046FFF797FFC0B142
S214022230E1680B889E4214D132460198023119F0A9
S2140222402BFAE36882B21B88934207D0114601A894
S21402225019F087F8404602B0BDE8F08143441FFA01
S21402226083F80135D3E700BFA42100207FB5134BC6
S2140222700E46054604460393A0B115F052F978B906
S21402228000223146204615F07CFA022807D1802328
S214022290314600932046042303AA15F03FFE0DB1F3
S2140222A004B070BD204615F00BF904460028F7D09E
S2140222B015F037F90028F5D1E2E700BF0100FFFF6D
S2140222C02DE9F04F97B08346099115F070F80998FA
S2140222D083790C33C45CC51818F0A1FF202C06467F
S2140222E0099F26D8012C28D9C74BA21ED2B2D340AA
S2140222F0DA0722D5384697F8068018F090FFBBF822
S2140223000A2083B29A4228D214F0010240F0A78033
S21402231004F07F03522B00F0A2801E2C00F09F8058
S214022320099B214600935846042314F01EFF2124DD
S2140223300CE004F07F03522BDCD021460623002259
S2140223405846009714F011FF41F20614584615F04D
S21402235033F8204617B0BDE8F08F47443A7B013B7E
S214022360202A9BB246D8012ACED9023A1E2ACBD8B8
S21402237001A151F822F000BF152402000923020031
S21402238019240200092302000D2402000923020078
S2140223900124020009230200152402000923020078
S2140223A019240200092302001D2402000923020048
S2140223B001240200092302004B2402000923020022
S2140223C009230200092302004F2402000923020007
S2140223D053240200092302000923020009230200F3
S2140223E009230200092302005724020009230200DF
S2140223F01D240200522A28D0D22A85D10D2B06E0AF
S214022400062B11D0142B7FF47FAF0DE0052B7FF641
S2140224107BAF09E0022BF6E7042BF4E7032B7FF6EB
S21402242073AFDB073FF570AF022C00F00281DBF8DA
S21402243000309B689F0516D40BF1440018F06AFE24
S214022440099BCBF84430002480E7012BDFE7032BFF
S214022450DDE7012BD7E7002B7FF456AFE4E709A8A8
S21402246018F058FE63E71E2C00F03683584615F027
S21402247058F80746002840F08280584615F04CF877
S21402248000287CD004F07F03522B00F0CE80082C6C
S21402249068D1B6B2152E14BF02201020691D15F0A1
S2140224A026F800285ED0DBF81430D8074BBF23F09E
S2140224B0010343F001033946012158464CBFCBF8CD
S2140224C01430CBF8143015F043F809980D9014F038
S2140224D0BAFD0446B0F80180B0F803900D9818F0E3
S2140224E09EFE152814BF02251025053421462846CF
S2140224F0FFF798FD21460390284614F0F8FF049053
S214022500B8F1000F00F05281C84500F24F81022157
S21402251009200D9A14F0BAFDBBF80A708246023FF3
S214022520BFB23E4640464FF0FF354946039A15F085
S214022530DAFA0446002800F07B8115F0AAF8002893
S21402254000F0938101222146584615F049F90346C8
S2140225508DF82E00002800F02E810D9A0092224659
S2140225600821B2E0DBF8143013F001064ED023F057
S214022570010300215846CBF8143014F0E9FF202C52
S21402258072D8032C75D9231F1C2B72D801A252F8BD
S21402259023F000BF8128020073260200732902007E
S2140225A073260200CB240200732602005D2A020074
S2140225B0732602007B2A020073260200912A02007A
S2140225C0732602007F26020073260200A92A020052
S2140225D0732602007326020073260200C52A020032
S2140225E073260200CF2A0200732602007326020018
S2140225F0732602007326020073260200D92A0200FE
S214022600732602009F2A02005555515043F00103DB
S21402261001215846CBF8143014F09AFF12233246A2
S21402262021465846009614F0A0FD09A818F072FD3F
S21402263009E7099DBA4C284614F005FD2188B0F832
S21402264001602A46584614F0A5FD2388BBF80A10F6
S214022650B34228BF3346172BB8BF17235846ABF8EA
S2140226600A3014F090FEEEE6522C00F02482D22CB1
S214022670DBD0099B002200932146062325E0099F12
S214022680384614F0E0FC0546B0F80180B0F803A026
S214022690384618F0C4FD15280CBF20460220691DD6
S2140226A0FFF7C0FCB5F8053004900793B8F1000FA9
S2140226B007D0D04505D815F074FB50B91023009703
S2140226C001E00123009742461021584614F04DFDC2
S2140226D0B9E63A460221112014F0D8FC44464FF0DF
S2140226E0FF35BBF80A3005909E1E0393063B9BB24D
S2140226F0B6B2089351462046049A15F0F4F981467C
S21402270068B35146079A15F03BFA0446484614F059
S214022710C0FF40B94FF6FF739C4201D00134A4B209
S2140227205445E7D91BE04FF000030DAAADF834304C
S21402273049460CAB584615F0F0F8039ABDF834300B
S214022740053A9A42089A0690D8BF1346002DADF86D
S214022750343009DB9D4202D1EB1CB34208DB691C14
S2140227601CD10A230097AEE7351F9D42A8BF1D461F
S214022770042211A93846ADF84490ADF8464018F048
S2140227808BFF2A463846069918F086FF4FF6FF73E7
S214022790043E761B9C42B6B2C0D1E0E73946059BA2
S2140227A004355D705846FFF7FFF84CE60D9B009324
S2140227B001234246D4E6049B13B1204614F04DFF93
S2140227C0204614F07EFFD8B1002D54DC0DA818F078
S2140227D0A1FC082358468BF81C3050F80C2B40F20C
S2140227E0025192F870208DF8483000238DF844206C
S2140227F011AAADF84640ADF84A3018F0B9FB22E609
S214022800ADF844000DF12E032146584611AA15F0E4
S21402281084F8BDF844300590BB4228BF3B46002DE5
S214022820ADF844300ADBAB4202D16B1CB34209DB83
S2140228306A1C0D9B1FD100930A23BAE7B51E9D4260
S214022840A8BF1D4602220CA90D98ADF8304018F01C
S21402285023FF2A4605990D9818F01EFF4FF6FF73C0
S214022860023E761B9C42B6B2E2D0601C80B2814524
S214022870BFF45BAEDCE702350D998AF8015091E7AA
S214022880DDF82490484614F0DEFBB0F80330B0F8CA
S21402289001800493B8F1000F44D0984542D84FF611
S2140228A0FF774A460221052014F0F0FB4546BA4659
S2140228B0BBF80A400590023CA4B22946584615F0D9
S2140228C0F4F9504506464CD04FF400622946584665
S2140228D014F086FF00283FD1304615F07EFA002815
S2140228E00CBF022310235745039321D0304615F020
S2140228F074FA0690384615F070FA069B834203D1A6
S214022900039B0133A34214DB384615F066FA059B97
S214022910013019465870584614F010FC93E500BF73
S2140229206A2D00200123CDF8009042460421CCE611
S21402293037460DF146013046ADF84450FFF7C8FB66
S214022940039B48469A1C11A918F0A6FE039B023C5C
S214022950E41A5545A4B2D7D0049B0135ADB2AB42BA
S214022960ABD24FF6FF739F42CED10A23CDF800902A
S214022970DBE7DDF824900024484614F064FBB0F848
S2140229800530B0F803A0B0F8016007464846039346
S21402299018F045FCC51FADB2102D0C945AD82A4625
S2140229A0F91D0DA818F063F8002E55D0564553D8D9
S2140229B04A460121072014F069FBA0460746334623
S2140229C00A249A45049307D93946BBF80A0014F03C
S2140229D040FB0328049B04D8B8F1000F1CD03946EC
S2140229E099E7ADF84430039B5846ADF848300DAB36
S2140229F0139300230BAA009311A90DF12E03ADF831
S214022A0046A0ADF8505015F0E7F80A280446E3D081
S214022A10BDF82C3030B11E46234632460621CDF88C
S214022A20009052E6ADF83030BDF82E300CAAADF864
S214022A30323039460423BBF80A0014F015FB4FF671
S214022A40FF72BDF82E309342C9D001334FF0010811
S214022A509BB2B6E70424DFE70124DDE70A23099CDC
S214022A608BF81C30204614F0EEFA23460022B0F80B
S214022A700110584615F022FBE5E4099C204614F0A6
S214022A80E2FA0C238BF81C30B0F803202346EEE75C
S214022A905A460F210E20099B15F069FBD3E45A46CD
S214022AA021212020099BF7E75846099AB5F801101C
S214022AB015F076FCC7E45846099AB5F8011015F0E9
S214022AC0CAFCC0E45846099915F004FDBBE4584612
S214022AD0697815F06AFDA8E5584615F086FDA4E566
S214022AE07FB5174A0646136842F6052023F0080308
S214022AF0136015F033F8054650B16846FFF74CF9F7
S214022B00002014F0DDFC044620B92946FFF7AEFB90
S214022B1004B070BD1022684604F1210117F072FF5E
S214022B2038B10121204614F013FD636923F0010336
S214022B3063611EB13146204615F0E8F82046E0E70C
S214022B409C21002037B58B790A460C33CD180191AB
S214022B50C95C044611F0010329D01D290AD10121BE
S214022B601E2014F093FA0146204614F0E7FA0120DC
S214022B7003B030BD032916D10E4BB5F801201B88D1
S214022B804189934228BF1346172BB8BF17234381A8
S214022B9014F0F9FB636940F2094123F00203204670
S214022BA0636114F018FC01A818F0B4FADFE71846BF
S214022BB0DEE700BF6A2D002038B5124B04461B889C
S214022BC042898B4228BF0B46172BB8BF17231146E4
S214022BD0438114F0D8FB636923F002036361A3699F
S214022BE09D693DB10022294620469A61BDE83840DB
S214022BF0FEF7DABE40F20941204614F0ECFBA36968
S214022C001D7038BD6A2D00200148FEF7E5BE00BFE4
S214022C101D300200014818F09BBA00BF0C220020AB
S214022C2040F6FF732DE9F3410D46B0F86E1001929F
S214022C30994205D101A818F06DFA02B0BDE8F081FC
S214022C401146134601229BBB1E4818F04AFBFFF7AB
S214022C50E1FF04460028F0D018F0E1FA637907464F
S214022C6003F001086FF30003637104212046A6688F
S214022C7018F018FC4379044668F300034371DB43FB
S214022C808179B6F86E200C31866003F00103625437
S214022C90C2F30322084442EA0312427047802246E5
S214022CA03046294616F05AFE2046F8F7D7FECEE7FB
S214022CB05C79986024F0030414435C7100221B685C
S214022CC0C1E700BF0C22002070B50546064C2068FE
S214022CD000B970BD8368AB4204D1066809F010FEE5
S214022CE02660F4E70446F2E70C220020014601487B
S214022CF018F0F7BA10220020014818F029BA00BFCF
S214022D00102200200146014818F0EBBA08220020E3
S214022D10034BD86818B103F10C0018F019BA7047C3
S214022D20FC210020044BDA6822B95869003818BF23
S214022D300120704701207047FC210020014800F066
S214022D40C1BA00BF492D02002DE9F04F867987B03F
S214022D500C3605900546805BC0F30B00FEF72EFD91
S214022D60044618B905A818F0D5F94EE090F8723066
S214022D70022BF7D1AB5B059AC3F30B0103F4405366
S214022D80B3F5805F9060A95342D153796FF3000385
S214022D905371836B002BE5D0042105A804F1380695
S214022DA018F0B8FA3046059918F09BFAA06B002383
S214022DB001465A1CA9BBDBB2012B01D918F002FB53
S214022DC0A06B18F02CFA03281FD9D4F8389048467E
S214022DD099F8067018F023FA0C3709EB070539F84C
S214022DE00770A0F10408474522D9524FD4F838A0FC
S214022DF007F1100957F804BB5346424629462046B7
S214022E00D8474F4510D00028F4D007B0BDE8F08F61
S214022E10383018F07FF9059A537943F0010353715D
S214022E20BAE713460968C4E70028EED130469AE7A7
S214022E30A06B18F0F4F904378742F7D36988A1F13A
S214022E4040033F2B0BD80421304618F063FA204685
S214022E50A26B698816F074FB0023A363D5E70529E5
S214022E600BD0062961D00429E0D1304618F052FA78
S214022E70A16BA06CFEF7BEFDEEE72946204616F0D3
S214022E805DFB02460028D1D12B79122B06D0132BDC
S214022E9036D02046697916F029FBC7E794F87330D6
S214022EA0022BF6D040F67A4029898B1F9BB28342CA
S214022EB024D86A89931F9BB283421FD891421DD899
S214022EC0AB89B3F5FA7F19D240F6764CEF89A7F1B3
S214022ED00A0080B2604511D8B4F86A000290B4F8CD
S214022EE06800CDE90070204600F04AFB021E18BFBB
S214022EF001222046697916F0B5FA97E70122F8E72B
S214022F0094F87330012B03D12046697916F0EEFA55
S214022F10A3681A048AD523F40043A3602B89012BE5
S214022F2084D120460AF0FCFA80E72046A16B18F00E
S214022F306AFF91E7A4F403000138C0B20A289ABFD8
S214022F40014B185C00207047B4F4030001490248A4
S214022F5017F0D6BFB42B0020A82100201022074B62
S214022F6028215A826422C3E905124FF6FF729A8319
S214022F7000221A604FF47062DA847047AC21002097
S214022F8038B5114C94F82630EBB1226812F00105E0
S214022F9019D1201D0AF0D8FE236843F002032360ED
S214022FA016F037FB78B14EF6602294F827304FF4CD
S214022FB08271534305482A4609F014FB18B9236860
S214022FC043F00103236038BDAC210020A821002075
S214022FD022F00042052A10B504D0B2F5827F0AD04C
S214022FE0002010BD0C4A1B88918C00209942F8D113
S214022FF090840120F5E7084B1A6893F8264022F0E1
S2140230000102012C1A60F4D118F001FDFFF7B8FF97
S21402301020460AF093F9ECE7AC21002030B50446CE
S21402302085B00846039116F0F0FB830708D410F02B
S214023030010003D003A818F06DF8012005B030BDDA
S21402304003998B7903F10C0288188A5C013A202ACC
S21402305000F21781DFE812F021001501B100150118
S214023060B4001501BD001501C4001501CC00150100
S214023070D4001501DB001501E9001501F100150168
S21402308015011501F30015010101150103011501D2
S2140230900C01150115011501E20003790BB103F5C8
S2140230A088534278023A1E2AC4D801A151F822F067
S2140230B02D31020035300200373102003530020071
S2140230C043310200353002004F3102003530020033
S2140230D05B310200353002007F31020035300200DB
S2140230E067310200353002008B31020035300200B3
S2140230F097310200353002003530020035300200CA
S214023100A131020035300200B13102003530020032
S214023110353002003530020035300200353002000C
S2140231203530020035300200733102001721204686
S214023130FFF742FD7EE700222046114615F0F5FC19
S21402314078E71A460021204615F09CFD72E7002219
S2140231502046114615F046FF6CE70022204611462F
S21402316015F0EFFD66E71A460021204615F0DCFE54
S21402317060E71A460021204615F0F5FE5AE71A4681
S2140231800021204615F0B3FE54E7002220461146E1
S21402319016F01BF84EE71946204616F07FF849E768
S2140231A00093002320461A46194616F081F841E796
S2140231B01946204616F0CEF83CE7B0F80110B6E7FE
S2140231C002338B710A4600234178204615F0ADFC87
S2140231D033E70133002220468B7115F053FD2CE7AE
S2140231E002338B7142780023204615F0FBFE24E75B
S2140231F001338B71002320461A4615F0A2FD1CE708
S2140232000133002220468B7115F071FE15E701335B
S214023210002220468B7115F087FE0EE7013300224E
S21402322020468B7115F09FFE07E702338B714278BA
S2140232300023204615F0C9FFFFE60021ACE7053360
S2140232408B710023B0F80320B0F8010000930B4600
S2140232500146204616F02CF8EFE60021A9E70333D4
S2140232608B710A46B0F80110204616F092F8E4E692
S21402327003338B710A46B0F80110204616F092F816
S214023280DBE60020DAE600BF07B5837801916A46DE
S214023290082104488DF8003017F06AFE03B05DF886
S2140232A004FB00BFA82100200022054BC3E903222D
S2140232B0C3E905221A70DA614FF6FF725A84704724
S2140232C0FC210020014B1860704700BFF821002047
S2140232D082780D4B13B55A60B0F8032091B21029CC
S2140232E010D040F60344A1420CD041795B8C8DF895
S2140232F00210ADF8042005216A460448ADF80030F5
S21402330017F036FE02B010BDFC210020A8210020D6
S21402331073B5837901900C33C418C35C132B0ED893
S214023320042B12D9053B0E2B0FD8DFE803F0200E34
S2140233300E200E0E0E0E0E181C0E0E0E25003E2B26
S2140233401FD0FF2B1DD0302B11D0F8F751FB019B5D
S214023350834202D001A817F0DDFE02B070BD2046FF
S214023360FFF7B6FFF1E7E2780E4B5A60EDE720462C
S21402337001A90AF0E5F8E8E7204601A916F0E9FAFD
S214023380E3E70025084E019B3BB1204656F8043B76
S21402339001A901359847102DF5D101A817F0BAFEFC
S2140233A0D3E700BFFC210020C0F4030007B5FFF7F7
S2140233B0A3FC20B103B05DF804EBFFF7A9BFFFF74B
S2140233C0A7FC019018B1054B1B681BB1984703B0C8
S2140233D05DF804FB01A817F09DFEF8E7F82100202F
S2140233E0024B1A78024B53F822301847FC21002071
S2140233F000F5030010B504460120FFF7F1FF034B6A
S21402340000201C70BDE81040FFF7EABFFC21002038
S21402341010B50446062142F2050015F0E3FF2368C4
S214023420C0F80330A388A0F807300648F8F702FB76
S21402343016F006F8407918B1BDE8104016F03ABA10
S21402344010BD00BF9DBA010010B5044606214FF616
S214023450284015F0C7FF2368C0F80330A388A0F8F9
S21402346007300648F8F7E6FA15F0EAFF407918B191
S214023470BDE8104016F01EBA10BD00BFD9BB010051
S21402348038B505460C4669B9022142F21B0015F012
S214023490A9FFB5F86E30A0F803300D48BDE83840F5
S2140234A0F8F7C8BA122142F21A0015F09BFF21461D
S2140234B0B5F86E30053020F8023C04F1100351F8DE
S2140234C0042B994240F8042BF9D10248E6E700BFE4
S2140234D0035103003F51030008B5002142F20E00DB
S2140234E015F080FFBDE808400148F8F7A3BA00BF10
S2140234F07152030038B590F872300446032B154615
S21402350006D1FFF7E9FF0123002084F8723019E0A4
S214023510C9B9012B2DD9032140F2064015F062FFEE
S214023520B4F86E304571A0F803301348F8F782FA03
S21402353015F086FF8378002BE5D015F081FF8078A2
S21402354040F4805038BDA3B102214FF6044015F076
S21402355049FFB4F86E30A0F803300848F8F76AFA64
S21402356015F06EFF4379002BCDD015F069FF407938
S214023570E6E70220E6E700BF85510300BB510300E1
S214023580F8B507460E4642F213000E2115461C46B3
S21402359015F028FFB7F86E30A0F80560A0F80330E3
S2140235A0BDF81830A0F80750A0F80B30BDF81C3054
S2140235B0A0F80940A0F80D30BDF82030A0F80F3072
S2140235C00648F8F737FA15F03BFF807820B115F079
S2140235D037FF807840F48050F8BD00BFFD510300ED
S2140235E0F8B507460D4642F219001C211C4616463F
S2140235F015F0F8FEB7F86E300F3020F80C3C2B684A
S21402360004F1100240F80A3C6B6820F8026C40F89D
S214023610063C234653F8041B934240F8041BF9D198
S2140236200648F8F707FA15F00BFF807820B115F078
S21402363007FF807840F48050F8BD00BFAD5003000D
S21402364070B506460D4642F27A000421144615F07D
S214023650C9FEA0F80360457184710648F8F7EAF9D6
S21402366015F0EEFE407918B1BDE8704016F039B993
S21402367070BD00BF0356030010B50446022142F295
S214023680300015F0AFFEB4F86E30A0F803300F48E5
S214023690F8F7D0F915F0D4FE437963B915F0D0FEE9
S2140236A0C088FEF78BF8044628B115F0C9FE017AE9
S2140236B02046FEF767F915F0C3FE407920B115F0F3
S2140236C0BFFE407940F4805010BD00BF8DBE0100A1
S2140236D038B5FEF7B5F90446FEF714FA054606486D
S2140236E013F099FC0023037143712368C0F8063077
S2140236F0A3880573438138BD2009020513B5C37A32
S2140237000093B0F80930D0F80520D0F80110007800
S21402371018F0A8F90446034813F07DFC848002B032
S21402372010BD00BF20020403FF2337B50DF10700CA
S2140237308DF8073009F008FD044604489DF8075046
S21402374013F069FC8480857103B030BD2003040148
S2140237504B7937B55B0705460C460CD42046142138
S214023760064A16F0FCF801A8019413F0E6FB10B91D
S214023770A3791C44257403B030BD00BF28F50300AE
S214023780837810B5132B0C4608D1054B1B6803B182
S21402379098472046BDE8104017F0BCBC10BD00BFDD
S2140237A02022002010B500210446007816F0A3F867
S2140237B048B16178207818F042F90446034813F0BD
S2140237C02AFC848010BD0224F8E700BF20025601BE
S2140237D010B54178007818F0B6F90446024813F09E
S2140237E01AFC848010BD00BF200256020020024B45
S2140237F01870024B18707047F2280020F12800203B
S214023800F0B583780D460D2B91B04DD1821C09ACD4
S21402381000F11A03264610685168083203C69A4217
S2140238203446F7D113881C213380284617F072FDE0
S214023830BDF826402E6814F00C043CD1304617F032
S214023840EEFC871EA7420DDA4FF0FF3400239C429F
S2140238508DF81C301EDB01223146A31C07A817F088
S21402386048FC17E0631C0122314605A817F041FC0C
S2140238709DF81430012BE9D023460122314607A8D1
S21402388017F037FC9DF81C3013B101331C44D9E7FE
S2140238908DF81C3009F000FD012807D0022834D02C
S2140238A048B9284617F036FC11B0F0BD9DF81C301A
S2140238B013F0010FF5D09DF82F0000F0D3FB04465D
S2140238C09DF8300000F0CEFB07AF9DF828200DF1E2
S2140238D02901064605A8FEF7FBF838469DF836206D
S2140238E00DF13701FEF7F4F80C4B1B78DB0711D409
S2140238F005A813F07AF9CDE901053246214600976C
S21402390005AB09A800F00CF8CBE79DF81C3013F0C5
S214023910030FCFE74FF0FF30EDE700BFF12800209E
S2140239202DE9F74FB0F802C006461CF0100F1C46F1
S2140239300C9F9DF934A0DDF838B033D05FFA8CF5D1
S2140239401CF0080F184614BF05F0080505F00F0511
S21402395018F0CFF98146384618F0CBF996F90F30B1
S21402396080465A46042113480193767813F024FBC6
S214023970019BA0B105712268C0F80520A28880F8D4
S2140239800B90A0F8092080F80CA0437386733B685E
S214023990C0F80F30BB8880F81580A0F8133003B04B
S2140239A0BDE8F08FCDE90DAB0C9703B0BDE8F04F44
S2140239B015F0B6BF4CF5030010461946F8B522F0CE
S2140239C0004340F20A4293420ED8B3F5806F59D9AB
S2140239D06FF480621344092B54D8DFE803F00D100D
S2140239E01F3050505050530D40F20152934234D083
S2140239F0A3F20253032B45D8FDF72AFC0CE00D7800
S214023A004C688A6901F108031F48002113F0ADFAD9
S214023A1010B10571C0F805400120F8BD0E784D883A
S214023A200C798A6901F108031848002113F09DFAFF
S214023A300028F1D00671A0F80550C471ECE70D78A5
S214023A404C884A690B1D1248002113F08EFA002892
S214023A50E2D00571A0F80540DEE70F784E880D79B2
S214023A60CC8801F108020B48002113F0A5FA0028C1
S214023A70D2D00771A0F80560C5710481CCE7FDF7C6
S214023A8035FBC9E70020C8E75CF5030058F50300DC
S214023A9054F5030050F5030000487047B939020098
S214023AA030B5124B0D469942144689B01BD193008D
S214023AB011D505A906A808F035FE062300220393B1
S214023AC0059BE1B20293069B2846CDE9003241F0FF
S214023AD0005117F0EAF9064813F036FA00B10471FD
S214023AE0012009B030BD0020FBE700BF24220020E1
S214023AF080F5030022F00042B2F1A04F08B504D1CF
S214023B00034813F021FA012008BD0020FCE700BF9D
S214023B1084F5030010B5047FD4B1102C28BF1024FE
S214023B2017F03DFA621C81B200230620D2B208F0DA
S214023B3013FE044650B90749074817F0E1F907484B
S214023B40074917F0DDF9074809F03AF8204610BD94
S214023B500424E5E7CC2B0020282200202422002083
S214023B60DC2B0020C42B002022F00042B2F5887F16
S214023B702DE9F0471C4600F0E2800ED840F203130F
S214023B809A423CD040F209139A4200F0C2800E2AB2
S214023B9000F0B3800020BDE8F08740F207239A4287
S214023BA047D0B2F5037F56D040F206239A42F1D1AF
S214023BB020684C30FDF7A6FF25680746644895F84E
S214023BC0736095F870A095F9759095F87680A4883C
S214023BD013F0BAF90028DDD0EB6C4360B5F850302C
S214023BE087720381731E5E425E41C67280F80CA025
S214023BF080F80D9080F80E80A0F80F40CAE7207873
S214023C00FDF7EAFD0028C5D0524894F80080678880
S214023C10A688E588247A13F097F90028BAD080F8A7
S214023C200480A0F80570A0F80760A0F80950C472D6
S214023C30B0E72078FDF7D0FD0028ABD06078257875
S214023C40FFF77AF90446444813F07EF90028A1D01B
S214023C50057144719EE7A578012D1ED0022D2DD048
S214023C60CDB9E37894F80080023BDBB2022B8CBF1E
S214023C7001253A4A94F90470667998BFD55C94F99E
S214023C800640374813F060F928B180F80480457181
S214023C908771C671047201207DE7E37894F800808C
S214023CA0023BDBB2022B98BF2C4A94F90470667969
S214023CB098BFD55C94F906402A48E3E7E3782A4899
S214023CC0023BDBB2022B94BF244A012594F8018002
S214023CD0277898BFD55C94F90490667994F90640E3
S214023CE013F032F90028D6D0A0F804808771C57187
S214023CF080F8089046728472CDE723460822002197
S214023D0013F8014B194813F030F90028C3D0047198
S214023D10C1E7174894F800806788A688E588248952
S214023D2013F012F90028B6D080F80480A0F80570C7
S214023D30A0F80760A0F80950A0F80B40ABE70D48C2
S214023D401C7813F001F900283FF424AF047121E730
S214023D50C0F50300BCF50300B4F5030088F50300C4
S214023D60ACF50300A8F50300B0F50300A4F50300C4
S214023D70A0F50300B8F503000022084B10B51A6040
S214023D809A8002681A60187817F099FF044618B9E4
S214023D900349044817F0B4F8204610BDDA2700207D
S214023DA0EC2B0020A821002008B5034B588809F008
S214023DB0DFFA002008BD00BFDA27002010B5007821
S214023DC0FDF70AFD40B1132117F07BFF04460348B6
S214023DD013F021F9848010BD2524F8E72002060599
S214023DE073B5144606460D4620461421094A15F0B8
S214023DF0B6FD01A8019413F0A0F848B9A3790C33D4
S214023E001C44054BA6711B79A5800BB115F094FDD9
S214023E1002B070BD9CF50300DA27002022F00042B3
S214023E200D2A73B51C460ED06FF4C0631A440B2AD3
S214023E3012D80B2A10D8DFE802F03B12242C370FD8
S214023E4046505F84878E0422002153F8044B444870
S214023E5013F08BF800B18480002002B070BD207889
S214023E60FDF7BAFC0028F7D03E48267894F90150B0
S214023E70A47813F069F80028EED0067145718471B3
S214023E80EAE72478384813F05FF80028E4D0047193
S214023E90E2E725783548646813F056F80028DBD048
S214023EA00571C0F80540D7E7257831486468F3E71E
S214023EB030482578646813F047F80028CCD005719E
S214023EC0A0F80540C8E72C482578646813F03CF84B
S214023ED00028C1D005714471BEE7637827480D2BD0
S214023EE096BF274A0125D55C247813F02DF80028C2
S214023EF0B2D004714571AFE7637800210D2B98BFED
S214023F001F4A204898BFD55C6368A27888BF0125FF
S214023F10267813F02AF808B1067145716378012BEA
S214023F209AD88DF807300122002116480DF10703B2
S214023F30247813F01AF800288ED0012304714371F6
S214023F408AE7247810489EE70021636822780F48A3
S214023F5013F00BF880E70E4812F0F6FF7CE700BF7E
S214023F6008F60300F0F50300F8F50300FCF503007D
S214023F70F4F50300ECF50300E8F50300E4F50300AE
S214023F80C4F50300E0F50300DCF50300D4F50300F6
S214023F90D8F5030014220021014816F05DBD00BFCB
S214023FA02C22002073B505461AF082FB1D4C0646ED
S214023FB063795B070ED4204614211B4A15F0CFFC0A
S214023FC001A8019412F0B9FF20B130461AF06BFB3B
S214023FD002B070BDA3790C33234455B91A79FF2A6F
S214023FE001D001321A71304602B0BDE870401AF0B4
S214023FF05ABB012D05D15A79FF2AF4D001325A71E3
S214024000F1E7022D05D19A79FF2AECD001329A7196
S214024010E9E7032DE7D1DA79FF2A1CBF0132DA710C
S214024020E1E700BF2C22002004F6030013B5044685
S2140240300A4812F0F1FE78B10021094812F06AFF30
S214024040019038B1837903441C6101A812F075FF10
S21402405002B010BD1A20FBE70220F9E77822002002
S21402406000F60300042828BF0020014B185C7047A6
S2140240700CF6030030B585B005460A4901A8FDF7DF
S2140240803DFA044650B901A8FDF79EFA044615B15A
S214024090029B9B792B7001A812F0C9FE204605B040
S2140240A030BD00BF18F603002DE9FF4180460F46DB
S2140240B001A80C4916461D46FDF720FA70B9029C67
S2140240C09DF8283084F80480C4F80570C4F80960A6
S2140240D0A4F80D50E37301A812F0ADFE04B0BDE8DB
S2140240E0F08100BF10F6030030B585B005460C46D9
S2140240F001A80649FDF702FA28B9029B01A81D711C
S2140241005C7112F098FE05B030BD00BF28F60300C1
S21402411030B585B005460C4601A80649FDF7EEF90E
S21402412028B9029B01A81D715C7112F084FE05B0CD
S21402413030BD00BF20F603001FB50446054901A89E
S214024140FDF7DCF920B9029B01A81C7112F073FE80
S21402415004B010BD30F603007FB505460E4601A832
S2140241600C49FDF7CBF9044680B901A8FDF72CFAF5
S214024170029B044625B1D3F806202A605A89AA80F3
S2140241800EB11B7B337001A812F051FE204604B01C
S21402419070BD00BF38F6030010B50F4C88B0206023
S2140241A008F008FD2168684615F011FC6846F9F724
S2140241B0A7FD044660B90A20084A094908F0F4F93E
S2140241C0044628B908F04EF80CF06EFAFEF7C6FE62
S2140241D0204608B010BD00BF68220020B99903002F
S2140241E085E2030070B58EB00EF01EF8002302AD15
S2140241F029460DF107008DF80E308DF80730F4F7DA
S21402420013FD00286BD1284615F0F6F9002866D073
S214024210302864D09DF80730012B17D172238DF811
S2140242200E30F2F73BFBCDE90601030C8DF8123097
S214024230BDF81D30ADF81000ADF813309DF81F30F4
S2140242408DF8153049238DF816300AE049238DF88B
S2140242500E3095E80300ADF81410090C04908DF8A2
S21402426016109DF80E3013F0280F07D1DDE9040171
S214024270ADF80C10090C02908DF80E10274E33681C
S2140242801869002830D133685A690AB9244A126874
S21402429024490A609A690AB9234A126823490A60BD
S2140242A093F82220D20727D404A815F0E8FB044688
S2140242B0F8B9316806A815F08AFB06A8F4F754FC8C
S2140242C00446B0B9BDF92E0015F063F915F0DCFB13
S2140242D02846FDF7C5FB164808F060F909E09DF888
S2140242E00E3019079DD5B4E714F0A9FA0446002843
S2140242F0C9D020460EB070BD93F8232000234FF09D
S214024300FF3006A9CDE906338DF81A2015F0A8FC71
S2140243100028C9D040F20C44EBE700BF6822002018
S21402432004F203004422002000F203004022002090
S214024330C14302002DE9F041114812F071FDE8B9BF
S21402434019F0A0FF05460E460D4F07F10C08284649
S214024350314615F00BF907F0C1FF0446384612F055
S2140243605BFD10B9404616F0D5FEFDF7A5F908B973
S214024370002CECD1BDE8F04115F0DFBABDE8F081C3
S2140243807822002008B5054B1B782BB915F05DFB8B
S214024390B0FA80F0400908BD0020FCE7F3280020B0
S2140243A0012310B5044C2370044B1B6803B19847D5
S2140243B00023237010BD00BFF328002040220020F7
S2140243C050EA010337B504460D4604D103B0BDE8F2
S2140243D03040FFF7E5BFB1F1FF3F08BFB0F1FF3F46
S2140243E013D019F04FFF221845EB0103084909487C
S2140243F0C1E9002300239D420CBF21464FF0FF3146
S214024400CDE90033044A1AF092FA03B030BD00BF79
S214024410700B0020482200201D440200D3B51AF07B
S21402442047F9044619F02EFF0B46104AD2E90067F8
S214024430B04273EB070107D3FFF7B2FF204602B084
S214024440BDE8D0401AF02FB9D2E900670022311A2F
S21402445067EB03039342CDE90022134618BF4FF0E1
S214024460FF31034A03481AF062FAE7E7700B0020AE
S2140244701D440200482200200023044A52E8000F8E
S21402448042E800310029F9D1FAF77ABD6C22002001
S214024490054A52E8003F034342E800310029F8D1BA
S2140244A0024B1B68184700BF6C22002044220020E3
S2140244B037B51C68E10705D515F04BF816491748BD
S2140244C016F01EFDA20723D5FEF72CFCD0B9144D1C
S2140244D001901AF0EDF80446284616F039FE0190CF
S2140244E020461AF0E0F8019890B143799B070CD465
S2140244F001A8022116F00EFF0198FEF703FC15F044
S214024500EAF9E6E715F0E7F9DEE7FEF7EFFBF6E78E
S214024510002003B030BD00BFFC2B0020A8210020E5
S2140245207022002008B5054807F0A8FE044B0121BA
S2140245301870BDE8084007F0B1BE00BF0C2C002082
S214024540F428002038B5044648B11AF0B1F80546FA
S2140245502146084816F0C5FE28461AF0A4F8064B6F
S214024560022193F9000007F099FEBDE83840FFF7F4
S21402457017BF00BF70220020F42800202DE9F0416A
S2140245800A4B0B4F04460E46386819681546F0F774
S214024590DFF940B933462A46386844F48021BDE83C
S2140245A0F041F0F7F7BBBDE8F08100BF742B0020A6
S2140245B0942B00202DE9F0410A4B0B4F04460E4681
S2140245C0386819681546F0F7C3F940B933462A46E3
S2140245D0386844F48021BDE8F041F0F787BABDE8B8
S2140245E0F08100BF742B0020942B002038B5084DB4
S2140245F0084B044619682868F0F7AAF930B9286803
S21402460044F48021BDE83840F0F708BC38BD00BF4E
S214024610942B0020742B00202DE9F043134B0E46FA
S2140246201968134B05468DB018681746F0F790F9CF
S21402463080B933460A222846009702A90CF0A0FC4D
S2140246404FF0000804460DF10809444505D1002C38
S214024650EFD120460DB0BDE8F083284659F8041B7A
S214024660F0F7DCFB08F10108EFE700BF742B00202F
S214024670942B0020F8B50B4B0B4F06460C463868B9
S2140246801968F0F765F9054648B9E24316FA82F268
S214024690386842F4802246F48021FFF7BDFF2846A0
S2140246A0F8BD00BF742B0020942B0020F8B50E46F0
S2140246B0074630B329B300F03FF80446F8B9124D66
S2140246C001461822284616F0C7F920232B703369B4
S2140246D02E616B607369AB6008F098FAFCF7BCFE5B
S2140246E0BE6A002E08BF4FF480763046FCF7CAFE3C
S2140246F0044620B9054B28461E60FCF7EBFE204612
S214024700F8BD2124FBE700BF782200207422002097
S214024710014812F047BB00BF7822002010B50548BA
S21402472012F058FB044618B900F018F817F013F800
S214024730204610BD78220020074BDA69D20407D53E
S2140247401B6A40F2044013F0010F18BF00207047A6
S21402475040F20440704700BF0080E00F30B50024EE
S21402476085B002A8F2F784F801A8BDF808500194B3
S2140247700DF04BFD00B101940F48019C12F0E4FBD2
S214024780B8B100234371C37143728372C3726FF070
S2140247904F030A2283743E230271C37401227223DA
S2140247A08271037502226FF016030272C4600582DC
S2140247B0437505B030BD00BF40F603001046044AFC
S2140247C01368591E033102D800211160184770473A
S2140247D01C2C0020034B1868034B002808BF184601
S2140247E0704700BF90220020F0F60300014815F043
S2140247F0AABB00BF9822002013B50B4C02292260E8
S21402480005D10A4815F09FFB002002B010BD0A46EB
S21402481000930146064B054815F077FB003818BF93
S21402482001204000F1E700BF1C2C00209822002047
S214024830BD470200014815F097BB00BF9822002032
S2140248400021014815F0B2BB9822002008B5064B9D
S2140248501B68013305D0FFF7EDFF80F00100C0B200
S21402486008BD0020FCE700BF1C2C0020F0B50D465A
S21402487004468BB018B9002420460BB0F0BD1A4E81
S2140248803768002FF7D12022394602A816F0E4F83E
S214024890236801A80193154B1B88ADF81430144BFE
S2140248A01B68079300F0BEF804460028E3D0306089
S2140248B000F0DEF82046394615F0ECF9204615F0F1
S2140248C03CF938B10020306000F0D2F8204615F0EE
S2140248D02FF9D0E7204600F041FA0028F2D1002D49
S2140248E0CAD02046A847C7E79422002024F7030030
S2140248F028F70300024B1868003818BF01207047DB
S2140249009422002038B50C4601F07CFFA3780B4AAF
S21402491013705A1E55425541A8420CD0012B04D0A2
S2140249202846BDE8384001F04FBF204601F01EFF82
S2140249300028F5D038BD0020FCE700BFF52800208F
S214024940002108B5024B08465B689847002008BD60
S214024950302C002010B5FFF73DFF0D4B0C461A1AFF
S214024960534253418B4201D1002010BD094B1B68B4
S2140249703BB9094A064B002C08BF1346074A136088
S214024980F2E715F01AFC0028F3D00220EDE700BF8C
S214024990C8F6030094220020F0F6030090220020BE
S2140249A0431E033306D8044B984228BF1846642891
S2140249B038BF6420704700BF40420F0038B5054636
S2140249C00C4641B10B6833B11B68013303D0CB6888
S2140249D00BB18B684BB902F0E5FE00204FF4C172B2
S2140249E0412100F0EFF9212038BD084602F04AFFC7
S2140249F000230A4A85F83031C5E93743C2E9003355
S214024A0063694BB1064A422110684FF4D272C31A48
S214024A105842584100F0D6F90020E5E7202B002046
S214024A2044250020F8B5044619F039FE002607464C
S214024A300E4B1B6893B19E68AEB196F82420D2073F
S214024A4011D435460FCC0FC50FCC0FC523682B608B
S214024A5096F8243043F0010386F82430384619F0DD
S214024A6019FE3046F8BD1B68E4E700BF242C002080
S214024A7010B5044618B9054B054A136010BD00F080
S214024A8043FED4F8E830002BF6D1F4E7199B030076
S214024A90202C002008B502460868FFF781FF086050
S214024AA04868FFF77DFF48608868FFF779FF8860EF
S214024AB0C868FFF775FF0B69C860581C03D00B481F
S214024AC0834228BF03460B614B69581C03D0074834
S214024AD0834228BF034688694B61FFF761FFBDE842
S214024AE008408861104601F0C1BD00BF40420F0079
S214024AF0D0F8E0302DE9F04105460C4613B1838D1F
S214024B008B424CD0D5F8DC30002B4BD09E68002E62
S214024B1048D0D868002845D0013800B200281ADBF1
S214024B20002106E0128A591CA24217D209B2884214
S214024B3011DB0B1803EBD3735B1003EBC30206EB1C
S214024B408202B2F80EC003F1FF3EA445EAD90FFA7C
S214024B508EF08842EDDA2120BDE8F0814FF6FF7232
S214024B6099B29142F7D09BB203EBC30306EB8306DE
S214024B702846B6F9122095F82411D5F8F080F1F7F8
S214024B80A5FE0746B8F1000F04D000233246284699
S214024B901946C047AC85C5F8E06085F82D7100203F
S214024BA0BDE8F0810E20BDE8F08100BF2DE9F04798
S214024BB082B004460F46164601F084FF002864D1F0
S214024BC0444D2B68D4F8DC90D4F8E0800BB14B450A
S214024BD05FD04FF0000AAF6001F0C8FF0128074619
S214024BE004D001210022084600F0D6FD2B68D9F831
S214024BF00010D8F8002013B11868884254D0204616
S214024C0015F0F7FBC5E90098D4F8F0508DF8076068
S214024C10002D50D00022204611460DF10703A8476A
S214024C20204601F05DF90546BAF1000F10D07EB9B4
S214024C30D4F8883013BB012F06D0002D47D0264B60
S214024C40002103205B689847284602B0BDE8F0873B
S214024C50B5FA85F040F2FA423321400900F0B2F884
S214024C603146204601F072FB1C4B05461B68414646
S214024C7020469847D4F88830002BDCD000224FF428
S214024C800073204600F050FDD5E70023114D6B60FF
S214024C9097E76B68002B9CD043459AD1AB689F423E
S214024CA015D04FF0010A96E7696811B1096891427A
S214024CB0A8D05968A3E794F8281094F82D31324604
S214024CC0994228BF1946204601F05CF8A8E700255D
S214024CD0BAE700BF202B0020302C0020202C00201A
S214024CE0F8B50E46054619F0DAFC31460746284660
S214024CF0FFF7FEFE044620B1384619F0CBFC2046EC
S214024D00F8BD01F0B7FE224631462846FFF74EFFB1
S214024D100446384619F0BEFC2046F8BD13B50446D4
S214024D20694615F087F8204615F06FFAFF28024606
S214024D3006D020469DF80010F1F746FE02B010BDE0
S214024D400048FBE70080FFFF0029034B08BF002353
S214024D50C0F8F03000207047AB9C03004FF400739D
S214024D6007B50A490DF10602ADF8063015F099F8B6
S214024D70BDF80630B3F5007F05D1022808BF002033
S214024D8003B05DF804FB2120FAE700BFB022002042
S214024D90024B1860024B1960FEE700BFB0240020E9
S214024DA0282C002038B5044D044C054B28602160A1
S214024DB01A60FFF7EDFF38BDB0240020282C002033
S214024DC0B424002010B550B90548064B01600648C9
S214024DD002601868054B18601868FFF7E3FF10BDFD
S214024DE0282C002094220020B4240020B024002086
S214024DF0054B1B680BB918467047834201D01B69E6
S214024E00F8E70120704700BFBC240020094A136857
S214024E100BB918467047834207D11B6901201360FD
S214024E20054A1368013B1360704703F110021B69C1
S214024E30EEE700BFBC240020B82400202DE9F74F7F
S214024E40064619F035FCDFF82881012398F800B0F1
S214024E50DFF820910190BBF1000F06D089F80030F0
S214024E6003B0BDE8F04F19F01EBC3F4F88F8003083
S214024E7089F800B015F0E8F808B115F0E3F83D68D7
S214024E803A495DB9DFF8F0A0DAF800200024AA4219
S214024E903B682FD84FF0FF3134483BE06B7D8BB137
S214024EA02B68B34202D09A1B8A420BD96A68134413
S214024EB02B60AB68003A18BF0122003B18BF0123E3
S214024EC06A75AB752D69DCE7907D20B1107D88424E
S214024ED09CBF014614461269002AF5D1002CD9D08F
S214024EE0D4E90001A275411AD4E902322046984755
S214024EF00135C9E71A46FF21EEE75A7D4AB11A681C
S214024F00B24224D0921B824221D8914201D311464A
S214024F101C461B69002BF0D15CB12046FFF776FFDA
S214024F2038B13B683C602361DAF800300133CAF8D6
S214024F3000303B685A7D6AB915F082F8064699F841
S214024F400030002B94D1019888F8003088E71C4680
S214024F500021DEE7186800F0D3F8044615F070F872
S214024F600646002C84D1EAE7BC240020FCFFFFBFE3
S214024F70F7280020F6280020B824002038B5054679
S214024F8008B31822002115F067FD19F091FB0246BE
S214024F902846FFF72DFF20B1104619F084FB0220A9
S214024FA038BD0A4B1C6854B909491D600B68104687
S214024FB001332C610B6019F076FB2046F0E704F112
S214024FC010032469EFE72120EAE700BFBC24002093
S214024FD0B824002038B50446FFF70AFF19F068FB2C
S214024FE005462046FFF704FF637D23B9284619F0DD
S214024FF05AFB0E2038BD00236375064B1B68A3427E
S21402500003D115F01DF8FFF719FF284619F04BFBE0
S2140250100020EFE7BC2400202DE9F84FDDF82890A9
S214025020984604460D469246FFF7E2FEDDF830B09B
S21402503019F03EFB074615F003F806462046FFF732
S214025040D7FE637D23B12046FFF7C4FF0023A37576
S214025050BAF1010F23D175B9B8F1000F21D1B9F118
S214025060000F03D05A4631462046C847384619F044
S2140250701AFB002019E035440D4BAA1B9A4210D8A1
S214025080012363759DF82C303046C4E90058C4F8F5
S21402509008902375C4F80CB0FFF7D0FEE6E7AE42E0
S2140250A0EAD1384619F0FFFA2120BDE8F88F00BF92
S2140250B0FCFFFFBF2DE9F04107468846FFF798FE42
S2140250C019F0F6FA3D68064614F0BAFF7B7D7BB10E
S2140250D085420DD0094B2C1A9C4209D8304619F04D
S2140250E0E2FAB8F1010F08BF25462846BDE8F0816E
S2140250F0304619F0D8FA0025F7E700BFFCFFFFBFDD
S2140251000023024A194600F017BD00BF0BA0030099
S2140251100C232DE9F74F06460F46144600254FF09E
S2140251200609DFF854801370EBB209FB03F3D8F8D4
S2140251300010CA185079012804D923780C2B14D1F0
S214025140212013E031F903B01179B2F902A03046FA
S2140251500022019114F03DFF58B101992170B7F970
S21402516000305B4505DB534503DC002003B0BDE899
S214025170F08F0135D8E700BF2C2C0020014914F02F
S21402518065BF00BFB16D0200014914F05FBF00BFEA
S214025190856D020070B5164E032804460D46337818
S2140251A01ED023FA04F202F00102AA421DD053B125
S2140251B00122A240A54023EA02032B43DBB233704E
S2140251C04BB1012070BD2DB10A4B01201B689847D8
S2140251D03378EDE73570074B00201B689847F0E7F9
S2140251E09A07DED003F0FC03E9E7002070BD00BF9B
S2140251F0F9280020FC240020F8B505460C4619F0D4
S2140252004EFA104F06463B7833B1012D04D01CB936
S2140252100D4818F0BDFF3C7021462846FFF7BAFF3E
S2140252200A4B04461B783BB93B782BB915F016F9A6
S21402523010B1074B1B689847304619F02BFA2046E8
S214025240F8BD00BFFA280020D0240020F92800204C
S214025250302C0020054A0B46117831B1002111701E
S214025260034A01215268187810477047FA2800202E
S214025270302C002038B5074D04462B78834207D0E1
S21402528001F05EFC20462C70BDE83840F3F78CBA7D
S21402529038BD00BFF828002038B5044680B119F0A2
S2140252A0FEF901210446084618F0E0FB01210B4AEC
S2140252B008460CF069FF2046BDE8384019F0EAB906
S2140252C019F0EDF905462146012018F0CFFB012022
S2140252D02146024A0CF058FF2846EDE73EF7030047
S2140252E01B4B022910B5187002D0032904D010BD3A
S2140252F0184B1B78002BFAD1FFF7FCFA0028F6D0E1
S2140253004FF00052144BC3F88020BFF34F8FBFF309
S2140253106F8F01F0EDFB0028E9D001F037FA002884
S214025320E5D10E4B1C6834B123689847BDE810409F
S214025330002001F0F9BB14F0E4FD094B186019F0E7
S2140253407AFB084B1860204601F0DAFBEEE700BF56
S2140253508D2D0020F828002000E100E02025002006
S214025360F8240020F424002038B504460D46FFF742
S214025370C1FA80B14FF00052124B1A6001F0B8FB2E
S21402538048B9012D07D8012001F0CEFB0E4B1B6851
S21402539023B15B6898470D4B1C7038BD19F04BFB68
S2140253A00B4B1A68801A186018F0AAFF4FF47A722C
S2140253B0084B1B6802FB003014F0A5FD012001F02B
S2140253C09FFBE8E700E100E0202500208D2D00206D
S2140253D0F4240020F8240020F0B585B019F05FF917
S2140253E0344D04462B7823B1334818F0D1FE0028FA
S2140253F052D118F061FF02AA03A915F019F8034664
S214025400002838D015F028F8029B98421CD10020BC
S2140254102A4B03991B682A4E9942307020D90027DE
S214025420C91A012324482B70264A3346CDE9007751
S21402543019F0B8FA002837D1234A1378D90701D5CC
S2140254403178F9B1204611E015F004F8029B984233
S21402545028D0002318461949194A0968137003917F
S2140254600121FFF797FE002320462B7019F012F950
S214025470002005B0F0BD20462B7019F00BF9212054
S21402548005B0F0BD03F0FE031370002BDAD10F4B0C
S2140254901B6898472046E9E7204619F0FBF80E20DD
S2140254A005B0F0BD0220B3E7032320462F70337009
S2140254B0F3E700BFFA280020D0240020F0240020C2
S2140254C08C2D002055520200F9280020FC240020D2
S2140254D070B519F0E4F8184D04462B7823BB174A2A
S2140254E017491370174B184A18481A60184A194E6B
S2140254F05A60F3F703F918491848F3F7FFF8184B00
S21402550080203360F0F7B2F9052804BF154B3360EC
S214025510154B5B6F03F44073B3F5007F02BF0222A4
S214025520124B1A6001232B70F3F74EFA204619F03D
S214025530B1F8002070BD00BFFB280020FA2800202A
S21402554044F70300302C0020D9530200C024002068
S214025550F9510200FC2400204CF70300C824002066
S214025560755202009952020000400050F0240020BA
S21402557037B50C46234D59B90A46012105F0C4FF3A
S214025580214BEC645C6003B0BDE8304005F0DABF46
S2140255900122114605F0B8FF07221C4B0121DA60F2
S2140255A0237901A885F84C306379019315F097F9B1
S2140255B0019BC2B2D34000F00F0040EA031085F808
S2140255C04D00A27985F84E20E27985F84F202068B2
S2140255D0286501939BB1012102888B4208D8237962
S2140255E0013B13440A4A136205F0ACFF03B030BD18
S2140255F030F811500131AA4228BF2A46EDE71A4672
S214025600EDE700BF003F00B04C3F00B0006000B8BE
S214025610004000B810B5054C237823B103F028FCEF
S2140256200020207010BD0E20FCE700BFFD280020E1
S21402563008B503F0EBFB0122014B00201A7008BDEF
S214025640FD280020431C07D06FF0FF02034B1040DA
S2140256505A62A3F580535862704700BF00E000B854
S21402566010B504234FF03A4101240A4AD1F8180132
S214025670C2F81831C2F814314C634FF4005111636A
S214025680410742BFC2F81431A2F58052C2F818315F
S21402569010BD00BF002000BAF8B504460F461646F5
S2140256A018F0FDFF0546A047044620B1284618F02C
S2140256B0F1FF2046F8BD05F0E7F804220549D1F8C7
S2140256C0F03E23EA07033343C1F8F03E024B1A6466
S2140256D0ECE700BF003000B0002002B800F018036C
S2140256E0182B0AD003070AD440F2011310F0100058
S2140256F018BF1846034BD86770470020FAE7012008
S214025700F8E700BF003F00B038B10368044A002B38
S21402571008BF1346034A13607047014BFAE700BFFF
S2140257200DA103003C2C002010B4D0E952412240C7
S2140257300B4052EA030104D003495DF8044B0968A2
S21402574008475DF8044B70473C2C00200F2938B5FB
S21402575005460C460ED801F009FA01280CD1074A74
S2140257602846936E23F00F032343936614F096FEA7
S214025770002038BD2120FCE70220FAE7003F00B0F7
S214025780014BD86E704700BF003F00B0014B0020AF
S214025790D9667047003F00B003282DE9F74F0C4644
S2140257A0914678D83D4B13F800A03D4B1E5C3D4B0E
S2140257B013F800B018F073FF804604F079FE07462F
S2140257C040B100230022CDE900330120002300214E
S2140257D004F09AFC04F074FE48B100230022CDE9DE
S2140257E00033002000234FF4004104F08DFC002E0D
S2140257F044D02D4BDD6C05F008050AEB06002B4B5A
S21402580023305844DD64C0B202F074FB3146504681
S21402581005F098F85A463146504605F021F9244BD1
S214025820DD646FB1234B1868D0F89010F83003F09F
S214025830E7F821490868FFF705FF4FF0FF330B60D2
S214025840B9F1000F04D01D4B002103205B68984776
S214025850B4B14FF480621A4B1D6F03F50053C5F3C3
S21402586080251A67404618F015FF01F07FF90128D7
S21402587008D15DB9002003B0BDE8F08F3546BCE71D
S2140258802546EFE7002CF0D10520F4E74FF48062BE
S2140258900C4B1A67EEE72120EDE700BF5CF703002A
S2140258A058F7030054F70300004000B8006000B841
S2140258B0005000B894220020382C0020302C002003
S2140258C000C001B800D001B80F4A136C13F0A00F45
S2140258D015D1506C10F0040013D10C4BD3F8F03EE7
S2140258E023F07F4323F0FF035BB1D368C3F3036265
S2140258F0092A07D0B2F10C0018BF01207047002019
S21402590070470120704700BF000002B8003000B0A8
S21402591070B50D46064620B91A4B1B68A3B10E2079
S21402592011E001F023F9012829D1174B93F9004021
S214025930C4F12704641BC4F11C03002BB8BF5B42EE
S214025940232B0CDD212070BDA1F10B03002BB8BF69
S2140259505B42232BF6DC0C4B19700020F3E786F82B
S214025960265018F09CFE094AE402136A04F4FF2447
S21402597023F4FF231C43146218F08CFEEDE702208A
S214025980E1E700BF94220020FC28002000C000B8F7
S214025990094B08465A6A91020BD4D3F80021D20763
S2140259A008D4D3F8803013F4706F14BF012000209F
S2140259B070470120704700BF004001B8F8B50D4699
S2140259C0D0F8903002EA010423EA01032343C0F828
S2140259D090303D4A01F00B0323EA0401D1642340D0
S2140259E0A2F580526F070646D36410D50121FFF751
S2140259F0CFFF60B104F048FF4FF4007314F0040FB9
S214025A0014BF324A324A53620422324B1A64E906FF
S214025A1006D514F0100F14BF00221B222E4B5A6517
S214025A202A061DD5230616D54FF40012274B1A62F6
S214025A30012203F58053C3F8002118F030FE0E2130
S214025A400746032002F064FF40F20122224B38464A
S214025A50DA6218F01FFE214606F1F80002F0D0FFC7
S214025A60EF0503D5E00529D502F040FFA90503D5C9
S214025A70A20526D502F046FF15F0600F09D0D6F82B
S214025A80E410304614F043FB8022144B9867144B04
S214025A901A612B0510D504F0F7FE124A14F4006FB3
S214025AA0D2F8F03E14BF43F0006323F00063C2F85E
S214025AB0F03E0422074B1A640020F8BD02F010FFE5
S214025AC0D4E702F019FFD7E7006000B8005001B82B
S214025AD0006001B8002002B8004000B8003F00B0E5
S214025AE0000002B8003000B0014B1868704700BFD3
S214025AF01025002037B518F0D2FD0024012300221D
S214025B00CDE90034002305461946104604F0FCFA97
S214025B10022002F0B9FA064B21461C60054B022011
S214025B205B689847284618F0B5FD204603B030BD9E
S214025B3018250020302C00202DE9FF4102290D46B1
S214025B4016469846039004D1FFF7D4FF04B0BDE88A
S214025B50F08118F0A4FD1E4F04463B683BB1B342E9
S214025B6005D018F097FD002321203B60EEE7194B85
S214025B700022C3F800803E60002301264FF0000892
S214025B8010461946CDE9006604F0BEFA124B022012
S214025B9083F8008002F078FA43462A46022003A9D8
S214025BA002F090FA0D4B039A1A6008B92046D8E71D
S214025BB00B4D2B689847212804D0204618F06AFD22
S214025BC00020C3E731466B6802209847F5E700BF1E
S214025BD01825002014250020FF280020102500206C
S214025BE0302C0020044B5B6E5B054EBF0120034B3E
S214025BF0187800F00100704700C001B8FF280020A6
S214025C0090F825305A1F012A01D9082B05D14B7C62
S214025C102BB1012B05D0022B05D014F0D1BA0348C4
S214025C207047034870470348704700BF20A107002B
S214025C3048E8010040420F000A78022A11D0101FDD
S214025C404242424152004B781201022B0BD0191FDE
S214025C504B424B415B000549054842EA8312FFF777
S214025C601BBD0122EFE70123F5E700BFF0FFFF00AF
S214025C70B56B02000B78022B10D0181F434243412B
S214025C805B004A78022A0BD0111F4A424A41520050
S214025C900F21044843EA8202FFF7FEBC0123F0E725
S214025CA00122F5E7E16B02002DE9F8430E7804467F
S214025CB0042E0D4690F824810BD100275FFA87F94F
S214025CC0484601F04DFE08B14E4602E00137042F69
S214025CD0F4D1304601F044FE002849D094F824312D
S214025CE0B34209D1AA88D4F8A4309A4204D16A8869
S214025CF0B4F826319A4238D084F82461AB8830460C
S214025D00A4F828316B88A4F82631AB8804F592757E
S214025D10C4F8A430FF2384F8293014F05DFC84F81C
S214025D202800284601F0DCFD18BB284601F00EFECE
S214025D30F8B9D4F8E03053B194F82411414506D0AE
S214025D402046B3F91220F0F7C1FD84F82D01204653
S214025D5001F04AFE0949A4F828010123084AD1F8AD
S214025D60FC1004F1F80003F0A5FF0020BDE8F8835C
S214025D7021200C2384F82431F8E700BF004F00B03E
S214025D80A43F00B070B5054690F824010C460C28D6
S214025D901FD0FF2901D1212070BD1AB14FF0FF326A
S214025DA00D4B1A6014F018FC064695F8240101F013
S214025DB00DFE844228BF0446E4B2B44238BF3446DD
S214025DC0E0B285F8290001F00BFFFF28E3D000209F
S214025DD0E2E70220E0E700BF402C002010B590F872
S214025DE0243104460C2B44D0D0F8E03080F828103A
S214025DF0DBB3D0F8F020D2B990F82D318B421CD309
S214025E0000222046FFF7BEFF48BB1B4B1B7813F051
S214025E10FD0F23D1204601F0E7FD18490123184A59
S214025E20D1F8FC1004F1F80003F044FF16E0B0F9D4
S214025E304020B3F912309A42E2DD0022204694F85E
S214025E402D11FFF79FFF50B9C4F8E000204613F06B
S214025E50D5FE4FF6FF739842014601D1002010BDD1
S214025E602046BDE81040FEF73BBFFF2380F82930EE
S214025E70F4E70220F3E700BF6E2D0020004F00B0CB
S214025E80A43F00B0F0B51D46144B04461B780F46DF
S214025E90164685B05BB1D0F8E030E3B102AAB3F99A
S214025EA01230009200220BF0C8FA05B0F0BD02A92B
S214025EB013F0C0FF9DF808103A462046F0F706FD9C
S214025EC0014626B92A462046FFF75CFFEDE7204644
S214025ED0FFF784FFE9E71846E7E700BF5EF0030036
S214025EE0D0F89830012B01D10020704770B50546D6
S214025EF050498EB014F0CAFBD5F8E0600146AC8D6E
S214025F00C5F8E40026B1336813B15B68002B6BD189
S214025F1018F0C5FB18F0BEFB0123D5F8E4108DF887
S214025F200E30B389D6E90120E31A9BB200FB0322A6
S214025F304148ADF80C3003680292994207D02846D1
S214025F4014F0E5F880223D493D4B88671A613D4CC6
S214025F503B4E00F00BFE0128FBD1236CD907F8D488
S214025F60336CDA01F5D4D5F8E41028460D919DF885
S214025F700E20029908AB03F049FB002831D100F04D
S214025F80F5FD0128FBD12E4A2E49136CDB01FCD409
S214025F900B6CDE07F9D408A901A803F059FD00BB73
S214025FA0AA8D294B5A6495F8243060F3410385F88C
S214025FB0243014F097FAD5F8E03002465B69196887
S214025FC0431EDBB2FD2B049114D9CC1C12D91F4BF5
S214025FD001311B6815D0D81C10D8284604A9049392
S214025FE00AE002200EB070BD1A68032A90D99B6A96
S214025FF05B0E94E7284604A914F05CFA00200EB063
S21402600070BDD91C04D8284604A9049314F052FA89
S214026010D5F84C319B0506D495F8243043F002039C
S21402602085F82430EAE728464FF4803113F006FF5D
S214026030E4E700BFFC4F00B004250020003F00B09C
S214026040000002B800C002B8008001B84C2C002044
S21402605038B590F830510446002D37D018F01FFBA3
S2140260601F221B4B013D5A621540A3F580535D6209
S214026070D4F83421A3F580539A66D4F83821DA6628
S214026080D3F80031DB071AD5D4F8E430DBB11A684E
S214026090122A18D9196D4FF0FF3320290A4628BF55
S2140260A0202219B1C2F120029340DB43084AC2F80B
S2140260B00431D4F89C201340064AC2F80431BDE8E5
S2140260C0384018F0E7BA4FF0FF33EFE738BD00BFAD
S2140260D0006001B8005001B82DE9F84F0746154692
S2140260E00B4611B92120BDE8F88F002AFAD0032901
S2140260F005D8002201F0A4FA03460028F2D01C8834
S2140261009A78B4F5804F02F0070180F0CE80A1F1B4
S214026110070C187993F805B0DE88DCF1000343EB30
S2140261200C0305292B7394BF0023C2F30013C2F39A
S214026130801C6B73930985F810C003F00203C2F348
S214026140C00C43EA0C03C2F34012E8746B74AA74E0
S214026150D7F89030AE82D80600F19380063901292E
S21402616000F28F80B7F81290D7F81C8009F1FF3939
S2140261704F4B083C04EA09045B6D18F80430002112
S214026180802B0CBF6FF07F03323B04F1010418BF73
S2140261905BB204EA0904AB73631D03EA09035A1CE3
S2140261A0A96002EA090218F8022018F8036097F8B4
S2140261B025A046EA022636B2BAF1000F5FD1F104F4
S2140261C056D5D7F8E43013B11B68022B05D841F236
S2140261D0D3724C210020FEF7F5FDD7F8E420C6F373
S2140261E00B0392F82420DB000AB1B3FBF2F39B45C3
S2140261F008D83BB1CBEB0B2BBBFBF3FB6FEA0B0BCD
S2140262005FFA8BFAD7F8EC3023B1504695F90E10A8
S21402621098478246013485F80FA004EA090418F864
S2140262200410013404EA090418F80430013404EABC
S214026230090441EA032118F80430013404EA090487
S21402624041EA034118F8043041EA036116F4804338
S21402625005D0184BDB6EB3FA83F35B095B00384656
S2140262606A7C03F0EFFD06232860AB7100203AE754
S21402627018F804A04FEA4A0A5FFA8AFAC2E78A4680
S214026280C8E700230020EB730B4BDA69C2F307233F
S214026290120448BF63F0FF035AB212F1800F1CBF0C
S2140262A0323B5AB2AA730346DEE702201BE700BF60
S2140262B0004000B8003F00B000C000B8F8B507467E
S2140262C00D4614468BB1FFF7CBF929463846BE8AEF
S2140262D000F06AFEB44228BF3446A4B222462946DB
S2140262E0044800F07DFF2046F8BD13F0D7FF0646AF
S2140262F0F0E700BF0C0000BA70B54FF03A434FF417
S21402630080640A4DD3F818610020C5F81841C5F814
S214026310144104F07DFB4FF400532B67730542BF14
S214026320034BC5F81441C3F8184170BD002000BAEB
S214026330001000BA082310B1024A13647047024ADA
S214026340FBE700BF001002B8002002B8F8B504460A
S2140263500E4619B990F824305A0647D44FF6FF7302
S214026360218ED4F8E470994204D0354B1B680BB1E9
S21402637020469847334D2B68BB4255D0324B1B689C
S2140263803BB11FB13A68002A50D0BF683946204652
S21402639098470727204601F027FB002E3AD005F043
S2140263A0D1F80620294B94F9262093F90030284983
S2140263B0C3F127039B1A0A6ADB0222F4FF2203F4C4
S2140263C0FF2313430B62D4F8E420224B2A6098671B
S2140263D001F06EFC002501211F4A204B1170204659
S2140263E083F8845014F05AF82846F8BD4FF6FF7129
S2140263F0144DD0F8E4702A6866F386139742018635
S21402640080F8243017D0104B1B68002BB9D101F04E
S214026410EBFA072712493B46124AD1F8FC1004F160
S214026420F80003F047FCBAE70127B3E71746204611
S21402643039469847ADE701F0D7FA0127EAE700BFE9
S2140264400C2500200425002008250020FC2800201A
S21402645000C000B8006000B8FE280020003F00B070
S214026460004F00B0A43F00B0054A12681AB190F877
S2140264701E1119B91047084602F05CBA0148704767
S2140264800025002000FEFFFF334B2DE9F7431C6872
S21402649001F4007900F00103174653EA09020646A2
S2140264A00D4632D04FF0000823B30023002201200D
S2140264B00021CDE9008803F027FE41462046FFF77B
S2140264C0D3FF01224146E085104613F071FBD4F853
S2140264D0901004F1F80002F093FA20490868FFF7DA
S2140264E0B1F84FF0FF330B6094F8243043F0040306
S2140264F084F82430B9F1000F07D00121204613F0AA
S2140265009DFC25F4007506430D432B463246204675
S214026510FFF70AF9FB070FD51149124A086800214E
S214026520136811600121104A117003B198470F4B8E
S214026530002102205B68984717F00E0F08D04FF430
S21402654009723B21002003B0BDE8F043FEF73ABCD7
S21402655003B0BDE8F08300BF94220020382C002050
S2140265601425002018250020FF280020302C0020AB
S21402657008B558220021064814F06EFA1022FF21B0
S214026580044814F069FA04F0DDFF002008BD00BFDD
S214026590F43E00B0383F00B073B574210C236D2270
S2140265A0A0F81411822180F824314FF6FF734FF0C1
S2140265B0FF35C0E941120026C0F8002164220446D5
S2140265C0838580F82A301E4BC0E94322C36300F15C
S2140265D0480343641B4B80F82660C0E90C35C0F8BC
S2140265E0A450058503F074FF2046FFF7C1FF94F917
S2140265F026102046FFF78CF96023134A40F6FF71F7
S214026600D3644FF03A4211631167104A2946D364A5
S21402661040220F4B20461A64D4F89020FFF7CEF99A
S2140266200E230022CDE9003340F20223104619461B
S21402663003F06AFD01F0A8F9304602B070BD00BF53
S2140266400700FFFFFFFF4000004000B8005000B800
S214026650002002B8044BD3F8F03E13F0806F14BF4C
S21402666023200020704700BF003000B00246F8B575
S214026670B0F8284100F1F805FFF7ECFF0B688E68CA
S214026680013304BFD2F800310B604B68013304BFFC
S214026690D2F80C314B60771C3BD1D2F80831CF6868
S2140266A08B607E1C3CD1D2F804610F69CE60013744
S2140266B004BFD2F8F8700F614F69013704BFD2F8F1
S2140266C0FC704F618F69013704BFD2F810718F6179
S2140266D08F6967BBC0F1640408688C6110B16D28CD
S2140266E038BF6D20C2F808314B68C2E94006C2E9DD
S2140266F043340B692846C2F8F8304B690F49C2F892
S214026700FC30D1F8FC1007230D4A03F0D3FA002020
S214026710F8BD04F16D031B1AB34238BF3346BEE719
S21402672004F17406361ABE4238BF3E46BDE76D34E3
S214026730241ABC4238BF3C46CEE700BF004F00B02A
S214026740A43F00B038B50446074D21462868621CAF
S214026750003818BF012002F021FB2B680020003B06
S21402676018BF0123A37038BD1C25002038B5054C80
S214026770054B417800782568236002F051FA00B193
S214026780256038BD1C25002068F7030070B517F099
S21402679086FF05460B4E00F0E9F9012805D028468B
S2140267A017F078FF0224204670BDF36813F0706F6E
S2140267B0F1D1F46814F08054EDD1284617F06AFF40
S2140267C0F1E700BF000002B80A4B10B51B6804468A
S2140267D073B1094B48B10121084A1A60022003F03E
S2140267E0A3F90020064B1C7010BD01461860F5E7A1
S2140267F00220F9E71C2500202025002060F7030070
S21402680000290020014B1878704700BF002900209D
S21402681038B517F044FF4FF6FF710A4A13888B42C9
S21402682003D117F037FF0E2038BD074C074D1B0467
S2140268306566A4F580546366118017F02BFF00206E
S214026840F2E700BF6C2D0020006001B80000FFFFD9
S2140268502DE9F74304460F4615461E46FFF734F861
S21402686038B3A38A2BB3204613F031FB78B9744BA6
S214026870D3F8F02E1EB10E2003B0BDE8F08302F06E
S2140268803003102BF7D002F0C002402AF3D0DFF814
S214026890E08103F035F9D8F81430DE07EBD517F0AF
S2140268A0FEFE0646032001F0EDFC20B1304617F04E
S2140268B0F1FE0220E0E7D8F8142012F00608F5D11F
S2140268C0304617F0E7FE5E4B4FF400612046D3F8E1
S2140268D0F09ED3F8D06E04F02BFE40B14FF4007257
S2140268E00121584B08461A64424613F061F93946AC
S2140268F02046FEF7F5F9524BC3F8F09EC3F8D06E69
S2140269000028B9D194F82430980601D4002D57D027
S214026910C5F3400003F07EFF022315F4807F1FBFFD
S214026920494A002113644FF03A420BBF454A91612F
S2140269301364536303F0A8FF4FF4806315F0040F4B
S21402694014BF424A424A15F0400F53624FF0040207
S2140269503C4B28461A644FF0400314BF3D4A3E4A59
S214026960C2F88830FEF7BAFE204613F056FC38B15D
S2140269704FF4807315F0010F14BF334A314A136483
S214026980A90647D54FF6FF72E38F93420FD0334ADC
S2140269903349526E100CC2F301120132B3FBF2F30A
S2140269A008802A4A2A492F481B0448665366003D37
S2140269B018BF012594F8243065F3451384F8243073
S2140269C0204613F068FDF0B1204613F026FCD0B145
S2140269D04FF40031204604F0ABFD431C03229BB269
S2140269E0214801A913F0BEFD9DF8042002F007031A
S2140269F0052B9DF8053016D112070ED443F480738A
S214026A001A4AC2F8D83040F2366003B0BDE8F04306
S214026A1000F016BFFFF7FCFEC9E713F0040F09D11A
S214026A209DF80630EAE703F03002202A05D113F07B
S214026A30010FF4E74FF48073E2E79DF80630DFE7D4
S214026A40003000B0002002B8001002B8005001B8B2
S214026A50006001B800D000B800E000B8004001B8FD
S214026A606C2D00200000FFFF0C0000BA003E00B0B4
S214026A7000C001B808B50F4BD3F84C21531C17D0F1
S214026A8012F0804214D10C4B1B78012B10D9082B24
S214026A900ED00A4B1B681BB111460320FEF77CFE84
S214026AA04FF08062064BDA6401225A6102229A6231
S214026AB008BD00BF0080E00F8E2D0020942200202B
S214026AC0001002B84FF40022034B186C03F5005373
S214026AD01A64C0F3C0407047000002B8024B034A73
S214026AE000201A60704700BF08250020715502007A
S214026AF0024B586900F00100704700BF00C001B8A1
S214026B00084B5A69D10707D508B901F099BA5B69EB
S214026B10DA0706D401F086BA5B69DB0701D40028DF
S214026B20F8D1704700C001B84FF0806310B1024A36
S214026B3053617047014AFBE7001002B8002002B812
S214026B40202350B1064AC2F8F433064B196C11F0F2
S214026B50010104D1032002F0E7BF034AF3E77047BE
S214026B60001002B800C002B8002002B80F4BDB6863
S214026B70C3F30363013B0B2B0FD8DFE803F00606D3
S214026B800C06060606080A080808022070470420B3
S214026B9070470520704703207047054B5B6913F06A
S214026BA0060F0CBF01200420704700BF000002B889
S214026BB000C001B8094AD368C3F303630B2B08D09D
S214026BC06FF49050184100F0010080F00100400080
S214026BD07047106C10F48030EDD17047000002B898
S214026BE00C4AD368C3F30363062B07D8042BD8B228
S214026BF00BD8C31E5842584140007047072B06D197
S214026C00D2F844010028ECD17047022070470020D9
S214026C10704700BF000002B8094BDB68C3F303638A
S214026C209A1E012A8CBF00220122012B02701EBF6F
S214026C304FF4026222FA03F303F001030B7070476B
S214026C40000002B8F0B5CF072CD5002A14BFAA253B
S214026C5055250E461E24154F01F0030383F001034B
S214026C603B449B7806F0070C17F80CC0013C6344C3
S214026C704FEA5606F6D10E4E73436FF481769B0C9E
S214026C8033448AB991FAA1F195FAA5F54A082D0F6F
S214026C90490042EAC57201F0020480F82740C0E9C2
S214026CA02723F0BDAA25D4E7024AF6E780F70300B9
S214026CB036FC1000B756351230B547F6FE74174B41
S214026CC0C3F83042D0F8A05004EA4504144DC5F883
S214026CD030420F245C66CC071ED5EAB901246C66E6
S214026CE04FF0FF34C3F80441D0F89C500C4CC4F863
S214026CF004514FF0F045C3F8105190F82730DB06E8
S214026D002B40C4F8103132B1436C022219604FF0A6
S214026D103A43C3F8F42030BD0224E0E7006001B82D
S214026D20005001B813B590F825300446033BDBB299
S214026D30072B96BF104A0021D15CFEF727FD0120E3
S214026D4001F0E4F84FF4F0620C4BDA644FF4007290
S214026D50A3F58053DA6494F82530053B012B08D856
S214026D600421074B01229B6E0DEB0100019300F0FC
S214026D70FDFA02B010BD00BF78F70300006000B84D
S214026D80004001B8012310B580F816312823C0F858
S214026D90FC300423044680F82530044B196812F0B0
S214026DA009FF2046FFF7BEFF002010BDC4F7030010
S214026DB0012310B580F816312823C0F8FC300223D0
S214026DC0044680F82530044B196812F0F3FE20467C
S214026DD0FFF7A8FF002010BDC8F70300012910B571
S214026DE0044604D90239012915D90E2012E00C4BAB
S214026DF019680523012284F816214FF4BC7284F820
S214026E002530C4F8FC20204612F0D4FE2046FFF7B8
S214026E1089FF002010BD034B19680623EAE700BF6E
S214026E20C0F70300BCF70300012310B580F8163143
S214026E304FF4BC73C0F8FC300823044680F82530B3
S214026E40044B196812F0B6FE2046FFF76BFF0020CF
S214026E5010BD00BFB8F7030038B5184B04461D68CE
S214026E6045B1EB6833B1286801F07EFCAB68186860
S214026E7001F07AFC124B1B682BB1DA681AB19B68D8
S214026E80186801F071FC0F4B1B682BB1DA681AB157
S214026E909B68186801F068FC0B4B1B682BB1DA681C
S214026EA01AB19B68186801F05FFC2046FFF780FF66
S214026EB02046BDE83840FFF735BF00BFC8F70300DD
S214026EC0C4F70300C0F70300BCF70300F8B5D0F818
S214026ED0343104468B420D46164603D190F83031C3
S214026EE0202B0ED0324629462046FFF7ABFE202343
S214026EF084F830310023C4F83451C4F83831FFF72F
S214026F00A7F84FF00077074B32461F642946204603
S214026F10FFF7D2FE8022044B1A6103F500531F646A
S214026F20F8BD00BF001002B8000002B810B5072472
S214026F30144BDC6331B94FF48041A3F58053C3F898
S214026F40041115E04421104B59631049096891F861
S214026F50251007291CBF40F04000986301230C4807
S214026F604FF48041C363074B002AE8D0C0F80411EF
S214026F704FF48042C3F80821C3F80C21C3F810214D
S214026F8010BD00BF006000B8004000B89422002088
S214026F90005000B8034BD3F8F80780F00070C0F337
S214026FA040607047000002B810B590F82500A0B106
S214026FB0304BD3F8BC2012F0060F01D004280DD9AE
S214026FC04FF470622C4BDA604FF48072A3F5805354
S214026FD0DA600022274BC3F8B82010BD02F0020484
S214026FE012F0040202D00B789B0637D4002C39D05C
S214026FF00B7803F00F03072B34D14B78022B31D9D1
S2140270008B7813F03E0F2DD0CC7814F0040F29D0D5
S21402701014F0010F0CBF04230A23A40748BF06334B
S214027020CB5CFBB1002A14BF02220122042840F6E0
S214027030FF7003F01F0108BF4900013940EA013121
S2140270400E4801654FF470600B491202C860A1F544
S2140270508051CA60074AC2F8B830BEE7002CC7D1D2
S2140270608B7823B90023054A13650122EAE7022238
S214027070DCE700BF003E00B0006000B8004000B889
S2140270800A68064B12F0802F1CBF42F20101C3F8B9
S2140270902812C3F88822C3F88C227047004001B831
S2140270A0F0B585B06C460E460B4B074615460FCB21
S2140270B084E80F00094BD3F84822009226B16B1ED3
S2140270C0DBB2FD2B88BF32602A462146384613F0D3
S2140270D0F1F905B0F0BD00BF88F703000080E00FAD
S2140270E030B50823054685B080B9094AC2F8FC3394
S2140270F051B96C46074B0FCB84E80F00064B2A4665
S21402710021461868FFF7CCFF05B030BD034AEDE70D
S214027110001002B898F7030094220020002002B85C
S2140271204FF03A43D3F81421D2031ED54FF48032DF
S2140271300E49C1F81421A1F58051C1F818215A6DE3
S214027140D1B2C2F30722C3F8A410C3F8A4200422C3
S214027150C3F8A4200022C3F8A420C3F8A420C3F8CE
S214027160A420C3F8A420C3F8A4207047002000BAC5
S214027170F0220B4B01219A64A022A3F580539A6455
S2140271804FF03A43426CC3F8F410FC21C3F8CC101B
S214027190C3F8D0204FF40052C3F8F020704700BF67
S2140271A0006000B8F8B50D464FF03A44174606465A
S2140271B017F075FA01230421074A6363E760266124
S2140271C06561C2F81411054AC2F8843117F062FAF2
S2140271D00DB102236363F8BD002000BA00E100E0AF
S2140271E02DE9F04105460124006800F0070006304C
S2140271F004FA00F3A868EC685E1EA04262D000EAB9
S214027200060E6C6810441E430640A3EB0E000EEBFF
S214027210040C8242644618D9D31A0EEB030298B1C4
S214027220431E052B04D94B1CACEB0303022B59D887
S2140272300B460844ACEB010E03EB0E0113F8014BB0
S21402724083420C70F8D101466C688AB1531E052B36
S21402725001F1010302D9E01A022812D80A44611E7B
S21402726000E0013313F8010C934201F8010FF8D144
S21402727017F015FA0223AE60AB62BDE8F04117F0D4
S21402728009BA0B46204622F0030E8E4453F804CB6E
S214027290734540F804CBF9D122F00303D01A9207C3
S2140272A001EB030C04EB0307E2D0CA5C0128E254AC
S2140272B0DED09CF8013002287B70D9D09CF80230D0
S2140272C0BB70D5E7042A35D90878043AA86148780D
S2140272D00431A86111F8020CA86111F8010CA8612A
S2140272E0A8688CE70B4620F003070F44ACEB010EB0
S2140272F01C684EF803400433BB42F9D120F0030366
S21402730010F0030F01EB030EA0EB03040CEB0307D4
S21402731028D011F80380012C0CF8038022D09EF8A6
S2140273200130022C7B7018BF9EF80230084418BF4A
S214027330BB7088E7013A032A12D8DFE802F00F157D
S21402734007020B4613F8012B1946AA610A4612F8E1
S214027350013BAB61114611F8013BAB610B78AB61A7
S214027360BDE8F08108446EE70A46F3E738B50B46F7
S214027370154601464FF03A4468B101221048C4F857
S214027380F4201A46FFF72CFF25B14FF03A430422A9
S214027390C3F8F42038BD73B1D4F8D8209A4284BF1B
S2140273A00122C4F8F4204FF03A42C2F8D430022345
S2140273B0C2F8F430E8E70123C4F8F430E4E700BF8B
S2140273C0CC0000BA38B5044617F069F94FF03A42D5
S2140273D00121238F054651674BB3B3FA83F3C3F1FA
S2140273E01903DBB2A069C2F8B410C2F88C300723C6
S2140273F0C2F89000C2F8B0304FF4A02302F5005253
S214027400C2F81431A2F58052C2F8183100220C4B91
S2140274101A600C4B1B6C5B0209D54FF480020A4BB8
S21402742004F1F8001A64D4F8901001F0E9FA002387
S214027430638707232846A387BDE8384017F02AB992
S21402744024250020000002B8002002B82DE9F843E7
S21402745005460C46B1B1D0F81880078F17F01FF911
S214027460B5F83AC0791E01EA0C0323F00702032C92
S2140274700646DFF8F8E042445ED1DEF8004024B962
S21402748017F008F90E20BDE8F88324F00104DEF8B0
S214027490000020F00100A04253D10023CEF80030B5
S2140274A0238894426FEA43436FEA534323803ED1D4
S2140274B0AB8F08EB07091846083880B202F10804B9
S2140274C04C4528BF4446082804D9B4F800E0BEF567
S2140274D0804F40D263440F431B1A3B409BB26B87DC
S2140274E0A887947811884FF03A42C1F30C0191654F
S2140274F0C2F89830C2F8B0004FF48022174B04F05E
S2140275000704C3F814210122154BC3F88421FFF7A0
S21402751007FE042C0BD14FF48002124B05F1F80043
S2140275201B6C114B1A64D5F8901001F069FA3046BC
S21402753017F0B0F80020A6E7601E012898BF144690
S214027540A5E7A88F4344E31A48BFDB1908389842D8
S214027550A6DC304694E72246AEE700BF002000BA1B
S21402756000E100E0000002B8002002B82425002056
S214027570154B10B519688A8F4B8F088F1344013844
S214027580073B8C69034023F007031C4402F10803FF
S2140275904FF03A429BB28B87C2F8B0304FF480224B
S2140275A00A4BC3F814210122094BC3F88421A078A0
S2140275B000F00700042803D1064AD3681B03FCD454
S2140275C0054B1C6010BD00BF94220020002000BAAC
S2140275D000E100E0000002B82425002010B5064CA9
S2140275E0216839B1CB0703D4044B1868FFF72EFF86
S2140275F00023236010BD00BF242500209422002013
S2140276004FF480320C4B0D49C3F818214FF03A4321
S214027610C1F81421D3F8AC10D3F88C20012302F061
S214027620070206329340C1F30C01083B994201D887
S214027630FFF776BD704700BF002000BA001000BA00
S2140276402DE9F04780460C4616468769058F17F0E7
S21402765026F8B8F83A2005F1FF3C02EA0C0323F0BC
S2140276600701032C82463944B8F83C0019D14A4C2B
S21402767024689CB90244073A02EA0C0222F0070286
S214027680BC183B44E31A48BF5B19834210DB5046E2
S21402769017F000F800242046BDE8F08724F0010425
S2140276A0EFE7012C02D0022CEBD108380C46E8E7B3
S2140276B0002E3FD08C4241D14FF03A42D2F8589039
S2140276C04FF03A41D1F8AC20B8F81270C2F30C026F
S2140276D0934247DA2588B5F5804FD8D2A378C5F30A
S2140276E00C0503F007037A1EA5EB09053A43052BA2
S2140276F0337005EA02052DD82DB2E84340F2414226
S2140277000421C00FFDF75EFB7580E3783374D8F86A
S2140277101C207B1E03EA0903D118B160A9B213FA32
S21402772085F5AF422FBF0023FF1AB780F26024BF51
S214027730B180F360504616F0ADFFACE7A4F1080244
S214027740974284BFED0802EBC502B2F80090C9F377
S2140277500C09B5E7114B5B6D003B18BF0123A5EB87
S214027760C305C9E74B6D7A1EA3EB09033A431A40D9
S2140277700B4915B2002DCB680BDCC3F30363D81E8E
S21402778043424341DB0033708B6C72801B0A3374B6
S214027790BDE70823F7E700BF24250020004000B815
S2140277A0000002B81022024B1A70FFF763B900BF3E
S2140277B08E2D0020054A1378102B04D018B123EA28
S2140277C0010313707047FFF7EDBF00BF8E2D002038
S2140277D008B5134B1349D3F84C215B6823F040439A
S2140277E023F440031B0C1B048B4216D10E4B134092
S2140277F00E4A93420CD10E4A0E4B904208BF1346D5
S2140278001B1A584258410121FFF7D4FF002008BD39
S214027810094A934201D1094AEEE7064BF0E700BF58
S2140278200080E00F00001602007FF01F00026000DA
S214027830E17DF95F690345EC000460009839F4962F
S21402784008B550B1064B1A88824206D2002018802C
S2140278500421FFF7AFFF002008BD0120F8E700BFB4
S214027860E027002010B5044612F0D0FF00B1A08A2F
S214027870034BBDE8104018800020FFF7E1BF00BFB1
S214027880E027002010B5104CD4F84C315B0004D42D
S21402789001F038FE0221FFF78DFFD4F84C31591C57
S2140278A00FD05A000DD4094B1878012809D9A0F137
S2140278B0080358425841A822BDE810403121FDF77E
S2140278C081BA0120F7E700BF0080E00F8E2D00206E
S2140278D0024A137843F00803137070478E2D002077
S2140278E038B5134D0446297819B92022114813F0E9
S2140278F0B3F86188104A23785180002113700F4A2A
S214027900022BC2F8CC104FF0FF010D4A0D4B11703E
S2140279104FF007010C4A4FF00000C2F8FC130CBFF0
S21402792004220122C3F8FC2301232B7038BD00BFBA
S21402793001290020E03F00B06E2D0020004001B873
S214027940912D0020001002B8002002B8034B1A68DE
S21402795002609B8883800020704700BF6E2D002047
S21402796010B5044600F012FE064BD3F8F83724B9D9
S21402797083F40033C3F3404010BDA31E584258415F
S214027980FAE700BF000002B84FF63F720A4BD3F880
S214027990FC37934206D0094AC3F301131370E02260
S2140279A0074B1A7041F66A02064B1B68B3FBF2F3EA
S2140279B0054A1360704700BF000002B8922D0020EF
S2140279C0932D0020442500202825002020B10228DF
S2140279D004D1034B18787047024BFBE70020704730
S2140279E0922D0020932D00202DE9F74FD0F8A420E9
S2140279F04C21022A38BF0222064690F824B16B4870
S214027A00013A036AD0F8CC506948C3F38213D940CE
S214027A100368DFF8C0A19342DFF8BC91654BDFF83C
S214027A20BC8101F0010116D11C788C4213D19AF860
S214027A3000405C450FD1D6F8A84064B1AC420AD1EA
S214027A4096F8295099F80040A54204D1B8F80400E7
S214027A5003B0BDE8F08F98F8004002602046197027
S214027A60FFF7B4FF002900F0888004234FF07F4020
S214027A7000255149C1F8B830504BC3F8B80096F803
S214027A8029301B06C1F8B8304FF080514A4B2C04FF
S214027A90C3F8B41040F27121494B1B68B3FBF1F3F3
S214027AA019215343182BB3FBF1F173D8002C7BD06A
S214027AB0B4FA84F2C2F12002C2F10F03012B38BFDE
S214027AC00123D440A14201D2013B64086A1C03F0A0
S214027AD01F0152008A403B4F121B9208C7F8B02083
S214027AE01A0242EA03121343019305EB052305EB40
S214027AF00325354B40F6970218682B21003818BF2D
S214027B000120FDF75FF9FA222F4B02FB04F01B68F7
S214027B1040F6FF72B0FBF3F00A2358432B4B00F5F6
S214027B207A74C3F8C420019AA3F58053C3F8C4201C
S214027B30A3F58053C3F8CC50D3F8CC3000F58C5064
S214027B40C7F8FC30C6F8A850214D14302C6002F05D
S214027B503BF84FF47A72C7F8A400C7F8F8002B680F
S214027B60B4FBF2F0B3FBF2F3A8F8043096F829302F
S214027B708AF800B089F800306AE7002C14BF102596
S214027B80202596F82930834294BFED182D1805F06B
S214027B90FF0579E7B1FA81F234B1B4FA84F3D21A66
S214027BA0002A89DC0F238DE70F238FE7004001B8F8
S214027BB0402C002002290020001002B8002002B843
S214027BC044250020003F00B028250020006001B8B0
S214027BD02C250020902D00208F2D00206E2D0020B9
S214027BE010B5114B01461B78104C0C2B02D1FF200E
S214027BF0207010BD184612F0EFFC02461846FFF73A
S214027C00E5FE884228BF0846C0B2904238BF1046FA
S214027C102378C0B28342ECD0054B20701868FFF779
S214027C20E3FE2078E5E700BF6E2D0020912D0020B0
S214027C309422002010B50446FCF75CFE78B1154B82
S214027C401B786BB964B1144B1B784BB1134B1B7882
S214027C50013B012B04D84FF40042114BDA6410BDED
S214027C60104BDB6C1B04FAD416F019FD044602F026
S214027C700BFE4FF400420C4B2046BDE81040DA647F
S214027C8002220A4BC3F87C240422054B1A6416F01F
S214027C9001BD00BF03290020042900203025002052
S214027CA0002002B8000002B8001002B800D003504C
S214027CB04FF48022014B9A64704700BF005000B810
S214027CC0F7B50646544C00F061FC01213A20EDF768
S214027CD069FC524B2578524F1E7085BB2846FFF72B
S214027CE0A9FF2378013B012B19D8E37B01A88DF865
S214027CF00430237C8DF80530EBF7D6FBC7F87C54AE
S214027D004FF6FF72474BC3F88420F822A3F5805340
S214027D10C3F884200022424BC3F87C240DE04FF6C1
S214027D20FF72404BC7F87C54C3F88420F822A3F5B0
S214027D308053C3F88420C7F87C543B4B5BE000209A
S214027D40FFF778FF2378013B012B08D8E37B01A8D5
S214027D508DF80430237C8DF80530EBF7A5FB002365
S214027D60C7F87C34002ECBD062685AB32F4B1B6800
S214027D7003EB5203B3FBF2F3013B1B0243F0F8039F
S214027D8026782849022E2A4A1ED0032E4FF6FF7561
S214027D90234826D0012E38D143F00203C1F884507E
S214027DA0C2F884300723C0F87C34E37B01A88DF840
S214027DB00430237C8DF80530EBF74AFB0120FFF7F1
S214027DC039FF17E0F823DBE74FF6FF7043F00103B5
S214027DD0C1F88400C2F884300622114BC3F87C2412
S214027DE0E3E743F00503C1F88450C2F88430042365
S214027DF0C0F87C340F4B4FF080420020DA644FF418
S214027E0080220B4B9A6403B0F0BDC1F88450C2F8CE
S214027E1084300023ECE700BF302500200429002030
S214027E2000C00350006000B8002002B844250020BD
S214027E30005000B8001002B8F0B52B4F06463D467B
S214027E4004460FCE0FC5336885B02B6000F09EFB4C
S214027E5001213A20EDF7A6FB0022244BC3F87C242E
S214027E60A17A627A42EA0142C3F88824217CE27B44
S214027E7042EA0142C3F88424217B627B41EA024043
S214027E80C3F880043B78032B2AD8DFE803F02202EB
S214027E900C178DF8041004218DF805200DEB010057
S214027EA00022EBF7A1FAE37B00228DF80830237C50
S214027EB0042102A88DF80930EBF796FA637A0122BC
S214027EC08DF80C30A37A042103A88DF80D30EBF759
S214027ED08BFA074B187805B0BDE8F040FFF7F0BE06
S214027EE0212005B0F0BD00BF3025002000C00350A1
S214027EF004290020034BDB6C002BBCBF024BC3F8EB
S214027F0088007047000002B8004000B84FF00063D7
S214027F1038B1064AD364064B4FF40032C3F88420C5
S214027F207047044AD364044BF6E700BF001002B859
S214027F30005000B8002002B8006000B82DE9F047F3
S214027F4000F07EFB4FF47A762D4BB0FBF6F6186007
S214027F504FF4FA73734307462A48190E1B02181881
S214027F60294A4FF0000341F1000103F033FB274B8F
S214027F70A0F5807205461A6320B948222B21FCF729
S214027F8021FF01254FF47A724FF0000A6A435346E6
S214027F905008310203F01EFB1C4B1D4AB7F57A7FD0
S214027FA09A601C4B4FEA056819601B4B89460446CB
S214027FB018604FEA152505D29B222B215046FCF766
S214027FC001FF01264FF47A73A8FB030103FB051198
S214027FD07308C01841F100010023324603F0FAFA92
S214027FE00E4B023419600E4B49F10009A4081860C2
S214027FF044EA8974054B013C9C63BDE8F08700BFE8
S2140280004425002020A1070040420F0000C001B80E
S2140280100211010054250020502500204C25002086
S214028020482500201022044BC3F884215A600122FE
S214028030024BDA60704700BF00E100E000C001B802
S2140280401022064BC3F88421C3F88420BFF34F8F57
S214028050BFF36F8F0422024BDA60704700E100E044
S21402806000C001B810B50446A242A2EB0000A3EB82
S214028070010104D2034B01399B6B0133184401F012
S214028080030110BD00C001B838B501250A4B020134
S2140280909D504FF480730446084A8340536616F098
S2140280A0FEFA074AA540137823EA05031370BDE8D3
S2140280B0384016F0EFBA00BF00E101B800E001B8A0
S2140280C00D2900202DE9F84F164605468A461F461A
S2140280D016F0E5FA022E00F09180804616F0E8FAD5
S2140280E05A4B5B4AD3F8209092F891405A6EE4B20B
S2140280F0520744BFD3F82090013404F0030416F06C
S214028100D2FA4846214600F013F98446DAF800000F
S214028110012E04BF01306044ACEB000C08BFCAF865
S2140281200000BCF1804F7DD300F014F98145A1EB2D
S214028130040188BF454BDFF838C188BF01F1FF3123
S21402814001F0030188BF9B6BA0EB090E0CF805102B
S214028150A1B1F90742BF41F61F723E4B5A67BA07F2
S21402816042BF3C4B3C4A5A677B0742BF0022374B12
S2140281709A673C0742BF0022344B9A6511244FF09F
S214028180010A324B05F11002120103EB051BCBF874
S2140281900C0132499C501A6A0AFA05F4586E0B789A
S2140281A0A2EB0902E4B2234372450B7025D34FF4C7
S2140281B08073AB40034220D11CF80520002A40D130
S2140281C00EB3274AF807536607D541F61F7140F2E9
S2140281D00110204B596750675967B90706D51D4BE2
S2140281E01D4A1F491F485A6748675A677A0742BF9F
S2140281F001221D4B1A613B071AD4404616F04AFA72
S2140282000120BDE8F88F194A2D0142F805A042F870
S2140282109C3C16F044FA11490B7823EA04030B70CF
S21402822016F038FA404616F035FA0020BDE8F88F08
S2140282302120FFF75FFE4FF48032044B4046DA609F
S214028240DCE7074A40465366D8E700BF00C001B8DD
S214028250003E00B000E001B800001F1F0D290020FC
S21402826000D001B800000101000002B800E101B828
S21402827005290020024B1878003818BF01207047E5
S2140282800D290020034B10300001185800F00100A1
S214028290704700BF00C001B870B50646FEF728FC5E
S2140282A0044608B1FFF7CCFE00230A4D3046AB6108
S2140282B0EB612B6200F04EF8074BC9B283F89110BF
S2140282C028622CB1FFF7AEFE4FF08062034B1A64B1
S2140282D0002070BD00C001B8003E00B0002002B809
S2140282E038B516F0E5F9084B084A1D6A92F891402F
S2140282F05A6EE4B2520744BF1D6A013416F0D3F92F
S214028300284604F0030138BD00C001B8003E00B0A4
S2140283100346064A103302EB00111B01D1F80C018A
S214028320D158C1F3400112F075B900BF00C001B8C0
S214028330064B1B68434303EB8171054B1B68A3FB8B
S214028340003013F1004341EB000070474C2500203B
S214028350482500200C4A20F04043014610B5002074
S21402836014684FF00042E4FB0320084A890F1268A3
S21402837002FB0300064B9B6B984204D90133013182
S214028380C01A01F0030110BD50250020542500201C
S21402839000C001B8044B01F0F071103041F0030147
S2140283A000011950704700BF00C001B808B522206E
S2140283B0FFF7A0FD4FF48022014BDA6008BD00BF34
S2140283C000C001B870B51646054600B3F9B1F2B161
S2140283D04268104B006803321B68920800F1304076
S2140283E09847044688B9EA68A86803323146920874
S2140283F000F1304012F02EF9044630B9D5E90402F5
S214028400214600F1304012F027FB204670BD2124A1
S214028410FBE700BF482C002070B50C68651C15D021
S214028420C4F302669E42C4F3074530D1A4B2944216
S2140284302DD804EB8506B24229D2141BA50824F0D7
S21402844003040E59340F04D0012C08D00022212434
S21402845002E06B1C51F82320C0E9002470BD0E4CCC
S21402846034F8133042EA03431A686B1C51F823406F
S21402847001EB83014B6822405E4036F0704404D123
S2140284801B0F032B04BF8B681A430024E4E7013555
S21402849001EB8501C1E700BFB0F7030007B501A8ED
S2140284A0EEF794F89DF80530022B02BF40220B4BE4
S2140284B0C3F8FC23C8220A4B5A650A4B0A4AD3F869
S2140284C06032DBB2FF2B08BF03239B0043F47F53CB
S2140284D0C2F8F83303B05DF804FB00BF001002B820
S2140284E0008001B80080E00F000002B800220121DF
S2140284F008B51E4B1A645A649A641D4A51610221D9
S2140285009162DA68C2F303620D2A01D0002AF8D11A
S214028510112218499A631848184AFFF753FF01F0C8
S214028520ADFC174A93685BB9164A93689BB94FF03D
S21402853080620F4B5A61012203F580535A6108BDCF
S2140285401149D268096803F13043032AECD943F88B
S214028550041B043AF9E70C49D268096803F1304370
S214028560032AE4D943F8041B043AF9E7000002B8E8
S214028570001002B830F8030014F803002CF80300C9
S214028580FCF70300E4F703005C2C0020012341F60D
S214028590FF710D4AC2F8803291660C4A53600C4A4B
S2140285A053600C4A5360A2F580425360A2F54042E3
S2140285B0536002F5C032536002F580425360A2F562
S2140285C000425360704700BF0090005000D000B8D1
S2140285D0001000BA005001B838B50324FFF7D6FFE2
S2140285E0114A124B124DDA64FFF758FF114BC3F8CB
S2140285F0E0400123EB6401F083FA4FF460736B6191
S2140286004FF40073EB6411F06DFF0021FEF768FD76
S2140286108022094B1C64A3F580535C64074BC3F8A5
S21402862084215A6038BD00BF0048F000000002B83E
S214028630001002B8005001B800A002B800E100E045
S21402864008B514F0F7FE044B1B6FC3F30043013367
S214028650B0FBF3F008BD00BF008000502DE9F04FDC
S214028660044687B00290894659F8043B5A1C06D144
S2140286702360029BE01A801007B0BDE8F08F3748EF
S214028680C3F301615FEA137B30F8110008BFC3F33E
S21402869007429BB218BF012243EA004011F0E3FFF3
S2140286A04FEAC20A05460AF104032D4823448342D0
S2140286B01BD807230127C846CB4003F001030193CA
S2140286C09300049307FA0BF705EB8203039307F074
S2140286D0940304F108060593039B08F10408AB42D1
S2140286E008D1049954444944BDE71E4B9C42E0D845
S2140286F00020C1E7059B53B917F0420F19D117F0B6
S214028700280F0BD146F8085C58F8042C21E04FF4E9
S214028710206232210020FCF755FBF3E740F60422E4
S21402872032210198FCF74EFB05F5805246F8082CDC
S214028730EAE740F60D2232210198FCF743FB05F5E5
S2140287400052BBF1010F46F8082CDDD158F8042C74
S214028750D24346F8042C04350836BDE7A8F70300D2
S214028760DF4F00B0E04F00B0F8B50646E0B1002497
S214028770144B25461F46144953F8042BAAB913482E
S214028780314600EB8500FFF769FF30B940F6AE329E
S2140287903621BDE8F840FCF715BB0D4B013528180D
S2140287A047F8246023F81400F8BDB242FCD0013426
S2140287B00C2C02D031F81450DEE740F6C8323621CF
S2140287C00020E6E758250020E0270020404000B0C1
S2140287D0E227002070B5044698B1B1B13A4A52F881
S2140287E0043B834213D10023384A116CC907FCD4D8
S2140287F0374800EB830011F036FF364B106001223B
S2140288001A6470BD01330C2B02D1334D2CE00123C8
S21402881052F8041BA142F5D1304A32F81330E3E78E
S214028820C2F3016335F81300110C93B211F0FE0F78
S21402883043EA0043606820D00434CAB2022A2168A0
S21402884008D9D4E90160033AC3E9001698600C34EB
S2140288500C33F3E704D16268C3E90012083403E07C
S214028860012A01D1043419602268531CD8D100228F
S214028870164B1A6003F58053C1E7120F072AEDD88C
S214028880DFE802F00704090D1013181DC04303F5B4
S21402889000531860E2E71A6842401A60DEE703F502
S2140288A08053F6E711F0ABFED8E7012203F58053BA
S2140288B08240F2E7012203F500538240EDE71A6890
S2140288C030EA0202FBD1C9E75825002000C002B8F0
S2140288D0404000B000D002B8B0F70300E027002006
S2140288E00122014BDA647047001002B80122014BE4
S2140288F0DA647047002002B84022014BDA647047FF
S214028900002002B84022014BDA647047001002B819
S214028910064BDB68C3F30363984206D1044A936EA0
S21402892023F0F00343EA011191667047000002B893
S214028930003F00B02DE9F743064611F059FE002429
S2140289408046DFF8909015F0AAFE0DF10701054665
S2140289500DF10600FEF760F99DF806308BB9721C21
S21402896029D011F045FEA0EB0804284615F092FE29
S2140289709DF8063013B99DF807303BB3A642E2D8FD
S21402898024E0D9F80C3013F4603FE8D0D9F8180088
S21402899011F0BCFE731C074603D011F029FEA0EBB3
S2140289A00804284615F076FE17F5007FE0D0384614
S2140289B003B0BDE8F083284615F06CFE9DF806303D
S2140289C0002BC0D19DF80730002BBCD1004FEEE73C
S2140289D000FEFFFF00C000B80122024B98611A6138
S2140289E0704700BF000001B8044BD3F8AC3010B19A
S2140289F0C3F30332027003F00F007047000002B8A0
S214028A00094B01F080011B6C03F480030B4309D170
S214028A104FF40012054B1A62837F1BB10122044BEE
S214028A20C3F80021704700BF000002B8006001B81A
S214028A30005001B810B515F032FE084B04461B680C
S214028A403BB1984728B1002200204FF4806101F024
S214028A5035FB2046BDE8104015F01CBE88250020D8
S214028A604FF604014FF60502044B01201B6C9BB225
S214028A708B4208BF1346024A136670470080E00F17
S214028A8000C001B8074BD3F8483203F00303012BAA
S214028A9003D0022B03D00020704715F0F5BD14F06A
S214028AA00DBD00BF008000502DE9F74F81460F46EE
S214028AB04FF0FF35FFF714FC002601908A462C463D
S214028AC03046DFF8D8B006F110031B015BF803301E
S214028AD003F00308B8F1010F15D13046FFF718FC72
S214028AE002460B4601985146FFF7BCFADBF86430A3
S214028AF006F10802D340DB0739D5002F40D0002507
S214028B002C463E6040460136082EDCD160B3234A2E
S214028B100027D2F808C0916B0CF440330131A4FB55
S214028B200141641941F10001B3F5003F30D1536BA6
S214028B300CF4405C013347F10006BCF5805F22D19D
S214028B40156B15F5807505FB06F647F1000203FB6B
S214028B500266A5FB03323244594304FB0212A3FB0E
S214028B6004341444C9E9003403B0BDE8F08FA842C7
S214028B7071EB0403C6D207B13E6005460C46C1E758
S214028B803D463C46BEE7320242EA13621B02E3E778
S214028B90136B13F5807347F10002DDE700C001B8DE
S214028BA0F8B5062011F047FD044611F021FD42F209
S214028BB01073041B9C42054618D94FF080624F245E
S214028BC00B4B1A6441F26F770A4E0BE011F010FD60
S214028BD0401BB8424FF4837221468CBF002001200E
S214028BE0FCF7F0F8336C5B01F0D5F8BD1A24E9E720
S214028BF0002002B8000002B808B511F09BFD012261
S214028C00054B93F88D3002335B00DBB202FA03F3B6
S214028C10024A536108BD00BF003E00B0002000B803
S214028C20FF2870B505D1FF2931D0072001292CD89D
S214028C3004E0FF2927D10B2827D801214D4B83F8C2
S214028C408C0083F88D104C4B5B689D05C3F3402265
S214028C503BD44FF038435A60484A506E440205D51A
S214028C60474B5B6803F00303022B13D110F400108A
S214028C7077D140F237121B21FCF7A4F801223F4BB2
S214028C80C3F8482209E00B28D0D9212068E0012148
S214028C900720D3E70223C2F848320122394B9A60F2
S214028CA04FF038435A60DA60996A0807FCD11969AE
S214028CB0C907F8D540F2FF32334B9A615A614FF436
S214028CC000722D4BC3F884215A602A4C01213B20A6
S214028CD0ECF768FC94F88D3094F88C202B4943F41A
S214028CE04023063243F4106341F82230284B1D68B5
S214028CF0FFF7C8FE6E08ED070246002328463146F7
S214028D0002F068FC090241EA1061C0F3C05040EA72
S214028D104100204BE067186B10F5807005D14FF4C8
S214028D20D6722B21FCF74EF80220024600230020C2
S214028D30012102F04FFCC4F88000FFF7A3FE40F6C4
S214028D4049435843000DFF2828BFFF20022838BF9A
S214028D500220002184F89000012000F0E5FE0020A9
S214028D6070BD0D4B586800F00300023818BF012092
S214028D707FE700BF003E00B000E100E00080005048
S214028D8000000250001000B8002000B80080035017
S214028D904425002000C001B80040025038B1064BFE
S214028DA093F88C00087093F88D3013707047072381
S214028DB00B700123F9E700BF003E00B02DE9F34136
S214028DC005460F4668461146FFF76EFE0646B0B1E8
S214028DD0AFB1DDE900321B0A43EA0263A5FB038456
S214028DE0094B120A05FB02441A6812B9FFF728FC5F
S214028DF0024600234046214602F0ECFB386030462D
S214028E0002B0BDE8F08100BF4425002070B5FFF730
S214028E10C7FE0021022000F087FE11F0E9FB04469F
S214028E200F4D104ED5F8F4331B070BD515F037FC53
S214028E30BDE8704002220C4BDA6001220B4B1A701E
S214028E4015F028BC11F0D4FB001BB0424FF405729B
S214028E504FF045018CBF00200120FBF7B3FFE1E78E
S214028E60000002B83F420F0000C001B80E290020E1
S214028E70244938B50B78002B42D00122224C2348D5
S214028E8094F88D3002335B0002FA03F5DBB29A40A7
S214028E90856142614FF400721D4BC3F884210023A2
S214028EA00B701C4B40F2C322186C3921C0F3806051
S214028EB0FBF788FF4FF48041174B184AC3F894100B
S214028EC00C2194F88D304B4303F138435B6BD4F896
S214028ED08410994202BFD2F86C31C4F88830D2F8B6
S214028EE06431D4F8880008BFA4F89230B4F892101F
S214028EF000F0DCF8BDE838400121022000F014BE84
S214028F0038BD00BF0E290020003E00B0002000B889
S214028F1000E100E0000002B800E001B800C001B8BD
S214028F2010B50446FFF7AEFD6043044B00F5F4208F
S214028F3000F59070B0FBF3F010BD00BF40420F008A
S214028F402DE9F74FFFF7ECFF0446FFF729FE15F071
S214028F50A6FB0021DFF848810546684688F800101F
S214028F60FFF7A2FD4FF038431E6A03F50033DB68B5
S214028F70074613F0706F1BD1444B5B6913F0060A69
S214028F8016D1D8B1424B611D1868A1FB00B9FFF794
S214028F9079FD534602464946584602F01BFB009BA3
S214028FA0090241EA106100029842019B994105D3E9
S214028FB0284603B0BDE8F04F15F06CBB0021022036
S214028FC000F0B2FD11F014FB8146DFF8D8B0DFF8EE
S214028FD0D8A0DBF8F4331B0742D5002F4FD0DDE9CB
S214028FE00079FFF74FFD390A41EA09614FEA192372
S214028FF0A0FB019700FB0377254B1A6812B9FFF70F
S2140290001FFB024600233946484602F0E3FA4FF0B9
S2140290100C0E844601211F4B013493F88D20361B1B
S214029020931C0EFB02F25B00DFB21B48664402F1A1
S214029030384201FA07F747615663184E01FA03F3FE
S214029040B3614FF03846366A526BA4EB0C04B21A80
S214029050A24214D283614761022000F065FDA7E7B1
S21402906011F0C6FAA0EB0900504540F26A224FF012
S21402907045018CBF00200120FBF7A4FEA9E70222CF
S214029080024BDA60012388F8003091E700C001B88D
S21402909044250020003E00B0002000B8001000B8B2
S2140290A00E290020000002B83F420F002DE9F04FC3
S2140290B04FF00C0A0027B54A054692F88D408846BE
S2140290C00AFB04F303F138431F6392F88C20B04B7B
S2140290D087B0C3F8B4204FF40032AE4B46461A614E
S2140290E00222A3F58053DA604FF03843AA4A1B6A7D
S2140290F092F82413AB46C9B2059192F829130134AB
S214029100C9B20491012104F0010482F8247382F8A2
S2140291102973A21C0AFB04F4500001FA00F003F1C2
S214029120FF390290019004F13844A3EB0903002BA7
S21402913040F3FE800137022F63D9F4220D2100206E
S214029140FBF740FE4FF080539449934A4B66059BCB
S214029150934C03F0F00382F82433049B03F0F003ED
S21402916082F82933894A4FF40033C4F86CB1C2E955
S214029170219BC4F86461A2F8926000260B61844BBE
S214029180C3F8B4600C2392F88D205A4302F1384299
S214029190166315F084FA334632464FF4807E276A09
S2140291A0D4F864C003F110010901615801F003010B
S2140291B0012910D10EFA03F111EA0C0F0BD104EBC0
S2140291C00316BD42D6F80C6100F2D980B54202D22F
S2140291D0B74280F0D7800133082BE3D1714D2C685B
S2140291E0012C40F2E5803AB16849B1F88E3013435B
S2140291F0A1F88E30674B5A6607B0BDE8F04F15F0FF
S21402920049BA4FF0000B614E96F88D300AFB03F315
S21402921003F13843C3F830B015F041FA4FF08051ED
S2140292205E4B039059664FF0384396F88D201B6AC2
S21402923000920AFB02F203F1010902F13842C2F877
S2140292403490544A02331167C4F830B0029A63630A
S214029250554B53485A61019AA3F580539A61016BA4
S2140292608368DB0340F18880D6F88430F26FA9EB7E
S2140292700303A3FB022CD6F8803001F58071ACFB09
S2140292800360A2FB03E39B19A1FB03E640F1000087
S21402929001FB0066B2EB0E026CEB0606120A42EA0D
S2140292A006624244B2EB112F4FEA112603D3013372
S2140292B040F10000921B043E964228BF16463849EB
S2140292C0324A8E6192F89120D1F820C0EB18D2B2C1
S2140292D0896B40F10000654584BF02F1FF32D2B2CD
S2140292E0B1F1FF3F0ED04FF0000E01F1010C994292
S2140292F07EEB000B08D20132B3EB0C03D2B260F164
S2140293000000F4E70244D2B29B462049244B02F006
S214029310030281F89120C3F820B00222009B039832
S2140293200AFB03F303F138431A63226315F0B2F91A
S2140293304FF038431B6A009315F0B1F91B490A69CE
S21402934022F004020A6130BF4FF08051019B164A98
S214029350936102F5E03211670022102122630E4A61
S214029360C2F8841115F096F90D4A009B526E12F05F
S214029370805F3FF4DAAEE5E64646AB46CDE7B54259
S214029380BFF426AF11438AB225E700BF003E00B005
S2140293900080035000D001B800E100E000E001B810
S2140293A000C001B8F0240020002000B800ED00E064
S2140293B011490B78142B01BF0023104E0B7033702B
S2140293C00B7801330B70002A3FF416AF0C4EB6F83A
S2140293D08E301343A6F88E300A4B5A66074A137825
S2140293E00133DBB2022B13707FF406AF0023013485
S2140293F02C600B701370FFE6102900200F29002046
S214029400003E00B000D001B84FF00052014B1A6087
S214029410704700BF00E100E04FF00052034BC3F874
S2140294208020BFF34F8FBFF36F8F704700E100E0DD
S21402943037B50446FFF7AAF801213A20ECF7B2F84E
S214029440E17822791B4841EA0243C0F8DC34E57928
S214029450A37943EA0543C0F8E03423784BB18DF88C
S214029460041004218DF805200DEB01000022E9F717
S214029470BBFF63785BB10421A37900228DF8043028
S214029480E3790DEB01008DF80530E9F7ADFF2278A0
S21402949001235AB1084AC2F8D834627802233AB194
S2140294A0054A0020C2F8D83403B030BD034AF2E7BA
S2140294B0024AF6E700C0035000D0035000E0035013
S2140294C00C4A10B5D2F84C3154680B4A0B499442F8
S2140294D001EA030106D103F4FE43B3F5807F08BF19
S2140294E041F4A061064811F02EF92146BDE810406D
S2140294F011F029B90080E00F14001501E0FFF01FFB
S214029500CF13468B2DE9F84F044610B90020BDE86C
S214029510F88F00F11703B3F5002FF7D21E4A002387
S21402952090461E4F3D789D4218D800264FF0240ADA
S214029530FFF7C6FF216811F02CF9616811F029F9CE
S214029540D4F80C90B14511D123698342DED1062DA1
S21402955008D048F8254001353D7003E052F8041B58
S214029560A14201D10120D2E70133DCE70AFB06F370
S214029570A26812EB030B0CD00BF12301B1F5002FFE
S21402958007D2D15811F005F904220BEB020111F0B3
S214029590F5F80136D6E700BF8C25002011290020F9
S2140295A0F8B50B46002213F8044B944225D91D68E1
S2140295B0854224D106245A791D79124B88181E68D2
S2140295C004FB0503104F33F8063C7B43B3420ED927
S2140295D000238A5A7A43964202D804FB0300F8BD57
S2140295E09D42FAD9013304FB03F2825AF2E740F2B3
S2140295F044423D210020FBF7E5FB0020EFE708335D
S2140296000132D2E7A425002040420F0000202DE9B7
S214029610F84FA2FB018BC74EC74F18EB06069946BA
S2140296206BF10003B74270EB030307D240F23E220F
S2140296300E21FBF7C7FB0220BDE8F88FD9F814A06D
S2140296400C461546BAF1000F04D0DAF80030032BA8
S21402965000F21B81B94BBA4A9F6BA3F58043D3F83D
S214029660EC30C7F314075E00B64B48BF47F400174A
S2140296701B6ED2F8FCA058074EBF4FF440039B0562
S21402968003F0E0731F43B04BD3F8E430990748BFAA
S21402969047F0807747EA456713F006FF012D064636
S2140296A0C9D10028C7D0A94B984200F0FD8003F527
S2140296B0122303F5F863984200F05A81A44B9842AD
S2140296C000F0A781002502462B4600204FF00071CD
S2140296D001F080FF2B46013008FB03F3C7F31301AA
S2140296E000FB0B33A1FB0662A8FB008001FB0522F0
S2140296F0034420339B09C9F80030F60C954B46EA22
S2140297004236FA021C6058BF7642934B934D34445D
S2140297101E602C60BAF1000F00F00881FB014FF0CA
S21402972000038F49C7F381528A5C194648BF640812
S214029730002EB8BF764292066008C2FB0601224699
S21402974001F048FFDAF800100E2908D97D4B7B4A53
S214029750926BDE69D3F80C31F60600F12881C0F36D
S214029760130017F40017C9F8040014BFC42040F20F
S21402977007107C4ADAF81860A2FB04C24FEA5212BB
S21402978000FB02F24FF4FA73B2FBF6F218BF0027A0
S21402979002FB03F3A4FB00C0FA33A3FB063604FB6A
S2140297A007006345864138BF0132D2B242F4006CEC
S2140297B0C9F808C0002A00F0BB80DAF81C70A2FBC9
S2140297C0070624B1B4FA84F30E2B40F3D880E303E1
S2140297D0002E40F0D180B3FBF0F6700000FB0220B2
S2140297E0A0FB07834FEA044EC6454FEA144474EBC7
S2140297F0030309D352001044A7FB0083C64574EB4B
S214029800030306F10106F6D2C6F30E034CEA033C46
S2140298104CF000630629C9F8083049D9DAF8303026
S214029820002B45D00023C9F80C30C9F8103013F0CD
S2140298303BFEDAF83010FFF7B3FE044618B1837821
S214029840002B40F0CC8013F0EFFDDAF83010FFF773
S214029850A7FE0446002869D08378002B66D040799C
S2140298604FF4AE62003818BF01203D21FBF7AAFA7A
S214029870207940F2715200384FF03D0118BF0120A6
S214029880FBF7A0FA237962794BE0042BDAF828700A
S2140298907FF402AFFB014CBF4FF4400307F0E073C6
S2140298A027F0E0771F43F7E600232F481D4613E70D
S2140298B013F0FAFD2C68002C00F0AF80B4FA84F3A3
S2140298C0D3F1020358BFDC40284B9C4288BF640891
S2140298D0002875D0B4FBF0F3642100FB134201FBB1
S2140298E002F2904203F1FF3200F2A6805D085308AE
S2140298F0013D1B0243EA0515C9F80C5013F09AFD08
S214029900002800F09080B4FBF0F2642100FB1244C1
S21402991001FB04F4A04200F28D80531E52085B083D
S214029920013A1B0243EA0213C9F81030002083E60C
S214029930212081E6006CCA88807C814A008001B8BA
S214029940004F00B0004001B8000002B800F0490223
S214029950005A6202AC250020A8250020A42500207B
S214029960CCF70300D34D62100A3BB2DF3FBE402560
S214029970002335481D46AFE61046002630E7C3F101
S2140299800F0E03F1110806FA08F820FA0EF040EA64
S2140299900800AEF1200826FA08F840EA080026FA7F
S2140299A00EFE013004FA03F34EF1000610E702F44D
S2140299B0801203F400131A4308BFC0F58010CEE6E7
S2140299C0631EA51E5B086D08013B2D0245EA0315C2
S2140299D040F2C2422B210020FBF7F4F98CE74079D3
S2140299E040F25552003818BF01203D21FBF7EAF934
S2140299F0207940F25652003818BF01203D21FBF76D
S214029A00E1F9237962791B0243EA0213C9F80C30A2
S214029A1019E700230D481D465EE66FF01F05002875
S214029A207FF46AAFD4E740F2E5422B21FBF7CAF98E
S214029A30621E72E71446FBE79D1E6D085308013B43
S214029A402D0245EA031557E7313641DCD694BFD6D8
S214029A5010B5044686B059B9214B4168D3F8FC309C
S214029A60827A2048059300686B46FFF7CFFD694669
S214029A701D4B0A685A631A4BD3F8FC3033B34B6853
S214029A8043B11A4B1A4AC3F80C214A68A3F580530D
S214029A90C3F80C218B6843B1144B164AC3F8EC206A
S214029AA08A68A3F58053C3F8EC20134AC868D2F834
S214029AB0743123F4EE630343C2F87431D2F86C3186
S214029AC0096923F4EE630B43C2F86C310020228945
S214029AD00A4B9A6203F5A033186406B010BD00BFA5
S214029AE0004F00B094220020008001B8006001B848
S214029AF0FFFF0F00FFF8FF0F000002B8004000B89B
S214029B00064B9A6E920607D55B6E002B4FF4804387
S214029B10B4BF034A034AD364002070470080005053
S214029B20002002B8001002B8064B1A6C9207FCD44A
S214029B30022240EA01205860034B1A640122034BBA
S214029B401A70704700C002B800D002B8122900206E
S214029B5040B10368012B05D90069034B002808BFF2
S214029B601846704700487047D4F7030010B590B106
S214029B700468012C0FD902696AB11168094B102CCE
S214029B80196051685960916888BFD268996094BF1D
S214029B90D960DA6010BD10220021024810F05CFF86
S214029BA0F8E700BFB4250020064B586E5B6AC0F388
S214029BB00112000C02FB000003F01F0301331844DD
S214029BC0704700BF004001B8084BC1171A68A2FBD5
S214029BD0000302FB013310F1807043F10003400ED4
S214029BE040EAC310803820EAE0707047C42500209F
S214029BF00722194B70B5DA63184B194A1D68194BC0
S214029C00EC08E005C0184FEA153141F100010023C7
S214029C1001F0E0FC144B154E18601548FFF7D4FF10
S214029C204042C6F8DC0049F65800FFF7CDFFC6F8FA
S214029C30A8001048FEF78EFB024660B1E30150080A
S214029C4018184FEA15714FF0000341F1000101F0B8
S214029C50C1FCC6F8B40070BD000002B8442500205E
S214029C6065CD1D00B2E60E00C4250020003F00B000
S214029C707011010040420F0010B5044698B10B4B1C
S214029C80D3F8FC00FFF772FF4FF47A7303FB04F07D
S214029C90074BA0F57A60DA689B681044C01ABDE8E4
S214029CA01040FFF791BF49F64040F8E7004F00B07A
S214029CB0B42500202DE9F8430546084614461E46FC
S214029CC0FFF754FF05B306F0020716F004061DD18F
S214029CD0D7B14FF47A706B685843002B40F08C80F3
S214029CE0FFF772FF20636B69002B00F08C804A4AF4
S214029CF0D0684FF47A7202FB0300A0F5FA50FFF721
S214029D0063FFE062002E58D1BDE8F8832869002878
S214029D1069D04FF47A7358433F4BA0F57A609B683C
S214029D20C01AFFF751FFA062A88B00285ED04FF43E
S214029D307A735843384BA0F57A609B68C01AFFF7CF
S214029D4043FFE061354BE968D3F80080002950D024
S214029D504FF47A735943304BA1F57A619A685B687F
S214029D60891AC91A2E4BC8171A68DFF8BC90A2FBCC
S214029D70011302FB003311F1807143F10003490E17
S214029D8041EAC3118039274B2162D3F8C43063629B
S214029D90D9F8003053B1404610F07DFB30B1224670
S214029DA0D9F800301C49D8F8D80098470021A8698D
S214029DB0FFF762FF6063002F8BD1A86830BB47F2C3
S214029DC03050FFF701FF60614FF47A702B685843FA
S214029DD02BB1114B1B6803F51C5310331844FFF7C5
S214029DE0F3FEA06190E749F640409AE749F6404004
S214029DF0A5E749F64041B5E7074B1B6803F51C5338
S214029E00103318446CE747F2305078E74FF47A7311
S214029E105843A0F5FA50D4E7B42500209422002037
S214029E20C4250020003F00B0B025002008B9FFF787
S214029E30BBBE034881420CBF2F20BC20704700BF28
S214029E4048E8010038B5054608461C4610F0FAFBFD
S214029E500246D5F8E400FFF77BFE4368A018002B05
S214029E60044AA8BF4FF4FA721A44034B92FBF3F269
S214029E70104438BD0CFEFFFF18FCFFFF70B588B01B
S214029E806D46124C0FCC0FC594E80F0085E80F0004
S214029E90D82200210E4810F0DFFDAC2200210D482A
S214029EA010F0DAFD202200210B4810F0D5FD10F04C
S214029EB006FD0A4B1B783BB16D46044E0FCD0FC60E
S214029EC095E80F0084E80F0008B070BDE03F00B0D0
S214029ED07C3E00B0543F00B0E04F00B001290020A5
S214029EE0084BD3F84C31591C0AD05A0008D4064BFA
S214029EF01878012804D9A0F108035842584170473F
S214029F00012070470080E00F8E2D002008B514F067
S214029F10C6FB0E4B1A78A2B90D4A126812F4843F99
S214029F200FD10C4A1021D1641B7863B9084B1B6809
S214029F30DB0508D4074B2022DA64BDE8084014F09B
S214029F40A9BB054AEEE7044BF5E700BF1829002037
S214029F50A00D0020002002B8001002B80A4B1978A3
S214029F6001F0FF0229B10021197008499202C1F8D6
S214029F700421597801F0FF0229B100215970930299
S214029F80024AC2F80831704713290020005000B870
S214029F90064BD3F8F00E064B5B6C1A0103D4054B46
S214029FA09B6E1B0401D500F580707047003000B030
S214029FB0000002B8004000B810B514F070FB0E2185
S214029FC004460320FEF7A4FC40F20122034B20467F
S214029FD0BDE81040DA6214F05DBB00BF004000B876
S214029FE038B514F05CFB4FF00043244C0546C4F829
S214029FF08030BFF34F8FBFF36F8F0123C4F88430D6
S21402A000BFF34F8FBFF36F8F0223C4F88430BFF3C2
S21402A0104F8FBFF36F8F0423C4F88430BFF34F8F84
S21402A020BFF36F8F0823C4F88430BFF34F8FBFF39C
S21402A0306F8FFFF7F1F91023C4F88430BFF34F8F08
S21402A040BFF36F8F2023C4F88430BFF34F8FBFF364
S21402A0506F8F4023C4F88430BFF34F8FBFF36F8FE8
S21402A0604FF48063C4F88430BFF34F8FBFF36F8F13
S21402A0702846BDE8384014F00DBB00BF00E100E002
S21402A08038B514F00CFB05464FF000430A4C23602B
S21402A090012363600423636008236360FFF7B4F957
S21402A0A01023636020236360402363602846BDE874
S21402A0B0384014F0EFBA00BF00E100E0012370B5AB
S21402A0C0074C2370074B1E68074B3240D3E90053F8
S21402A0D019402840FCF7D8F90023237070BD00BF52
S21402A0E016290020CC250020A00D00200022044BBB
S21402A0F01A70044B197811B11A70FFF707BF704730
S21402A10017290020182900202DE9F047DDF820A0A5
S21402A11003EA0108099B06460D4602EA000703EA1F
S21402A1200A09BAF1000F40F05281031F0B4300F0F8
S21402A1301281052871F1000380F0E88050EA0103DD
S21402A14000F07881431E0B4300F02881FFF748FF9A
S21402A150B94AD2E9004323EA050324EA06043C434B
S21402A16043EA0807B54BC2E900471E6826EA0A0614
S21402A17046EA09061E60FFF7C9FE14F02A4F14BF0E
S21402A18048F202034FF40043AD4AB007D26EAD4820
S21402A19048BF43F4005383EA020122EA0302C2667E
S21402A1A0A94A0B408166D366C4F380421203210398
S21402A1B048BF42F48072E30648BF42F40052A34B03
S21402A1C0A50648BF42F400726006D3F80C3248BFB8
S21402A1D042F48062210648BF42F400629C4882EA4A
S21402A1E0030123EA0203C0F80C329A4B0A4017F422
S21402A1F0007FC0F80812C3F80C22974B07F40072CF
S21402A20000F0048101224FF4802583F88820E304BD
S21402A21048BF45F48035A00348BF45F48015A10722
S21402A22048BF45F4001514F4001FDFF8688206D014
S21402A230D8F8000010F065FB08B945F40025E202E4
S21402A24048BF45F40035FB06844B48BF45F48005FD
S21402A2501A6A834985EA020323F001031A400A6256
S21402A2601D40CB617F4B16F0010F1D627E4B7F4A6D
S21402A27018BF1A467E4B7D071B6F48BF42F000622E
S21402A2807C4882EA030123EA020303677A4B0A4008
S21402A29041661A67794A04F00103926CA0F5803091
S21402A2A083EA020122EA03028264754A0B40416491
S21402A2B09364D8F80020200248BF724B92F8F6202A
S21402A2C058BF714B610748BF43F4806322B114F450
S21402A2D0C06F18BF43F4807332074FF03A42BDE8AE
S21402A2E0F047D2F8181148BF43F0004383EA010250
S21402A2F022F4A02265481140C0F818111340C0F895
S21402A3001421634AC2F81831FFF7BABEA0F580637B
S21402A3100B4306D020F48063A3F500730B437FF44F
S21402A32015AF14F0BCF94449D1E9003223EA06031A
S21402A33022EA050242EA08023B43C1E90032554AD4
S21402A340126892F8F610514A09B313F4C06F1ED081
S21402A3504FF4807311E014F0A2F9374AD2E90031C3
S21402A36023F004033B4341EA080157EA0807C2E91F
S21402A37000314FF48063454A0BD0C2F81431A2F57F
S21402A3808052C2F81831BDE8F04714F083B94FF492
S21402A3908073C2F81831C2F81431F4E714F07FF96A
S21402A3A0254AD2E9003123F001033B4341EA080182
S21402A3B0C2E900310123384A57EA08071BBF536433
S21402A3C0A2F580529364936408BF5364DBE750EAB5
S21402A3D001037FF4BBAEBAF1010F7FF4B7AE14F0FF
S21402A3E05EF9164A136823F0010343EA0903136071
S21402A3F04FF480631F4AB9F1000F04D05366A2F5EA
S21402A40080521367BFE713675366BCE793F888105A
S21402A41071B183F88820214BD3F8A41003F50053BA
S21402A420C3F8A410C3F8A0104FF05023C3F8A4201A
S21402A4300025ECE6BDE8F087A00D0020CC25002024
S21402A440004000B8006000B8005000B8004001B8F4
S21402A450006001B8005001B8003F00B0000002B82A
S21402A460002002B8001002B8041C000304180003FF
S21402A47000C001B800E001B800D001B800C000B8C2
S21402A48000D000B80D0A0A09090A0A09002000BA13
S21402A490001000BA9422002000E000B800400050ED
S21402A4A0024B5868C0F3C000704700BFA00D0020E2
S21402A4B0024B186800F00100704700BFA00D002094
S21402A4C0024B5868C0F3C030704700BFA00D002092
S21402A4D010B50446FEF780F8FFF782FD2046FCF72B
S21402A4E047FEFEF703F8FDF729FDFDF79BFDFFF794
S21402A4F07FFB13490723134AD1F8FC1004F1F80036
S21402A500FFF7D8FB4FF080710020FDF743FF4FF0B6
S21402A51000720D4B4FF400110120C3F80021FDF725
S21402A52039FFFEF79DFA20B940F292321421FAF76B
S21402A53049FC10F0C2F9BDE810400120FDF7C0BB8F
S21402A540004F00B0A43F00B000D001B88023074AF5
S21402A5501364082340B11364054AD2F8C83E23F0B8
S21402A5602003C2F8C83E7047024AF4E7001002B859
S21402A570003000B0002002B810B514F090F80121A7
S21402A58004460020FFF7E2FF044B1961044B5B68A8
S21402A59098472046BDE8104014F07CB8000002B888
S21402A5A0302C00202DE9F04182B014460646FFF713
S21402A5B0A7FAFCF79DFA002800F0B5805E4B5D69AD
S21402A5C015F0060540F0AF8014F069F8237900957F
S21402A5D0022B05464ED1237B022B39D00320FDF7F2
S21402A5E051FE20B9554BDB685B0440F19E80A37B8D
S21402A5F094F80C80003B18BF0123A2685049B8F1BA
S21402A600010F01920B7074D000234E4A4E4E137007
S21402A6103278002A79D10420FDF736FD0420464F11
S21402A62042467B6F0DEB000123F0F85323F4F81338
S21402A63043F0506343F480337B670223FDF742FD09
S21402A6400446002865D001213022404B3170DA647E
S21402A6503F4E336898472128044604D10121002042
S21402A660736898470024284614F014F8204602B06F
S21402A670BDE8F0810320FDF705FE002855D12279BA
S21402A680D6F80031012A226830D0D01A0090002075
S21402A690294B304A30495A679867637B2F4A23F022
S21402A6A040000028C3F380130B700CBF0123002365
S21402A6B013702B4B2A4AD3F8C83E4FF003000CBF48
S21402A6C043F0200323F02003C2F8C83EFDF7DCFC6B
S21402A6D0194B244A03205A67694601232279FDF75B
S21402A6E0F1FC20B30122204B1A7074E79A42CDD3B4
S21402A6F0CBE72379022B87D0009BD6F800114FF0C8
S21402A70000080B44134401937EE73370FFF7FEFB09
S21402A71081E70320FDF7B8FC28460E4A124B7A67FB
S21402A7201C7013F0B7FF0E24A0E72846F9E7284668
S21402A73013F0B0FF212499E700C001B8000002B868
S21402A7401B2900201729002018290020001002B813
S21402A750302C002000000101192900201A290020AF
S21402A760003000B0010C0100152900202DE9F3414C
S21402A7700D460024074613F092FF214B064620465C
S21402A780DFF88C801C70FFF7E1FE1E4BC8F87430B1
S21402A790C8F878406879431E58425841FBF7CAFD0C
S21402A7A040F60143C8F878302A792968012AD7F892
S21402A7B0083101D1994200D3CC1A042303200DEBB1
S21402A7C003010194FDF77EFC50B988220E4B3046F9
S21402A7D01A6413F05FFF2124204602B0BDE8F08120
S21402A7E00A4D2B6898472128044604D101210020EF
S21402A7F06B6898470024304613F04CFFECE700BF26
S21402A8001529002000000101002002B8302C00208B
S21402A81000C001B8F8B5194C0546207840F2E4426B
S21402A820B0FA80F03E214009FAF7CCFA55B96078C2
S21402A83040F2E442BDE8F840B0FA80F03E2140091A
S21402A840FAF7C0BA4FF440660D4F0E4DD7F80431F2
S21402A85040F2E442C3F381232370C5F804616078B2
S21402A8603E21B0FA80F04009FAF7ACFAD7F8083180
S21402A870C3F381236370C5F80861F8BD132900206D
S21402A880004000B8006000B8F8B5084C084D236CCC
S21402A8900423084F2B64236C5B0300D4F8BD042604
S21402A8A002203E640FF0ABFE2E64F4E7000002B80E
S21402A8B0001002B8002002B8A82238B51A4B1D6C48
S21402A8C003F500531A6410229A60A3F5804302F13E
S21402A8D000521A675A66FFF741FB144B1B7813B9EE
S21402A8E00320FDF7D1FB0024114B9C67FFF7CCFF3A
S21402A8F0104A114BD2F8F01E0B40C2F8F03E04226A
S21402A9000E4B1A640E4BAA06C3F8D04008D503F5C0
S21402A91080739B6FB3F5817F22BF8022024B1A6140
S21402A920BDE83840FBF774BF000002B815290020C6
S21402A93000C001B8003000B0DF0000FF002002B8FF
S21402A940003E00B010B551B920B3154BDB681B0EA4
S21402A95013F00E0F1ED1134B1B6CD9071AD4FFF738
S21402A9602BFB0F4C0020FEF73FF8032801D00928E6
S21402A97005D1A36ADA07F5D4636CDB03F2D4FFF7DA
S21402A98083FF0122084B5A6102229A62042203F5CF
S21402A99080531A644FF4C062044BDA6210BD00BFE3
S21402A9A0000002B800C002B8001002B8006001B889
S21402A9B008B503210920FDF7ABFF2022014B1A61DF
S21402A9C008BD00BF000002B80D4A10B5D2F8A0308C
S21402A9D0D2F8A4100B40B3F1804F0CD34FF0404096
S21402A9E00849094CC1F8A400D467C1F8A0004FF486
S21402A9F08021064AD161034AC2F8A03010BD00BFCA
S21402AA0000400050006000500000FF01001002B835
S21402AA1038B5054613F043FE0E4B04461868FCF79D
S21402AA20D1FC35B1FFF762FB2046BDE8384013F093
S21402AA3031BE094B1B78002BF6D0084B1D78002D33
S21402AA40F2D1FFF753FB2A464FF480400021FFF76E
S21402AA5035FBE9E79422002017290020162900205A
S21402AA602DE9F84F584B06460D4614461B6C002A35
S21402AA7040F0A68013F0A00F14BF4FF001094FF06C
S21402AA800009FBF7C5FEA0234FF0000ADFF8588145
S21402AA900320C8F84030FDF7F7FA0420FDF7F4FA71
S21402AAA04A4FFFF723FB4A4B4FF0040B7B67C7F86E
S21402AAB078A0FFF7E9FE474B4FF48071D3F8C82E13
S21402AAC042F02002C3F8C82EFF22C8F808203E4AE9
S21402AAD01161D3F8F02E40491140C3F8F01EC8F8B1
S21402AAE040B0C3F8D0AE7B6913F0060F04D0FDF772
S21402AAF05DFC5846FDF7C8FAB9F1000F08D04FF4CE
S21402AB000062364B1A644FF40042A3F5E0339A66AD
S21402AB1066B1334BDB6C190701D4FFF74DFAFFF72A
S21402AB2047FF0420FDF7B0FAFFF718FA264B5A69DA
S21402AB30D20743D5DA6812F0706FFBD1294B2A4E42
S21402AB402A4A3364936E23F0F003936615B12046C7
S21402AB50FFF75EFFFFF7C4F908B1012373616CB318
S21402AB601F4BDA6E03F500539A6603F5D0331B6A61
S21402AB701D4A23F00103D3611D4BD3F80C1203F5D3
S21402AB800053C3F8081203F50053D3F8841003F5F4
S21402AB90005399674FF03A43D3F8181103F5005360
S21402ABA0C3F81411134B996C03F5005359641249F8
S21402ABB003F5803359664FF608431364BDE8F88FF1
S21402ABC04FF000095DE700BF000002B800C001B800
S21402ABD000000101003000B0DF0000FF001002B8E4
S21402ABE0004000B810003000002002B8003F00B05D
S21402ABF0004001B800C000B85000002F9D4B2DE960
S21402AC00F04F9F6EDB6E85B01F409B4B9F664FF0EA
S21402AC103A43D3F81451D3F818311D40974BC3F872
S21402AC201451974BD3F80822D3F80C3202EA0309E0
S21402AC30944BC3F8089203F52043DA691B6A02EACA
S21402AC400308914B08F47702DA61904BD3F804229A
S21402AC50D20605D4D3F80431C3F30016DB0653D567
S21402AC6013F01DFD8A4B5A695E6E1B6F12F0060FBB
S21402AC7006EA0306874A26F0007314BF4FF0010A5D
S21402AC804FF0000A23F400637407536606D5824A1F
S21402AC9092F891300133DBB282F8913013F0FAFC6D
S21402ACA0002F00F0E48017F4004300F0D58013F084
S21402ACB0F6FC0146FFF76CF90446784BD3F800B071
S21402ACC0DBF80020DBF800309A42FBD0DBF80020ED
S21402ACD09A42FBD0FFF75CF9A04217D1084613F060
S21402ACE0D9FC6F4B1C606F4BD3F840B01BF4E0529C
S21402ACF00ED124F07F4424F0DF040CB9FFF7DCFD0C
S21402AD004FF0807B002414E0B246C9E70446D7E73A
S21402AD100192FFF7D1FD5C4B019A1BF480541A6432
S21402AD2040F09C801BF4806F0CBF4FF0805B4FF0AE
S21402AD30806BB80715D55B4A5348126C02F4604123
S21402AD400164002900F08D80110400F18D8012F458
S21402AD50005F0CBF4FF000524FF0006200244BEA37
S21402AD60020BC7F340377F004F4A2A40002A4BD0D7
S21402AD7015F4206F0AD040F6A31206210020FAF737
S21402AD8021F80020FFF744FE25F48025EB0506D5C2
S21402AD90FF213D4A4BF4C06B9160FFF70DF915F0A9
S21402ADA0090F0BD040F6B81208210020FAF70AF86D
S21402ADB0FFF7FEFD4FF03A420121516315F0106F86
S21402ADC00CD040F6C11209210020F9F7FBFFFFF76D
S21402ADD0EFFD002211461046FCF7C8FA15F4202FA4
S21402ADE00AD040F6C91207210020F9F7EBFF00202F
S21402ADF0FFF70EFE25F48025E80301D5FCF700FCDC
S21402AE00002DB8BF47F0080769070ED54FF03A4243
S21402AE10126B12F4005F4FF4005217BF1749234912
S21402AE200A634BF4000B08BF0A636A0548BF4BF07F
S21402AE30040B15F48023019300F0A480FCF798FB22
S21402AE400138062834D8DFE810F01A011D011A016D
S21402AE5020012301260126019B4653E74FF0804B33
S21402AE6050E74FF0007279E74FF0004276E7BB46B4
S21402AE703C4679E7004000B8006000B8002000BAFF
S21402AE80004001B8006001B8002002B800E100E00E
S21402AE9000C001B800E001B8003E00B074F703003D
S21402AEA0C8250020000002B8090B0B89001000BA62
S21402AEB040F6FA1203210020F9F784FF4FF03A40D9
S21402AEC00121D0F88C20D0F8AC3002F0070206320E
S21402AED001FA02F2C3F30C0CA2EB0C0292B2072A9E
S21402AEE012D9774A126C53020ED4764BC26CC06EDD
S21402AEF05B6D5BB102F0070206329140C0F30C00B4
S21402AF00091A89B2072901D84BF4007B6E4A1278D7
S21402AF10002A37D04FF03A42D2F8142112F4A02F6A
S21402AF2030D16A4A6A4912789AB9F20411D40A7878
S21402AF307AB14FEADB02674842EA447282F00102C3
S21402AF40D0F8F00E02F00102520020FA02F2930745
S21402AF5018D10420FDF798F85F4A60485067FFF75B
S21402AF60C5F85B490A784AB95D4A127832B15D4A39
S21402AF705D4912680BEA02020A4201D14BF4804B89
S21402AF8026F48056B9F1000F1DD019F4805F18BF61
S21402AF904BF4802B19F4807F18BF4BF4002B19F466
S21402AFA0005F18BF4BF0100B19F4007F18BF4BF070
S21402AFB0200B19F4806F18BF4BF0400B19F4006F8A
S21402AFC018BF4BF0800BB8F1000F3AD018F4802F60
S21402AFD018BF44F4007418F4803F18BF4BF4805B2B
S21402AFE018F4801F18BF4BF4003B18F4001F18BF5C
S21402AFF04BF0020B18F4003F18BF4BF4801B18F4FA
S21402B000800F18BF44F0100418F4002F19D0314AEC
S21402B010D2F8C82E12F0C00F13D02949CA68C2F35C
S21402B0200362032A01D0072A05D14A6CD00602D44D
S21402B0308A6C110732D54FF400212C4A28F40028D6
S21402B040D161002E00F01881320540F18A8028482E
S21402B050DFF88490C2782749002A51D04FF4006363
S21402B060013AD2B24B66C27032B9234A1278C2B1E2
S21402B07040F60141214A5167002200216EE04BF45E
S21402B080803B1BE74BF4006B18E74BF4806B15E72D
S21402B0904BF4807B12E74BF0080B0FE74BF4001BD8
S21402B0A0CFE7D9F8782012F4A05F15BF4FF480726C
S21402B0B040F60142C9F85820C9F87820DCE700BFFC
S21402B0C0000002B8004000B8182900201729002006
S21402B0D01A290020003000B000C001B800000101AB
S21402B0E019290020A00D0020088D0100002002B8BA
S21402B0F00529002000E001B81529002000D001B87B
S21402B1000320FCF7C1FFD9F81420A34B12F0060F58
S21402B11004BF41F61F72A149A14808BF4A674FF40F
S21402B12000619E4A5166D9F8142012F0060208BF42
S21402B130C9F87820B3F88E2012F400615DD022F4AC
S21402B1400062A3F88E20027802F0FF09002A58D186
S21402B150FDF72CF9FFF7B0FB4A4620214BEA020B1B
S21402B1600C43B30009D52E20FCF7C4FE4FF0005165
S21402B1708A4A44F0080411675166F00606D52B2069
S21402B180FCF7B8FE1021854A1167516616F0306F3B
S21402B19005D1F1045DD5BAF1000F00F0A7803201A7
S21402B1A011D52920FCF7A6FEFFF77AF948B17D4AA9
S21402B1B07D487A494A66026700F54050C0684304F3
S21402B1C022D444F0040416F0007A28D00420FCF7B7
S21402B1D05BFF2720FCF78EFEFFF76EFB4FF0007139
S21402B1E06E4A5166714AD2F8F01E490678D4704A01
S21402B1F00221916044F0020428E002784FF40052E3
S21402B200ACE74FF4004238E70A6720204A66FCF7AC
S21402B21071FE2D2044F00C04FCF76CFED3E716F00A
S21402B220807FDFF8909146D00420FCF72DFF28207F
S21402B230FCF760FED9F87820002A39D1FFF73CFBEC
S21402B240564A584944F00104116751660021594A8A
S21402B2509165320405D5584A126890474BEA000BAE
S21402B2600C43730508D555498A78002A00F08E806B
S21402B270013A8A70002217433A4658462146FEF79C
S21402B2801DFF019B0BB1FCF7A9F901224C4B05F0FF
S21402B2900435C3F814514B4B18F4002FC3F884211D
S21402B2A01EBF4FF40022424BDA6105B0BDE8F08FB4
S21402B2B0C9F878A0C4E7F004C8D50420FCF7E4FE79
S21402B2C0414AC9F87420FDF771F8D9F8642012F0E3
S21402B2D0407FBBD12A20FCF70DFEFFF7EDFA81E78F
S21402B2E0D2F8C82E930685D4384A81E733490A79BC
S21402B2F052B1013AD2B20A7112B92B4A3449516795
S21402B30000224BEA020BA4E70420FCF7BDFE032052
S21402B310FCF7BAFE274A2C49516713F0C0F981465A
S21402B3200DF10F00FDF760FB2A4A824612780AB139
S21402B330FEF742FEBAF1030F0ED1DFF8A0A00020FE
S21402B340FDF752FB032807D1DAF82820D007F6D4F7
S21402B350DAF84420D103F2D49DF80F20032A06D14E
S21402B36001211D4A4846117013F094F9C8E74FF0C0
S21402B3703A42D2F8142112F4A02FF1D1FEF7B6FE0B
S21402B380484613F087F94FF48042BAE70220FCF7EA
S21402B3907BFE01226FE700BF003E00B000E001B86E
S21402B3A0152900201000002000D001B8003000B09F
S21402B3B0002002B800C001B8442C00200529002055
S21402B3C0002000BA00E100E000000101001002B80F
S21402B3D00000010D1B29002017290020000002B8DA
S21402B3E00122024B1A62DA61704700BF002002B8DF
S21402B3F0094A08B5D369116A0B40084923F47F004D
S21402B400DB07C86106D5D1684FF0FF30C1F3036190
S21402B4100FF05EFA08BD00BF000002B8002002B8B6
S21402B4200C4A08B5536C926C13400B4A5364DB0704
S21402B4300FD50A4B40F663421878122100F001003D
S21402B440F9F7C0FCBDE80840002201200021FEF703
S21402B45035BE08BD00C000B800E000B8A00D002050
S21402B46070B5174D2C6C6B6C1C40164B24F0020208
S21402B470E1071A6405D540F6CA4200202968F9F7A2
S21402B480A1FCA2071AD502220E4B1A646B68DBB225
S21402B490A3B9FCF725FF04460D460B4ED6F8F43347
S21402B4A0DB060BD5FCF71CFF02460B462046294658
S21402B4B0FCF7D8FD652871F10001EFD370BD00BF1F
S21402B4C0008002B800A002B8000002B838B50B4CE3
S21402B4D00B4DD4F88430DB0706D4A36FD4F884204F
S21402B4E01340084A936738BDD5F804311A06F0D5DA
S21402B4F0FFF7B6FF8023C5F88431EAE7008001B87B
S21402B50000E100E000A001B838B514460D4613F07D
S21402B510C6F8064BD3F8C82E54402C405440C3F805
S21402B520C84EBDE8384013F0B5B800BF003000B0D2
S21402B530034BD3F8C83E99430CBF01200020704746
S21402B540003000B01E4BD3F8C83E13F001001ED0E8
S21402B5501C4B93F84C001C4A40F08073C2F8CC3067
S21402B5604FF480131949C1F8B430A1F58051C1F8DF
S21402B570B830D2F80C31DBB2FF2B1FD0984294BF02
S21402B5800020012040F621623C21F9F71BBC1A0676
S21402B590E1D40F4A92F84B1121B1DB0602D592F89C
S21402B5A04801D8E74FF480120020084B0649C3F83A
S21402B5B0B820C1F8CC00C3F8B42070470120E1E7F8
S21402B5C0003000B0003F00B0004000B8006000B895
S21402B5D0003E00B053B94AB9002908BF00281CBF74
S21402B5E04FF0FF314FF0FF3000F082B9ADF1080C9A
S21402B5F06DE904CE00F006F8DDF804E0DDE902238A
S21402B60004B070472DE9F04F099D0C46002B4DD132
S21402B6108A420F4684469646B2FA82F360D94BB106
S21402B62002FA03FEC3F120029F4000FA03FC20FA4E
S21402B63002F217434FEA1E461FFA8EF44FEA1C42E6
S21402B640B7FBF6F106FB117701FB04F042EA07426C
S21402B650904208D91EEB020201F1FF3702D2904255
S21402B66000F231813946121A1FFA8CFCB2FBF6F050
S21402B67006FB102200FB04F44CEA024C644508D98F
S21402B6801EEB0C0C00F1FF3202D2644500F21E8162
S21402B690104640EA0140ACEB040C002125B12CFA1E
S21402B6A003F30022C5E90032BDE8F08F8B4205D9CC
S21402B6B00DB1C5E9000100210846F5E7B3FA83F1AA
S21402B6C000294DD1A342C0F0F380904280F0F08072
S21402B6D0064623460846002DE6D0C5E90063E3E7A2
S21402B6E0002B40F0A3808A1A4FEA1E471FFA8EF6F6
S21402B6F00121B2FBF7F407FB14204FEA1C4242EA90
S21402B700004206FB04F090420FD91EEB020204F13F
S21402B710FF382CBF4FF001094FF00009904203D9C1
S21402B720B9F1000F00F0CC804446121A1FFA8CFCC6
S21402B730B2FBF7F007FB102200FB06F64CEA024CBF
S21402B740664508D91EEB0C0C00F1FF3202D26645A4
S21402B75000F2B3801046ACEB060C40EA04409DE7CC
S21402B760C1F120068B4004FA01FE22FA06F720FAFF
S21402B77006FCF4408A401F434EEA0C0300FA01FE20
S21402B7804FEA17484FEA13491FFA87FCB4FBF8F052
S21402B79008FB104449EA044400FB0CF9A1450ED903
S21402B7A03C1900F1FF3A2CBF4FF0010B4FF0000B93
S21402B7B0A14503D9BBF1000F00F08B805046A4EBE5
S21402B7C009041FFA83F9B4FBF8F308FB134403FBDE
S21402B7D00CFC49EA0444A44506D93C1903F1FF3897
S21402B7E001D2A4457BD8434643EA0040A4EB0C04AE
S21402B7F0A0FB02984445CC46434602D306D1CE452A
S21402B80004D20138B9EB020C68EB0703002D6CD0AA
S21402B810BEEB0C0264EB030422FA01F304FA06F60A
S21402B820CC4000211E43C5E900643DE702FA03FE50
S21402B830C3F1200104FA03F200FA03FCCC404FEAFB
S21402B8401E4720FA01F11FFA8EF6B4FBF7F00A4300
S21402B85007FB1044110C41EA044100FB06F48C423B
S21402B8600ED91EEB010100F1FF382CBF4FF0010983
S21402B8704FF000098C4202D9B9F1000F2CD0404695
S21402B880091B92B2B1FBF7F407FB141142EA01421C
S21402B89004FB06F1914207D91EEB020204F1FF38BF
S21402B8A001D291421ED84446521A44EA004120E789
S21402B8B0861A64EB030301200DE7F44402384AE7D4
S21402B8C0023C724431E702397244CCE6F444023850
S21402B8D0DFE602383C4472E702387144D0E7023BA6
S21402B8E03C4481E7023C7244DEE72946DCE600BFC0
S21402B8F0704700BF08B5064B044613B10021AFF3EC
S21402B9000080044B1B6803B19847204605F09AFE58
S21402B91000000000082700202DE9F7431D46574B7C
S21402B92004460E461F68904627B13B6A13B938464E
S21402B93000F032F9B8F1020F06D0B8F1010F00F2AA
S21402B9409980002DC0F29680636ED90705D4A3892C
S21402B9509A0502D4A06D0FF088F8214638460FF0FB
S21402B960B1F9616B41B104F14403994202D0384601
S21402B97006F028FB002363630023A3616360A389A8
S21402B9801B0603D52169384606F01CFBA389B8F1CD
S21402B990020F23F44A6323F00303A38160D001ABB2
S21402B9A06A46214638460EF0CCFFA3891843A0818A
S21402B9B02DBB009D284600F06FFA0646002851D19E
S21402B9C0DDF80090A9453FD14FF0FF35B4F90C30B1
S21402B9D043F00202A2810022A26004F14702226022
S21402B9E0226101226261626ED60704D4980502D4EF
S21402B9F0A06D0FF03BF8284603B0BDE8F083002E9A
S21402BA00D8D03B6A13B9384600F0C6F8B8F1010F31
S21402BA10266002BFA38943F00103A381B4F90C3068
S21402BA2013F00802C4E904651ED0D90745BF0022F8
S21402BA306D42A560A26048BFA561626ED20701D4BE
S21402BA409B0513D50025D6E7484600F025FA06469C
S21402BA500028B9D0A3894D4643F08003A381D0E7DE
S21402BA600025B3E7A946F5E7A260E6E7A06D0EF06B
S21402BA70FDFFE7E74FF0FF35BDE700BF6C2C002067
S21402BA80002310B504468360818119464366C2814D
S21402BA9008228361C0E90033C0E904335C300EF04B
S21402BAA0DBFF0D4B246263620C4BA3620C4BE3621A
S21402BAB00C4B23630C4B9C4206D003F16802944263
S21402BAC002D0D0339C4205D104F15800BDE81040A4
S21402BAD00EF0CABF10BD00BF15AD030037AD0300A0
S21402BAE06FAD030093AD0300D0250020024A034940
S21402BAF003480EF008BF00BF602C0020C5AC030050
S21402BB00702C002041680C4B994210B5044601D0B7
S21402BB100FF0D8F8A168094B994202D020460FF0E0
S21402BB20D1F8E168064B994204D02046BDE81040A1
S21402BB300FF0C8B810BD00BFD02500203826002060
S21402BB40A026002010B50B4B04210B4C0B4A2046B6
S21402BB501A600022FFF794FF04F16800012209210F
S21402BB60FFF78EFF04F1D00002221221BDE810403A
S21402BB70FFF786BF08270020D0250020EDBA020076
S21402BB8001480EF072BF00BF1C29002001480EF0CB
S21402BB906DBF00BF1C29002010B50446FFF7F0FF5A
S21402BBA0236A1BB1BDE81040FFF7F0BF044B2362C7
S21402BBB0044B1B68002BF5D1FFF7C4FFF2E700BF6A
S21402BBC005BB0200082700200B4603490246086808
S21402BBD0816800F049B800BF6C2C002038B50023FD
S21402BBE0064D0446084611462B6005F02CFD431C04
S21402BBF002D12B6803B1236038BD00BF0C2700209A
S21402BC0038B50023054D044608462B6005F020FD96
S21402BC10431C02D12B6803B1236038BD0C270020D9
S21402BC2070B50D4D00260D4C641BA410A64209D11A
S21402BC300B4D00260B4C12F033FF641BA410A642D9
S21402BC4005D170BD55F8043B01369847EEE755F826
S21402BC50043B01369847F2E7942D0020942D0020ED
S21402BC60942D0020982D00202DE9F04F0D469DB012
S21402BC7014469846064618B1036A0BB9FFF78CFFBE
S21402BC806B6ED90705D4AB899A0502D4A86D0EF05F
S21402BC90ECFEAB891B0701D52B699BB929463046BA
S21402BCA000F02EFA70B16B6EDC0704D54FF0FF3051
S21402BCB01DB0BDE8F08FAB899805F7D4A86D0EF0DD
S21402BCC0D5FEF3E70023CDF80C804FF00109DFF82C
S21402BCD0B481099320238DF8293030238DF82A3039
S21402BCE023469A4613F8012B0AB1252AF9D1BAEB54
S21402BCF0040B0BD05B462246294630460EF0DBFE8E
S21402BD00013000F0A780099A5A4409929AF8003046
S21402BD10002B00F09F8000234FF0FF320AF1010A49
S21402BD20049307938DF853301A93CDE905235446AE
S21402BD300522544814F8011B0FF06DF8049AD8B97E
S21402BD40D10644BF20238DF85330130744BF2B235C
S21402BD508DF853309AF800302A2B15D0079A54469D
S21402BD6000204FF00A0C214611F8013B303B092B0C
S21402BD704BD9B0B1079214E0A0EB0803A24609FA29
S21402BD8003F313430493D2E7039B191D1B68002B8E
S21402BD900391BBBF5B4242F0020207930793B8BF10
S21402BDA0049223782E2B0AD163782A2B32D1039B56
S21402BDB002341A1D1B6843EAE37303920593DFF805
S21402BDC0D4A00322217850460FF025F838B1A0EB14
S21402BDD00A004022049B013482401343049314F861
S21402BDE0011B062228488DF828100FF014F80028A8
S21402BDF03FD0264B1BBB039B073323F007030833B6
S21402BE000393099B3B4409936AE70CFB02320C46F8
S21402BE100120A8E7002301344FF00A0C19460593C7
S21402BE20204610F8012B303A092A03D9002BC6D037
S21402BE300591C4E70CFB012104460123F0E703AB9E
S21402BE402A4604A930460093114BAFF300800746FA
S21402BE50781CD6D16B6ED90705D4AB899A0502D465
S21402BE60A86D0EF003FEAB895B063FF51FAF09987F
S21402BE701EE703AB2A4604A930460093044B00F0A3
S21402BE8013F8E4E7302704003A2704000000000015
S21402BE90B7AA030036270400024B0146186806F0CC
S21402BEA08EB800BF6C2C00202DE9FF470F7E91460E
S21402BEB080460C46782F9A460C9E01F1430207D81C
S21402BEC0622F0AD8002F00F0DD80582F00F0C380C2
S21402BED004F1420684F842703AE0A7F16303152B98
S21402BEE0F6D801A151F823F041BF020055BF020067
S21402BEF0D1BE0200D1BE0200D1BE0200D1BE0200F7
S21402BF0055BF0200D1BE0200D1BE0200D1BE020061
S21402BF10D1BE02006BC00200E3BF020023C00200D3
S21402BF20D1BE0200D1BE02008DC00200D1BE020008
S21402BF30E3BF0200D1BE0200D1BE02002BC0020047
S21402BF4033681A1D1B68326004F1420684F84230D8
S21402BF500123A8E031682368081D30601E0601D55B
S21402BF600D6803E05D06FBD5B1F90050002D61684F
S21402BF7078DA2D200029A16084F843002DDA6D427C
S21402BF805D480A231646B5FBF3F103FB1157C75D5E
S21402BF9006F8017D2F460D46BB42F4D9082B0BD17D
S21402BFA02368DF0708D5236961689942DEBF30231C
S21402BFB006F8013C06F1FF36921B22614B4603AAA5
S21402BFC021464046CDF800A00EF087FD01306FD125
S21402BFD04FF0FF3004B0BDE8F08723F0040323607F
S21402BFE0CDE721683368080653F8045B02D4490695
S21402BFF048BFADB26F2F33603F4814BF0A230823F1
S21402C000002184F843106668002EA660BADB216819
S21402C01021F004012160002DB4D1002EB2D11646C3
S21402C020BCE7236843F0200323607827334823685D
S21402C03084F845701F06316851F8045B02D45F0627
S21402C04048BFADB23160D90744BF43F02003236036
S21402C0501DB11023D4E72848E9E7236823F020031C
S21402C0602360F6E724480A23CDE733682568181DBF
S21402C070616930602E061B6801D5196002E0680609
S21402C080FBD5198000231646236197E73368002103
S21402C0901A1D32601E68626830460EF0BCFE08B199
S21402C0A0801B606063682361002384F8433085E761
S21402C0B02369324649464046D047013088D0236835
S21402C0C09B0714D4E068039B9842B8BF184681E7E2
S21402C0D00123324649464046D04701303FF478AF06
S21402C0E00135E36803995B1AAB42F1DCEAE7002507
S21402C0F004F11906F5E700BF4127040052270400A1
S21402C10038B5294B05460C46186818B1036A0BB9B0
S21402C110FFF742FDB4F90C30190722D4DA0607D429
S21402C12009222A6043F040034FF0FF30A38133E038
S21402C130580712D5616B41B104F14403994202D00B
S21402C140284605F03FFF00236363A38923F02403F8
S21402C150A3810023636023692360A38943F0080355
S21402C160A38123694BB9A38903F42073B3F5007F37
S21402C17003D0214628460EF009FCB4F90C3013F021
S21402C18001020AD00022A26062695242A2612269BA
S21402C19042B913F08000C5D138BD990758BF62690D
S21402C1A0A260F4E70020F7E76C2C002038B50023E5
S21402C1B0054D044608462B6005F042FA431C02D1A0
S21402C1C02B6803B1236038BD0C27002038B504461F
S21402C1D0064D0846114600222A601A4605F03AFA2B
S21402C1E0431C02D12B6803B1236038BD0C27002004
S21402C1F038B50446064D0846114600222A601A46FD
S21402C20005F02AFA431C02D12B6803B1236038BD1D
S21402C2100C27002038B50446064D08461146002273
S21402C2202A601A4605F026FA431C02D12B6803B18F
S21402C230236038BD0C270020094A5168C84390FA8B
S21402C240A0F048B1B0FA80F0042805DC0123834050
S21402C2500B43536040B270474FF0FF30704700BF49
S21402C260382700200021034B28220348C3E9001187
S21402C2700EF0F2BB382700201027002038B50546FE
S21402C280FFF7DAFF04460448294600EBC4000EF026
S21402C29037FE204638BD00BF10270020C3B2042B4D
S21402C2A010B515D804230B4A03EBC003134453E816
S21402C2B0002F0A4343E80024002CF8D10122064945
S21402C2C0824051E8003F134341E800300028F8D18D
S21402C2D010BD00BF1027002038270020F7B54FF00A
S21402C2E0040C01260827184A1849194D106800B38D
S21402C2F00B7806FA03F420421DD0E04352E8004FC2
S21402C300044042E8004EBEF1000FF7D117FB03C30C
S21402C3102B4453E8000F43E800E4002CF9D10190C7
S21402C32048B1087801AA0B4905EBC0000EF020FEC2
S21402C330012003B0F0BD0B78506883422EBF002365
S21402C3400133DBB20B70D1E7382700201D2900200D
S21402C3501027002078563412024B1868003818BF8F
S21402C360012070473827002038B505460C4612F0E3
S21402C3709FF9084B1B6853B1D3E9042395429C41AD
S21402C3802CBF0124002412F08EF9204638BD1C462C
S21402C390F9E700BF502700202DE9F0414FF0FF34A7
S21402C3A025460746884612F083F9144B1E68A6B93E
S21402C3B012F079F9B5F1FF3F08BFB4F1FF3F08D09C
S21402C3C0BC4275EB080316D3E71B65EB08083C4630
S21402C3D0454620462946BDE8F0817269D6E9033112
S21402C3E05B1842F10002A34272EB05013CBF1C46F9
S21402C3F015467668DBE734463546EAE750270020DE
S21402C4002DE9F74F109F0E46DDE90CA915469DF85B
S21402C4103CB008B1026882B93FB129463046B847F7
S21402C42040F2034003B0BDE8F08F002DF8D0002E96
S21402C430F6DB28460FF08AF9F2E7019012F038F997
S21402C4408046584600F0EEF90446404612F02BF9B4
S21402C450019B8CB947B129463046B847032031467E
S21402C46000F0C4FB1A20DDE7002DF7D0002EF5DB26
S21402C47028460FF06BF9F1E7256200252360DFF806
S21402C48080800E9BC4E906A9A660E360A762D8F87E
S21402C490003084F824B0656098471AEB000649EB32
S21402C4A0010912F005F9144B0746D3F800E0C4E977
S21402C4B0046972462AB1D2E90401864279EB010187
S21402C4C011D2A5B9C4F804E01C600C4B1C682CB150
S21402C4D0D8F800309847FFF75FFFA047384612F0BB
S21402C4E0E2F800209EE7516815460A46E2E76A68C7
S21402C4F062606C60E9E700BF5027002040270020FA
S21402C500482700202DE9F74F4FF0000881460D46D8
S21402C51092461E4612F0CCF84746DFF87CB00190F1
S21402C520DBF800408CB9B8F1000F08D0184B1C6835
S21402C5302CB1184B1B689847FFF72EFFA0470198AF
S21402C54003B0BDE8F04F12F0AEB822684A4511D1EA
S21402C5502DB1A268296822F000428A420AD126B981
S21402C560626857B9CBF8002008E05146206AB04707
S21402C5700028F5D027466468D4E77A60D4F80480A9
S21402C58020460EF069FC44464FF00108CAE700BF99
S21402C590402700204827002050270020014B186023
S21402C5A0704700BF4027002070B50E460949044672
S21402C5B00846154605F09BFA0023074A3021136009
S21402C5C0064A05201660064A15602246BDE87040F7
S21402C5D000F0C2B863270400502700204827002036
S21402C5E04427002070B5044616461846002200234B
S21402C5F086B0CDE904230B4B0D461B6813B92120E8
S21402C60006B070BD04A998470028F8D1DDE90423D6
S21402C6100290CDE900232946324620460EF056FC0B
S21402C620EEE700BF44270020F8B5054610200F4667
S21402C630164600F0F1FA044601461022074805F0B5
S21402C6405BFA44B101230020E3602B68C4E901765B
S21402C65023602C60F8BD1A20FCE700BF63270400A5
S21402C6602DE9F84F814688460027DFF8B4A0294E08
S21402C67048464146FFF778FED8B912F019F8264B1D
S21402C68006461B689847FFF787FE05460C464FB1DD
S21402C690B1F1FF3F08BFB0F1FF3F03D01F4B1B684D
S21402C6A003B19847304611F0FEFF28462146BDE802
S21402C6B0F88F11F0FDFFDAF8004084B16368CAF81B
S21402C6C0003011F0F0FFA368346033F000430AD163
S21402C6D030680EF0C1FB002301273360C8E711F073
S21402C6E0E2FF3460C4E72368002BF1D01D68002DFA
S21402C6F0EED0A26832F00043EAD0D5E9007B236A86
S21402C7002168A868D8470028E2D1002FE0D03D462D
S21402C710EFE700BF4C2700204827002040270020D4
S21402C72050270020F8B504460D4611F0C1FF094B0C
S21402C7301B684BB1D3E90667C4E90067DB682B6068
S21402C740BDE8F84011F0AFBF00260027C4E9006735
S21402C750F5E700BF4C2700202DE9F0474FF6FC789E
S21402C760002416461B4F03311B4B07EB001501EA4C
S21402C77008084FEA001A1B686A80814627F80A8072
S21402C78002FB08F0EC60984718FB06F39BB20246E1
S21402C79068602B81D8B11149284651F8291005F056
S21402C7A0A8F921462A8968680EF056F921462346DA
S21402C7B09E4204DC002057447E80BDE8F0876A680B
S21402C7C0E868541850500133EC604144F0E71A20F0
S21402C7D0F3E700BF401C0020542700202428040052
S21402C7E038B5094C04EB00156B682BB1284605F0EA
S21402C7F082F968680EF0AAFF2846BDE83840102283
S21402C80000210EF029B900BF401C0020034B020194
S21402C810C3E90010002102480EF01EB9542700207A
S21402C820401C002038B5094B020103EB0015EC68EA
S21402C830284621469A5A05F05FF924B12368EB6030
S21402C8406B88013B6B80204638BD00BF401C002031
S21402C850024B03EB00139878704700BF401C002081
S21402C86030B4064C04EB0013DD685A880D600132C2
S21402C870184630BCD9605A8005F03FB9401C0020EB
S21402C880044A010102EB0013505A10B11B89B3FB94
S21402C890F0F07047401C00200020124B10B51870B4
S21402C8A0114B124C1860124B206018706060A0602A
S21402C8B0FFF7E6FF80B2A0F10E036380A0F1140337
S21402C8C0013060810B49201DE38005F010F92046F7
S21402C8D0094905F00CF904F108000849BDE81040C2
S21402C8E005F005B91F29002074270020FA2700202A
S21402C8F01E29002058280400612804006B28040022
S21402C90070B5044680B311F0D3FE637905466FF323
S21402C91082036371237913F0100605D01023237166
S21402C920BDE8704011F0BFBE104903F0030331F8B2
S21402C93023203046013A21F823202146FFF790FFB4
S21402C9400B4B0C4E1C681CB90A4B28461C70E7E7BA
S21402C950237A1BB933781BB92468F4E7012BFBD181
S21402C960204663689847F7E770BD00BFFA270020A5
S21402C970742700201F29002010B5044611F098FEE7
S21402C980034B1A6822601C60BDE8104011F08BBE93
S21402C9907427002010B5064B00F0E0001A78541CED
S21402C9A01C70044B03F8320003EBC203596010BD3F
S21402C9B01E2900205C2700200022F8B50E4C0F49E5
S21402C9C02378934214D951F83260551C86424FEAB6
S21402C9D0C2070ED15E1E0A48B21AD20007F108013B
S21402C9E001449D4288BF002238440EF01BF8267090
S21402C9F0F8BD2A46E5E700BF1E2900206027002072
S21402CA005C2700202DE9F04F0446460789B048BF50
S21402CA1000F0F7040492029111F04AFE604E04F010
S21402CA20030706EB870336F827205B8881469A427F
S21402CA3004F0EF0A4FEA870830D20020FFF7F2FE32
S21402CA40054638B336F827304846013326F82730ED
S21402CA5011F029FE28460EF015FD029B029AAB71D4
S21402CA60049B85F804A01344EB7111F021FE804666
S21402CA704C4B1C68002C40F08B80404611F013FE95
S21402CA8006EB87004522294605F036F8284609B007
S21402CA90BDE8F08F01224846434B1A7011F003FEA0
S21402CAA025071DD51F2C1BD904F0E003B0440393C1
S21402CAB011F0FEFDB8F8023036F827904FF0000B62
S21402CAC099452CBF00230123DFF8E480019311F07F
S21402CAD0EAFD06EB87030593344B1B789B4508D388
S21402CAE084F004005146C0F3800000F07FF8002571
S21402CAF0C6E798F80030039A1A4204D0D8F8049091
S21402CB00D9F8003023B90BF1010B08F10808E3E766
S21402CB1007935A79D00708D51A79510705D501998E
S21402CB2041B98AEA0202920704D099461B68002B92
S21402CB30EFD1E5E748460EF00BFB0579079007A80C
S21402CB400EF0E8FA2946002000F050F811F0B0FD89
S21402CB50059B36F827205B8805469A4234BF012398
S21402CB600023019309D20020FFF75CFE079058B11C
S21402CB7036F82730013326F82730284611F093FD81
S21402CB80079D002DBCD065E70122074B1A70F4E71B
S21402CB90237A012B02D1204663689847246869E706
S21402CBA0FA270020742700201F2900201E290020B3
S21402CBB05C2700200022014B1A607047782700206D
S21402CBC010B5044611F074FD074A13682BB91460B9
S21402CBD02360BDE8104011F066BDA34202D01A469B
S21402CBE01B68F3E710BD00BF7827002070B5054626
S21402CBF00E46054B1C6804B970BD6368314628466C
S21402CC0098472468F7E700BF7827002001490846BE
S21402CC1004F06DBF78280400012838BF012038B51B
S21402CC20C41C24F00304204605F092F8054601468B
S21402CC302246084804F060FF2DB921460220FFF77D
S21402CC40D5FF284638BD2246002128460DF004FFAF
S21402CC50F7E700BF7828040010B5064C237823B9FE
S21402CC60ECF7E2FE18B901232370002010BD40F253
S21402CC700740FBE72029002038B50B4B04461B78FB
S21402CC800D464BB12146284606F0CBFA002840F264
S21402CC90074008BF002038BD04490548FFF7DCFFFF
S21402CCA00028EFD0F7E700BF20290020EFBEADDE58
S21402CCB0BEBAFECA436A70B55904044616D4154A6B
S21402CCC003F4004392F82620012A10D1826A9204C5
S21402CCD00DD4002B00F101010CBF532014200AF0E2
S21402CCE01BFB18B9636A43F00803636270BD002B2E
S21402CCF0FCD1094D661C29463046F4F70BFF002886
S21402CD00F4D12B68C4F80130AB88A4F80530AB79AF
S21402CD10E371E7E7AC210020B72100202DE9F041BE
S21402CD201E4E3071C0B3334600224821EBF7CCFBCF
S21402CD3038B905464FF0480807463379AB4202DC5D
S21402CD400020BDE8F0813468002108FB0544142267
S21402CD50A76104F134000DF07FFEA0224FF4A07309
S21402CD60C4E90723072304F1100084F83130E7737F
S21402CD70E7710EF0CFF904F114000EF0CBF920465D
S21402CD800EF0EAFC40F20113E3857F23A76284F8E3
S21402CD90323067620135D0E73060D1E77C27002069
S21402CDA0084A03461179814209D9106840B103EB5B
S21402CDB0C30300EBC300406A00F001007047002086
S21402CDC0704700BF7C27002038B504460D46FFF7A3
S21402CDD0E7FF034640B10020044B04EBC4041B6883
S21402CDE003EBC4032B6038BD2120FBE77C27002021
S21402CDF02DE9F04F0446344A93B0106851680FABE1
S21402CE0003C3906812AA1860E37B94F82E7002EBB4
S21402CE10430333F80C1C636A94F82F60DA0444D494
S21402CE200126374641F0100194F80E80C3F34049BC
S21402CE305B0348BF49F002098BB288F00808012F4D
S21402CE4094F800A094F831500B9304F1080BD4E93F
S21402CE500723C8F3C00894F9324005D0022F03D046
S21402CE60042F14BF00270327012E05D0022E03D05D
S21402CE70042E14BF002603265046CDE90C230EF0DE
S21402CE800FFDDDE90C230121CDE90760CDE9005154
S21402CE905046CDE90547CDE903B90B99CDF8088090
S21402CEA000F0FEFC13B0BDE8F08FA26A950648BFFC
S21402CEB041F02001500648BF41F04001DA0348BF66
S21402CEC041F00401B0E700BF8228040037B50446EB
S21402CED048B104782046FFF763FF10B9002003B07C
S21402CEE030BD0134E4B2074D2B79A342F6D9204671
S21402CEF001A9FFF769FF08B90198F0E70134E4B227
S21402CF00F2E700BF7C2700202DE9F04F054600F12E
S21402CF10100A87B0504605F1140B0C4617460EF061
S21402CF20F9F858460EF0F6F800200EF0B7FA064664
S21402CF30002800F00381012F40F2726818BF4FF0FC
S21402CF401F08012C60D0022C0CBF062404240221E8
S21402CF5030460EF00BFC012130460EF007FC21464F
S21402CF6030460EF003FC30460EF059F9012384B227
S21402CF70A8EB04010A22009389B242F60723304640
S21402CF800EF044FC04230444A4B2A8EB040100936C
S21402CF90122242F60423304689B20EF037FC0719F5
S21402CFA0BFB2A8EB0709B9F1010F04962EDC0024E4
S21402CFB0644F97F82630002B00F0A08050460EF003
S21402CFC0A9F86B6A2E6143F080026A62DB0400F104
S21402CFD0A78097F82600002840F0A2800EF05EFA9E
S21402CFE00590002800F09C8041460EF0CAFB0028FF
S21402CFF000F0A0805846059C0EF08CF86B6A6C61B7
S21402D00043F480736B628BE00524A0E700200EF0E9
S21402D01045FA05900028CAD00221F5F7F1F8A8F1E2
S21402D0200204E41BA4B28442074611D224F0010192
S21402D0308BB2411A05A803930EF093F9039B1F4681
S21402D04002233FB90598E0B905A80EF063F8AEE7EB
S21402D0500323F6E7791C0498C9B203930EF086FB05
S21402D060039B049819460EF081FB059904A80EF05E
S21402D070F1F900200EF012FA0590002832D0E41BD7
S21402D080A4B2022C38BF0224A31E9BB20F2B30D9A7
S21402D09010210393F5F7B4F8039B044683421ED28D
S21402D0A023F00F018BB2411A05A803930EF059F92B
S21402D0B0039B1C460623611C0498C9B203930EF018
S21402D0C055FB039B049819460EF050FB059904A8DD
S21402D0D00EF0C0F9BB1C1C44A4B23FB968E740B1CD
S21402D0E00723E8E705A80EF015F83C460234A4B27A
S21402D0F05EE705A80EF00EF83C46EEE7A9EB040143
S21402D10089B230460EF03DFB044650460EF002F859
S21402D1106B6A2E6143F080026A62002C3FF456AFBF
S21402D120686A10F010000AD0284607B0BDE8F04F33
S21402D1300EF0F1BB05A80DF0EDFFF1E71A2007B0DF
S21402D140BDE8F08FAC21002070B5144B0546197966
S21402D15018680023994201DC1A201AE0426AD607B0
S21402D16018D490F83940640714D4DCB203460C494C
S21402D17003F8014BD1F80B6042F00902C0F80160D7
S21402D180B1F80F60497C9E8099714262FFF730FECB
S21402D1902C7070BD01334830DCE700BF7C270020CE
S21402D1A0AC2100208378F7B5122B0D4632D10B68DE
S21402D1B001A99A790C3213441E79DF783046FFF7BC
S21402D1C003FE88B9019C636A23F0100363628FB979
S21402D1D03146A069621C104B00F06CF922223946D7
S21402D1E00D48A7610DF038FC284603B0BDE8F040B4
S21402D1F00DF090BF20460EF0AFFA636A5A0603D5CA
S21402D20023F040036362EFE7304604F13401F6F799
S21402D2109FFAE9E703B0F0BDD421002073B5144DA0
S21402D220144C2A68236802F0400103F002030B4301
S21402D2301BD093064CBF0126A67AF4F705FC01968E
S21402D240837983F00803C3F3C0030093E388A288BC
S21402D250217A607A00F0E0FA40B9236823F00203EC
S21402D26023602B6823F040032B60002002B070BDC1
S21402D270AC2100208427002001210020054BA3F1C9
S21402D2800802C3E9000043F8081C4FF0101351725D
S21402D290536070478C270020014B187B704700BFF5
S21402D2A084270020024BD87A003818BF0120704726
S21402D2B08427002070B51F4D2B68590707D500211B
S21402D2C0084600F0CFFA2B6823F004032B601A4EB0
S21402D2D02B68326803F0080302F00202134310D0F0
S21402D2E0F4F7B2FB83791A071FD5F6F7ADF80446B2
S21402D2F0C8B92B6823F008032B60336823F00203B7
S21402D3003360FFF78BFF044668B9EB7A5BB12B6894
S21402D3105B0708D40121084600F0A4FA40B92B683E
S21402D32043F004032B60204670BDF6F771F8DEE783
S21402D3300446F8E784270020AC210020032805D104
S21402D3400A4A136843F00803136008E0012808D16C
S21402D350064BDA7A42B11A6842F008021A60FFF700
S21402D360A9BF10F0FD0FEBD00020704784270020E5
S21402D370A0F11B03E02B10B5044618D8042142F294
S21402D38024000CF02FF86FF06F0343714223A0F8CD
S21402D390034083710748EEF74DFB0CF051F84079D5
S21402D3A020B10CF04DF8407940F4805010BD212099
S21402D3B0FCE700BFA152030037B504460D460EF047
S21402D3C02BFC6988204609F02DFE6A7E2B7E2046BD
S21402D3D043EA0223A4F862306A7F2B7F43EA0223E1
S21402D3E0A4F86430EA7EAB7E43EA0223A4F86630F1
S21402D3F01B23A4F86C302D4B5A8B9B8BA4F8682009
S21402D400A4F86A30022384F872300CF0A5FA20469B
S21402D4100EF0FBFC94F87330022B15D100F06CFB77
S21402D42070B194F9753001330AD105212046A368FC
S21402D43043F48053A36003B0BDE830400EF041BC15
S21402D4400021204609F0F1FD00212046F4F7B2FB48
S21402D4504FF6FF73288C984225D000F0C7F9009447
S21402D46000F0B2F96A46ADF8040040F20621104810
S21402D4700DF07EFD002240F2022120460DF034FD22
S21402D4802046F4F75DFA20460EF0CBFC2046F6F76F
S21402D490F3F8A368012123F480432046A3600EF02C
S21402D4A014FC03B030BD0020D9E700BFAC21002039
S21402D4B0A8210020F7B504460F46164668465A7954
S21402D4C0991D1D46F4F704FB2CB969463046F4F75D
S21402D4D037F90446A0B140F2032384F87670A4F824
S21402D4E0723033682946C4F85A30B3882046A4F806
S21402D4F05E30B37984F86030FFF75EFF03B0F0BDAC
S21402D500032140F206400BF06DFF6B88A0F8033053
S21402D5100D2343710148EEF78DFAEFE785510300BC
S21402D52007B590F870304FF4887101AA03488DF859
S21402D53004300DF01DFD03B05DF804FBA8210020A9
S21402D5402DE9FF4103780446302B0E4639D006D823
S21402D550052B25D0082B41D004B0BDE8F0813E2B28
S21402D560FAD183780C2B4BD8022BF5D9033B092B27
S21402D570F2D801A252F823F011D6020051D70200C7
S21402D58059D5020059D50200E9D6020059D5020043
S21402D59059D5020059D5020059D502003DD70200DE
S21402D5A0B0F80300F4F70AF928B1617909B141F439
S21402D5B080510EF00AFB304604B0BDE8F0410DF093
S21402D5C0A9BDB0F80300F4F7F9F80028F3D0A17863
S21402D5D009B141F480510EF051FBECE7B0F80300BC
S21402D5E0F4F7ECF80028E6D0627990F8743022B1AD
S21402D5F043F0010380F87430E9E703F0FE03F9E72D
S21402D600212B00F0BA80292B1FD0202BD3D0A3E7E2
S21402D6108088F4F7D3F80028CDD0E278002ACAD161
S21402D620E179A27942EA0122A0F86220E17AA27A9E
S21402D63042EA0122A0F86420227A617A42EA0122B2
S21402D640A0F86620F4F77CF9B5E7C778851C3C2F6E
S21402D65002D10EF09EFAAEE790F80680B8F1000FFF
S21402D66023D1564A146AC2F82080CFB129462046F2
S21402D67047F480570EF0D0FAE76084F8728040F2E2
S21402D6800121204601AACDE901470DF071FCA368ED
S21402D690414643F480632046A360F4F7DBF88AE74A
S21402D6A029462046FFF788FE85E74FF6FF73408C33
S21402D6B098420BD000F09AF840B1F4F7C5F92B4621
S21402D6C00246FF210020FFF7F5FE74E72B463C4A90
S21402D6D02234154618685968083303C5A3422A46F9
S21402D6E0F7D11B882B8066E7B0F80300F4F766F8DC
S21402D6F000283FF460AF40F20911B4F8053090F804
S21402D7007020A0F86C308DF80420ADF80630227A2E
S21402D710E37943EA0223ADF80830A27A637A43EA51
S21402D7200223ADF80A30227BE37A43EA0223ADF8FD
S21402D7300C3001AA23480DF01BFC3CE78088F4F766
S21402D7403DF800283FF437AFA179F4F71BF932E72A
S21402D7508088F4F733F800283FF42DAF90F8703045
S21402D7600E218DF80430D4F8063001AACDF8053023
S21402D770D4F80A30CDF80930DCE78088F4F71EF8D2
S21402D78000283FF418AF90F870304FF403718DF80C
S21402D7900430E37801AA8DF80530A3798DF80630B7
S21402D7A0E3798DF80730237A8DF80830637A8DF89E
S21402D7B00930A37A8DF80A30BCE700BFAC210020FE
S21402D7C0D4210020A821002050B11422064B1B6849
S21402D7D0C31AB3FBF2F3007C40EA032080B2704720
S21402D7E04FF6FF70704700BFBC2C00200246094966
S21402D7F00B7A0968FF2B01D10020704703EB8303E5
S21402D80001EB830031F82330C3F30B039342F4D0C9
S21402D810437CEFE7BC2C0020F8B507460E4642F2E2
S21402D8204100082115461C460BF0DCFD9DF8183019
S21402D8304771C3709DF81C3086710371A0F80750BB
S21402D840A0F809400648EEF7F5F80BF0F9FD407926
S21402D85020B10BF0F5FD407940F48050F8BD00BFD2
S21402D86035BB010038B505460C4642F24200062199
S21402D8700BF0B8FD0023C57043718371C371037248
S21402D88004710648EEF7D6F80BF0DAFD407920B1BF
S21402D8900BF0D6FD407940F4805038BD9DBB0100A8
S21402D8A02DE9F041154606460F4642F2360019218A
S21402D8B01C46DDF824800BF095FD2B0AC371230A63
S21402D8C083729DF81830857103739DF81C3044727C
S21402D8D043739DF820302D0C240CC6708780057289
S21402D8E0C4728373D8F80030C0F80F30B8F804302A
S21402D8F08676A0F813309DF8283043759DF92C30B3
S21402D90083759DF83030C375002303769DF8343056
S21402D91043769DF83830C3760648EEF78BF80BF060
S21402D9208FFD407920B10BF08BFD407940F480509A
S21402D930BDE8F0813DBC010038B505460C464FF601
S21402D940194005210BF04EFDC57044600548EEF700
S21402D95071F80BF075FD407918B1BDE838400EF04D
S21402D960D5B938BDAD4E030038B505460C464FF660
S21402D9701A4005210BF036FDC57044600548EEF7E7
S21402D98059F80BF05DFD407918B1BDE838400EF04D
S21402D990BDB938BDDD4E030070B50D460646012101
S21402D9A0DAB1FFF7C9FF0446A8B9072142F23500EB
S21402D9B00BF018FDC6702B684360AB8803810848DD
S21402D9C0EEF738F80BF03CFD437923B10BF038FD47
S21402D9D0447944F48054204670BDFFF7C5FFE2E761
S21402D9E0195003000A4610B50421044642F23700D5
S21402D9F00BF003FD032303710023C470437183718C
S21402DA000548EEF717F80BF01BFD407918B1BDE894
S21402DA1010400EF07BB910BD0D4F03000A4610B53C
S21402DA200421044642F238000BF0E7FC032303719C
S21402DA300023C470437183710548EDF7FBFF0BF0BA
S21402DA40FFFC407918B1BDE810400EF05FB910BD7A
S21402DA50594F0300F8B506460F4642F23900062132
S21402DA6014461D460BF0BEFC01238471240A037182
S21402DA70C7704671C47105720548EDF7DBFF0BF0FF
S21402DA80DFFC407918B1BDE8F8400EF03FB9F8BDAA
S21402DA90A54F03000C4B01461A789AB95B689B07A0
S21402DAA010D490F97520013218BF012291F8523035
S21402DAB013F0400005D091F8600010F0400018BF47
S21402DAC0D0B270470122F1E794270020024B586833
S21402DAD000F00200704700BF94270020024B5868EF
S21402DAE000F00800704700BF94270020014B1B6817
S21402DAF0184700BFC82C002008B509F03AF80128DC
S21402DB0009BF034B0020586800F0100008BD00BF94
S21402DB109427002007B502460846042802F00101B1
S21402DB2013D9B1B903200C4B5A6002F0800301935B
S21402DB3002F04003009302F0200302F0040200F019
S21402DB40ABFB002003B05DF804FB0029EBD00328F2
S21402DB50E9D12120F6E700BF9427002038B50D4909
S21402DB600D48FFF779F80446054688B90B4B0C4A70
S21402DB701A600C4A5A600C4A9A600C4ADA6000F044
S21402DB80F7FB032104462846FFF7C4FF084B1D7027
S21402DB90204638BDEFBEADDEBEBAFECAC82C002097
S21402DBA08DE20200E1C10300D9E20200E9FA0200B6
S21402DBB09427002038B504460320FFF72DF80546C3
S21402DBC0D0B194F87030037094F8753043702046E4
S21402DBD0F3F7A8FE2A46A87040F2026107480DF045
S21402DBE083F9074B2046DB680121984794F97500B4
S21402DBF0BDE83840F2F78ABF38BD00BFA821002032
S21402DC00C82C002070B5054608200E46FFF704F81B
S21402DC10044680B195F8703000210370064B4660CA
S21402DC20DB68284698472246BDE8704040F201610C
S21402DC3002480DF059B970BDC82C0020A82100205A
S21402DC4038B5054608200C46FEF7E6FF024638B110
S21402DC50C0E90054BDE838400D2102480DF044B931
S21402DC6038BD00BFA821002038B5054608200C465E
S21402DC70FEF7D2FF024650B195F8703040F20561C9
S21402DC80037044600248BDE838400DF02DB938BD37
S21402DC90A821002013B504460191114612B301A92A
S21402DCA00420FEF7E9FF019B104A2046B3FBF2F17F
S21402DCB002FB113345F218020021019301AB0EF06C
S21402DCC0FAF90820FEF7A8FF024648B194F8703029
S21402DCD040F204610370019B436005480DF004F9AD
S21402DCE002B010BD45F2180201ABE8E740420F0051
S21402DCF0A821002010B504460120FEF78DFF02463B
S21402DD0048B194F8703040F203610370BDE81040E9
S21402DD1001480DF0E9B810BDA821002038B5054627
S21402DD2008200C46FEF778FF024650B195F8703090
S21402DD3040F20761037044600248BDE838400DF0C7
S21402DD40D3B838BDA8210020014B5B68184700BF36
S21402DD50C82C002010B50F4C2368D3B10022D3F88C
S21402DD60A0001A7783F83D2083F85E2004F0C4FFF3
S21402DD702068442160300DF0DFFC206821211D3030
S21402DD800DF0DAFC20682121BDE810403E300DF08F
S21402DD90D3BC10BDA0270020F0B5062087B0E8F758
S21402DDA09DFE0DF0D1FC054640B901461A20FFF74C
S21402DDB047FF6FF08C04204607B0F0BD2F4E306848
S21402DDC004F09AFF044640B110F1880F05D00146D0
S21402DDD040F20740FFF734FFEDE708F0CAFE0328DB
S21402DDE0074622D10024346003F02FFB000268604D
S21402DDF06C6140F2011128460EF05AF8204B694633
S21402DE00EB60204B2B6000230093EBF7D9FD044612
S21402DE10E0B1014640F20740FFF712FF284605F040
S21402DE20E4FA28460DF092FCC5E732686B686A6130
S21402DE30DAB222B923F0FF0343F001036B6003F06A
S21402DE4004FB000240F001006860D2E7032FE5D130
S21402DE5001AB102202A9009804F0B9FF1021044673
S21402DE6002A80DF05BFC02A910200DF072FC102136
S21402DE7002A80DF061FC009B3360CFE79C270020D0
S21402DE800044400400248000FF282DE9F84316BF12
S21402DE901C4D1D4B45EA002581464FF0060088467C
S21402DEA0174608BF1D68E8F719FE0DF04DFC06463A
S21402DEB018B30146284604F044FF0446304605F0EF
S21402DEC094FA30460DF042FC14F1880F0FD1B9F1E6
S21402DED0FF0F0ED1FFF760FF044660B90A4B1D68BC
S21402DEE00020C8F8005007B13C60BDE8F883002C5B
S21402DEF0F6D02120F7E70025F2E71A206FF08C040F
S21402DF00F1E700BF068004009C2700202DE9F041BF
S21402DF108AB006AC884615460346264600F1100728
S21402DF20224618685968083303C2BB421446F7D122
S21402DF30102130460DF0F2FB002306200593E8F789
S21402DF40CDFD0DF001FC044610B310274FF480718E
S21402DF500DF0AEFF194B1A49036005ABC16032469D
S21402DF6028460293CDE900873B46EBF785FC05463B
S21402DF70F0B9394640460DF0D1FB394630460DF031
S21402DF80DBFB204605F031FA20460DF0DFFB0BE006
S21402DF906FF08C0140F20740FFF752FE1021304628
S21402DFA00DF0CAFB6FF08C0528460AB0BDE8F0817A
S21402DFB0014640F20740FFF743FEDEE700248000FA
S21402DFC0004440042DE9FF410546062088461646D1
S21402DFD0E8F784FD0DF0B8FB044648B901461A205E
S21402DFE0FFF72EFE6FF08C05284604B0BDE8F081E0
S21402DFF003F02BFA2A466D4600232F460002606085
S21402E0006361204606F580710DF052FF144BE36003
S21402E010144B236002F110032E4610685168083232
S21402E02003C69A423546F7D1102138460DF076FBE4
S21402E030434610223946204604F04EFF054620B1DC
S21402E040014640F20740FFF7FBFD102138460DF06F
S21402E05073FB204605F0C9F920460DF077FBC3E7AF
S21402E06000444004002480002DE9F0434FF00009EC
S21402E07087B0044606200E4617469846CDE9049910
S21402E080E8F72CFD0DF060FB054670B303F0DDF9F2
S21402E09000024FF480516860C5F8149028460DF0CF
S21402E0A007FFDFF874901B4B21462B601022C5F841
S21402E0B00C9004AB04F010FF044628BB05AB029399
S21402E0C010233246CDE9008349463B46049805F0C4
S21402E0D02EF80446C0B9049804F00EFE284605F051
S21402E0E084F928460DF032FB0AE06FF08C0140F20C
S21402E0F00740FFF7A5FD049804F0FEFD6FF08C04C0
S21402E100204607B0BDE8F083214640F20740FFF7FD
S21402E11097FDE0E7002480000002C003F0B50E463B
S21402E1200446154693B02022304643490CF06AFC5A
S21402E13068B92022284641490CF064FC38B9404BA5
S21402E1401B681B7D002B64D040F203401BE0246C4E
S21402E1502022304604F151010CF054FC38B920223A
S21402E160284604F171010CF04DFC0028ECD0062084
S21402E170E8F7B4FC0DF0E8FA044630B901461A2076
S21402E180FFF75EFD1A2013B0F0BD0027009703F0DC
S21402E1905CF9000260604FF48041204667610DF032
S21402E1A087FE284B3046E360274B06F120022360A9
S21402E1B004238DF804300DF1050350F8041B904239
S21402E1C043F8041BF9D10DF1050020210DF0A6FA43
S21402E1D028460DF1250305F1200250F8041B904253
S21402E1E043F8041BF9D120210DF125000DF096FA13
S21402E1F001A96B464122204604F06EFE014650B944
S21402E200204605F0F2F820460DF0A0FA009804F039
S21402E21073FD0020B7E710F1870F03D040F20740E6
S21402E220FFF70EFD204605F0E0F820460DF08EFAC8
S21402E230009804F061FD87E7A02904008029040005
S21402E240A0270020000002091241000100F0C003CE
S21402E250402B07D1094B1B6873B100F03F0053F8FF
S21402E26020007047802B01D1054BF4E7054A06488B
S21402E270C02B08BF1046704703487047A8270020E7
S21402E280A4270020E3C203007DE70200014B1B68BF
S21402E290187A7047A0270020003918BF0121003BDA
S21402E2A018BF012310B50B4C003A246818BF012290
S21402E2B0A3749DF808302070003B18BF0123E37456
S21402E2C09DF80C302174003B18BF0123627423753D
S21402E2D010BD00BFA027002001280AD002280ED0B9
S21402E2E098B90B4B1A68936943F0010300209361B7
S21402E2F07047074B1A68936943F00203F6E7044B2C
S21402E3001A68936943F00403F0E72120704700BFC0
S21402E310A027002038B5094D2C6854B9A4200DF06A
S21402E32013FA286038B1224605490648FEF77CF9FA
S21402E33038BD0020FCE71A20FAE700BFA02700201D
S21402E340FFBE0300AC270020024B034A00201A60DF
S21402E350704700BFA82700203C290400024B034A4E
S21402E36000201A60704700BFA4270020142904006A
S21402E37010B5144CFFF7EEFC2068A4210DF0DCF972
S21402E38003224FF0FF3123681A70D9600022102151
S21402E3901A7783F83D2083F85E201A829A741972DF
S21402E3A09A61EBF741FB044648B908F0E2FB032802
S21402E3B0054B08BF00232046044A136010BD40F2F6
S21402E3C00740FBE7A0270020370004009C27002018
S21402E3D02DE9F04383680446590687B040F1B180C0
S21402E3E023F0400383600DF02BFE802802D04028E5
S21402E3F040F0AA8094F9758004F13409B8F1FF3F21
S21402E4001DD108F0B6FB012871D1636B04201A886F
S21402E4108DF808201A4632F8021B090A8DF80910F0
S21402E420D3F8023002A9CDF80A3053680A22CDF892
S21402E4300E30F2F7F9FAB0F1FF3F804657D0A568E2
S21402E44015F4807553D10620E8F748FB0DF07CF9E9
S21402E450074698B901461A20FFF7F2FB204641F21A
S21402E4600601FFF7CFFB20460021F5F709F804F175
S21402E470340007B0BDE8F0430DF032BE20460DF082
S21402E480DFFD802828D1494D394645EA0825284629
S21402E49004F057FC0646384604F0A7FF16F1880F2C
S21402E4A01BD1434D394645EA0825284604F049FC67
S21402E4B00646384604F099FF38460DF047F996B9F5
S21402E4C0606B2A4602A90A30FFF720FD70B31021BE
S21402E4D002A80DF031F9C1E72E4620460DF0B0FD38
S21402E4E04028E9D1DDE7314640F20740B4E794F828
S21402E4F07430DA0702D4A368DB05AFD5002201A97F
S21402E50004F118000192FFF75DFD18B1019804F0BE
S21402E510F3FBA3E7606B019A02A90A30FFF7F6FC49
S21402E5200546019804F0E8FB002DD0D1204602A94A
S21402E530F4F7A6FF02A810210DF0FEF848460DF0EB
S21402E540CFFD07B0BDE8F083636B1A88002A85D139
S21402E550882801D04B2881D10021013313F8012FDE
S21402E560002A7FF47BAF01310829F7D1206C01A97C
S21402E57000F598700192FFF725FD0028C6D1606B62
S21402E580019A02A90A30FFF7C1FC0546019804F079
S21402E590B3FB002D9BD1204602A9F4F771FF02A817
S21402E5A010210DF0C9F804F13400C8E70580040014
S21402E5B0038004002DE9F043804693B006200F4600
S21402E5C016469946E8F78AFA0DF0BEF8044648B9A8
S21402E5D001461A20FFF734FB6FF08C05284613B06D
S21402E5E0BDE8F08302F031FF002300026060636141
S21402E5F04FF4804120460DF05BFC5A4BE3605A4BC9
S21402E60023605A4B1A68137F022B21D102F1600352
S21402E61002F1800153F8040B8B4247F8040BF9D140
S21402E62002F1A00153F8040B8B4246F8040BF9D111
S21402E630D2F8A0302046C9F8003004F0D6FE2046B4
S21402E6400DF084F8B8F1000F40F085800025C5E78C
S21402E6509369DB072DD5464B03F1200253F8041BC2
S21402E660934247F8041BF9D1424B03F1200253F8B8
S21402E670041B934246F8041BF9D14B4620223E491E
S21402E680204604F029FC0546204604F0AEFE20464D
S21402E6900DF05CF8002DD5D0294640F20740FFF772
S21402E6A0CFFAB8F1000F99D0082140460DF0F7FDD9
S21402E6B094E74946EBF784F9054690B1014640F2E5
S21402E6C00740FFF7BDFAB8F1000F03D00821404615
S21402E6D00DF0E5FD204604F088FE20460DF036F8E3
S21402E6E07CE76B46412201A9D9F8000004F0C9FB79
S21402E6F00546204604F079FE20460DF027F84DB177
S21402E700294640F20740FFF79BFAD9F8000004F0CA
S21402E710F3FAC6E73A460DF105030DF1250153F863
S21402E720040B8B4242F8040BF9D132460DF1450137
S21402E73053F8040B8B4242F8040BF9D101A841218D
S21402E7400CF0FAFF384620210CF0E8FF2021304674
S21402E7500CF0E4FF76E7002245F2160140460DF083
S21402E7609AFC73E70000020912710001A02700203C
S21402E7708E280400AF280400C029040045F20603D0
S21402E780994210B5044637D01FD840F20323994267
S21402E79007D045F2020399423FD040F20123994244
S21402E7A01FD1244894F870100CF075FB94F873305F
S21402E7B04FF4A041012B14BF80204020FFF746FDF6
S21402E7C000220346204698470BE045F2170399427B
S21402E7D02ED045F21A03994205D045F20C0399420F
S21402E7E01FD0482007E0C0210DF03AFC0721204642
S21402E7F0FFF708FA002010BD93791A44517C41F4C1
S21402E8009051FFF7FFF994F873302046012B14BF9E
S21402E810802140210DF024FCECE705210DF03FFDA0
S21402E820E8E70DF00DFC4128E4D005212046F5E787
S21402E8300220E0E7AC270020B1F5A04F2DE9F04119
S21402E8400446164600F01481A1F5A043DD1F042DF0
S21402E85000F215819279083B0C321644026C92F84B
S21402E8605021032B05D8DFE813F043009B00B900C4
S21402E8700001D10719D5771D1022394682480CF0BF
S21402E880C1F8002862D008F074F90128206C0ED175
S21402E89003213A4690F95E01F2F764F81021054624
S21402E8A038460CF049FF002D4CD100276BE03B4662
S21402E8B01022032190F95E0108F05DF994F8733096
S21402E8C00546012B0DD13B4604F11802153653F8C6
S21402E8D0041BB34242F8041BF9D1A36843F48073C5
S21402E8E0A360102138460CF027FF002DDDD011E082
S21402E8F012F00107D9D008F03CF901282DD1236C7B
S21402E900062093F95E81E8F7E9F80CF01DFF05464C
S21402E91018B91A250021284612E001465B4840EA4B
S21402E920082004F00EFA8046284604F05EFD2846CB
S21402E9300CF00CFFB8F1000F0FD0414640F2074032
S21402E940FFF77EF9082120460DF0A9FC2046082193
S21402E9500DF0A5FC40F2034020E0206C06F105080D
S21402E96043460A22022190F95E0108F004F9D6F81D
S21402E97005300546A362D6F80930E362B6F80D30D4
S21402E98023860028C6D1226C92F8503123EA070368
S21402E99082F8503120460DF040FD0020BDE8F0819F
S21402E9A0920782D508F0E5F8012806F10506206CE4
S21402E9B009D10621324690F95E01F1F7D3FF102104
S21402E9C0054630466DE706213346102290F95E0171
S21402E9D008F0D1F810210546304684E793077FF504
S21402E9E064AF08F0C6F801281AD1236C062093F902
S21402E9F05E71E8F773F80CF0A7FE0546002888D08B
S21402EA000146234840EA072004F09BF907462846B9
S21402EA1004F0EBFC28460CF099FE0FB139468DE760
S21402EA20717989B90A46731D13F8010F60B901326C
S21402EA30062AF9D194F85210206C81F0080104F1EC
S21402EA404C03C1F3C00106E000394FF0060218BFBE
S21402EA500121206CB31D90F95E0108F08CF8054682
S21402EA6000287FF457AF02278DE702F004078AE7F3
S21402EA700DF052FA0022236C83F85C218AE7BDE887
S21402EA80F041FFF77BBE00BF70290400038004003C
S21402EA9006800400F0B5B1F5A04F05468DB008D04B
S21402EAA045F21304A14244D00DB0BDE8F040FFF792
S21402EAB065BE0023046CCDE90833CDE90A3394F829
S21402EAC05D310DF1200C042B2CD11F4B1B6893F8E3
S21402EAD05E205AB1674603F13E024E333E46106848
S21402EAE05168083203C69A423746F7D104F5847352
S21402EAF0069305F15303059305F15A03049323790C
S21402EB0028460393637904F1C8020293A37904F1B9
S21402EB10F801CDE900C304F1B8030DF0F5FE0020BC
S21402EB200DB0F0BD013B022B9CBFD4F82C310893EC
S21402EB30DCE7016C01F584710DF00AFA4A212846D9
S21402EB400DF08EFAEBE700BFA0270020F0B545F2E5
S21402EB500E06B142044613468DB00BD045F213039F
S21402EB60994260D0B1F5A04F77D10DF0D5F90020CB
S21402EB700DB0F0BD9979026C0C310B44591D02F5AB
S21402EB808C72153351F8040B994242F8040BF9D1F2
S21402EB90256C102205F58C7105F584700BF032FF9A
S21402EBA020B90B2120460DF07AFBE0E70023CDE9E1
S21402EBB00833CDE90A3395F85D310DF1200C042BAC
S21402EBC02AD1284B1B6893F83D205AB1674603F1B9
S21402EBD01D022D333E4610685168083203C69A421B
S21402EBE03746F7D105F5A073069304F15A03059349
S21402EBF004F153030493EB7A204603932B7B05F12F
S21402EC00B80202936B7B05F1F801CDE900C305F16A
S21402EC10C8030DF079FEAAE7013B022B9CBFD5F88C
S21402EC202C310893DEE7056C102205F5A07105F578
S21402EC308C700BF0E7FE0028B3D1D5F858314B2183
S21402EC409B0748BF94F87430204644BF43F0020343
S21402EC5084F874300DF004FA89E70DB0BDE8F04090
S21402EC60FFF78CBDA027002073B545F21406B1420B
S21402EC7004461AD045F21906B14221D0B1F5A04F8A
S21402EC8028D10DF049F9216C204601F594730193C1
S21402EC9001F1B803009301F1110201F1C8035131E9
S21402ECA00DF0D3FE002002B070BD036CD3F828210D
S21402ECB00B4BB2FBF3F103FB1121FEF7D5FFF1E795
S21402ECC013781BB90C210DF0EAFAEBE749210DF097
S21402ECD0C7F9E7E702B0BDE87040FFF74FBD00BFD7
S21402ECE040420F002DE9F04F97B01546DDE9209817
S21402ECF004AA06468C4692461C46524B229F03F1B5
S21402ED00100B9646186859680833AEE803005B4550
S21402ED107246F6D16B46202261465046FFF7A4F9AA
S21402ED208346002871D1484B05F1100208936523EB
S21402ED308DF824300DF12503184655F8041B95422C
S21402ED4043F8041BF9D110210CF0E8FC0DF1350351
S21402ED50184604F1100254F8041B944243F8041BAC
S21402ED60F9D110210CF0DAFC99F80630062183F06E
S21402ED700803C3F3C0038DF84530D9F800300DF10F
S21402ED804600CDF84630B9F804300124ADF84A30D2
S21402ED900CF0C4FC98F80630062183F00803C3F38F
S21402EDA0C0038DF84C30D8F800300DF14D00CDF888
S21402EDB04D30B8F80430ADF851300CF0AFFC0023FB
S21402EDC035228DF854306846239B08A98DF85340A7
S21402EDD0FFF74AF98346C0B9102123980CF09EFC2F
S21402EDE03B463522684608A98DF82040FFF73CF9D5
S21402EDF0834650B9B27C0146C2F1100238460BF087
S21402EE002BFE102138460CF089FC102168460CF0C7
S21402EE1093FC352108A80CF08FFC102150460CF00C
S21402EE208BFCBBF1000F06D0082130460DF037FAF6
S21402EE3017B0BDE8F08F5A4645F2120130460DF083
S21402EE402AF9F5E7D02804000062746C70B51E46F5
S21402EE500423054696B014468DF8143001F12002BC
S21402EE600DF1150351F8040B914243F8040BF9D146
S21402EE7020210DF115000CF051FC22460DF1350350
S21402EE8004F1200152F8040B8A4243F8040BF9D12C
S21402EE9020210DF135000CF041FC04AB0293202337
S21402EEA001931A9B314600930E48412305AA04F0AB
S21402EEB051F90446412105A80CF03EFC54B1214606
S21402EEC040F20740FEF7BCFE082128460DF0E7F99F
S21402EED016B070BD224645F2150128460DF0DBF845
S21402EEE0F6E700BF0000020945F20D039942F7B5A6
S21402EEF0044627D00DD8B1F5A04F1DD045F2040325
S21402EF00994200F08F80204603B0BDE8F040FFF73C
S21402EF1035BC45F21103994200F0A68045F215036E
S21402EF209942F0D1006C90F85D31052B06D8DFE8E7
S21402EF3003F0503A423A55500CF0EEFF002738469E
S21402EF4003B0F0BD93790C331A44561D02F1250521
S21402EF502A463146FFF7E2F8074620B10B21204643
S21402EF600DF09DF9EBE73146236C113351F8042B73
S21402EF70A94243F8042BF9D1236C01F12002313364
S21402EF8051F8040B914243F8040BF9D1216C204648
S21402EF9001F1D8030093D1F8943001F13102113116
S21402EFA0FFF754FFCAE7204645210DF059F82046E0
S21402EFB0FEF7A0FEC2E7204645210DF051F8364B7B
S21402EFC020461B68D9684B1C5A425A41FEF762FE1D
S21402EFD0B4E7462120460DF043F8AFE72E4B1B68F8
S21402EFE093F85E5065B1002100F1110200F5A070A1
S21402EFF001900091204611463E330DF09EF99DE7A2
S21402F0001021C8300DF062F800283DD008212046B5
S21402F0100DF045F9294640F20740FEF711FE40F290
S21402F02007478CE79179036C0C310A44511DA833CB
S21402F030153251F8040B914243F8040BF9D1256CB2
S21402F040102205F1A80105F198000BF0DBFC20B9AF
S21402F050042120460DF023F970E7D5F8583143F025
S21402F0600103C5F8583169E70B4B056C1968102285
S21402F0704E3105F5A0700BF0C5FC0028E8D1102132
S21402F08005F1C8000DF022F8216C2046C8310CF0BC
S21402F0907BFF47219EE700BFA027002045F216030C
S21402F0A09942F7B5044600F0B0810CD8B1F5A04FEE
S21402F0B00FD045F20303994210D0204603B0BDE8B4
S21402F0C0F040FFF75BBB45F217039942F5D10220E9
S21402F0D002E00CF021FF002003B0F0BD9379056C2E
S21402F0E00C33D618F379DF070CD4FEF7EFFC18B909
S21402F0F094F97530013305D0052120460DF0CFF87E
S21402F1002120E9E7A24F337A3A68127A9A4202D865
S21402F110A27C9A4201D90621EFE7D6F80530C5F857
S21402F1200B30B6F80930A5F80F300223AB7294F90B
S21402F130523094F85210002BB2BF012381F008031C
S21402F140C3F3C003AB7094F8603083F00803C3F3D4
S21402F150C0036B70337A102B28BF1023A374F37985
S21402F160D8072BD5AB79DA0728D5737A2A7A1340D3
S21402F17085F85131B37A6A7A134085F8503195F999
S21402F1805E3101331ED0206C90F850319B0719D4A3
S21402F19081F00801062290F95E0104F14C03C1F3E6
S21402F1A0C00107F0E8FC68B140F21B412046FEF7BA
S21402F1B029FDA3685907A3D508219EE7002385F8F1
S21402F1C05131DAE73B68F079597C00F0080229B140
S21402F1D012B1AA79120703D403218EE7002A73D04C
S21402F1E0AA79110770D5D5F8581141F00401C5F86F
S21402F1F05811B5F8501121F4807121F00101A5F8DB
S21402F200501193F81CC0B179BCF1020F03D000294B
S21402F21037D0022171E729B3012283F83D20DA7C38
S21402F22052BB042385F85D3194F91330022B03D1C7
S21402F230D5F858315B07CFD507F09BFC01285CD187
S21402F24094F97500461C58D0002201A9C0B2FEF7F8
S21402F2501BFE002851D1236C93F85021900748D406
S21402F2600A214AE793F85E20002AD2D083F83D109E
S21402F270DB7C002BCDD1D4E793F85E30002BD0D1C7
S21402F280C7E7024312F0040209D185F85D211B7C10
S21402F290002BA1D194F8743098079DD4C4E77279F4
S21402F2A01878052A28BF03223A4902EB82020A444A
S21402F2B0125C85F85D211B7C1BB994F874309907A3
S21402F2C0B2D5002AB0D187E71A7F012A02D1B279D5
S21402F2D0002AA6D1420703D4AA7912F00402D4D097
S21402F2E072791878052A28BF03222B4902EB82027C
S21402F2F0DDE793F851319907B2D594F97500421CAF
S21402F30018D0226C0821D2F8583143F04003C2F8D4
S21402F310583107F047FC052194F9750007F016FCF2
S21402F320032194F9750007F011FC062194F9750083
S21402F33007F00CFC95F85D31206C042B00F59870F4
S21402F34021D13B6803F11D022D3352F8041B9A4269
S21402F35040F8041BF9D1D5F8583195F85D2103F031
S21402F3600401DAB923F00203C5F85831E274002921
S21402F37046D0216C204601F1940301F1710251310D
S21402F380FFF718F9A7E6102200210BF065FBE2E76B
S21402F390A0270020E1280400FA28040043F0020314
S21402F3A0C5F8583149B90123013AE374032A3FF6F6
S21402F3B092AEDFE802F010181025A37C0F2B89BF4F
S21402F3C094F87430012343F0080384F8743088BF3D
S21402F3D00223E374CDE7204645210CF041FE204689
S21402F3E0FEF788FC77E6204645210CF039FE3B689E
S21402F3F02046D9684B1C5A425A41FEF74BFC6AE635
S21402F400432120460CF02CFE65E60CF0F5FD422169
S21402F410F7E700BFF8B50446FEF73CFB266C054648
S21402F42028B394F975305F1C0BD086F85E31FEF770
S21402F4304DFB072101200CF07FFD024638BB1A2146
S21402F44011E02046F1F746FC86F85E01236C93F93C
S21402F4505E310133EBD1FEF739FB60B1A3685D077D
S21402F4600FD441F205212046FEF7CCFB0DE0FF2328
S21402F47086F85E31EFE794F975300133EED1002558
S21402F480D7E7052120460CF00AFF0020F8BD3249D6
S21402F490867909680C3691F800C0831983F801C092
S21402F4A091F81CE0281E18BF0120BEF1010F0DD1F5
S21402F4B083F802E0D870487C00B3D87800071DD4E1
S21402F4C0A3685B07DDD441F20321CCE78F69BEF166
S21402F4D0020F07F002070ED191F85EE0BEF1000FB0
S21402F4E009D04FF0010E83F802E0D870002FE2D167
S21402F4F040F00800DEE74FF0000EF4E7BCF1030F21
S21402F50007D0096911F0FF1F1EBFD97841F0040128
S21402F510D97094F874108F0708D5D978480705D49F
S21402F520BCF1030FCFD041F00401D970002D18BFF3
S21402F530032510215D7119719D71216C9059C1F8D6
S21402F54003009888A1F807009B7920464B72062193
S21402F55009F0ACFF012099E7A0270020F0B545F29C
S21402F5600E06B142044615468DB00ED045F213067D
S21402F570B1425CD0B1F5A04F40F0BD800CF0CCFC9F
S21402F580236CD3F85831190757D5236CD3F8582172
S21402F59012070CD4AA7903F584730C3215446A1D3B
S21402F5A0153552F8041BAA4243F8041BF9D100236E
S21402F5B0256CCDE90833CDE90A3385F85C3195F838
S21402F5C05D310DF1200C042B2AD14D4B1B6893F8AC
S21402F5D03D205AB1674603F11D022D333E461068A0
S21402F5E05168083203C69A423746F7D105F5A0732A
S21402F5F0069304F15A03059304F1530304932B79FB
S21402F60005F1C80203936B790293AB79CDE900C387
S21402F61005F1B803204605F1F8010DF075F90CE086
S21402F620013B022B9CBFD5F82C310893DEE7056C14
S21402F63095F85C3123B1012B54D000200DB0F0BDFB
S21402F640102205F5A07105F584700BF0DBF920B1E8
S21402F6500B2120460CF023FEEFE7D5F858310DF1CA
S21402F660200C9B0742BF94F8743043F0020384F8E0
S21402F6707430012385F85C310023CDE90833CDE9E7
S21402F6800A3395F85D31042B25D11D4B1B6893F880
S21402F6905E205AB1674603F13E024E333E4610687C
S21402F6A05168083203C69A423746F7D105F58C737D
S21402F6B0069304F15303059304F15A030493EB7A79
S21402F6C005F1B80203932B7B02936B7BCDE900C353
S21402F6D005F1C8039EE7013B022B9CBFD5F82C31EF
S21402F6E00893E3E705F58C710CF032FC882120467E
S21402F6F00CF0B6FCA1E70DB0BDE8F040FFF73EB84F
S21402F700A027002045F21403994213B504462BD0D5
S21402F7100CD8B1F5A04F13D045F20E03994232D061
S21402F720204602B0BDE81040FFF728B845F219039C
S21402F7309942F5D1137813BB0C210CF0B0FD10E002
S21402F7400CF0EAFB216C204601F59473019301F15B
S21402F750B803009301F1510201F1C80311310DF013
S21402F76074F9002002B010BD036CD3F82821114BA7
S21402F770B2FBF3F103FB1121FEF776FAF1E78721DC
S21402F7800CF06EFCEDE79179036C0C310A44511DC6
S21402F79003F58473153251F8040B914243F8040BB7
S21402F7A0F9D1226CD2F8583143F00803C2F8583126
S21402F7B0D7E700BF40420F0045F2100330B599422A
S21402F7C0044685B000F0A6800CD8B1F5A04F27D02D
S21402F7D045F20503994228D0204605B0BDE83040E0
S21402F7E0FEF7CCBF45F21103994200F0B08045F215
S21402F7F012039942F0D1016C91F85D3113B1043BCA
S21402F800012B03D82046B8310CF0BEFB236C93F8CC
S21402F8105D31042B40F2DF80052B03D1862192E076
S21402F8200CF07AFB002005B030BD9179036C0C31E8
S21402F8300A44511DC833153251F8040B914243F85D
S21402F840040BF9D1206CD0F8583113F0040354D0CD
S21402F85090F85D31042B22D1604B1B6893F85E5002
S21402F86065B1002100F111020091114600F5A07069
S21402F87001903E3320460CF060FDD3E71021B830ED
S21402F8800CF024FC58B1082120460CF008FD40F28A
S21402F89007402946FEF7D4F940F20740C3E7216C39
S21402F8A091F85D3101F1C80213B1043B012B12D865
S21402F8B001F1F803039301F59873029304F15A03D6
S21402F8C0019304F15303009301F1B8032046D831A3
S21402F8D0FFF708FAA6E701F5A073019391F85C0119
S21402F8E0D1F82C31C34003F0010343F080030093A8
S21402F8F0134601F151021131BCE780F85C3100F188
S21402F900C802009300F5987100F5A07320460DF02A
S21402F91010F987E7056C102205F1980105F5A0702D
S21402F9200BF070F820B1042120460CF0B8FC79E701
S21402F9308821D5F858319B0742BF94F8743043F0BB
S21402F940020384F8743020460CF08AFB6AE7056CE2
S21402F95095F85D3105F5A070042B1ED11F4B1022C1
S21402F96019684E310BF04EF80028DCD1102105F153
S21402F970B8000CF0ABFB216C01F1F803039301F520
S21402F9809873029304F15A03019304F1530300930C
S21402F99001F1C80201F1B80398E70146102205F109
S21402F9A098000BF02FF80028BDD105F1B8012046CB
S21402F9B00CF0EAFA216C91F85C310133DBB2142BBD
S21402F9C081F85C31D8D0D1F8583123F00103C1F860
S21402F9D058318421B7E78721B5E700BFA02700206A
S21402F9E045F215039942F7B5044651D00CD8B1F545
S21402F9F0A04F19D045F20D0399421BD0204603B002
S21402FA00BDE8F040FEF7BABE45F216039942F5D1BC
S21402FA10016C01F1D8030093D1F8943001F1310260
S21402FA201131FFF713FA01E00CF076FA0027384698
S21402FA3003B0F0BD93790C331A44551D02F1250626
S21402FA4032462946FEF76AFB074620B10B212046BE
S21402FA500CF025FCEBE72946236C113351F8042BF6
S21402FA60B14243F8042BF9D1236C01F12002313361
S21402FA7051F8040B914243F8040BF9D1216C20464D
S21402FA8001F1940301F171025131FEF793FDCDE7C6
S21402FA900CF0B2FA236C93F85D31052BC6D8DFE87A
S21402FAA003F0190311111E19204682210CF0D8FA10
S21402FAB00C4B20461B68D9684B1C5A425A41FEF72B
S21402FAC0E9F8B3E7204682210CF0CAFA2046FEF790
S21402FAD011F9ABE7832120460CF0C2FAA6E785218E
S21402FAE0F9E700BFA0270020204B10B51B6804468C
S21402FAF09B6913F0040310D141B180F8773090F877
S21402FB007010BDE810401A480BF0C5B990F8733073
S21402FB10012B03D18368580705D410BD022B02D1EE
S21402FB2083685907F9D494F9772094F87730002A35
S21402FB30F3DBB3B9012384F8773094F877305B08A7
S21402FB40EBD04FF47A7294F87010534308480022B0
S21402FB50FCF748FD94F8773063F07F0384F877303B
S21402FB60DBE75A06E9D45B00E5E700BFA0270020E2
S21402FB70AC27002045F21E0330B5994204461546CE
S21402FB8089B010D845F21603994213D845F20103FC
S21402FB90994200F0828145F20C03994222D0B1F5D7
S21402FBA0A04F00F080812A46204609B0BDE83040CA
S21402FBB0FEF7E4BDA1F5A043173B072BF3D801A23D
S21402FBC052F823F0A9FC0200A7FB0200A7FB0200E2
S21402FBD0A7FB020055FE0200A7FB020021FE020060
S21402FBE095FC020090F97730002B02DB82685307FF
S21402FBF007D5204609210CF052FB41F2092009B034
S21402FC0030BDAB792B44914D5B7C2D6803F0080127
S21402FC106D7CD5B121B903210CF041FB2120EEE722
S21402FC2013F0040F03F0010308D042F008028260CA
S21402FC3093B9A36843F02003A36013E0002BF8D027
S21402FC40836843F010038360F3E7580744BF42F02B
S21402FC500802A260DB0703D5A36843F01003A36083
S21402FC600029E6D1A368224643F00403A36078493C
S21402FC702046FCF7D9FC0221204607F0D6F947F2C7
S21402FC803053002245F21A012046FCF7ABFCA3686B
S21402FC909D054AD5A368580747D594F8700009B061
S21402FCA0BDE830400CF046B890F87430D90745D518
S21402FCB090F9753001333AD094F9131001291DDCFE
S21402FCC0A26893060DD5614B15071B6801D4187CF4
S21402FCD038B1187F10B91878032802D09B699807A4
S21402FCE02CD501290AD0594B11071B6801D41A7C5E
S21402FCF022B11A7F12BB1B78032B1FD10023CDE93A
S21402FD000433CDE9063306F034FF012801AB2DD0CB
S21402FD10A06AE16A228E03C31A802046BDF8042038
S21402FD2004AB0DF10601F3F75BFC002067E783687E
S21402FD30DA0616D4FDF7CAFE0028BDD0434B1B6870
S21402FD40197F022929D1DA7C3AB393F85E3023BBB5
S21402FD50A3685A0717D520460CF0A1FA41F20220F2
S21402FD604DE7FDF797FE0028E4D0E7E70A220221D6
S21402FD7094F9750006F040FF0028CED1CDE90100C7
S21402FD80ADF80C00C9E7204641F20221FDF73AFF22
S21402FD9001212046FFF7A8FEE0E720460CF08EF889
S21402FDA0A56860B96B0705D5082120460CF077FADE
S21402FDB01A2024E71A212046FDF724FFF8E715F05B
S21402FDC0040508D0FDF78AFEC8B1204694F97510DE
S21402FDD0FDF7A4FFA9E722461D492046FCF724FCAE
S21402FDE00221204607F021F947F230532A4645F20F
S21402FDF01A012046FCF7F6FBA3685D07E2D4226CE4
S21402FE00D2F8583143F020032046C2F85831FFF7A3
S21402FE1001FB002889D0412120460CF021F984E715
S21402FE20FDF75CFE002868D0226C002A65D0A36825
S21402FE30580762D5D2F8583199065ED42978002937
S21402FE40E0D1052120460CF02AFA6EE7A027002012
S21402FE50B7C0030090F87430D80707D44021204674
S21402FE600CF0FEF829462046FDF7CCFEA36859079B
S21402FE707FF55BAF204645F21A010BF00CF82046E0
S21402FE8022461F490BF040F8A368022123F03C03E8
S21402FE902046A360F1F7DEFC47E7024618491948F8
S21402FEA0FCF7C2FB41E745F21A010AF0F4FFA36829
S21402FEB023F03E03A360236C6BB193F95E01421CF0
S21402FEC009D094F97520013203D0D3F858315B0675
S21402FED001D5F0F725FE2246204609490BF014F814
S21402FEE02246074907480BF00FF820460221F1F791
S21402FEF0B1FC20460CF033F917E702207FE600BF7C
S21402FF00B7C00300A821002045F21E0399422DE93E
S21402FF10F3410446154611D845F21603994214D801
S21402FF2045F20103994200F0438345F202039942E7
S21402FF3000F09C80B1F5A04F00F040832A46204690
S21402FF4002B0BDE8F041FEF719BCA1F5A043173B8D
S21402FF50072BF3D801A252F823F000BF7DFF020060
S21402FF603DFF02003DFF02003DFF02006B0503005D
S21402FF703DFF02003D01030003010300874E336884
S21402FF801A7F022A11D1DA7C7AB193F85E3063B90D
S21402FF9041F20221FDF736FE20460121FFF7A4FDBD
S21402FFA041F2022002B0BDE8F081A368590701D5EC
S21402FFB00220F7E72046FDF76DFD3368051E1A7826
S21402FFC018BF0125032A07D019696AB211F0FF1F6C
S21402FFD028D042F0040503E094F87420920729D44E
S21402FFE09A69960723D41A7F012A20D045F008057D
S21402FFF002210B200BF0A0FF024600B383790344D4
S2140300005D7394F97530013303D094F87430DD07CB
S21403001003D5A36843F00203A3600621204609F034
S21403002045FA0CE094F874108F07D2D4D8E75B7CBB
S214030030002BDDD041F203212046FDF7E3FDA36844
S214030040224643F00403A36055492046FCF7ECFA26
S2140300500221204606F0E9FF47F23053002245F21C
S2140300601A012046FCF7BEFA00209BE78368580770
S21403007003D494F97730002B05DB236C53B1D3F804
S2140300805831D90606D5204609210CF008F941F265
S214030090092087E720460BF011FF28B908212046E0
S2140300A00CF0FDF821207DE7206CD0F8583143F0A2
S2140300B01003C0F85831AB790C332B445A68C0F898
S2140300C003201A89A0F8072001229B7A4372236C27
S2140300D0DA70A26812F0040610D122463049204690
S2140300E0FCF7A2FA0221204606F09FFF47F23053A0
S2140300F0324645F21A012046FCF774FAA3689A05BD
S214030100B2D5236C002BAFD0D3F85831DB06ABD572
S214030110FDF7E4FC94F9751030B1A3689F0703D488
S2140301202046FDF7FBFD9FE70846F0F7FDFB28B1E9
S21403013094F87430DE0701D40521B0E7236C002B56
S2140301403FF436AFD3F85831D8067FF531AF99066A
S2140301503FF52EAFFDF7C2FC48B1A3689A0706D455
S2140301602B7823B9052120460CF099F87CE7A36881
S214030170256C23F00203A360D5F85831074F43F0EC
S2140301802003C5F858313B68EA791B7A934202D8B4
S214030190A37C934206D9062181E700BFA02700204F
S2140301A0B7C0030094F9521094F852300029B2BF36
S2140301B0012383F00803C3F3C003102A28BF1022C9
S2140301C06B7094F86030204683F00803C3F3C003D3
S2140301D0AB70A274AE79FDF75DFC90B3F30730D530
S2140301E094F97530D4F84080581C20D088F85E31D6
S2140301F006F00D063B689A69910704D41A7F012A14
S21403020001D0320701D406F0F7061A78032A1BD06A
S2140302101B6913F0FF1F01D046F0040607210220D6
S2140302200BF08AFE0190A8B940F20340BAE62046D6
S214030230F0F750FD88F85E01236C93F95E310133C5
S214030240D6D106F00C06D5E71B7F002BE6D106F0C9
S214030250FB06E3E790F806C03A680CF10C0C13783B
S21403026000EB0C014B70137F012B06D0022B45D1FC
S21403027092F85E30003B18BF01238B701023CE70BC
S21403028016F0010608BF32460B711FBF2B7A6A7A37
S21403029003F003034B71236C14BF02F003024E7189
S2140302A08A7183F851214A7983F8502150F80C203B
S2140302B0C3F80A208A88DA818A791A7406B3206C0E
S2140302C090F8501111F002061AD194F85210062233
S2140302D081F0080190F95E0104F14C03C1F3C001FB
S2140302E006F049FC60B13146FDF7AAFC204608211A
S2140302F00BF0D5FF01A80AF00DFF95E70023BCE736
S214030300019E002E90D0FDF7E1FB95F806C018B9C4
S21403031094F9753001330FD01CF0010F04D0236C11
S21403032093F95E31013307D1052120460BF0B7FF61
S2140303303046FCF7E5FAB5E63B680CF00802597C54
S21403034029B112B16A7B100703D40321EDE7002A13
S21403035070D06A7B11076DD5D5F8581141F00401AA
S214030360C5F85811B5F8501121F4807121F0010138
S214030370A5F85011187F697902280FD091B942EA7F
S2140303800C0212F0040240D185F85D211B7C002B81
S214030390DBD194F874309807D7D40DE021B993F8DD
S2140303A05E203ABB0221C0E7012283F83D20DA7CB7
S2140303B032BB042385F85D3194F91330022B03D145
S2140303C0D5F858315A07C0D506F0D3FB01284DD1CE
S2140303D094F97500431C49D0002201A9C0B2FDF769
S2140303E053FD002842D1236C93F85021910737D44C
S2140303F00A219AE783F83D10DB7C002BD2D1D8E79D
S21403040093F85E30002BD4D1CCE72A791978052AE5
S21403041028BF03227C4801EB810101448A5C85F8EE
S2140304205D211B7C1BB994F874309907C4D5002A48
S214030430C2D18AE71A7F012A02D16A79002AB8D183
S2140304401CF0040F03D16A7B12F004029CD02A79B5
S2140304501978052A28BF03226C4801EB8101DCE7E3
S21403046093F851319A0701D40A2118E694F97500D6
S214030470431C18D0226C0821D2F8583143F04003AD
S214030480C2F8583106F08EFB052194F9750006F084
S2140304905DFB032194F9750006F058FB062194F9D9
S2140304A0750006F053FB32460621204608F0FEFF91
S2140304B095F85D31206C042B1DD13B6800F59870D0
S2140304C003F11D022D3352F8041B9A4240F8041B15
S2140304D0F9D1D5F8583195F85D2103F004018AB9AE
S2140304E023F00203C5F85831E274B9B181212046DE
S2140304F00BF0B6FDB8E51022002100F598700AF05F
S214030500ABFAE6E743F00203C5F8583141B90123D5
S214030510032AE37412D9042A7FF4A6AD8421E6E7FE
S214030520A37C0F2B89BF94F87430012343F0080390
S21403053084F8743088BF0223E374D7E7012A07D010
S214030540204682210BF08CFD2046FDF7D3FB8BE57E
S214030550204682210BF084FD3B682046D9684D1C5B
S2140305606A426A41FDF796FB7EE590F87430D80739
S21403057007D4802120460BF073FD29462046FDF75D
S21403058041FBA36859077FF56FAD45F21A01204674
S2140305900AF081FC224620461D490AF0B5FCA368F2
S2140305A023F00403A36002212046F1F753F95BE529
S2140305B0024617491748FCF737F855E545F21A017E
S2140305C00AF069FCA36823F03E03A360236C6BB1B7
S2140305D093F95E01421C09D094F97520013203D0C9
S2140305E0D3F858315B0601D5F0F79AFA224620462F
S2140305F007490AF089FC2246054906480AF084FCA6
S21403060020460BF0ACFDCEE7E1280400FA280400F0
S214030610B7C00300A821002007B506480AF098FDD6
S214030620042101900DEB01000AF074FE019803B05B
S2140306305DF804FBB0270020F7B5186810F0020039
S21403064003D0164E316811B9012003B0F0BD002463
S214030650042223460DEB020001940AF04AFDBDF87E
S2140306600630DB0702D4FFF7D7FF044600250C4FFE
S21403067057F8043B23B12146BDF80400984748B118
S2140306803368002BE0D0074B022193F90000FBF7F9
S21403069005FED9E70135062DEAD1F1E7B02700209C
S2140306A0B42700202129002010B50948FBF7E6FDF2
S2140306B00024084B0849187020200C60FCF76AF9E0
S2140306C0064BC3E90044C3E90244C3E9044410BD2E
S2140306D0D82C002021290020B0270020B427002092
S2140306E007B501213A20E4F75DFF042201231146F2
S2140306F00020E5F7C5FD0123032207210220E5F7C5
S214030700BFFD01230722CDE9003311460220E5F79A
S2140307105DFD1920E7F792FA192003B05DF804EBA4
S214030720E7F770BA704708B5E8F754F9FFF7D8FF4C
S21403073001F04BFDFFF7F6FF0DF0F0F9F8E710B503
S2140307400446E2F767FA2046E2F76CF82046E1F73C
S21403075097FE10BD0120704700B5C3B0F3F7EAFD5E
S21403076009F069F948B1FFF7F5FF30B101A809F0C0
S21403077015F910B901A8FFF7E2FF43B05DF804FBD3
S214030780704770477047E8F739BA704708B5E2F71D
S2140307908FFC00F0EDFEE2F781FCE2F745FDBDE8D5
S2140307A00840E4F7DFBBE2F737B808B5E2F778FDB1
S2140307B0E2F7FEFDBDE80840E2F780BC08B500F0AE
S2140307C034F8E7F761FA00F03EFEE9F72DF900F09A
S2140307D038FE00F03CFE00F0C6FE0DF0E6FFE2F742
S2140307E0F1F9BDE80840E2F737B908B5E6F74EF980
S2140307F000F025FEE6F75AF900F01EFEBDE80840B5
S21403080001F0FFBCE2F7DCBA7047E2F703BCFFF780
S214030810A3BF7047E2F7E4B982B002AB03E9030073
S214030820012002B07047704770470F20704770B5BD
S214030830002506462C46052C20D8DFE804F00307DF
S2140308400B0F13175B210820E2F790FD0C210820FD
S214030850E2F78CFDD1210820E2F788FD80210820ED
S214030860E2F784FD00210820E2F780FD6C1C294690
S214030870E4B208202546E2F779FD0624A4F10E0328
S214030880012B05D85A210820E2F770FD0134D2E780
S214030890102C05D1BDE870405D210820E2F766BD47
S2140308A0B31F195DEFE7012307B520F07F4040EA49
S2140308B08170019068460093FFF7B9FF03B05DF8B7
S2140308C004FBFEE700239A4200D1704710B550F8A8
S2140308D0234041F8234001339A42F8D110BD002348
S2140308E00360704703680B6001607047036813B9C1
S2140308F00B60016070471846F8E70346006818B1B6
S21403090002681A600023036070474FF060420123B9
S214030910D2F8001E83400B430020C2F8003E704707
S2140309204FF060410122D1F8003E824023EA0203E1
S2140309300020C1F8003E704710B588B004460E98F4
S214030940009207900D98224606909DF83000059079
S2140309500B9804909DF8280003900020CDE9013001
S2140309600B460121E2F702FE08B010BD4369426C54
S214030970D91C143AB1FBF2F103EBC1000330B0FB10
S214030980F2F00230704738B505460C46FFF7EEFF27
S2140309906A6CE31D143AB3FBF2F3013304EBC304AE
S2140309A002FB004038BD38B5054644692146FFF7CB
S2140309B0EAFF6A6CE31D143AB3FBF2F3013304EB6C
S2140309C0C304204438BD73B506460D460024F36BB6
S2140309D001225B6901A928199847019B013309D1B4
S2140309E0736C043462196A405B421A42EFD02046A5
S2140309F002B070BD0024FAE770B505460C46E4F76E
S214030A00BBFAEB6B2046BDE87040DB68184770B551
S214030A100025044686B00562E369AB4202D8206A25
S214030A2006B070BD666C2068E36B05225B6901A99E
S214030A3006FB0500984701A800F030FC00F053FCC5
S214030A4010B1236A013323620135E5E738B504465E
S214030A50456C006804F1400305FB0101E06B00F000
S214030A604FFC05462046FFF7D2FF284638BDF0B5B3
S214030A700546002687B0EC69013CB44203D80C4611
S214030A80204607B0F0BD01B14C1E6F6C2868EB6BB7
S214030A9005225B6901A907FB0400984701A800F03B
S214030AA0FDFB00F020FC0028EAD121460136E2E7F0
S214030AB0F0B504460D46466CE36B006887B0052226
S214030AC05B6901A906FB0500984701A800F0E6FB51
S214030AD000F009FC20B101A800F0B7FB07B0F0BD99
S214030AE029462046FFF7C3FF0646676C2068E36B7C
S214030AF005225B6901A907FB0600984701A800F0D9
S214030B00A4FB431CEAD0B54238BF0130E6E72DE923
S214030B10F0434FF6FF79D0F8248004460E46C845C6
S214030B2014BF45460025002787B0E369BB4202D8B9
S214030B3007B0BDE8F083E26B2368606CD2F814C09C
S214030B4000FB0530052201A9E04701A800F0A6FB3B
S214030B50022806D0C8450CD1721C29462046FFF74A
S214030B6075FFE3690135B5FBF3F2013703FB125555
S214030B70DBE729462046FFF79BFFB0F1FF3F14BF94
S214030B80024632460132E8E70368F0B5CC1A436CF6
S214030B900646B4FBF3F4002587B0F36937685A1E9C
S214030BA09542706C08D3706C336800FB043007B052
S214030BB0BDE8F04000F0A2BB0134B4FBF3F203FB44
S214030BC01244F36B05225B6901A900FB0470984786
S214030BD001A800F063FB00F086FB0028E3D1013593
S214030BE0DBE710B423F0030422449B070A44436C58
S214030BF018BF04325B4282EA0104234203D05DF845
S214030C00044BFFF7C1BF10465DF8044B70472DE950
S214030C10F041D0E90A369E42044686B028D1142213
S214030C20C369456802FB1355284606B0BDE8F08144
S214030C302068676C331AB3FBF7F3E26B07FB03001A
S214030C40D2F8148001A90522C04701A800F026FBAC
S214030C50012804D0636C1D44013B3340ED1A314632
S214030C602046FFF791FF0646A36AB342E0D1DBE7CF
S214030C700025F9E708B508301346D1E90012E4F772
S214030C8001F9012008BD13B50C4600212176009317
S214030C90616813462246E2F773FE18B1E37D03B19B
S214030CA0A07EA075A07D02B010BD73B5164600F1F8
S214030CB008050C46284609680DF1070200F0A1F95D
S214030CC0032E06D16368834203D12846216800F0C9
S214030CD07FF9012002B070BDD01E009B4242424104
S214030CE0187E824211D11A688A420ED85A688A42FE
S214030CF00BD35A6901325A61D3E9030282423FBFDA
S214030D00986840F8221001321A610120704710B526
S214030D10032A029C07D1A26A5340626C52421342D2
S214030D2001D100F055F9012010BD08B5C3680020B5
S214030D309847BDE80840E4F727B9012814BF042004
S214030D40022070B5002442431C70CC7D101D02F0B7
S214030D5002024CB91AB1012220F003001A7000F106
S214030D6008034868184470BD1AB1012220F0030036
S214030D701A7000230C7E01F12005DAB2944201D8E2
S214030D800020F0E735F833205E1C824206D901EBDB
S214030D90C30300F10802D8691044E4E73346801A17
S214030DA0EBE773B5054690F842601C4630460DF1F6
S214030DB00303FFF7C2FFEB6B012E5B690DD13246CF
S214030DC001A998479DF8033013B1BDF80630019387
S214030DD0BDF80430236002B070BD0122214602B084
S214030DE0BDE870401847F0B5054600244868EB6B2D
S214030DF087B00E4601225B69029402A90830984721
S214030E00274695F84230012B40F08480632C02D9A4
S214030E10029807B0F0BD612C08D805AB22463146D0
S214030E202846FFF7BEFF9DF814301BB305AB2246DA
S214030E30314628468DF81070FFF7B3FF95F8423019
S214030E40012B059B55D14FF6FF72934200F0968017
S214030E50082205A904A800F06DFA059B9DF810105A
S214030E60C3F30722914240F08980DBB2029A1A4408
S214030E70029283E095F84230012B30D12246314668
S214030E80284603ABFFF78DFF3146284604AB621CAA
S214030E90FFF787FF3146284605ABA21CFFF781FF05
S214030EA0102208230DEB02010DF107008DF8073021
S214030EB000F040FA102205A90DF1070000F03AFAF7
S214030EC0039BDAB2002A52D19DF80720B2EB132F08
S214030ED04DD1DDE9043203EB0243029347E0302CA5
S214030EE02BD944E09DF80720B2EB134F3FD1049B68
S214030EF0F3E7013342D0102205A90DEB020000F000
S214030F0019FA059B9DF81010C3F30742914235D199
S214030F109BB2ABE7312C3FF67BAF87D005AB2246BF
S214030F2031462846FFF73DFFBDF81430002B7FF40B
S214030F307DAF95F84230012BA0D022463146284695
S214030F4003ABFFF72EFF3146284604AB621CFFF7C0
S214030F5028FF102320220DEB03010DF107008DF867
S214030F60073000F0E7F9039B9AB2002ABAD095F847
S214030F704230012B14BF012302231C44013440E7F3
S214030F8013B500240194049C0094E3F7DFF902B040
S214030F9010BD13B501240194049C0094E3F7D6F91D
S214030FA002B010BD00234FF0FF3230B544689C42B8
S214030FB002D10023037230BD016801EBC30541F87B
S214030FC033206A600133F2E7C0E90012FFF7EABF95
S214030FD00023F0B545689D4210D00468DF0054F83E
S214030FE0332004EBC306B2F1FF3F08D0C2F313026B
S214030FF0914204D14FF0FF33E3517360F0BD0133E8
S214031000E9E70023F0B545689D4202D14FF0FF3073
S2140310100EE00468DE0054F83340671C09D0C4F3BE
S2140310201307B94205D1240D147003683344586876
S214031030F0BD0133E8E7704770B5940022460546D5
S2140310400E460DF041FD431C0AD058B922463146E0
S214031050284609F0D7FC002814BF3D20002070BDA9
S2140310606E20FCE77120FAE713B5044601A8E5F7FE
S214031070ADFA9DF8063023804FF480736380E5F75E
S214031080C5FA6060002002B010BDE5F725BA08B5C2
S214031090E5F712FA002008BD10B5044644EA01033A
S2140310A013F00303084609D1934201D1002010BD73
S2140310B054F8231040F823100133F5E72146920035
S2140310C009F0D5FCF2E710B504460DF0F9FC431C15
S2140310D010D088B9E5F79AFA234620F00300204497
S2140310E0984201D1002010BD53F8042B0132F7D0EB
S2140310F03E20F8E76E20F6E77120F4E70A4601394A
S2140311000144E7F771BA13B50023044601461B22D0
S2140311100DF107008DF8073000F00CF922689DF8F2
S2140311200730B3EBD26F0CBF0120002002B010BD16
S21403113013B500230446014620220DF107008DF85F
S214031140073000F0F7F80DF107001A22211D00F012
S214031150F1F862689DF80730B3EB926F0CBF01207D
S214031160002002B010BD0068431C58425841704727
S214031170006810F07E0F0CBFC0F3C16000207047FC
S2140311800068C0F3D3107047006800F07F000128A2
S2140311908CBF002001207047036813F07E0F14BF36
S2140311A0042008207047036813F07E0F03D14068BD
S2140311B020F07C40704713F078001CBF03F07F03D9
S2140311C0D81F7047006800F07F007047032809D0D7
S2140311D0022803D1C1F10201C8B2704700290CBF2F
S2140311E007200020704737B5054601F10C04436914
S2140311F06946012220469847BDF800300122019334
S2140312002046AB6901A9984703B030BD37B501F155
S2140312100C044369012269460546204698474FF663
S214031220FF72009B99B291420DD11B0C1B0443F431
S214031230254343F0A503019301222046AB6901A988
S214031240984703B030BD0020FBE737B504460025BA
S2140312501B22011D0DF107008DF8075000F06AF8F8
S21403126060689DF80720B2EBD06F03D120F078407A
S21403127003B030BD0DF107001B2204F108018DF801
S214031280075000F057F8A0689DF80730B3EBD06F0F
S21403129001D1C043EAE74FF0FF30E9E74BF29A2269
S2140312A0036810B5B2EB134F044613D19BB2012B60
S2140312B013D1FFF7CAFF01300CD04FF6FF72E06878
S2140312C0B2EB104F4FEA104309D180B2C01A18BFD1
S2140312D0012010BD2368013303D00420F9E7022060
S2140312E0F7E70320F5E701288CBF002001207047AD
S2140312F0033801288CBF0020012070471430704744
S2140313002DE9F04105469846036908460E461746FA
S2140313109847044638B943463A4631462846E3F7E3
S214031320A3FE044618B131462846FFF75CFF204665
S214031330BDE8F0811F2A0B689EBF4FF0FF31914036
S2140313408B43590801F055315B1A03F033319B0880
S21403135003F033330B44017803EB13130A444FF0C3
S214031360013103F00F334B43A2EB13620270704755
S21403137008B50CF091F8BDE808400021E4F7ECB896
S2140313800029CCBF01210021E4F7E6B802214FF47F
S2140313902070E4F773BC704770470020E4F782BD03
S2140313A00120E4F77FBD704770B5054614460E4628
S2140313B00DF075F92B685C4034405C402C60BDE84A
S2140313C070400DF067B94FF0B0435A6812B19A6A8D
S2140313D0002AFAD17047012200F580535A60CB43A6
S2140313E0934003F00A034361416111B900F50050CD
S2140313F04260704783695B06FCD5C163704770B56E
S214031400054614460E460DF04AF92B685C403440F8
S2140314105C402C60BDE870400DF03CB90122417879
S21403142003788A4030214B4342F2100103F1A04374
S21403143003F570335A507047704700207047F4F72F
S21403144047B800207047FFF7FCBF00207047002016
S214031450704770B506460D4614468CB0CAB11022C6
S214031460002108A809F0F8FA002207AB029305AB9F
S214031470019306AB00933046294608ABCDE9052217
S214031480E5F796FB18B9099B6360059B23600CB0D0
S21403149070BD6FF08600FAE71FB504A800E90E00DA
S2140314A011460198E5F7C0FD30B1E7F703FF05B035
S2140314B05DF804EB00F067B805B05DF804FB70B5A3
S2140314C005460E46E5F712FB044648B9314628465C
S2140314D0E5F7AAFD044628B1E7F7ECFEE5F712FBAD
S2140314E0204670BDBDE87040E5F70CBB10B5436AF7
S2140314F08AB0041DCDE901430023CDE9052310225C
S2140315003C30CDE90331CDE908230790E5F7EEFA41
S21403151060B907AB1A4604A901A8E7F749FD0446D4
S214031520E5F7F0FA002C18BF6FF092000AB010BD72
S214031530E6F70CB908B528B14C22002109F08CFA5D
S214031540002008BD6FF08600FBE70020704738B523
S2140315501C4600230846236011461546FFF7AFFFD7
S21403156000B9256038BD08B50DF01FF9002008BD89
S21403157000F005B809B1E6F7BFB92220704700208E
S2140315807047E6F701BAE1F779BE40B2E6F7F8BA74
S21403159070B50C46154610B9E6F76AFB38B14368D2
S2140315A02BB12A462146BDE8704000681847232021
S2140315B070BDF7B50D4616461C4648B103B901ACD7
S2140315C0C7685FB12346324629460068B84706E037
S2140315D0E6F74EFB04B901AC0028F1D1232003B093
S2140315E0F0BDF8B50C461546064658B9E6F740FB77
S2140315F020462946FAF7E8FA0446002CD4BF3720DB
S2140316000020F8BDE6F734FB86420746F0D03046A6
S214031610E6F722FB29462046FAF7D6FA044638466A
S214031620E6F71AFBE9E70EB403B503AA52F8041B60
S2140316300192FFF7D6FF02B05DF804EB03B07047E4
S21403164000207047FEE74FF4005300204B607047BE
S214031650012070470020704707B5002001AB0190BA
S214031660FFF7A7FF0198002808BF4FF0FF3003B02D
S2140316705DF804FB10B514460020FFF789FF2046EB
S21403168010BD80F89910704790F89900704790F84D
S2140316909600704713B504460DF10701007D0BF065
S2140316A03DFF9DF8073043B1236DD4E9120202448F
S2140316B0934218BF184602B010BD3022237D534311
S2140316C003F1A04303F58023DB6EEEE700235069A6
S2140316D010B5903000F8043C1446FFF70EF908B135
S2140316E0E6F73EFB63681BB100212046A2689847D5
S2140316F0002010BD90F8943070B505460C46C3B173
S2140317000B69B3F5006F16D80CF0D2FF95F88C3042
S214031710064665614BB1214605F19000FFF7E6F8F2
S21403172030460CF0C0FF002070BD2046E6F718FBDD
S214031730F6E70E20F8E72120F6E792F8543037B59F
S214031740144633B1936D0BB1D06D9847002384F8DC
S214031750543094F89A301BB32046E6F79FFAF8B154
S214031760236E132120465B6898471025236E204678
S2140317701B680DF10701984778B99DF8073003F009
S214031780FD02112A05D1A3F111025342534184F8F5
S214031790A030013D15F0FF05E8D12046E6F70EFB25
S2140317A0002084F8540003B030BD2DE9F04790F8CC
S2140317B0949004460D461646B9F1000F40F08B8010
S2140317C090F899800CF074FF94F89530074673B13F
S2140317D094F898305BB184F895900CF060FF012183
S2140317E0814608460CF042F948460CF053FF38464B
S2140317F00CF059FF2E44B54205D1236E0121204635
S2140318009B68984754E094F89A30002B3DD0207D8F
S214031810E2F73CF82046E6F75FFA0746207DE2F754
S21403182055F897BB0CF044FF0746207DE2F72EF8E9
S2140318302046FFF72FFFA26C00F1FF39914538BF12
S214031840E36C94F854A038BF03F1FF33207D38BF10
S21403185002EB0309E2F73AF8BAF1000F12D14B464E
S214031860D4F89C108B420BD013F80129112A01D00F
S214031870132A20D1A2F111035A425A4184F8A02018
S214031880C4F89C9038460CF00EFF94F8A030002B5A
S214031890B1D0236E2F462A785B68B8F1000F12D1B9
S2140318A0236E20465B683978013598470028A2D016
S2140318B00020BDE8F087A26C9A4282BFE36C03F176
S2140318C0FF339B18CEE70A2AEAD10D212046984714
S2140318D00028E5D0ECE70E20EBE7F8B504460D4606
S2140318E00CF0E6FE94F896300646ADB17BB994F854
S2140318F0983063B10CF0D3FE0121054608460CF080
S214031900B5F828460CF0C6FE012384F89630304618
S214031910BDE8F8400CF0C7BE002BF8D00CF0BFFEB5
S2140319200746294601200CF0A1F838460CF0B2FE13
S21403193084F89650EBE738B548B1002405680CF0F8
S214031940B7FEC5E916440CF0AEFE204638BD22208D
S214031950FCE770B50468054694F8946086BBFFF709
S214031960EAFFE6F785F9854202D13046E6F774F9D1
S214031970236E93F91000E6F761F9236E93F91000CE
S214031980E6F72EF9236E93F91100E6F757F9236E5F
S21403199093F91100E6F724F9207D0BF09FFD207DD7
S2140319A0E1F7F4FEE1F7D0FE0023C5E90033C5E90D
S2140319B00533EB60236E2046BDE87040DB681847AE
S2140319C00F2070BD0068E6F7F9B92DE9F04104462B
S2140319D00CF06EFE94F89530054603F0FF08A3B9A5
S2140319E00127236E41469B682046984784F89570E6
S2140319F00CF055FE0646414638460CF037F830469E
S214031A000CF048FE022384F8A1302846BDE8F041D6
S214031A100CF049BED0F8A4309A69120643BF5B6A3D
S214031A2000200B701B20704710B50446D0F8A42086
S214031A3093695906FCD5002394F8AD101A4694F81A
S214031A40AC00E4F71DFC002394F8AF101A4694F894
S214031A50AE00E4F715FC94F8B430DA0707D5002394
S214031A6094F8B1101A4694F8B000E4F709FC94F819
S214031A70B4309B0707D5002394F8B3101A4694F89E
S214031A80B200E4F7FDFB0122D4F8A400002100F520
S214031A900053DA64FFF79FFCD4F8A8000021E3F7AD
S214031AA081FD002010BD08B5D0F8A400FFF7A2FC06
S214031AB0002008BD0122D0F8A43019B103F58053E5
S214031AC0DA64704703F50053DA649A647047006873
S214031AD0D0F8A4309A6CD20708D5012103F500523A
S214031AE091649B699B0601D5FFF76FBF70470E2075
S214031AF070470E207047704770477047F8B50C461E
S214031B008D18073552421540A5F108070646384694
S214031B1000F05BFAA0883B1B618800EBE30080B211
S214031B20A1EBE30125F8040C25F8061CA188DA10BE
S214031B30D1B1A4EBC101B1F802C0C88002EB0C001E
S214031B404880E188B9B18A1A92B204EBC10125F83C
S214031B50022C8A80A2888AB9B2681344F268B360FA
S214031B60934288BFF3600EE015F8081C41F00201AB
S214031B7005F8081CE5E725F8021CEBE7A4EBC2040E
S214031B802278D207E8D43846F8BD2DE9F04F4FF057
S214031B90000887B09946531C109B0546174614BF8A
S214031BA014460824CDF81480002B00F0C980C3F82F
S214031BB00080002900F0C68042688A4240F2C28054
S214031BC0073121F007060CF073FD05AACDE9008264
S214031BD082463A464B463146284600F0FAF9059FB8
S214031BE0834607B130B950460CF05DFD192007B0A7
S214031BF0BDE8F08FB7F8028029694FEAC802C0EB48
S214031C00C8080139B8F1270F29617ED9B9F1000F49
S214031C1055D1864206F108084CD022463946284656
S214031C20FFF76CFF04460590059B9844404600F07A
S214031C30CCF9059906F10F004A88C308A2EBD00237
S214031C40A8F80220CA88A8F80430002A34D0D31A89
S214031C509BB201EBC202A8F8063093808B88F60885
S214031C60A380B8F804303A46E3804146002328466A
S214031C70668000F01BFAAB68EA6808339342AB60F1
S214031C8088BFEB60237843F0010323702B6901338D
S214031C902B616288AB68504603EBC203EA68AB600D
S214031CA0934288BFEB600CF0FEFC109B08340020C8
S214031CB01C609CE73C46B7E7A8F80620CEE707EB90
S214031CC008042046039200F080F90BF10703DB08B3
S214031CD00599638008F10703DB08A380CB8893B1DB
S214031CE0DB00039AD81D821A5A44C2F3CF020B4470
S214031CF0E2809A80A38808F1FF384FEAD808A1F853
S214031D000280CB80B7E7E380F4E7B9F1010F1BD17C
S214031D1007F10803B3FBF4F204FB1233B3B1224614
S214031D2039462846FFF7EAFE044623783A4643F048
S214031D300103237021460123284600F0B7F9A8E7DC
S214031D40222054E7212052E78642E8D13C46ECE7BE
S214031D5007B500224FF0FF3101AB0192E6F7A6FB71
S214031D60019803B05DF804FB07B5009313464FF0E4
S214031D70FF32FFF70AFF03B05DF804FB2DE9F04FCF
S214031D8005460C4685B0002900F0E680D0E90568D4
S214031D900CF08EFC14F808EC34F806CC1EF0010F99
S214031DA0019002D0BCF1000F06D101980CF07BFC29
S214031DB0012005B0BDE8F08FA968D5F810B034F857
S214031DC0049CA1EBCC010BF10103A4F108070CF171
S214031DD00102A9602B61B9F1000F43D04FEAC90392
S214031DE00293A7EBC903D888B3F802A00390187828
S214031DF00EF0020EC00725D4BEF1000F25D10398BE
S214031E00A0EB0A0EBEF1010F2CD10CF10202083929
S214031E105244C5F810B0A96034F802ECBEF1000FC6
S214031E2022D114F8081C24F806EC6EF3000104F81B
S214031E30081C013A5A801A786EF300021A700022C0
S214031E40DA8045E0BEF1000F0CD002984A44091A26
S214031E50A96014F8081C6FF3410104F8081C00215C
S214031E609980D9E73B46D7E707EBCE0AD5E90010BA
S214031E7001EB0009CA450ED314F8081C013A6FF3A8
S214031E80000104F8081C002124F8061C5A801A785E
S214031E9061F30002D2E717F83E70514617F00107C8
S214031EA02FD014F8087C013A6FF3000704F8087C77
S214031EB0002792B224F8067C5A801A7867F3000249
S214031EC01A70C3F107020A44C2F3CF02DA808A808B
S214031ED0002E3FD0B3423DD37288002A08BF1E4669
S214031EE0B8F1000F06D0434504D8B8F80220002AFC
S214031EF018BF43460198C5E905630CF0D4FB0020E0
S214031F0057E7AEEB0C0EBEF1010FCAD1BAF802C00A
S214031F10AAF802709444BAF80620CAB10AEBC201C2
S214031F2000272A69013A2A61AA68083AAA6014F8BF
S214031F30082C24F8067C6FF3000204F8082C1A78A1
S214031F40A3F802C067F300021A700029B9D176E736
S214031F501146E5E71E46C3E722202AE710B50446E6
S214031F60E6F7CAFA2146BDE81040FFF707BFFFF7BA
S214031F70F5BF70B5049E15461A4696B10023336026
S214031F808DB181B14D4333462946FFF7EDFE044636
S214031F9028B9306818B12A46214608F05DFD204668
S214031FA070BD2224FBE72124F9E707B5002201AB25
S214031FB00192E6F789FA019803B05DF804FB084638
S214031FC0FFF7C6BE0846FFF7D2BF00230360436091
S214031FD07047F0B5D0E90540551C08BF0822002B12
S214031FE04FF0000518BF0446DDF818C0CCF80050C3
S214031FF0002C37D09DF814706588FF0007EBC505E5
S214032000C2F1000E2078C00708D51BBBE088A0B13C
S21403201004EBC004658807EBC505F3E78D42F4D3EC
S21403202063B904F10806B6FBF2F002FB10667018FB
S2140320300EB1A842EAD8CCF80040F0BD082A0FD06B
S2140320406088013004EBC000461A06EA0E06801BC1
S2140320508542F0D2A0880028EFD0A4EBC004D9E7CD
S2140320600846E8E72046E8E7034610461A69DAB169
S21403207008B921B918680378DB0702D47047986952
S214032080F9E739B9C3887BB100EBC3000378DA07F5
S214032090F8D47047012907D183882BB1A0EBC3007E
S2140320A00378DB07F8D47047002070472DE9F0412A
S2140320B0D0E90545074688461646F3B194420FD045
S2140320C042B1954215D1424601213846FFF7CCFF6F
S2140320D005460EE00A463146FFF7C6FF0446F2E71A
S2140320E00A460021FFF7C0FFB5420446EBD0002E98
S2140320F0E9D0C7E90545BDE8F081944208D08C4293
S21403210028BF0C46B54205D0454538BF4546F0E7DF
S2140321100C46F7E74546ECE738B51C46C3E900012D
S2140321200023C4E90500C4E902332361227763620E
S214032130FFF74BFF23690139C90801334180236147
S214032140A368E268083393424FF00000A36088BF99
S214032150E36038BD08B5E6F7BFFA08BD002307B548
S214032160684600938DF80430E3F72EFF03B05DF85E
S21403217004FB10B50CF093FA04460BF019FC20464A
S214032180BDE810400CF086BA70474FF4C870E6F707
S21403219033BB7047704708B5FEF7F8FAFEF705FB42
S2140321A0FEF70CFBFEF721FBBDE80840FEF72ABB53
S2140321B0704708B5FEF7E5FAFEF7E4FAFEF7E3FA2A
S2140321C0FEF7E3FAFFF7F4FF08BD08B5FEF71CFBBE
S2140321D0FEF71BFBFEF71BFBBDE80840FEF719BB2B
S2140321E000F000B807B512200DF10601FFF7C2F99B
S2140321F0BDF8060003B05DF804FB70477047E1F7CF
S21403220033B8F2F78BBAF2F737B930B5002485B096
S214032210054601A8CDE901440394E0F7EFFF204605
S214032220029B2B6005B030BD704713B51AB100246E
S214032230009400F0F4F802B010BDF0B58DB005AC14
S21403224084E807001C46A1420D4628BF2546129B7C
S2140322500DB304B311462846002603F53813CDE91B
S2140322600A468DE8030003F241135F02C5EB4323DE
S214032270099302950CAA059B12E90700069500F040
S21403228057FAA54207D23146621B381B0DB0BDE88C
S214032290F04000F04BBA0DB0F0BD30B591B001ACD4
S2140322A084E807001C461346DA0049BF029A620018
S2140322B0033222F00302014604A8FFF7B6FF04A880
S2140322C000F0C2F81499224601F5381101F24111C3
S2140322D04D0208A8C4EB41210023FFF7A6FF05F52E
S2140322E0007100232246091B0CA8FFF79EFF0CA8CB
S2140322F000F0AAF808A904A800F086F811B030BDCB
S21403230070B590B001AC84E807001C4614991646D5
S21403231001F5381101F2411122464D0208A8C4EB1B
S21403232041210023FFF781FF05F5007122460023B4
S214032330091B0CA8FFF779FF0CA800F085F8F3003B
S21403234048BF029A334648BF033201994CBF22F076
S2140323500302620004A8FFF768FF04A800F074F8FD
S21403236004A908A800F050F810B070BD10B58CB0E2
S21403237005AC84E807000E9ADDE9060102F538127B
S21403238002F5A0725202CDE9092300228DE803006C
S2140323900B9202930CAA059B12E9070000F0C8F9FA
S2140323A00CB010BD2DE9F04B4FF0000899460746D8
S2140323B0164645468AB003AC84E8070002F0805B05
S2140323C007AC049A424502D80AB0BDE8F08B139BCB
S2140323D013B9AA1E012A0AD9129BCDE907790996D1
S2140323E000955BB194E807004B46FFF726FFBBF169
S2140323F0000F00D14F440135C844E2E74B4694E84A
S2140324000700FFF7B3FFF2E708B5E6F709FDE6F7BF
S2140324103DFDE6F745FDBDE80840E6F755BD10B5BA
S214032420044622F07042103060602160A26039B129
S214032430A26803F070431343A360029BE36010BDDE
S214032440A36843F08043F7E701234360C36843F080
S2140324502003C360836843F000538360704737B537
S21403246015464A6804463AB18C680093096845EAFB
S2140324700403FFF7D4FF0446204603B030BD2DE91E
S214032480F04FD3B0CDE90123DDE95D7BDDE95FA93C
S21403249000230390042003ACCDE9050307C907AB6B
S2140324A083E8070021461846619E0494E6F720FD5C
S2140324B08046002840F0B3805C9A0AAB07CADBF874
S2140324C0045083E80700DAF804304C421D44D9F878
S2140324D004306D425B420093BB6805F00F05DA00DB
S2140324E048BF7B6804F00F0442BF033323F00303A3
S2140324F07B60B368DB0041BF7368033323F00303D9
S21403250073600023DBF80400DAF80420CDE9153302
S21403251081182944CDE90E1379680D93494201F0D9
S2140325200F01CDE9103171681293494201F00F0192
S214032530CDE91331CDE9173319935C9B5B684BB92F
S214032540D9F804301343184301BF1024CDE90B40D8
S21403255016AB0A9311234FF0005204A932A8FFF7D3
S2140325607EFF40F611034FF0005207A9FFF777FFEF
S21403257042F611034FF000520299FFF770FF44F63C
S21403258011034FF000520199FFF769FF4123002220
S2140325905946FFF764FF2B024FF00052514643F0B3
S2140325A04103FFF75CFF23024FF0005243F00103A1
S2140325B00AA9FFF754FF009B4FF000521B0203F4D7
S2140325C07063494643F00103FFF749FF1038FFF7EE
S2140325D03BFF00230DA91A461AA8FFF740FF002366
S2140325E039461A46FFF73BFF002310A91A46FFF7A2
S2140325F036FF002331461A46FFF731FF002313A99F
S2140326001A46FFF72CFF002362991A46FFF727FFA7
S2140326101038FFF719FF1AA932A8FFF7F5FE404650
S21403262053B0BDE8F08F084611461A465B68102B78
S21403263001D1E6F7E5BC0720704782B000B589B044
S2140326400DF1200C20290CE907000B9312D8DDE9C5
S2140326500E0102AB83E803005CE902018DE8030088
S2140326600BAA059B07CA00F0EAF809B05DF804EB6D
S21403267002B070470120F8E782B070B586B00B93BE
S214032680119B03AD202B85E807003CD80C9AB2EBD0
S214032690430F3AD10F9EB34237D106225A438A429A
S2140326A003D003EB83038B422FD101223146222032
S2140326B0129BE6F7F7FA0446F8B90123CDE900338F
S2140326C095E807000E253346FFF76CFE00950EAA25
S2140326D007CA3346FFF7B1FD2346062229460220E2
S2140326E0E6F7CCFAE6F7FAFA0623044678B9009337
S2140326F00BAA334607CAFFF703FE204606B0BDE81B
S214032700704002B070470124F7E70724F5E71C463C
S214032710F3E7034610461944CA1A012A00D5704740
S21403272011F8012D02440A701012F5E708F094B967
S21403273082B02DE9F0438BB005AE86E80700079D0F
S2140327401F4615F0804513938046DDE9143289460B
S214032750169C16D18C4228BF0C46D20016D584B1DF
S2140327600F2C1AD8A9EB0502042A3B6828BF0422BB
S21403277008EB050009A90435099308F078F9AC427B
S214032780F0D80BB0BDE8F04302B070479C4228BFB8
S2140327901C46002CF5D00F2C13D9DDE914018DE867
S2140327A003000294139B96E80700E6F741FBE6F75F
S2140327B06DFBE6F775FB0BB0BDE8F04302B0E6F73A
S2140327C083BB224639460BB0BDE8F04302B008F09F
S2140327D04EB982B070B586B00E9E0B930C9B03ADBC
S2140327E0B3EB460F85E8070027D1012231462620A2
S2140327F00F9BE6F757FA0446C8B90123CDE9003321
S21403280095E8070006253346FFF7CCFD00950BAA8F
S21403281007CA3346FFF741FD23462246214628468C
S214032820E6F72CFAE6F75AFA041E18BF05242046E4
S21403283006B0BDE8704002B070470724F7E782B0E1
S2140328402DE9F04F89B01D461393149B01AC8B42C0
S21403285084E8070006460C4605D0072009B0BDE805
S214032860F04F02B070476B1813F8013CDB07F4D542
S2140328700027EB5DB3B34FF0FF084FEA480111EAB8
S214032880030A5FFA81F8F8D13A46514606EB070980
S2140328903046E71B08F0E0F804F1FF3BCDE9067A83
S2140328A0CDF814900DF1140A9AE80E00DDE9160728
S2140328B0B847002101278C46084699F8003023EADA
S2140328C0080389F80030A1420ED1BCF1000FC4D032
S2140328D00028E9D1002FE7D101223046FFF719FF80
S2140328E03846BBE70137C4E76A5C735C8B4508BFB1
S2140328F002F0FE02A2EB030E5FEA1E2E07F0010EA5
S21403290008BF4FF0000E5340013B1B0A07F00107B8
S21403291040EA0E0008BF00270131002A18BF4CF01A
S214032920010CD0E708B5E6F7F3F910F00E03FAD07A
S214032930022BF8D010F4806018BF062008BD10B52F
S2140329400446E6F709FA2046E6F752FC18B9BDE84E
S2140329501040E6F7B9BC10BD10B5044608B1E6F75B
S214032960D7FC2046BDE81040FFF701BB00F4E0406B
S214032970B0F5805F04D0A0F5005358425841704725
S21403298001207047F0B51F4600F0FE43B3F1106F09
S214032990164687B015D120F01F6424F4702484B93A
S2140329A0D1E908234C68240A0BD10E9C00960494A4
S2140329B00D9C03940C9CCDE90174E4F70DFC07B061
S2140329C0F0BD6FF08500FAE73AB1002918BF00237F
S2140329D02121D21A184408F03FB8704738B5037956
S2140329E004460D464BB9636900202B60237E012BFA
S2140329F00AD028606FF0960005E0D0E9081200F0D0
S214032A00DAFD0028EFD038BD02232376FBE72DE955
S214032A10F04F9B46002389B08DF81B30159B9146DB
S214032A20DDE912A7002B0E460B460CBF4FF40062DF
S214032A304FF4806207A9DDF85080E6F7EBFD044605
S214032A4000BB079D304629880DF11B02E6F750FEB2
S214032A500446B8B99DF81B30BB4225D8D5E9081201
S214032A606868000A23D1CDE9033828463346CDE902
S214032A7001BACDF80090E4F701FE10F1860F044684
S214032A8000D008B1C8F800703A4621465046D8F838
S214032A900030FFF799FF079800F05CFD002C18BF85
S214032AA0204609B0BDE8F08F6FF08904EAE76FF0BF
S214032AB08604E7E700232DE9F3414668D0F814803F
S214032AC004460F4630461146136000F045FD0546A2
S214032AD088B9304600F042FD054660B9F6B276B9CD
S214032AE0B8F1000F05D1A06820F47F4020F0030062
S214032AF060B16FF08605284602B0BDE8F081014656
S214032B00606900F001FD0028EDD1F2E74FF6F87397
S214032B1062889A4219D894F80480B8F1000F00D15D
S214032B2001A83946E7F712F805460028E3D10FCC8B
S214032B303F683E460FC694E8030086E80300B8F1F4
S214032B40000FD8D1019B7B61D5E76FF08505D2E7EF
S214032B5041F2052398421AD8B0F5905F09D241F2A4
S214032B60010398420CD0B0F5885F09D06FF085005A
S214032B7070472923A0F5905080B2C340DB07F5D5F4
S214032B8011F0070F0CBF00206FF086007047B0F5FA
S214032B90105FEBD121F04003802B06D0B1F5807F88
S214032BA00CBF00206FF0860070470020704770B59A
S214032BB0046A05460E463CB90120FFF7F6F928627B
S214032BC028B120466E6270BD6FF08A00FBE76FF097
S214032BD08C00F8E7F8B50F46114606461546FFF78C
S214032BE0E6FF044620B92A463946306A07F03FFF17
S214032BF02046F8BD2DE9F041089D88461F46048807
S214032C0002B32046FFF7B2FEE0B12B680BB9D30040
S214032C102B6020462968FFF79BFF044678B9CE1D34
S214032C20B2EBD60F11D1069B9A4211D841463846CD
S214032C3007F01DFF2B68079A0733DB08136020464F
S214032C40BDE8F0816FF08504F9E76FF08604F6E7D8
S214032C506FF08904F3E72DE9F04F476885B03F0A24
S214032C600446DDE90E9A0D4616469846DDF840B052
S214032C7015D1CDE901ABCDF80090E4F737FC10F1A0
S214032C80860F0ED14346324629462046CDE90FAB82
S214032C90CDF8389005B0BDE8F04FFFF7ABBF6FF047
S214032CA0860005B0BDE8F08F10B50446006A10B183
S214032CB0616AFFF751FE0020C4E9080010BD38B56D
S214032CC00546FFF7F1FF2B7E0446012B0ED0023B91
S214032CD0012B0ED8EB69012B18BF6FF09604282240
S214032CE00021284607F0B8FE204638BDEB69002BC6
S214032CF0F2E76FF09604F2E713B50446C0B101A9F4
S214032D00E6F764FF044698B9019B1A7E022A12D19D
S214032D1003221A761A79FF2A10D01AB1586900F0DE
S214032D202FFC0446019800F000FC002818BF044658
S214032D30204602B010BD6FF09604F3E76FF08404EC
S214032D40F0E773B5054608460C4600F04EFB002335
S214032D5028461A4601A9E6F75DFC50B9019E35469A
S214032D600FCD0FC495E8030084E80300304600F057
S214032D70F1FB02B070BD70B5144602881D461046BE
S214032D80049EFFF7F3FD68B944F2010322F44050B2
S214032D90984207D002F44F42B2F5824F02D0B2F502
S214032DA0844F0ED1B4420FD82246284607F05FFE62
S214032DB00021321B281907F04FFE0020059B1C60DC
S214032DC070BD6FF08500FBE76FF08900F8E72DE92B
S214032DD0FF4188461F46164622B3002301223B6066
S214032DE003A9E6F717FC044650B9039D6B68D5E9BB
S214032DF008121B0A08D0284600F0ACFB6FF08604C6
S214032E00204604B0BDE8F08143462846CDE9006776
S214032E10FFF7B1FF0446284600F09CFB002C08BFD2
S214032E200446EDE76FF08904EAE770B514460288B6
S214032E30049D02F4E040B0F5804F1CD144F201003B
S214032E4022F44056864207D002F44F42B2F5824F30
S214032E5002D0B2F5844F0ED1AC420FD818462246A4
S214032E6007F005FE00212A1B204407F0F5FD00208D
S214032E70059B1C6070BD6FF08500FBE76FF0890053
S214032E80F8E7F0B50F461E46154685B00AB300238D
S214032E9003A91A463360E6F7BDFB044638B9039820
S214032EA003885B0406D400F055FB6FF086042046C7
S214032EB005B0F0BDCDE900563B46D0E9081200F058
S214032EC0F4FA0446039800F045FB002C08BF0446BA
S214032ED0EDE76FF08904EAE72DE9F0411F4600238A
S214032EE088B0054688461646CDE905333B60002A7A
S214032EF052D0B2F1005F52D206AA05A9FFF7DAFD57
S214032F000446A0B90598036AB3B1059B41465A889F
S214032F102846079207AA029203F1240201925A6AEC
S214032F2000921B6A3246FFF796FE044688B1059860
S214032F3040B3FFF7C4FE25E06B681B0A02D06FF0B0
S214032F408604F4E73146FFF732FE04460028DCD059
S214032F50EDE70598079B4288C2B943804FF6F8729F
S214032F60934216D82B8813B102889A42E7D16B880E
S214032F7013B142889A42E2D13946FFF72FFD044641
S214032F800028D4D1204608B0BDE8F0819A42D6D1B5
S214032F90E4E76FF08504CAE76FF08604F2E76FF0A4
S214032FA08504EFE710B50446006868B106280CD11F
S214032FB004F10800FEF7BEFA00232360A38823F477
S214032FC0FF7323F00103A38010BD6FF08600F3E7C1
S214032FD02DE9FF4105469846002303932B680846D0
S214032FE01746002B3AD1B8F1000F134603A914BFB6
S214032FF04FF480624FF40062E6F70CFB044678BB9E
S214033000039E384631882A1DE6F772FB044638BB12
S2140330106B7968F300036B717168D6E90823090AB4
S214033020B8F1000F12D011BB3146009705F1080026
S214033030E4F78CFB044698B9062303982B6000F04C
S21403304089FA0446204604B0BDE8F08179B93146D2
S214033050009705F10800FEF76BFAEBE76FF08804BC
S2140330602846FFF79FFF039800F074FAEAE76FF02D
S2140330708604F5E70123FFF7ABBF38B505460068BE
S21403308098B112B90024204638BD06280AD105F1A6
S2140330900800E4F78DFB04460028F3D02846FFF724
S2140330A081FFF0E76FF08604F8E76FF08804EAE73D
S2140330B02DE9F041054600680E4617469846C8B106
S2140330C06A79D20716D52A79A2B1BA4215D8062844
S2140330D016D105F10800E4F7BBFB044698B10023BC
S2140330E0C8F800702B71A6B92846FFF75BFF204689
S2140330F0BDE8F0816FF08804F1E76FF08904EEE72E
S2140331006FF08604EBE726B92846BDE8F041FFF7E3
S21403311049BF21463A463046D8F80030FFF754FCFC
S2140331202846FFF73FFF002C08BF0446DFE71FB51E
S21403313001240394089C0294079C0194069C009423
S214033140FFF765FC04B010BD036819430CBF0120EC
S214033150002070472DE9F04707469A46002386B0BD
S214033160059307F0FE43B3F1106F0846DDE90E58EA
S2140331709146109E0BD0002D48D12846356000F0AE
S214033180E9F96FF08604204606B0BDE8F0873B46B3
S2140331904FF4804205A9E6F73DFA044628B175BB0D
S2140331A03560059800F0D6F9EDE705990B8823F00E
S2140331B0FF03B3F5E24F02D0B3F5E44F0CD14B88CF
S2140331C00733B8EBD30F07D21DBB0846356000F0B4
S2140331D0C1F96FF08904D6E753464A463846CDE927
S2140331E001860095FFF7CEFB04463DB9059835608A
S2140331F000F0B0F9002C08BF0446C4E760B14146AE
S2140332002846E6F7E9F9C6F80080CAE76FF08604B1
S214033210F5E76FF08904F2E7059800F09BF904469A
S214033220B1E7E6F7D9B908B50088DDE90221FFF76B
S2140332309DFB20B1BDE808401046E6F7CDB96FF018
S214033240850008BD2DE9F04F1F46002389B0904640
S214033250129ACDE905331360438805460E46002BC4
S21403326000F0C080038803F4E043B3F5804F00F01A
S214033270B98039463046FFF767FF002800F0B28072
S214033280284606AA05A9FFF715FC044600287DD1A3
S214033290059A6B68126A72B1059B9A46D3F820B0FA
S2140332A06B685AF8249F1B0A75D06FF0860405983E
S2140332B0FFF7FAFC6AE01A0A61D1B5F800A069883C
S2140332C05046FFF753FB80B15046FFF741FC0446D8
S2140332D000285BD10AF4E043B3F5805F02D0B3F570
S2140332E0005F0AD10731CA0817E02AF0FF03B3F5D7
S2140332F0E24F37D06FF0850448E00AF44F43B3F546
S214033300844FEFD047F201039A450FD149080131A4
S214033310C90801EBC10101F13B0207920799059821
S214033320FFF745FC04460028B6D02FE044F201031D
S2140333309A4503D1C90801F11002EEE747F20203EA
S2140333409A4505D1C90801EB410101F15A02E4E7A8
S21403335044F202039A4505D1C90801EB410101F184
S2140333604A02DAE72AF0FF00B0F5E24FBAD0B0F52A
S214033370824F01BFCC1DE4086400621CCDE72846DB
S21403338007A900F036F804460028C7D00598D0B140
S214033390FFF795FC17E02B885B0418D43B464246A0
S2140333A031462846CDE9019ACDF800B0FFF73BFF3A
S2140333B004460598002C7FF47AAF1299FFF70EFBAC
S2140333C004460028E2D1204609B0BDE8F08F5346F4
S2140333D04A4659462846E3F7ABFF10F1860F0446E4
S2140333E0E7D1DBE76FF08604EDE71822002107F04C
S2140333F033BB028843884068000A51D102F4E04098
S214033400B0F5805F02D0B0F5005F05D10733DB0867
S21403341040D16FF08500704702F44F40B0F5844FFB
S21403342003D10733DB080AD1F3E747F201008242F0
S21403343008D15B080133DB0803EBC3033B330020EF
S2140334400B60704744F20100824202D1DB0810335E
S214033450F5E747F20200824204D1DB0803EB43039D
S2140334605A33ECE744F20200824204D1DB0803EB52
S21403347043034A33E3E722F0FF02B2F5E24FD0D02C
S214033480B2F5824FC5D10733DB085B000133012B4E
S214033490D5D1BEE722F0FF02B2F5824FCFD1F6E7D1
S2140334A000236FF086000B6070472DE9F3474768EB
S2140334B00446DDE90A9A3F0A0D461646984611D198
S2140334C0CDE9009AE3F79EFF10F1860F0CD1434631
S2140334D0324629462046CDE90A9A02B0BDE8F047AF
S2140334E0FFF7A3BC6FF0860002B0BDE8F087037E4B
S2140334F0022B06D1C3695A1C03D00133C3610020D3
S21403350070476FF09600704703466FF040420846D8
S214033510591E914207D338B103F1404393428CBFFF
S21403352000200120704701207047034668B1017EE2
S2140335308A1E012A0BD80329C26903D1012A01D1A5
S214033540FFF7BDBB1AB1013ADA61002070476FF08E
S21403355096007047FFF7E9BF00207047C0B2FF2808
S2140335600CBF6FF086000020704707B500216A463F
S214033570FDF76FFF8C3018BF012003B05DF804FB26
S21403358013B500216A460446FDF763FF8C3002D16B
S214033590002002B010BD00212046E3F7FDFC0146E3
S2140335A010B16FF09800F4E76A462046FDF751FF26
S2140335B08C30EDD0F5E72DE9FF41074614468846E3
S2140335C000293FD0002A3DD0B2F5005F3DD202F17C
S2140335D0240631460120FEF7E8FC0546C0B3034641
S2140335E03A4621464046E6F74FFB7F6900243846B5
S2140335F0FFF7BBFF01281FD021462B46324638462D
S2140336000094E3F703FC0146C8B9384602AAFDF75F
S21403361020FF044620B9029B9E4205D06FF0980413
S21403362038460021E3F7B8FC31462846FFF794F9FD
S214033630204604B0BDE8F0816FF08A04F4E76FF02B
S2140336409804F1E76FF08604F2E76FF08D04EFE776
S2140336506FF08C04ECE7FFF77FB92DE9F047D0F85D
S21403366014A086B08146884617465046002104AA11
S214033670FDF7EFFE044610BB049E01203146FEF71D
S21403368094FC0546002837D02146504604AA0394E6
S214033690FDF7DFFE044670B903AB02462146CDE9CB
S2140336A0005350463346E3F721FC039B04469E42F1
S2140336B009D06FF0980431462846FFF74DF92046A7
S2140336C006B0BDE8F0870028F5D13B4642463146B2
S2140336D02846CDF80090E6F7F5FA04460028EAD126
S2140336E0D8F800302BB13B68002B08BF6FF091046D
S2140336F0E1E76FF09104DEE76FF08C04DFE78B6998
S214033700184700207047704770474FF00000704717
S21403371000207047704770470020704700207047AE
S214033720002070470020704700207047704770479E
S214033730002070477047112070470020704770477D
S214033740704750E8003F0B4340E80032002AF8D1A8
S2140337507047C94350E8003F0B4040E80032002A58
S214033760F8D17047431E032B06D8DFE803F00204A4
S21403377002040320704704207047704700207047F8
S214033780002070477047704700207047002070473E
S2140337907047704770477047002070470020704797
S2140337A07047704770470020704700207047704787
S2140337B0002070470020704770474FF0FF30704777
S2140337C000207047704770470020704700207047FE
S2140337D04FF0FF30704711207047002070470120DC
S2140337E070470020704700207047002070477047DE
S2140337F07047704701F059BB38B504460AF058FFC6
S214033800D4E90A1205462046E6F7A6FAB4F84C10A1
S214033810B4F84E20E060521A40F2712101FB020315
S21403382003F59C53083328462361BDE838400AF065
S2140338303ABF08B52030FFF784FFBDE808404FF0D5
S2140338408050F0F725BE38B50D4604460830E8F735
S2140338502DF885F001010025204602F0C4FEE06B3A
S214033860A56110B1E7F72EFBE56304F14000BDE860
S214033870384007F04FBC10B5044619B390F85620ED
S2140338808AB190F857300133DBB29A4280F857304A
S21403389009D10121FFF7D7FF4FF080712046BDE81D
S2140338A01040FFF7C6BF236ADA030BD5636A626864
S2140338B09B1A002B06DA01212046FFF7C4FF4FF0C0
S2140338C08061EBE7236A1B0424D402F0F6FF11237E
S2140338D0B0FBF3F394F9682003EB0313C01A83B227
S2140338E012FA80F0102888BFC3F110035BB2083ABF
S2140338F01A4484F8682040F27121B4F84C2020461C
S2140339001A44636801FB023301216360BDE810407B
S21403391002F07ABE0023EEE72DE9F74F16461D4662
S21403392082699DF85830044688460E9F9DF840905D
S2140339309DF848B09DF850A00193002A40F0D2802D
S21403394005F01C021C2A04BF0626B046EB0600F14F
S214033950A98005F00302032A08BF05F0FD0505F05C
S214033960F70505F01402142A40F0A080A80600F11B
S214033970AA80BDF844209DF85C00A4F85420FFF705
S214033980F1FE00221BF0020F84F86900A26740F0E4
S2140339909D801BF0040F00F09B8000F0FD000128C3
S2140339A014BF0323042384F874309DF86000FFF7E4
S2140339B0D9FE00231AF0020F84F88E00C4F888306C
S2140339C040F088801AF0040F00F0868000F0FD00B7
S2140339D0012814BF03210421606C84F88410FFF7C8
S2140339E0A9FE49F6FF7104F12000FFF7B2FEFF239C
S2140339F084F85A30019B1BB1236A43F48053236235
S214033A0005F01803182B02BF236A43F4004323620E
S214033A10236A6A0723F4C04323620CD419F0010F08
S214033A201CBF43F400532362236A19F0020F1CBF22
S214033A3043F480432362236AA4F850502B43236243
S214033A4004F16203002F49D03A68C4F86220BA88AA
S214033A509A809DF83430012B03D14FF48061FFF731
S214033A6070FE236A9DF8302023F4407343EA022352
S214033A70236202F022FF9DF85430C0F30B0040EAA5
S214033A8003309DF83C30A4F88C00A4F84C80204604
S214033A90A4F84E6084F85830FFF7AEFE002003B05B
S214033AA0BDE8F08F4FF0010AD3465AE700222046BE
S214033AB0A16AE6F751F940F2712272438242BFF4DB
S214033AC055AF4520EBE705F0FC0552E702236AE70E
S214033AD0012368E702217FE701217DE7C4F86270CE
S214033AE09F80BEE70C20DAE72DE9F74389461746A1
S214033AF00446019330B901A807F00CFB422003B03B
S214033B00BDE8F083012920D0022910D089B9836942
S214033B10C3B900F128054FF40036236AD9061ED52B
S214033B205A0726D501A807F0F5FA0020E7E7406C08
S214033B3020B901A807F0EEFA0C20E0E71946FFF7D4
S214033B40FAFDDCE700F13005E5E7836923B900F108
S214033B502C054FF48026E0E700F13405F9E79B07D0
S214033B6007D5B9F1000F04D101A807F0D3FA122044
S214033B70C5E704F1200840463146FFF7EAFDF8079B
S214033B8002D5284607F0C6FA019921B1284607F060
S214033B90A8FB00230193286807F041FB236AD90694
S214033BA005D51F2801DC032F16D02846DDE740F293
S214033BB07262904204DD284607F0ACFA07209EE7BF
S214033BC0B9F1000F08D1BF2806DD9A0704D02846AE
S214033BD007F0A0FA452092E72046D4E90C12E6F750
S214033BE0BBF8A36983B140F27122B4F84C30534357
S214033BF0984209D9B4F84E308342E8D300F51C70D6
S214033C00B0FBF2F0A4F84C000AF052FDA369054697
S214033C107BB1BB070DD531464046FFF792FD63687F
S214033C20C3F57A7602F08AFEF04202D52046EAF71A
S214033C302BF828460AF037FD77E708B548B1CB07D7
S214033C4001D4002008BD4FF480112030FFF779FD22
S214033C50F7E74220F6E708B548B1CB0701D40020C2
S214033C6008BD4FF480112030FFF773FDF7E74220BD
S214033C70F6E7E6F759BB38B5836904460D463BB10C
S214033C80036A13F0010011D194F85930FE2B0CD0BF
S214033C9004F120004FF40011FFF753FD01202B68B9
S214033CA0C4F85B30AB88A4F85F3038BD0020FCE76F
S214033CB0036A10B5044613F4602025D09A0307D58B
S214033CC004F1280007F026FA236BA362002323637C
S214033CD0236A5B0307D504F12C0007F01BFA636B1A
S214033CE0E362002363634FF4602104F12000FFF7CF
S214033CF030FD2046FFF780FD0120B4F88C305A1CB7
S214033D0062F30B03A4F88C3010BD10B504464030A4
S214033D1007F0E7FA2046BDE810404FF00071FFF7C2
S214033D2088BD012313B54189009304468389C2895C
S214033D30084601F01DFDE0B1E279531E072B1AD8A1
S214033D406389934217D922899A4214D8237C43B9AC
S214033D50637C33B9A37C23B9E07C10B9237D0F2B96
S214033D6007D9607D1B3000F01F000B288CBF002096
S214033D70012002B010BD0020FBE7F8B58D790C4694
S214033D800C354B5D4F1903F0400343F004034B55CA
S214033D900623B91C7B70164600F00FF8635D002EF1
S214033DA060F386136355A3797A7803F10203134409
S214033DB0E371A4BF06367E70F8BD37B50246136AB4
S214033DC0084603F4007403F48015DB0505D47CB9B8
S214033DD002F0FDFC204603B030BD4CB9B5FA85F4BD
S214033DE0D2F85B1064090160B2F85F208280F1E7C5
S214033DF0019092F95A30B5FA85F4009300231A46D7
S214033E0019461846FFF7E7FC6409E3E750E8003F66
S214033E100B4340E80032002AF8D17047C94350E804
S214033E20003F0B4040E80032002AF8D1704738B50F
S214033E3005460C4602F064FE20B149F640439C4218
S214033E4028BF1C46EA68A2420BD240F27121B5F89D
S214033E507A304B43934238BF1346A34228BF2346C8
S214033E601A462A6138BD03469A6A4430920404D53A
S214033E70D3F82821998FECF7E5BC93F86F10ECF78D
S214033E80D7BC00207047012070470020704770475A
S214033E90002070470020704701207047C8207047F5
S214033EA00020704700207047704770471120704706
S214033EB07047704700207047704700207047704770
S214033EC0012070477047704790F8852010B5531C43
S214033ED003F00F03072B28BF0023044663F30302F4
S214033EE0034480F8852083F87E1090F885306F2B86
S214033EF04FEA13129EBF013262F3071380F8853030
S214033F00FFF7E1FF204694F83011FFF7CEFF10BD10
S214033F1070477047704710B101F1B000704701F168
S214033F20D4007047F8307047806A70472830FFF730
S214033F306DBF2830FFF772BFC06A70472C30FFF79B
S214033F4065BF2C30FFF76ABF00F59C70704708B555
S214033F500B79DB0702D4FFF7DBFF08BD91F90510E9
S214033F60BDE80840FFF7B0BF70B540F2712606FB08
S214033F7001F345685643826A1D44120704464560AA
S214033F800ED500F14005294600F13402E7F7AAFFF3
S214033F90334629462046BDE87040012201F0DEBBC9
S214033FA005EB5605456070BD836A590505D4D0F800
S214033FB0A03013B15B799A0708D4D0F8A40000B9EF
S214033FC0704743799B0701D40068F8E701207047E0
S214033FD080F87710704738B504460D46E6F766FC5A
S214033FE080B2FFF7CDFB78B14288022DA08F11D0A7
S214033FF0032D0BD0012D06D1238F626B1B01B3FB60
S214034000F2F3184480B238BD0122EEE74FF47A4348
S214034010626BF4E7638F5B00073313FB0200F1E781
S21403402038B5044601F085FD04F1A40007F072F8E4
S21403403004F1A80007F06EF804F1AC0007F06AF884
S21403404004F1A00007F066F82046E6F72FFCC4B29A
S2140340502046FFF761FB05462046FFF75FFB014658
S2140340602846FFF758FB38BD38B5836A04461B0756
S21403407013D50246B0F87C3052F8341F4B4340F257
S21403408071214B4300F14001E7F72CFF236C2046D8
S2140340909D08E6F763FB2844E06040F27125616BF8
S2140340A0204601396943FFF7C2FE636BB4F87C20F0
S2140340B020465A436368012105FB02336360BDE86B
S2140340C0384002F0A1BA38B5D0F83431044600F5CA
S2140340D0947543B3B3F90030A4F832312046E6F7BB
S2140340E0E5FBC0B2FFF7DAFE94F8303194F83121DD
S2140340F004F1440102F0FDFC01462846ECF748F9BA
S214034100D4F83431B4F9322183B1B3F900309A428A
S2140341100FD0A36A9B030CD52046BDE838404FF466
S2140341200041E6F7D9BB47F6FF73D5E747F6FF73BB
S214034130EDE738BDFFF7C7BF836A0A4600F14401BF
S214034140C3F34030ECF72ABB38B504460D463AB9FC
S2140341504FF4C0212830FFF761FE9DB9002038BD1B
S214034160FFF7A8FE98B128344FF4C0212046FFF786
S21403417055FE1DB14FF40031FFF748FE4FF4802182
S214034180204601E04FF40031FFF740FEE6E711203A
S214034190E5E72DE9FF41836A04469B032CD5D0F857
S2140341A0343163B3B3F900500020B4F93281EBF72E
S2140341B0B1FFA842B4BF0026012602F09FFCC82226
S2140341C094F83011EBF7B4FF07462046E6F76EFB8C
S2140341D0AF42CCBF00270127A5EB08080FFA88F3E8
S2140341E00293002346EA4706CDE900561A4694F89A
S2140341F0301180B200F00BFE04B0BDE8F08147F644
S214034200FF75D1E7FFF7C5BF86307047F8B504469C
S2140342100E4600295AD040F27123476B30465F435F
S214034220A7F28A277F08394602F016FA94F88E30EA
S214034230851FADB29D4239463046A8BF1D4602F0E3
S2140342400BFA94F88F20831F9BB29342A8BF1346A2
S214034250F21E012AB4F88610B4F888202BD8B1F5DC
S214034260296F44F29020B8BF4FF429618142A8BF5A
S2140342700146B2F5296FB8BF4FF429628242A8BF40
S21403428002461B2DB8BF1B251B2BB8BF1B2330466E
S21403429084F8913084F89050A4F88A10A4F88C20FF
S2140342A002F0DAF9831F9BB2AB42A8BF2B46DBB200
S2140342B084F89230F8BDB1F5A47FB8BF4FF4A4716B
S2140342C0B2F5A47FB8BF4FF4A472DAE71B23EFE777
S2140342D02DE9F341476B490089B28F4204461646DF
S2140342E01D4639D040F271224368416302FB07330F
S2140342F002FB11334360E6F7D9FA4FF0000887B2A2
S21403430033464246012138460195CDF80080FFF733
S2140343103FFA3846FFF744FA41463846FFF739FA7C
S2140343200123618F228FB14218D09542668700D051
S2140343302587238F626B1B01B3FBF2F3204694F8A9
S2140343403011A4F89C30FFF761FF0421204602B029
S214034350BDE8F041E6F7C0BA0023E2E79542E7D1AD
S214034360A26A1207E5D5002BE3D102B0BDE8F081BF
S214034370F0B585B004460E466A4600F1860300F1A2
S2140343808E07154618685968083303C5BB422A4684
S214034390F7D11868314628609B882046AB80FFF724
S2140343A035FF9DF80B2094F891309A4211D1BDF851
S2140343B00620B4F88C309A420BD19DF80A2094F864
S2140343C090309A4205D1BDF80420B4F88A309A4258
S2140343D007D04FF48141204605B0BDE8F040E6F72C
S2140343E07BBA05B0F0BD37B5044694F88E50BDF8D9
S2140343F018008D420BD1B4F88650954207D194F835
S2140344008F509D4203D1B4F8885085421BD08DF857
S2140344100610ADF80420019D84F88E1084F88F30C2
S214034420A4F8880094F830112046C4F84051A4F844
S2140344308620FFF79DFFB4F88A30A4F88630B4F8D8
S2140344408C30A4F8883003B030BD70B504461646E9
S2140344500D4690F83031B1B1994214D00122FFF7DE
S21403446027FD294600222046FFF720FD2946204641
S21403447084F83051FFF77CFF2046BDE870404FF4C8
S2140344808441E6F729BA19462046FFF771FF002E46
S214034490F2D170BDF8B51D46C36A04465B070F46E6
S2140344A0164610D404212C30FFF7B0FC84F89A701B
S2140344B02046A4F89660A4F898504FF40061BDE82F
S2140344C0F840E6F709BAF8BD10B511B190F89A406E
S2140344D00C7012B1B0F89610118013B1B0F8982092
S2140344E01A80C06AC0F3800010BD4FF40041283024
S2140344F0FFF78CBC00F5A270704790F83001704748
S214034500F8B504460AF0D4F86568064602F016FACB
S2140345102B1AB3F5FA7304D53046BDE8F8400AF013
S214034520C2B840F27122616B94F870505143B3FBEA
S214034530F1F3A28F98B2121AA28794F86F2000FBA9
S2140345401522252592FBF5F705FB1722002AB8BF8F
S214034550521984F86F20B4F89C20121AA4F89C20F1
S214034560626800FB112200212046626002F04CF8CC
S214034570D2E700232DE9F3474E790446B20758BF26
S21403458006F00106084648BF0326ADF8043058BFB8
S21403459001360D46FFF7B9F8074607F01F03002B51
S2140345A0E36A15BF4FF001084FF000084FF0030908
S2140345B04FF002099B050CD59DF80430294666F397
S2140345C0010368F345138DF804302046019A00F082
S2140345D019FB284606F023FE82464946284606F07F
S2140345E0D9FD9DF80430AA7966F3010368F34513F1
S2140345F08DF804308DF805A0BDF804300C32AB52AC
S2140346009DF80430A91898066B7948BF8F7043F05D
S21403461001036B710AF04CF806462046294650F80B
S214034620A47F06F05EFE94F846312046013384F8F4
S2140346304631E6F73BF980B2FFF7A2F880B143882C
S214034640A26A12070ED5B4F87C209A4202D92046F5
S214034650FFF756FF304602B0BDE8F0470AF023B82E
S2140346600123EDE7656802F069F98046E9F706FB82
S2140346708442EFD1A5EB0805B5F57A7FEADD1FB1D5
S214034680D4F8A030002BE5D1E9F762FEE2E7F0B5F7
S214034690036B0446990790F8775087B001D5FFF768
S2140346A0BFFC236BDA0733D5A76A3B0723D517F47A
S2140346B0002F14BF032601262046E6F7F7F894F8E2
S2140346C09B30314605930023049394F83E30C7F39A
S2140346D080020393238F80B20293638F0193636BED
S2140346E0C3F34F03009304F1710300F010FE30B9D7
S2140346F0002007B0F0BDBE0C06F00206DCE7012181
S21403470004F13000FFF78AFB4FF40051FFF77EFBFE
S214034710236B980410D52046E6F7C8F8A16AC0B202
S214034720C1F3403100F058FB0028E1D04FF40051AC
S21403473004F13000FFF772FB236BD90409D500217F
S2140347402046E6F7D5FD4FF4805104F13000FFF71D
S21403475065FB236B5A0512D52046E6F7A7F8002318
S21403476094F89B60C2B21946304600F073FC0028EA
S214034770BED04FF4806104F13000FFF74FFB236B8C
S2140347805B0711D52046E6F791F8616B238F628F9E
S214034790C1F34F0180B200F09AFD0028A8D004218F
S2140347A004F13000FFF73AFB236B1F0709D52046B9
S2140347B001F0AEFB00289BD0082104F13000FFF780
S2140347C02DFB236BDE0618D52046E6F76FF8E16A65
S2140347D080B211F4805100F0DB80002100F00CFE63
S2140347E0002885D04FF4805104F12C00FFF716FB08
S2140347F0102104F13000FFF711FB236B580613D585
S2140348002046E6F753F894F8773080B20093D4E95D
S214034810082300F0D4FD00283FF46AAF402104F1DA
S2140348203000FFF7FBFA0025236B190516D5204643
S214034830E6F73CF800230093B4F89830B4F89620D3
S21403484094F89A1080B200F07AFA00283FF450AF3A
S2140348504FF4006104F13000FFF7E0FA236B13F422
S21403486080462FD19A0513D52046E6F71FF8334620
S214034870324694F8301180B2E7F7E0FA00283FF4A6
S21403488037AF4FF4007104F13000FFF7C7FA35462F
S214034890236B1B0616D52046E6F708F8B4F88C30CB
S2140348A080B2009394F89130B4F88A2094F890106C
S2140348B000F0D4FD00283FF41BAF802104F1300044
S2140348C0FFF7ACFA236B9F0610D52046E5F7EEFFFD
S2140348D094F8771080B200F0A6FD00283FF408AFE6
S2140348E0202104F13000FFF799FA0025236BDE053B
S2140348F008D504F130004FF48071FFF78FFA204695
S21403490001F031F9236B180408D504F130004FF495
S2140349100041FFF783FA2046FFF774FC236BD903A5
S21403492008D504F130004FF48031FFF777FA2046BC
S214034930FFF7BAFA236B9A0308D504F130004FF455
S2140349400031FFF76BFA2046FFF7BCFA236B9B0791
S2140349501AD5002220461146FFF7B2FA2046FFF783
S214034960B1FA2046E5F7A2FF94F8771080B200F07C
S21403497010FE00283FF4BCAE04F130000221FFF71E
S2140349804DFA2046E6F79EFA012084F87750B0E603
S21403499000F049FD24E708B5022006F07FFD10B1BC
S2140349A000F0DDFD012008BD10B504464FF440714C
S2140349B02830FFF733FA2046BDE810400021E6F71B
S2140349C097BC012310B5A1F12002C1F1200423FAFC
S2140349D004F403FA02F222438B40D0E90841234051
S2140349E00A40134314BF0120002010BDC36A10B54C
S2140349F0044613F0080012D00123A1F12002C1F1EE
S214034A00200023FA00F003FA02F202438B40D4E9B3
S214034A10080103400A40134314BF0120002010BDC1
S214034A2010B50C46C9B2FFF7E1FF70B1EAF7B2FB67
S214034A30C4F12002A4F12003E04001FA02F210437D
S214034A4021FA03F3184300F0010010BD70B50446C5
S214034A500E46E7F79FFB09F02BFE0546022120468C
S214034A6084F87760E5F738FF2046012101F0BBFDA7
S214034A702846BDE8704009F016BE70B504460D46DC
S214034A8009F016FE0646E9F7F9F8844201D1E9F77C
S214034A903FFC304609F007FE29462046BDE8704035
S214034AA0FFF7D4BF0B68C0F84031704738B540F6FF
S214034AB04805D0F840310C460B609BB2AB4204D994
S214034AC00B21FFF7ADFF08B9258038BD44F29023CC
S214034AD02380FAE708B5E6F7A7F800F0DDFA00F05A
S214034AE008F8E7F757FAE8F77BF8BDE80840E8F771
S214034AF0F7B8704770B515460E461C46FFF712FA10
S214034B002B684EB103606B6843602368C0F825309A
S214034B102368C0F8153070BD83606B68C360236874
S214034B20C0F829302368C0F81930F4E770B5054695
S214034B30FFF7F8F9044609F0BBFD06464FF480710B
S214034B402846FFF7F3F94FF400612846FFF7F6F916
S214034B50304609F0A8FD0023284623612375236207
S214034B6084F82430FFF7E0F9802310F0080F14BF11
S214034B70237584F8243070BD10B50446FFF714FF80
S214034B802046BDE810401021E5F7A6BE10B5044642
S214034B904FF46061FFF7D5F92046BDE81040FFF7F4
S214034BA003BF7FB506460C46FFF7BCF94FF4C0615A
S214034BB005463046FFF7C2F94FF400613046FFF76B
S214034BC0C0F94FF48060EAF75FFA224670B9694687
S214034BD02846EBF71DFD6B4605F1100213F8011B83
S214034BE002F8011DAA42F9D104B070BD6C4602F169
S214034BF01006234610685168083203C3B2421C46A7
S214034C00F7D1E8E737B50D46ADF80420FFF78AF984
S214034C10044600F12003024601992846EBF728FCD8
S214034C20236A0133236223B994F82430013384F8CA
S214034C30243003B030BD37B50D46ADF80420FFF77A
S214034C4071F901990446024600F110032846EBF772
S214034C5073FC30B123690133236113B9237D013318
S214034C60237503B030BD41F0004141F4E0210160FB
S214034C70704707B501A8019106F04CFA002003B06F
S214034C805DF804FB704770470020704710B5DC1DC5
S214034C90043383734379C47123F0030343F003039C
S214034CA00E244371012344738371C3730182827498
S214034CB010BDD31CC371FF2343734379827323F060
S214034CC0030343F0030343710123C17383717047E6
S214034CD0D31CC3713E2343734379827323F00303C8
S214034CE043F0030343710123C173837170470F239A
S214034CF04373042383734379A0F8111023F003034B
S214034D0043F00303437140F20173C3800123C2736C
S214034D1003747047D31CC3714379417323F00303B1
S214034D2043F003034371012382738371704708B50D
S214034D300023FFF7ABFFBDE80840E6F719BE2DE9F1
S214034D40F84380460220894617461E4606F0A6FB11
S214034D50D0B10C2343730823837340F6013345799C
S214034D60C38025F003059DF8203045F00305457103
S214034D70A0F8108080F81290A0F81370A0F81560C1
S214034D80C373E6F7F5FD0120BDE8F88308B50220F6
S214034D9006F084FB30B101221121FFF799FFE6F7F5
S214034DA0E7FD012008BDF8B504460F461646132155
S214034DB01D460922FFF78CFF83790C331C44A17030
S214034DC0E77026712B68C4F80530AB88A4F8093061
S214034DD0BDE8F840E6F7CCBD70B5064602200D46A2
S214034DE006F05CFB044668B114210422FFF770FF4B
S214034DF083790C331C44A170A4F803606571E6F74D
S214034E00B7FD012070BD08B504F040FE08BD2DE9CE
S214034E10F041074602200D4690461E4606F03EFB2E
S214034E200446E0B109222121FFF752FF0A228379C3
S214034E300C331C44BDF9183084F8038093FBF2F35B
S214034E4023729DF81C30A7806372BDF92030A671CB
S214034E5093FBF2F3E571A372E6F78AFD0120BDE842
S214034E60F08137B5044606F0DAF93E22A379C0B2DC
S214034E700C33E518E254831E6B700D23AB70AB79CD
S214034E801C38012BE8768DF8073009D10023E91D7D
S214034E901A460DF10700FEF795FC9DF80730AB7137
S214034EA02046E6F765FD03B030BD704710B5E6F75C
S214034EB099FD837900210C33C418E078E4F7BAFF30
S214034EC06168FEF7BAFE0446E6F792FD2246BDE8A1
S214034ED0104000234FF61941FFF7D8BE10B5E6F78A
S214034EE081FD837900210C33C418E078E4F7A2FF30
S214034EF06168FEF7B0FE0446E6F77AFD2246BDE893
S214034F00104000234FF61A41FFF7C0BE2DE9F041CB
S214034F10E6F768FD837900250C33C418E678E6F7D0
S214034F2061FD0768E6F75EFDA6F1FE0359425941A7
S214034F3005603046E4F77EFF3B4629462279FEF7B6
S214034F40D3FD0446E6F754FD2B462246BDE8F04162
S214034F5042F23701FFF79ABE2DE9F041E6F742FD2C
S214034F60837900250C33C418E678E6F73BFD07681B
S214034F70E6F738FDA6F1FE0359425941056030466F
S214034F80E4F758FF3B4622790121FEF7ADFD0446C0
S214034F90E6F72EFD2B462246BDE8F04142F23801E5
S214034FA0FFF774BE2DE9F047E6F71CFD83790C3353
S214034FB0C418277994F8038027B9B8F1010F27D0CE
S214034FC0E5F79AF900260534BE420ADB0025E6F724
S214034FD00FFD2A46BDE8F047002342F23901FFF7EA
S214034FE055BE2078B4F80150A0F1FE03594259414A
S214034FF094F803900434E4F71DFF58B12A464B4651
S2140350004146E5F773F805460028E0D10136DBE7AD
S2140350101225DCE74225DAE710B5E6F7E3FC8379E9
S21403502000210C33C418E078E4F704FF80B1211D97
S214035030FEF721FE00280CBF0C240024E6F7D8FC5C
S2140350402246BDE81040002342F23501FFF71EBE9C
S2140350504224F3E7FE282DE9F843064689469046A0
S2140350601F4616D0022006F019FA044690B106220F
S2140350701221FFF72DFE1223A57920460C35254471
S214035080AB7085F803902E71A5F80580EF71E6F7EF
S2140350906FFC0120BDE8F883704710B5E8F732F8D7
S2140350A00446FEF787FB2043C0B210BD38B5E6F7CB
S2140350B099FC8379C17903F10C020244CB1A0220CE
S2140350C00021B2F8035006F014FB044640B9E6F795
S2140350D08FFC0722BDE8384042F21901FFF707BEEE
S2140350E02846E5F7CFFB38B12146E7F78DFD0446A2
S2140350F0E6F77EFC2246EDE72046F7F701FC02249E
S214035100F6E770B5E6F76EFC83791844B0F80F60DF
S214035110B0B2E5F7B7FB80B1002100F0A1FE05466B
S214035120E6F766FC044602232A4642F21B01FFF713
S214035130ADFDA3791C44668270BD0225F0E770B509
S214035140E6F750FC83790C33C418B4F803502846AA
S214035150E5F798FBA0B1611D00F082FE0646E6F770
S21403516047FC04460223324642F21A01FFF78EFD3D
S214035170E37923449D72E3792D0A1C44E57270BDDE
S2140351800226ECE710B5E6F72DFC83790C331844BA
S2140351904479B0F80300E5F775FB60B12146E7F7FD
S2140351A00FFB0446E6F724FCE2B240F20641BDE8F4
S2140351B01040FFF79CBD0224F4E770B5E6F712FC37
S2140351C083791844B0F80F5009F072FA044628465B
S2140351D0E5F758FB80B11621FFF74FFC0025204664
S2140351E009F061FAE6F704FC2A46BDE8704000239E
S2140351F04FF60441FFF74ABD0225F0E7F8B5E6F798
S214035200F1FB847905460C340444B4F80300E5F74F
S21403521039FB064640B9E6F7EBFB0222BDE8F84049
S21403522042F21301FFF763BDAB79E97903F10C0290
S2140352300220CB1A2A44002106F05BFA014618B96D
S214035240E6F7D6FB0722E9E7837903338371304613
S214035250B4F80D50B4F80F70E7F758FA04463A4618
S21403526029463046E5F77AFEE6F7C2FB2246D5E73F
S21403527038B509F01DFA0446FFF70FFF00280CBFE8
S2140352800C250025E6F7B4FB2A4642F20E01FFF78B
S2140352904EFDE8F7B3FA2046BDE8384009F003BAF6
S2140352A010B5E6F79FFB83790C330344B3F803008A
S2140352B0B3F80510C0B2E5F7B3FEE6F799FBBDE811
S2140352C01040002342F224011A46FFF7DFBC2DE903
S2140352D0F84381460220884617461E4606F0DEF847
S2140352E0044690B10A220321FFF7F2FC0023A579B6
S2140352F020460C352544EB70A5F80490A5F80680E7
S2140353002F816E81E6F734FB0120BDE8F8832DE993
S214035310F043814685B002200E461F469DF8448022
S2140353208DF80F2006F0BAF80546002844D022224E
S2140353302921FFF7CDFC0022AC7930460C342C44EF
S21403534004F10E0304F11401C4F80E209A8062617E
S214035350228300913A460DF10F01FEF734FA9DF8C9
S2140353604030A4F80490E37006F00103A3719DF89F
S2140353700F3016F0FD0FE3713B68A360BB88A38173
S2140353804FF6FF7304D0032E08BF43464FF0FF08C3
S214035390BDF8302028466283BDF8342084F8218087
S2140353A0A283BDF838206384E2839DF83C2084F80A
S2140353B02020E6F7DDFA012005B0BDE8F083F8B556
S2140353C00746022016461D4606F068F8044690B1C6
S2140353D00C220421FFF77CFCA1799DF818300C31D0
S2140353E0214420468F80C1F80660C1F80A50CB706E
S2140353F0E6F7BEFA0120F8BD70B5064602200D4654
S21403540006F04CF8044668B103223021FFF782FC0D
S214035410A37920460C332344A3F803609D70E6F774
S214035420A7FA012070BD70B5064602200D4606F0A9
S21403543035F8044688B104220821FFF76BFCB5FA59
S21403544085F2A37952090C3323442046A3F803605C
S2140354505A719D70E6F78CFA012070BD2DE9F8436A
S21403546081460220884617461E4606F017F804466D
S214035470B0B10B220721FFF72BFCA579BDF820302E
S2140354800C3525442046A5F80390A5F80580A5F815
S2140354900770A5F80960A5F80B30E6F769FA01204E
S2140354A0BDE8F883F8B5074602200E46154605F014
S2140354B0F5FF0446A0B10D220521FFF709FCA379E9
S2140354C020460C332344A3F80370A3F80D602A6820
S2140354D0C3F805206A68C3F80920E6F749FA0120ED
S2140354E0F8BD2DE9FF4116466A4680460F46154627
S2140354F00A9C03F1100E9446186859680833ACE802
S214035500030073456246F6D124B9022005F0C6FFB0
S214035510044608B31D22ED212046FFF7CAFBA379F4
S2140355200C332344A3F80380A3F80D702EB132681E
S214035530C3F805207268C3F809200F3304AE2A4661
S21403554003CAB24218605960154603F10803F6D140
S2140355502046E6F70DFA012004B0BDE8F08113B546
S2140355601321827901900C32841881544FF44072CF
S214035570C280E5F7EDFFA07020B901A805F0CAFDCB
S21403558002B010BD8000013060700198E6F7F0F9B4
S214035590F6E770B5064602200D4605F07FFF044683
S2140355A078B104220521FFF7B5FB0022A379204634
S2140355B00C332344A3F803605D719A70E6F7D8F9B9
S2140355C0012070BD13B5837901900C33C418C05CF9
S2140355D0E5F758F920B901A805F09CFD02B010BD07
S2140355E06378019913F0300F0CBF012200228B79E8
S2140355F004338B714B7962F300034B71E5F778FE46
S214035600ECE72DE9F041E6F7EDF983790C33C4189E
S214035610B4F803801FFA88F0E5F734F9054600B3BB
S214035620A2796179FEF790FD0646E6F7E1F90746AB
S2140356300223324642F27A01FFF728FBBB7938464B
S2140356403B44A3F81280E6F793F946B9A37933B13E
S2140356502846FEF752FF01462846FEF72DFCBDE816
S214035660F0810226E1E700F0B2BE704738B5044683
S21403567001F044FA054658B9C820EAF7ABFEC8223B
S21403568002212846EAF754FD8442A8BF044624B202
S2140356902046EAF79FFE01F031FABDE83840C822FB
S2140356A00221EAF745BDB0F90020B1F900302DE933
S2140356B0F0479A4204460D4648DC08F0F9FF804658
S2140356C0E5F796FB00283ED1EAF724FD824601F073
S2140356D015FAC8220221EAF72BFD47F6FF73B5F940
S2140356E0002081469A4202D1EAF73EFD288047F61B
S2140356F0FF73B4F900209A4202D1EAF72DFD208009
S214035700B5F90000FFF7B2FFB4F90030074683424D
S214035710C8BF2080B4F90000EAF746FEFEF7C0FBD8
S214035720064658B15046EAF73FFE4846EAF752FEA9
S214035730404608F0B8FF3046BDE8F087EAF7EAFCD3
S21403574020802F80F4E741F20C06F1E72126F2E7EA
S2140357504368143B4360A0230B6070471AB9426842
S214035760A2EB530242600A6802EB83020A607047A8
S214035770884210B51BD8052819D9B1F5486F16D835
S214035780B3F5FA7F13D240F67644A2F10A0080B24C
S214035790A0420CD8BDF8080001339BB243434B43E9
S2140357A05B00B3EBC20F94BF0120002010BD0020A6
S2140357B0FCE7C94350E8003F0B4040E80032002AAC
S2140357C0F8D17047002070472DE9F04104460E4695
S2140357D000250127214685F00100FEF79CFB4FF4C8
S2140357E08051FFF7E6FF8368804633B938460DB12C
S2140357F0BDE8F08101250746ECE7028AB24206D1EE
S21403580000220121204698470028EFD1EFE70268DF
S214035810D10502D500221146F4E79307E6D52046C4
S214035820FEF7C2FB02460028E0D10521D8F808306F
S214035830E8E708B5FEF788FB00230380436008BD4E
S21403584070B506460C4608F033FF05463046FEF7AD
S2140358507BFB30B103781C4304704FF40070EEF703
S21403586017FE2846BDE8704008F01DBFE5F740BDAB
S21403587007B542798DF8071022F0030242F00302BF
S214035880427140F203320DF10701C280012205F096
S2140358901DFC03B05DF804FB70B50C4605460721F6
S2140358A020461646FFF7E4FF2046E6F7E3FB2146CD
S2140358B046702846BDE87040E5F71ABD38B50C4675
S2140358C000210546FEF787FB47F6FE73241AA4B2AB
S2140358D09C4205D928462821FFF7B8F8002038BD92
S2140358E00120FCE738B504460D4601460020FEF7C6
S2140358F012FB03689B0505D429462046BDE83840BD
S214035900FFF7DCBF002038BD2DE9F04115461F46E2
S2140359109DF81880FEF7FFFA044608F0C9FEB8F1B2
S214035920010F064623D154E8003F43F4807344E84E
S2140359300032002AF7D105B354E8002F42F4007270
S21403594044E80023002BF7D1FF212046FFF731FF61
S21403595054E8002F48EA020244E80023002BF7D15C
S2140359603046A5602782BDE8F04108F09CBE4FF4A0
S21403597080712046FFF71DFFDDE74FF400712046D8
S214035980FFF717FFE0E773B5064601200C46FEF760
S214035990C2FA002305461A46009321463046FFF70F
S2140359A0B3FF6B6863B14FF480712046E4F794FF4E
S2140359B055E8003F43F4007345E80032002AF7D168
S2140359C008F076FE05462046FEF7BEFA28B10388A1
S2140359D01BB14FF40070EEF75BFD284602B0BDE83E
S2140359E0704008F060BE38B505460C46FEF793FADD
S2140359F083684BB102212046002298472146284659
S214035A00BDE83840FFF7BFBF38BD012938B50546A6
S214035A100C4608D0CC1E012C03D801460120FFF704
S214035A20E2FF012038BD2221FEF7D2FA204629469E
S214035A30FFF7D9FF0020F5E708B5FEF76CFA006814
S214035A4000F0F00008BD10B5014604460120FFF73C
S214035A50F3FF20B92146BDE81040FFF7EDBF10BDA8
S214035A6070B506460C4601460120FEF754FA314649
S214035A7005460020FEF74FFA2B680268014643EA04
S214035A800200C0051ED49B0502F4007203D49AB923
S214035A904FF0FF3070BD2B8A1B1B98B27AB1098A70
S214035AA0091B89B28842A8BF08464FF6FF7398427F
S214035AB008BF4FF0FF30EDE74FF6FF70EFE74FF606
S214035AC0FF71EFE70120E5E72DE9F3410446019175
S214035AD0014601201546FEF71EFA2146064600201B
S214035AE0FEF719FA80462046FEF71EFA810606D50B
S214035AF001A805F00FFB0C2002B0BDE8F08108F00A
S214035B00D7FD336807469A0503D4D8F800309B05BB
S214035B1009D50199301D8D6005F0E3FB384608F082
S214035B20C2FD0020E8E708F0BEFD20460199A8471D
S214035B30E2E738B5014604460120FEF7ECF90546D0
S214035B400C3005F0E7FA281D05F0E4FA214600209C
S214035B50FEF7E1F904460C3005F0DCFA201DBDE83B
S214035B60384005F0D7BA70B5014605460120FEF762
S214035B70D2F90646043005F04AFB044670B14FF4EA
S214035B8000713046FFF715FE21462846A36898475E
S214035B9020B12046BDE87040F6F7B2BE70BD0023C4
S214035BA08260C0E90031704708B50B4601461846C7
S214035BB0FEF7B1F90068C0F3402008BDFFF725BF24
S214035BC0CB1E012B70B504460D46164606D81A2181
S214035BD0FEF7FEF940212046E4F77EFE32462946CC
S214035BE02046BDE87040FFF710BF38B504460D46A3
S214035BF0FEF7DAF928B1012D04D122212046FEF75B
S214035C00E7F9002038BDF8B50C468B7907460B44F8
S214035C10D3F80D60D3F811303246E5F74BFB092174
S214035C202046FFF725FE2046E6F724FAA579E9F78E
S214035C30B1FA0C3566F0FF0625440640C5F8016048
S214035C40E9F7A8FA3846C5F805102146FFF70EFE11
S214035C5002213846FFF7F4FDF8BD70B50E4605463B
S214035C6001460020FEF757F9012E044603D0022E04
S214035C7011D0012070BDC16828468B7919440D31B7
S214035C80FEF75AFAE068F6F73BFE00202946E06086
S214035C90FFF779FEEDE7C068F6F732FE0023E36010
S214035CA0E7E738B50D46044601460120FEF733F90B
S214035CB0012D08D100F112012046FEF73DFA2146D8
S214035CC02846FFF760FE012038BD08B5FEF72CF91D
S214035CD0C0F3C00008BD08B5FEF72EF900F00100BA
S214035CE008BD38B50C4602210546FEF727F90C21F8
S214035CF02046FFF7BDFD2046E6F7BCF94FF0FF331D
S214035D0083700223C3700E2343706FF02F03037157
S214035D100523214643712846BDE83840FFF7A6BD54
S214035D20F8B504460D46E4F7C1FD4FF0FF3180B2E7
S214035D30FDF737FD2046FFF7C8FF80F00107FFB2E7
S214035D4021463846FEF7E7F80646C068012D8379F4
S214035D5003D0022D20D00120F8BD0C33C5182B89A3
S214035D602046EA88A988FEF7B3FA69886A78490064
S214035D705200204689B2FEF7F7F8F068F6F7C0FD42
S214035D80002320464FF48031F360FEF7DAF821460D
S214035D903846FFF7F8FDDEE7F6F7B2FD00234FF4CB
S214035DA080312046F360FEF7CCF8D4E7042910B51B
S214035DB0044601D0002010BDFFF787FFC0F10200A4
S214035DC0E9F762F90028F5D105F068FB014608B942
S214035DD00220F0E72046E6F7BDFC0028F8D10120B4
S214035DE0E9E708B5FEF7A0F8C0F3C00008BD2DE943
S214035DF0F0410F4604469046FFF7F3FF80F0010597
S214035E00EDB221462846FEF786F8012F064603D054
S214035E10032F0FD001200BE02046FEF7B7FE22210A
S214035E202046FEF7D5F828462146FFF7DCFD00207E
S214035E30BDE8F081C068F6F763FD00232046F360F3
S214035E40FEF7A4FE204698F80410FEF7C1F8204695
S214035E502021E4F741FD21462846FFF7C4FDD9E794
S214035E6037B504460D46FEF767F803054CD5022002
S214035E7005F014FB0190002848D0204645B3FFF7F1
S214035E80B0FF50B105210198FFF7F2FC0198E6F741
S214035E90F1F820460199FFF7E9FC20462946FEF76C
S214035EA080FE2046FFF79DFF78B94FF40061204639
S214035EB0FEF73FF806210198FFF7DAFC0198E6F7AC
S214035EC0D9F820460199FFF7D1FC002003B030BD76
S214035ED0FFF787FF68B10199032306222046E6F7FA
S214035EE0DBF82046FEF752FE21462846FFF77BFDE9
S214035EF0EBE701A805F00EF920463D21FEF7A6FDC7
S214035F002046FEF743FEE0E70C20DFE70720DDE749
S214035F10F7B5014604460020FDF7FDFF054600F1F0
S214035F2012074FF48060E9F7AFF850B92046E4F75C
S214035F30BDFC3A46698B80B203B0BDE8F040FFF77C
S214035F40B1BA2046E4F7B2FC064620466D8BFDF751
S214035F50E9FF00220346009229463A46B0B2FFF70D
S214035F60C0FA03B0F0BD83781A2B09D81B238370BD
S214035F700288B2F5A47F07D24FF4A473038007E028
S214035F80FB2BF5D9FB23F2E744F290239A42F5D88C
S214035F907047F0B50446CA798B7987B043EA022383
S214035FA0ADF80C308B8803A88DF80E30CA788B7842
S214035FB040F6480543EA0223ADF810300B8805A9DE
S214035FC08DF81230FFF7CFFF04A8FFF7CCFF20466B
S214035FD0FEF76CFD0B212046FEF722FD44F29023CC
S214035FE0002818BF1D46BDF80C709DF80E30BDF88E
S214035FF01460BDF810209DF816009DF81210AF42ED
S214036000D4BF00970095FB2BA8BFFB23B242A8BFC3
S21403601032468142A8BF01462046FEF7E4F907B0A0
S214036020F0BD37B5144605461046FFF721FC20465B
S214036030E6F720F801A904462846FEF737FD0B21AC
S2140360402846FEF7EDFC6FF004036370002344F26A
S2140360509022A37040F64803002818BF1346A4F8FE
S21403606003309DF80630A4F80530BDF80430A4F8D4
S214036070073003B030BDFFF7C8BC022973B5054629
S2140360800C4603D00024204602B070BD0521FEF75F
S21403609098FC0028F6D0E4F7C9FF1B28F2D94FF482
S2140360A00040E8F7F1FF0028ECD105F0F7F90646C3
S2140360B00028E8D0284601A9FEF7F8FC3146284612
S2140360C09DF80630BDF80420E6F720FE0028D9D157
S2140360D00124D8E730B190FAA0F00123B0FA80F09B
S2140360E08340D8B2704770B50646FDF725FF80F0AB
S2140360F0400402060546C4F3801406D4082130463D
S214036100FEF78EFC08B144F00204EB0506D40B211F
S2140361103046FEF785FC08B144F00404204670BD03
S2140361204B1E032B10B50C4602D90023184610BD90
S2140361300329FAD0FFF7D7FF04EA00038443F4D118
S214036140F4E72DE9F7430446884617460193FDF71F
S214036150F3FEC0F340152046FEF7CCF921468146F0
S2140361602846FDF7D8FE064607B32046E4F79EFB0F
S21403617080462046FEF7C1F93A460146019B1FFAC0
S21403618088F0E5F75BFE21462846FFF7FCFB202157
S2140361902046FDF7D6FE56E8003F43F4805346E814
S2140361A00032002AF7D103B0BDE8F08301A804F05B
S2140361B0B1FF99F80110404601F00F0100F037FADD
S2140361C0062818BF01462A4608BF00212046FEF7C8
S2140361D03CF9D8E7032970B506460D4614460CD09D
S2140361E0042919D0012915D12221FDF7F1FE2846ED
S2140361F03146FFF7F8FB002070BD136812791B6861
S2140362000021FFF79EFF00222368314601201A6013
S214036210FFF7E9FB0120EFE713680C221B68EFE7A3
S214036220012910B504460CD1FDF786FE2146C0F3BE
S2140362304010FDF770FE0023817C1A462046FFF7C8
S21403624080FF012010BD2DE9F7430F460546FDF7F5
S21403625073FE00F02009C0F340182846FEF74AF9FB
S214036260BB790C333B445E789B781E400378C3F3BC
S214036270030000EA13103040FFF72CFF044648B92A
S214036280B9F1000F06D12846FFF72DFF3040FFF780
S21403629021FF04462846FEF730F9E7F791FDA042B2
S2140362A023D01CB302212846FDF795FE002106469F
S2140362B02846FDF7ABFF18213846FFF7D9FA3846CC
S2140362C0E5F7D8FEB6B2394644708470A0F803608A
S2140362D02846FFF7CBFA2346224629464046009631
S2140362E0E6F74EFD03B0BDE8F08300242646E2E75A
S2140362F070B504460D46FFF7A6FB28B92946204687
S214036300BDE87040FFF79FBF402829462046BDE8FA
S21403631070404FF0160314BF2A222322E5F7BCBEB3
S21403632038B505460C46FDF707FE830604D420461B
S214036330BDE83840F6F7E4BA21462846BDE83840BB
S214036340FFF781BF2DE9F3418C7906460C340C44E4
S2140363500D46FDF7F1FDA17807463046FFF7E0FE50
S214036360617880463046FFF7DBFEB4F80320034629
S2140363700092C7F3401042463146E6F701FD284631
S21403638002B0BDE8F041F6F7BBBA08B58B790B440B
S2140363901B7B162B03D0172B05D0002008BDFFF759
S2140363A0A7FF0120FAE7FFF7BBFFFAE708B58B79EB
S2140363B00B441B7B162B03D0182B05D0002008BDDF
S2140363C0E6F708FD0120FAE7FFF7BCFFFAE7704798
S2140363D01FB54A1E042A03460C465FD8012902D17C
S2140363E0008804B010BD022905D100885B88984256
S2140363F038BF1846F5E74A00014601A804F037FB04
S214036400032C07D10023ADF80A304FF6FF73ADF81F
S2140364100C3001E0042CF8D0BDF80620BDF804309B
S214036420934284BFADF80630ADF80420BDF80A30B9
S214036430BDF80C20934288BFADF80A20BDF80A20A9
S21403644088BFADF80C30BDF80430934288BFADF872
S2140364500A30BDF80620BDF80C309A4288BFADF866
S2140364600630BDF80820BDF80630934284BFADF869
S2140364700830ADF80620BDF80A30BDF808209A4269
S21403648088BFADF80830BDF80820BDF806309A423C
S21403649038BFADF80830BDF80800A2E74FF6FF7026
S2140364A09FE7830705D410F0040F14BF03200120D1
S2140364B0704702207047022805D0032805D001281C
S2140364C006D1E8F749B9E8F737B90020E7F75CB92A
S2140364D0704710B1012803D070470120E7F754B97D
S2140364E00020FBE7F7B51F468B1E012B05460C461F
S2140364F0164613D8FDF761F90023CDE90005F01A17
S21403650018BF01201A463946FDF765F980B1022CFB
S2140365100BD1284600F05BF9002004E00029F8D0F0
S214036520012902D0FF2003B0F0BD284600F05FF932
S2140365300120F8E770B50D4600219DF8106004466B
S214036540817106F10C014173111E18BF012103F07E
S2140365500F00237B40EAC11003F040031843207367
S2140365602B469DF8141004F10E00FFF7BBFF237BA8
S2140365700E3660F3861323732B686361AB8823831D
S214036580A3793344E37170BD0023F0B51360037D34
S214036590044613F00807058903D00D44456001201F
S2140365A0F0BD4668701AB0EB050CF8D513F0010081
S2140365B00AD1D4E90373DB1B13EB0C0FF0D4294485
S2140365C08E1B16606160EAE73846E9E710B50446B5
S2140365D0E7F7AAF96168E0690022E7F729FABDE858
S2140365E0104000F032B938B50C46C94301F001013A
S2140365F00546E7F767FAA30702D4E869E7F74CFA14
S214036600BDE8384000F021B910B50446E7F75AFA5A
S2140366102046E7F789F9BDE8104000F016B9007D7B
S21403662000F00100704700F0F4B8FFF73CB802280A
S21403663008D0042803D0012818BF0620704701F0AD
S2140366400101C81C704710B50C46E7F7CFFB02796B
S214036650408804FB020010BD10B50C46E7F7C6FBE6
S2140366604388A3429BBFE41A03790020B4FBF3F0EC
S21403667010BD08B5E9F77AF9BDE808400020E8F749
S21403668083BBC94350E8003F0B4040E80032002A72
S214036690F8D170472DE9F0410F46044624211846E9
S2140366A01E4615469DF8188000F0C8F9C319B8F1C0
S2140366B0000F37D1033E012E94BF0322022240F27D
S2140366C07126520006FB023342F2107260894100C3
S2140366D07143A1F2E2469642A8BF16466A1A921B77
S2140366E0D21A002AC2BFB2FBF1F202FB0112AD1AA4
S2140366F0EA1A09D55242B2FBF1F707FB011C01FB6C
S2140367001722654402B96D1AEB1A8B4240F2E24730
S2140367100AD8B3FBF7F3022298B2E2712081284627
S214036720BDE8F0810122CAE75B1ABB42B8BF3B460D
S214036730B342A8BF3346B3FBF7F107FB1133CAB224
S214036740002BEAD00132D2B2E7E7E8F7D7BD37B578
S2140367500546E8F7F1FD04462DB12B680360AB88C8
S214036760A38003B030BD00F0DDF80322CDE90001BD
S2140367700DF105010DEB020004F054F90098BDF885
S21403678004302060ECE738B50546E8F7D5FD044647
S21403679007F08EFF2B68C4F80630AB886381237B33
S2140367A043F00103237307F07EFF012038BD38B59D
S2140367B00C460546E8F7C0FD014605B1063106223C
S2140367C0204604F01FF9B0FA80F0400938BD10B532
S2140367D00446E8F7B1FD036823608388A38010BDF1
S2140367E008B5E8F7A9FD007B00F0010008BD10B569
S2140367F00446E8F7A1FDD0F8063023604389A3805A
S21403680010BD50E8003F0B4340E80032002AF8D1A1
S214036810704770B50E461546E4F730FA044648B995
S2140368203046E3F733FE044620B92846E9F774FFFB
S214036830044640B10020E4F721FA0020E3F726FEE1
S2140368400020E9F769FF204670BD4FF40010EDF70E
S2140368501FBEFFF77CBF112808B502D0122805D04B
S21403686008BD1320BDE80840E8F70ABBE8F7F8FCC4
S21403687000F004F8E8F76CFB1420F3E7704708B55C
S214036880E8F76EFABDE808401120E8F7F9BA1328CE
S21403689008B502D0142809D008BDE8F74DFDFFF768
S2140368A054FFBDE808401220E8F7EABA0020E8F7EC
S2140368B087FABDE80840FBF7A1BCEAF70DB80A283B
S2140368C002D80130C0B27047242801D80230F9E755
S2140368D0252805D0262805D0272818BFFF2070476F
S2140368E0002070470C20704708B5E9F7FBFF20B17E
S2140368F0BDE808402020E9F78DBA08BD7047704709
S214036900704770477047704700207047704770475E
S2140369107047704770477047EEF736BC03F0A6BB68
S21403692003F0ABBBDFF764BE704708B5E8F7B6FD08
S21403693018B1BDE80840E9F779BA08BD03F0E1BA33
S2140369401046194670471FB50023CDF80A30ADF838
S2140369500E30D0E90023CDE900230389C068ADF8E3
S2140369600830E9F74FFD6846E9F7E0F805B05DF84B
S21403697004FB1FB5002300F00F008DF80A0001A8E2
S21403698001918DF808308DF809208DF80B300393AC
S214036990FFF7CBFF05B05DF804FB1FB50023CDE979
S2140369A001330393012300F00F008DF80A0001A8BA
S2140369B08DF808308DF80910FFF7B7FF05B05DF8BE
S2140369C004FB1FB5CDE9001200228DF80B308DF8BD
S2140369D0082000F00F03C0F340128DF809208DF84D
S2140369E00C30C0F3001243068DF80A2001D5E8F7F1
S2140369F0CBFD6846E8F70AFE05B05DF804FB1FB555
S214036A000023CDE9003101238DF80830C0F340138D
S214036A108DF80930C0F300138DF80A3000F00F0329
S214036A208DF80C3043068DF80B2001D5E8F7ACFD46
S214036A306846E8F7EBFD05B05DF804FB10B50C46B9
S214036A4008B9E9F7DFF92146BDE81040FFF7FBBDBB
S214036A50F0B587B00D4616468DF8070002B9A3B306
S214036A6029469DF80700FCF7BCFE0446B8B929463C
S214036A709DF80700FCF7B9FE40BB16B39DF8071058
S214036A80003918BF012128460DF10F02E9F704FE6D
S214036A90F8B99DF80F40013418BF012416E004AF7F
S214036AA0012239460DF10700FCF79DFE04464EB160
S214036AB09DF80730191E18BF0121002818BF3D4650
S214036AC0E1E70124FCF77CFE00B90124204607B069
S214036AD0F0BD4FF0FF34DEE7CB08C25C012301F0C4
S214036AE007018B401A4214BF0120002070477047ED
S214036AF07047024619460020E9F71ABB0020704784
S214036B000020704707B500214FF0FF336A4608465A
S214036B1000938DF80430E9F741FE03B05DF804FBFB
S214036B2038B50546006804F084F90446287900F071
S214036B301F0004F07EF92044C0B2012894BF002051
S214036B40012038BD012070478160704741EA00206C
S214036B5008B540F49020FCF7CFF8014640B110F199
S214036B60880F05D0BDE8084040F20740F7F768B83D
S214036B7008BD0120704770B50C46064611461D46F3
S214036B80E9F7D2FE58B144EA06206FEA40406FEABE
S214036B9050402A46BDE8704080B2EDF7EFBC40F2A5
S214036BA0064070BD10B50446E9F7BEFE50B141EA93
S214036BB004206FEA4040BDE810406FEA504080B2C0
S214036BC0EDF714BD40F2064010BD837901461A075F
S214036BD003D506220020E9F727BF9B0602D5062227
S214036BE00120F8E74FF0FF3070478379532B01D12C
S214036BF0E9F74CBFFFF7E9BF70B5064614461D46D6
S214036C00E9F792FE10B90024204670BD41EA06203B
S214036C106FEA40406FEA50402A46214680B2EDF7BD
S214036C20C9FC0028F0D0EEE708B5EBF7EDFF00202F
S214036C3008BD00207047014608B500F03800EAF7A3
S214036C40FFFB78B1D0E901324078C1F3074110F079
S214036C50020F08BF1346043B53F8040F10B1027823
S214036C608A42F9D108BD10B500F1080454F8083C6F
S214036C700BB9184605E054F8040C98470834002866
S214036C80F4D010BD37B58379019003440446D86821
S214036C9000F03800EAF7D4FB054628B901A804F04B
S214036CA039FA022003B030BD204604F03DFA07F05F
S214036CB0FFFC0446019905F10C0004F012FB204684
S214036CC007F0F1FCEDF76CFB0020EBE72DE9F04154
S214036CD007463C681D4614F4004F4FF6FF7308BF83
S214036CE0FF23AB420846114604D24FF00008404645
S214036CF0BDE8F08124F400431E0206F4E066C3F305
S214036D00062324F47F441E4324F0C704731944F077
S214036D108004827944EA13241B029BB20C321C4380
S214036D20845000EB0208FFF7ADFF0028DDD13A6878
S214036D3008F10403334412044CBF23F8025C03F83F
S214036D40015CD4E77047704770B505460C30F5F71D
S214036D5033FE6E689EB9334606EB8304B44210D105
S214036D602B69ABB900236B806B7823F00E036B7033
S214036D7070BD013356F82320002AFAD1ECE700232E
S214036D80F8E754F8043DDB68002BE7D09847E5E7BF
S214036D90DC68002CE6D0043C54F8043F002BE1D01A
S214036DA09847F9E738B54378044623F00C0343F0D5
S214036DB00203437003690BB1186810B9002528460F
S214036DC038BDFFF750FF05460028F7D02046FFF7EB
S214036DD0BBFFF4E7036970B5054653B1586840B185
S214036DE0FFF741FF044620B12846FFF7ADFF2046D4
S214036DF070BD6E68043E56F8044F2CB9202005F18A
S214036E000C01F5F7C7FDF2E7A368002BF3D098470C
S214036E1004460028EFD0E7E74078C0F34000704709
S214036E20437813F00E0F0CBF012000207047036851
S214036E30186802F08BBD38B50546EAF7C5FB04466D
S214036E402846FFF7F4FF204638BD052B07D920F464
S214036E507F4020F0C70040F40070106091807047B8
S214036E6008B5EAF7EDFAC068003818BF012008BD78
S214036E7008B5EAF7E5FA20B1BDE80840C06804F0B3
S214036E807AB908BD38B5EAF7DBFA044650B107F01D
S214036E900FFC054604F10C0004F05AF90446284694
S214036EA007F001FC204638BD20F400432DE9F341EA
S214036EB01D0205F4E065C3F306231D430023904635
S214036EC06A18019313020746C2F302229BB220F408
S214036ED07F40134320F007000C46184301A9EAF746
S214036EE0CBFB064690B1031D2B44B8F1000F07D029
S214036EF0434505D018462246414603F093FD034614
S214036F003A044CBF23F8024C03F8014C304602B057
S214036F10BDE8F081026810B501F0040022F40044D5
S214036F20C2F306220021043240F0290004F077FB66
S214036F3010B183790344DC6010BD03460022006869
S214036F401A600179FFF79EBE10B50021FFF7E2FF36
S214036F50044608B9002010BD0179FFF793FE002808
S214036F60F8D1A3790C33E018F5E72DE9F04117467D
S214036F701A46036801F0040123F400431C0204F4D8
S214036F80E064C3F306231C4341F029050434064694
S214036F903B462146284604F0ACFB804650B1E1B29E
S214036FA004F0F8F83B462A4641463046BDE8F04131
S214036FB0FFF78CBEBDE8F0812DE9F341002401F014
S214036FC004010668074641F029051068294614603F
S214036FD0019004F0A9F8019804F021F926F400467C
S214036FE0310201F4E061C6F30626314380460122EE
S214036FF0043101A804F08FFA30B101A804F08AF82E
S214037000204602B0BDE8F08143462A463846019939
S214037010FFF75CFEF5E707B501A9EAF72DFB03B01A
S2140370205DF804FBA0F86E10704701238B4090F8C0
S2140370307110194380F87110704708B50120F5F7F1
S2140370401FFCC0B208BD83790C331844704714384C
S214037050704710B50446A1F1140004F0E0F8201AB6
S21403706020EAE07080B210BD70B51C460D46164689
S214037070FFF7EFFFA04207D322463146A5F11400DF
S21403708004F00AFB012070BD0020FCE770B506463D
S2140370900D4614467AB90A462046082104F0BFFA7C
S2140370A0044690B92A460821292004F0B8FA044673
S2140370B058B9204670BD104604F02CF8204604F05C
S2140370C0E1F908231D44A371E571A3790C331C442D
S2140370D02670EEE72DE9F0411646069A07468846DF
S2140370E01D46FFF7D3FF0446F0B114382A4631464F
S2140370F0069004F0D1FA854217D9069B06A81C7998
S21403710004F0200404F006F874B942460821292046
S21403711004F085FA2A463146069004F0BDFA854205
S21403712006D906A803F0F6FF00242046BDE8F08142
S214037130069A93790C33D418D754F6E711B1143959
S214037140EAF732BC1A20704738B5002204460D46CB
S21403715002200321FFF79AFF014608B1A0F8015069
S2140371602046BDE83840FFF7E9BFF8B504460F46AA
S214037170164605210120069A1D46FFF787FF01469E
S21403718038B14770468005712046BDE8F840FFF7E2
S214037190D5BFF8BD38B50D46032104460846FFF7AC
S2140371A075FFA0F8015001462046BDE83840FFF7BA
S2140371B0C5BF73B50546084611466C891A46641A58
S2140371C0BDF81830A4B29C4228BF1C46079B089EF5
S2140371D000932346FFF77EFF014630B128463480EE
S2140371E002B0BDE87040FFF7A9BF1A2002B070BD19
S2140371F0012110B5002204461320FFF747FF01467E
S21403720020B12046BDE81040FFF798BF10BDF7B584
S2140372104489054618460F461646019303F0FFFFBA
S214037220053CA4B2844203DA011B01A804F099F8D2
S2140372300521019804F036F9014628B901A803F0A0
S21403724069FF1A2003B0F0BD83790C33C2181720E8
S214037250C8542846A2F80170A2F80360EAF7A4FB14
S214037260F0E7012110B5002204461920FFF70EFFB0
S214037270014620B12046BDE81040FFF75FBF10BDB2
S21403728073B50E46002144890546033CA4B2A342C7
S214037290009128BF234603211B20FFF71BFF01464F
S2140372A070B1012210F80F3CA0F8016062F30713D7
S2140372B000F80F3C284602B0BDE87040FFF73EBF1B
S2140372C01A2002B070BD73B50E46002144890546E8
S2140372D0033CA4B2A342009128BF234603211D20EA
S2140372E0FFF7F8FE014638B1A0F80160284602B061
S2140372F0BDE87040FFF722BF1A2002B070BD4B886E
S214037300042B07D1836C08885B8998428CBF0020C6
S2140373100120704700207047532838B505460C46B1
S21403732004D1BDE838400846F6F70EBD0620F5F74B
S214037330A3FC68B96379142D03F03F03637104D08B
S214037340722D08D163F03F0363710020A57138BD29
S21403735040F20740FBE72120F9E700230360838020
S2140373608371704710B5044660B1806C50B1EAF77C
S214037370EFFBA06C0028FAD12046BDE8104003219D
S214037380EAF768BA10BD438907B58B420CD050F8AC
S2140373900C2B40F2014192F87020ADF806308DF8C0
S2140373A0042001AA03F0E4FD03B05DF804FB43697F
S2140373B043F0040343617047436923F004034361C6
S2140373C070474069C0F38000704747F2305300228D
S2140373D00068F5F707B9006803F05DBD38B5436983
S2140373E004469B070D4603D540F20941FFF7F3FF1A
S2140373F0EAF7F8FA08B1A3691D702046BDE83840DD
S21403740040F20941FFF7E1BF07B5027C012A09D024
S2140374100122027440F20942914206D040F20A4227
S21403742091420ED003B05DF804FB4FF4816150F82F
S2140374300C3B01AA93F870308DF8043003F098FDE6
S214037440F0E750F80C3B01AA93F870308DF804303F
S214037450F4E738B522F000430D46114640F2032206
S214037460934204461AD0B3F5017F09D240F20122B3
S214037470934213D040F20222934209D0002038BD33
S2140374806FF481621344012BF8D8FFF7BDFFF5E7CD
S21403749000F020F9204601F07CF9EFE763699B07CB
S2140374A004D540F209412046FFF795FF2846FFF72B
S2140374B059FFE3E708B5EAF78FF900B1806C08BD1A
S2140374C008B500B10068EAF795F908B9034602E083
S2140374D0836C002BF7D0184608BD10B5044642F659
S2140374E02A3000F03BFB031B5842584110BD0228CC
S2140374F006D142F62A330888C31A584258417047C1
S2140375000020704710B5044642F6293000F026FBEB
S214037510031B5842584110BD90F8200000F00100AC
S21403752070471FB504466846EAF736FC10226946DC
S21403753004F1210003F066FAB0FA80F0400904B0C3
S21403754010BD08B5FFF7EDFFB0FA80F0400908BD9F
S21403755070B5044600F1210591B92846EAF71CFCEC
S214037560236893F97500E9F7DFF978B120682B46AD
S214037570BDE8704010220D2190F97500FFF7FBBAA5
S21403758010220021284603F067FAE9E770BD38B5F4
S2140375900446002390F8202041FA03F0C50703D4DD
S2140375A042FA03F0C0071ED40133082BF4D101F0CE
S2140375B0010523682A4384F8202093F97500E9F728
S2140375C0B3F940B1234653F8200B01220C2190F95E
S2140375D07500FFF7D0FA0DB9002038BD002120460C
S2140375E0FFF7B6FFF8E71320F7E768B13F290AD895
S2140375F000EBA10090F8310001F0030149000841B7
S21403760000F0030070470020704710B50368044677
S21403761093F97500E9F788F950B12346BDE81040A1
S21403762053F8310B10220B2190F97500FFF7A3BA1C
S21403763010BD10B590F87430DB0706D490F975309A
S214037640013314BF0F20052010BD847CF6F74EFAD5
S214037650844234BF0C200020F6E730B5044685B0DC
S2140376606846EAF799FB1021684604F057F8204667
S214037670EAF7A0FD6B46C26804AD06321C4603CC8F
S214037680AC4210605160234602F10802F6D105B001
S21403769030BD08B5EAF78EFD08B1EAF75FFDC0B264
S2140376A008BD013810B580B2EAF784FD044608B970
S2140376B0002010BD408800F083FB0028F8D0207B14
S2140376C0F7E708B5EAF776FD18B1007AC31F584204
S2140376D0584108BD70B5054655F8213B044693F955
S2140376E07500E9F721F920B92846BDE87040EAF7A6
S2140376F053BB234653F8310B10220B2190F9750028
S214037700FFF77AFA234653F8200B01220C2190F94F
S2140377107500FFF771FA20682B46BDE8704010220B
S2140377200D2190F97500FFF767BA01302DE9F04196
S21403773085B228460E46EAF73DFD42F60217044692
S21403774042F603089CB12046EAF708FD78B12046C6
S21403775000F045FBB84205D10EB123883380607B29
S214037760BDE8F081204600F03AFB404502D14FF0D9
S214037770FF30F5E70135ADB22846EAF71BFD0446B0
S214037780E0E72DE9F04707460E4690460D4642F6DB
S214037790021942F6030A0135ADB22846EAF70AFD96
S2140377A0044678B1EAF7DAFC60B1204600F017FB2E
S2140377B0484505D1237A072B04D10320BDE8F0877B
S2140377C05045E8D141463046FFF7AFFF431C01461C
S2140377D004D03846BDE8F047FFF707BF0020EDE7C3
S2140377E070B5054608461646EAF7E4FC044608B9AB
S2140377F0012070BDEAF7B2FC0028F9D0F00713D4D5
S214037800B10734D4720702D5A3885B0732D516F0C6
S214037810060F31D116F40060EBD0A38813F4006F83
S21403782014BF00200620E4E7A388DA0743D513F045
S214037830700F0AD1980610D45806E1D52B6893F931
S21403784075300133DCD10820D3E72868FFF7F1FE53
S214037850A388990608D50028CBD12A6892F8742005
S2140378609207E9D40520C4E70028C2D1E4E7A38839
S2140378709907C7D40320BCE7A38813F4E06F09D1A4
S21403788098050FD45B05C5D52B6893F9753001337E
S214037890C0D1D8E72868FFF7CCFEA388990507D59B
S2140378A00028A6D12A6892F874209207EAD4D9E76A
S2140378B000289ED1E6E702209BE738B50446084633
S2140378C0EAF778FC054608B9012038BDEAF746FC16
S2140378D00028F9D0AB8813F4E04F0CD1980412D4E7
S2140378E013F48040F1D0236893F97500431C584283
S2140378F05841C000E9E72068FFF79BFEAB88990470
S21403790008D50028E1D1226892F874209207E7D4BC
S2140379100520DAE70028D8D1E2E72DE9F0474FF053
S2140379200009044683F800900846A2F800908846AB
S21403793016461D46EAF73EFC074620B901230020FB
S2140379402B70BDE8F08774B1EAF708FC0028F5D081
S2140379504046FFF7D7FD30B1012385F8009004F1C8
S21403796020003380EDE72B46324639462046BDE8F5
S214037970F047EAF79DB92DE9FF41074608468846D2
S21403798016460393EAF716FC044638B903A803F031
S214037990C1FB0125284604B0BDE8F0811FB1EAF714
S2140379A0DDFB0028F2D0237A072B05D8DFE803F0A7
S2140379B017262F381C17172126BB0398002835D106
S2140379C03246257A022D62D0032D64D0012D3BD09A
S2140379D0002F7FD1002503A803F09CFBDAE703A85A
S2140379E003F098FB0325D5E703A803F093FB0625CE
S2140379F0D0E703A803F08EFB8025CBE7E3685D881A
S214037A00B54209DA03A803F085FB0725C2E7E36856
S214037A109A88B242F6D35D88039840B9024609E0D5
S214037A20022EEFDC039868B90246CAE7354603F030
S214037A30F6FB82B29319AB42C3DD03A803F06AFBDD
S214037A400D25A7E70225F2E7E06806300023039931
S214037A50304403F04EFB002FBCD0237A032B39D1DE
S214037A6003A803F057FB00212046EAF75FFB68B341
S214037A700588617B3846FFF7B8FD01220346294691
S214037A803846CDF8008000F073FC002582E7E068F6
S214037A90B3188380D9E7039B9A79D979891AC9B22F
S214037AA0481E012810D8134402291A7B04BF5B7BA7
S214037AB042EA0322237B32EA03038CD101233846AE
S214037AC0617BEAF7CBF8C6E70D2584E708F1FF35B7
S214037AD0ADB2CEE7039B41460093384633463A7F22
S214037AE000F02CFCD1E7884270B504460D461646D6
S214037AF011D8012838BF01242046EAF75BFB10B1F2
S214037B004388B34208D00134A4B22046EAF736FBD2
S214037B1008B1A542F0D20024204670BD70B50C46CD
S214037B2016461D460146B8B1B3B1022C01D0102C3F
S214037B3012D1E0B2EAF776FA4FF6FF7188420246B0
S214037B4002D141F20A1070BD3046FFF7CCFF002881
S214037B50F7D028800020F6E72120F4E7002307B5B6
S214037B600122ADF80400ADF8063002210DF106033C
S214037B7001A8FFF7D3FFBDF8060003B05DF804FBCA
S214037B80F8B50F461646441CA4B22046EAF712FB85
S214037B9010B9013CA0B2F8BD00F021F90546304605
S214037BA000F0F9F820B1284600F0F5F80028F0D1E7
S214037BB0304600F0E9F820B1284600F0E5F8002842
S214037BC0E7D10134A4B22046EAF7D8FA08B1BC429A
S214037BD0DBD94FF6FF70DEE72DE9F04F9A4687B004
S214037BE08B880D460C88814604A90220ADF8103018
S214037BF09046EAF717FAAB680090A888AF89059312
S214037C0000F0C2F838B1102F05D105A8EAF7F0F94D
S214037C10022808BF02279DF840B00BF0010B38E09E
S214037C202046009AFFF75FFF0646A8B3AA8869882E
S214037C30FFF7A6FF04463046FFF72BFD40EA0B008E
S214037C40C0B200B30DF10F03314648460DF11202E0
S214037C50FFF763FE9DF80F302BB1A8F800601846B7
S214037C6007B0BDE8F08FBDF81220BA420BD13A46F2
S214037C700599019302F0C6FE019B20B9A8F800609F
S214037C80AAF80040EBE74FF6FF739C4201D001349D
S214037C90A4B26988A142C3D20A23E0E708B5EAF78B
S214037CA089FABDE8084000F09AB838B50546084694
S214037CB0EAF780FA044610B94FF6FF7038BD0DB9DF
S214037CC06088FBE7EAF74AFA0028F9D1F4E770B5CB
S214037CD0044642F60520FFF741FFB0B10021FFF747
S214037CE024FD054601462046FFF77FFC0646102284
S214037CF0002104F1310002F0AFFE32462946204649
S214037D00BDE870400023E9F7A9BF70BD7FB5044600
S214037D100D4610220021684602F09EFE0026AB5751
S214037D205A1C1BD031462046FFF75FFC1946002B32
S214037D30B8BFD91C04AA02EBA10100F00302584203
S214037D4000F0030003F0030358BF43425B0002FA4C
S214037D5003F311F8102C134301F8103C0136402EA0
S214037D60DDD16B4604F1310504AE1A4603CAB242AE
S214037D7028606960134605F10805F6D1204604B06D
S214037D80BDE87040FFF741BCA0F5205001288CBF2A
S214037D9000200120704742F60303C31A5842584195
S214037DA0704708B5030409D4EAF708F9A0F520508C
S214037DB080B201288CBF0020012008BD0020FCE70C
S214037DC0020408B507D4EAF7F9F842F60303C31A20
S214037DD05842584108BD0020FCE7C00B70470346D5
S214037DE0B3F902304088002B01DBEAF7E7B800203E
S214037DF0704708B5FFF7F3FF42F60303C31A58426A
S214037E00584108BD08B5FFF7EAFFA0F5205080B239
S214037E1001288CBF0020012008BD1FB550F80C4B6D
S214037E20ADF80A3094F87040069BADF806108DF84E
S214037E30082040F2035101AA8DF80440039303F08F
S214037E4097F810B906A803F065F904B010BD2DE93C
S214037E50F0414FF0000886B004460E461546CDF8AE
S214037E600C8000F1440712B303A803F053F9384615
S214037E7003F050F984F81C8000233246009318213F
S214037E802B462046FFF771F905F58855204650F82E
S214037E900C3B40F2055193F8703004AA8DF810306D
S214037EA0059503F065F8002006B0BDE8F081436948
S214037EB01A0710D4A846384603F04AF90346039037
S214037EC0C0B903A803F026F9384603F023F90023C4
S214037ED0237755B1D0E723F00803436103A803F0E3
S214037EE019F9384603F016F925772046FFF7B9F94E
S214037EF00025CBE79979204601F10C021A44B2F823
S214037F0001600531B2F8032099713146FFF733FD5E
S214037F10CDF80C800028CED00546D2E72DE9F047F1
S214037F20089C0E4617469846054610B1037C012B5F
S214037F3061D02846FFF73BFA14F08009304614BF99
S214037F404FF0200A4FF0100AFFF7ABFB1AEA000FB8
S214037F504DD03046FFF7A2FE42F6052398420FD1D6
S214037F6014F0010219D031462846FFF7A6FC08B3E1
S214037F7000F588542846FFF71FFA2046BDE8F08729
S214037F802846FFF7C9FA0028EAD02846FFF7D9FAA9
S214037F900028E5D041F21214ECE7B9F1000F3146A0
S214037FA0284614BF02240124FFF7EBFB2042DAD154
S214037FB00224DFE7B9F1000F11D0EB8BCBB94346B0
S214037FC03A4631462846FFF77EF904460028D1D1C3
S214037FD040F20A412846EE83FFF7F7F9CAE743461D
S214037FE03A4631462846FFF74BF90446C2E72124B2
S214037FF0C0E70524BEE70724BFE72DE9F0470025C1
S21403800086B09DF8389090F81CA004460F4690461C
S2140380100F9E0577B9F1000F09D00A464B46514625
S2140380200096FFF7A2F8284606B0BDE8F087BAF137
S214038030080FADF8169026D145893246043DADB2F9
S2140380409D424FF002014FF00900A8BF1D46FFF7FF
S2140380501DF80222814605A93046ADF8147003F0D8
S2140380601BFB2A464146304603F016FB0546831C97
S2140380703146204689F80130E9F796FCADF81650EC
S214038080BDF81600D0E7BAF10A0F0DF116020CBFC1
S2140380900B210D21CDE90162009301224346FFF730
S2140380A088F81A28ECD111233A4651462046CDF8D3
S2140380B00090ADF81690FFF758F8E1E7F0B5002505
S2140380C089B01746012204460E460393ADF81650B0
S2140380D0FFF786FB8DF81500002846D13046FFF7DC
S2140380E0FCF910B13046FFF7B8FA3046FFF7E9FA65
S2140380F0B8B103A803F00EF8204650F80C2B237FE4
S21403810092F8702040F202518DF8182006AAADF8B6
S2140381101A608DF81C30ADF81E7002F029FF09B006
S214038120F0BD0DF115030DF1160231462046FFF79B
S214038130F4FB9DF8153002465BB9BDF81630BB421A
S21403814035BF0723DB1B8DF81530D21928BFADF8D2
S2140381501630039B314601939DF815302046009355
S214038160BDF81630FFF749FFD9E72A46F1E72DE9B0
S214038170F04F89B002901846154605930C46FEF755
S21403818062FF8046059803F04AF80023B0F1010A1F
S214038190B5F80A908DF81D3000F089801AF00107B3
S2140381A040F085805046F4F737FD0646002800F079
S2140381B08480524608F1010102F059FC0121204651
S2140381C0059AFEF763FFB8460AEBDA7A09F1FF3B36
S2140381D003904FEA6A0ABA4544DD36F8174001228F
S2140381E021462846FFF7FCFA8DF81D0068B920469D
S2140381F0FFF773F910B12046FFF72FFA2046FFF773
S21403820060FA78B180238DF81D30304603F09EFA6D
S214038210059B2246009328469DF81D300299FEF7DB
S214038220A4FF26E00DF11D03214628460DF11E028C
S214038230FFF773FB9DF81D300490002BE5D1029BDE
S214038240202B1BD1ABEB0803012B0BDD0DF11E011D
S2140382500222059803F020FA012801460CD805A847
S21403826003F07FF8304603F071FA28460399FEF7C9
S21403827065FF09B0BDE8F08F08F10208BDF81E20BF
S214038280ABEB08039A42C2BF09F1FF33A3EB080323
S214038290ADF81E30BDF81E20DDE9041003F0FCF92E
S2140382A0BDF81E309842DDD39844013793E7042384
S2140382B000248DF81D302646A7E71123F8E7F7B507
S2140382C01E4600231360338004460D461746FFF709
S2140382D004F910B12046FFF7C0F9214600200DF13E
S2140382E005030DF10602FFF718FB9DF8054024B9B8
S2140382F0BDF806402CB9002001E004F5885003B011
S214038300F0BDAC4204D32844641B38603480F2E7E3
S21403831041F20710F3E770B504460D461646FFF71D
S214038320DCF840B933462A462146FFF724FB08B15A
S21403833000F5885070BD41F20310FBE71FB550F8F7
S2140383400C4BADF80A3094F87040069BADF8061057
S2140383508DF8082040F2015101AA8DF804400393DA
S21403836002F006FE10B906A802F0D4FE04B010BD53
S2140383701FB550F80C4BADF80A3094F87040BDF8B2
S2140383801830ADF806108DF8082040F2045101AA03
S2140383908DF80440ADF80C3002F0EAFD04B010BDD1
S2140383A0F0B5122785B003920777022205460E46DC
S2140383B0FFF716FA044668B103A802F0ABFE0023E3
S2140383C02B77002332460093122123462846FEF7D6
S2140383D0CCFE0FE0039A3046937903339371FFF78D
S2140383E070F948B1039B3A46009331462346284624
S2140383F0FFF713FD05B0F0BD42F62930FFF7AEFBDD
S214038400B04220D1039830B903A802F083FE0023BC
S2140384100D242B77D5E702F002FF80B20128F3D1B3
S214038420039B28469A791344197BFFF7B0F8044652
S21403843003A802F06FFE00232B77002CC1D1284639
S214038440FEF7D6FED6E7224631462846039BFFF7BD
S21403845092FA0446EFE72DE9FF410392042204460D
S2140384600D46FFF7BDF9074628B103A802F052FEF2
S21403847004B0BDE8F0814FF05208039A284693797A
S2140384800333937184F81C80FFF71BF9064640B14B
S214038490039B4246009329463B462046FFF7BDFC16
S2140384A0E6E742F62930FFF759FBA842039B0BD1B8
S2140384B09A7920461344197BFFF769F803A802F05C
S2140384C029FE00232377D3E7324629462046FFF7C3
S2140384D052FAF6E72DE9FF418B7904460C330B4439
S2140384E0B3F801700E463846B3F80380FFF7D1F8A9
S2140384F0002858D0022239462046FFF771F9054670
S214038500E8B93846FFF7DDF868B116222277B37963
S21403851039460533B371204643460096FFF77DFC84
S21403852004B0BDE8F081F4F793F933461B680135D0
S214038530EDB2002BFAD10635A8421DDC092504F15D
S214038540440002F0E7FD2B463A46162120460096E5
S214038550FEF70BFE092DE3D1204650F80C3B40F204
S214038560055193F8703002AA8DF8083041F20913CA
S214038570039302F0FDFCD3E70121304603F057F8DE
S21403858001460028DAD004F1440002F0AAFEB379CB
S21403859042460533B37139463346204604B0BDE838
S2140385A0F041FEF734BE0125C9E713B5044641B9C9
S2140385B0443002F0AFFD204602B0BDE81040FEF79F
S2140385C050BE18224369027713F0080306D000232F
S2140385D019460093FFF721FC02B010BD1A46194650
S2140385E002B0BDE81040FFF732BC7FB5C58B04462A
S2140385F02DB342F60520FFF7B1FAA84207D10021B2
S2140386002046FEF7A5FF636923F001036361002696
S21403861040F20A412046FEF7DEFE29460DF10E0221
S2140386202046ADF80E60FFF7ACF8BDF80E20034603
S2140386300092294602222046FFF79AFEE68304B0FC
S21403864070BD2DE9F74305460F469046FFF721F820
S21403865098B32846FFF725F810F0300F30D0284699
S214038660FFF71FF806460020FEF72AFF044606F02B
S21403867010091CB9204603B0BDE8F0830022294642
S2140386802046FFF77EF8B9F1000F01D0C10712D4D8
S214038690B20617D5830715D5802300933A4643467B
S2140386A029462046FFF73AFC1A28E4D02046FEF770
S2140386B007FF0446DDE70023EFE741F20110DAE7A0
S2140386C02120D8E70220D6E7F7B504461F460E4614
S2140386D01546FEF76CFE237C012B58D0237F182B00
S2140386E02CD063691B0713D5217F16292DD008D8F4
S2140386F0122914D002252046FEF75EFE284603B054
S214038700F0BD18291AD05229F4D10023237713E099
S2140387103046FEF7D6FF0028E6D12125EBE70023F7
S214038720237735B1009332462B462046FEF71DFDD0
S21403873002E02046FEF75CFD0025DCE72A463146CC
S2140387402046FFF784FB0546D5E700232377002D55
S214038750E8D105211720BDF82430089A0095FEF7C6
S214038760B9FC20B91123324612210095DDE7FEF746
S2140387706EFC6269034642F0080262618279314602
S214038780053282713A462046FEF741FDD4E70725B7
S214038790B1E72DE9F041054688B042F60520FFF71C
S2140387A0DDF9064604A8E9F7F7FA102205F12101D8
S2140387B00DEB020002F026F950B101212846FEF720
S2140387C0C7FE2846FFF783FA6B6923F001036B6144
S2140387D042F60303022003A9ADF80C30E9F722FCA6
S2140387E0012407464FF0000820463A464FF6FF712D
S2140387F0FFF779F9044610B908B0BDE8F081FEF733
S21403880048FF0134A4B20028EED0A64203D1314675
S2140388102846E9F72BFD214628460DF10E02ADF852
S2140388200E80FEF7AEFF03460028DDD0BDF80E200F
S2140388302146009228460122FFF79AFDD4E708B5A1
S214038840E9F798FA0020EAF74BF9002008BD10B5BF
S21403885004468069143002F05DFCA069BDE8104050
S214038860183002F057BC2DE9F0410F461446054672
S2140388701E46FFF7ECFF23463A4608210020D5F8AC
S214038880188002F036FFAA69C8F81400536923B1AA
S214038890002054811682BDE8F0811A20FBE770B5EC
S2140388A00446084602F0BBFCA16986B28A894D8954
S2140388B012B1521B96420CDA6389581E80B225B950
S2140388C00A78082A04BF043B98B2831B58425841CF
S2140388D070BD0020FCE730B5044654F80C0B8DB091
S2140388E09DF8405090F8700042EA01428DF804006B
S2140388F01946029203A82A46079502F0B8F840F2F2
S2140389000241204601AA02F033FB0DB030BD10B57C
S21403891050F80C4B86B094F87040ADF80E10ADF8D6
S214038920102040F2064103AA01938DF80C400593EC
S21403893002F01EFB10B901A802F0ECFB06B010BD56
S21403894037B504460D46FFF782FF204640F209413D
S214038950FEF741FD00222046A36940F207411A7044
S21403896050F80C3B6A4693F8703001958DF800304A
S21403897002F0FEFA03B030BD13B5019100210446A0
S21403898000F033FF0422002320460DEB0201FFF71D
S2140389906AFF02B010BDF0B504460F461E461546E4
S2140389A085B052B983691B78072B30D0082B14BFC8
S2140389B015460925002E18BF0D250A9802F02FFC30
S2140389C0A3699A894AB15B8981B2D21A914204DDBE
S2140389D092B2891A0AA802F0C4FC204650F80C3B4F
S2140389E040F2054193F8703001AA8DF804300A9BD3
S2140389F0ADF806708DF80850ADF80A60039302F0E0
S214038A00B7FA10B90AA802F085FB05B0F0BD0B252E
S214038A10D0E7B0F80AC02DE9F041ACF1020C9C4552
S214038A2005460E4617461C4603DDBDE8F04100F03A
S214038A3089BE83692246198100233946FFF713FF4F
S214038A40044658B9AB690246314628460E3300F051
S214038A5092FE044610B12846FFF7F9FE2046BDE80D
S214038A60F0812DE9F043202A8FB0054617461C46B1
S214038A7003910BD941F2041421462846FFF760FF01
S214038A8003A802F047FB0FB0BDE8F083002B46D1E6
S214038A900846A2F1060802F0C2FB4FF6FF765FFA1D
S214038AA088F81FFA80F94C4510D3AB69DA88B242CE
S214038AB039D942F60203ADF814300223711C009331
S214038AC0284605AB89B200F0E6FD25E023463A4684
S214038AD0039906A802F00DFBAB69BDF818609A88E7
S214038AE0B242C7D8DA88B242C4D3BDF81A10BDF86A
S214038AF01C20B8F1000F09D02846CDF800800DF1F0
S214038B001E033C44FFF7E7FEA4B2CCE728469E804C
S214038B1019815A8100F0D8FD04460028B0D041F2EE
S214038B200A139C42A8D10024A6E72DE9F0471C4669
S214038B3096B0836901921B780646062B03D0112B49
S214038B4060D001A81CE00129104614BF4FF010089E
S214038B504FF002080392002C4CD102F060FB4FF654
S214038B60FF7508F1020987B2A7420ED8B369DA88FF
S214038B70AA4237D8002421463046FFF7E1FE03A871
S214038B8002F0C8FA16B0BDE8F08723464A460399B2
S214038B9004A802F0AEFAB369BDF810509A88AA4248
S214038BA02DD8DB88AB422AD39DF81330282BE1D08F
S214038BB0B2465AF80C3B424693F870300DF1120158
S214038BC00DA88DF83030ADF83250CDF844804C44C3
S214038BD001F04DFF40F2044150460CAA02F0C8F9DA
S214038BE0A4B2C1E7691C304689B200F024FD0446EE
S214038BF00028C4D041F20A139C42BBD0BBE741F223
S214038C000414B8E70129104614BF12270427049258
S214038C1084BB02F004FB42F602184FF6FF7185B2DE
S214038C20A5420DD8B369DB888B4221D901314FF6B3
S214038C30FF72304689B200F0FEFC0446A0B119E08C
S214038C4023463A4604990CA802F053FABDF832209C
S214038C50BDF8301042459DF8333007D1B269022380
S214038C6030460A32FFF7D5FE04A889E7282B06D13B
S214038C7041F20A1421463046FFF762FEF4E73C440D
S214038C80A4B2CDE7F0B5836987B003911B78054698
S214038C90022B144653D108460491002A47D102F00A
S214038CA0BEFA4FF6FF7687B2A7420DD8A869C288E8
S214038CB0B2422BD8002421462846FFF741FE04A8DB
S214038CC002F028FA07B0F0BD04220499234605A84B
S214038CD002F00FFAAA69BDF814109088BDF8166062
S214038CE0814229D3D388994226D8864224D39E42EA
S214038CF022D85069927A837904340C330092034461
S214038D0032462846FFF7E7FDA4B2CDE7436940891C
S214038D10711C0190987989B20C300344009328465D
S214038D204FF4205300F09BFC04460028C7D041F2C2
S214038D300A139C42BFD1BDE741F20414BBE703A864
S214038D40BEE7F0B587B0054617461C46039153B9F0
S214038D50FFF7A5FD38B1012322462846039900F004
S214038D6084F807B0F0BDA9690B78082B05D8062B45
S214038D7044D8032B0FD003A83DE00F2BFBD1039B56
S214038D800593002C6DD1002B6BD02246284609890B
S214038D90FFF7BDFD59E00398059018B3ECB910260C
S214038DA083794A890C330989034400962846FFF7DA
S214038DB092FDAB699988DA88914217D242F602038C
S214038DC0ADF8103002230131009328460DEB06035D
S214038DD089B200F060FC044660B141F20A139C427B
S214038DE004D101E0002CF8D141F21F0421462846A5
S214038DF0FFF7A6FD05A802F08DF9B2E703980590E4
S214038E007CBB70B302F00BFA0FB386B2B7421ED226
S214038E10394605A802F0DFFB38B905A802F07AF94F
S214038E201A212846FFF78CFD9BE78379F61BC218A9
S214038E30023391898371AB6900225B89B6B20090D5
S214038E402846FFF7A8FDB742E2D92146E9E7AA6913
S214038E50284653891189059A00920022FFF79BFD45
S214038E60F3E705A802F056F9EFE7F0B585B0064636
S214038E701F461446039132BB084602F0D0F9054656
S214038E8008B3B1690B784A89082B0BD8062B0BD984
S214038E90039B09893046009313462246FFF77BFD62
S214038EA0039401E00F2B19D0B1694B89EA1892B2EB
S214038EB0B2F5007F4A8117D82FB13046098900F0F2
S214038EC014FC044628B10022234611463046FFF719
S214038ED038FF03A802F01EF905B0F0BD3046039B29
S214038EE00989FFF714FDDBE741F20414EBE773B5DA
S214038EF0836901911B780446082B15460ED8062B6A
S214038F000ED9019E20463146FFF7C9FC2A46034682
S214038F1031462046FFF7A9FF02B070BD0F2BF0D0F5
S214038F2001A802F0F7F8F7E730B5836987B0039135
S214038F301B780546092B144611D105915AB91346D9
S214038F4000910F222146FFF726FD21462846FFF70C
S214038F50F7FC07B030BD05A802F0DCF8F5E703A878
S214038F6002F0D8F8F5E770B5836986B003911B78ED
S214038F7005460A2B144631D1059132BB059802F0FB
S214038F804EF908B9044620E00023022205A90DF194
S214038F90120002F0B8F8012815D9BDF8126096B190
S214038FA0059802F03CF986420FD8BDF8121005A8C2
S214038FB002F011FB48B100230090212219462846EF
S214038FC0FFF7E9FCDAE741F20D1405A802F0A2F870
S214038FD021462846FFF7B4FC06B070BD03A802F08E
S214038FE099F8F9E72DE9F04F87699FB003913F7829
S214038FF00546052F16461C4604D8032F16D810D050
S21403900003A867E0082FFBD108461391002B00F056
S214039010C28013A802F07EF821462846FFF790FC8C
S21403902001E0FFF71EFD1FB0BDE8F08F202A0846BB
S214039030049148D8002B40F0A880571F02F0EFF8A1
S2140390404FF6FF78FFB21FFA80FA0DF11C0BA2450C
S21403905006D8AB69DA88424500F28780002434E0FC
S2140390602346324604990BA802F043F8AB69BDF8D1
S2140390702C809A88424526D8DA88424523D35969F4
S214039080F1B9A94659F80C1BBDF82F2091F87010BA
S2140390909DF82E308DF84C10ADF84E200DF13101B1
S2140390A03A4615A88DF85030199701F0E0FC40F2C7
S2140390B00341484613AA01F05BFF3444A4B2C6E753
S2140390C05A89102A09D941F2041421462846FFF783
S2140390D037FC04A802F01EF8A5E70023584602F062
S2140390E008F8AB690DF13101102FCDE9051B93F894
S2140390F00A902BD1B9F1020F34D105A8E8F778FF0F
S2140391000228DAD14A46DDE9051001F07BFC002887
S214039110D3D12B4653F80C0BBDF82F1090F87000E4
S2140391209DF82E208DF84C00ADF84E108DF850208B
S21403913059464A4615A80293CDF8649001F097FC69
S214039140029B40F20341184613AAB4E7022F09D143
S214039150B9F1100F06D106A8E8F74AFF0228ACD1EA
S2140391603A46D0E73A465846CFE742F60303ADF809
S2140391704C30022308F101010093284613AB89B251
S21403918000F089FA04460028A3D041F20A139C4251
S2140391903FF464AF99E759B900210023AA6928462A
S2140391A093815381118113993246FFF7CAFD3AE73B
S2140391B002F035F816B180B28642EDD1139A937950
S2140391C0D118023389899371E7E72DE9F0431C46EA
S2140391D08FB0836903911B780546012B17465BD135
S2140391E00846059102F01BF8202F0BD941F2041410
S2140391F021462846FFF7A4FB05A801F08BFF0FB016
S214039200BDE8F083002C42D1059802F008F84FF62B
S214039210FF76A7F104081FFA88F81FFA80F95FFAA9
S21403922088F8A14505D8AB69DA88B24220D800246D
S214039230DEE723463A46059906A801F05AFFAB69CE
S214039240BDF818109A88BDF81A609142CED3DB8811
S2140392509942CBD89642C9D39E42C7D832462846AF
S214039260CDF8008007AB3C44FFF735FBA4B2D8E744
S2140392704FF42053ADF810300223711C0093284698
S21403928004AB89B200F045FA04460028B4D041F294
S2140392900A139C42CBD0ABE703A8AEE783691B78DF
S2140392A00B2B02D0103B012B01D8FFF749BB7047AD
S2140392B0F0B585B00193836917461A7804460B3ACE
S2140392C00A9E072A42D8DFE802F0044130414104EF
S2140392D041290198039001F0A2FF85B203A801F08B
S2140392E019FF26B131462046FFF746FB0FE0A1697A
S2140392F07A194B8992B293420BD90A8201F10E0373
S2140393002046098900F037FA01460028EBD105B05C
S214039310F0BD0121204600F068FAF5E72EB91A8A57
S2140393200198BA420BD04FF48166019B03A80393BE
S21403933001F0F0FE31462046FFF702FBE7E7DA8945
S214039340596901F077FF0028EDD1EEE701A801F097
S214039350E1FEDCE738B58269044613780D460E2B2A
S21403936012D0102B01D00B2B12D1536933B199793C
S21403937002F114000B44DD6801F0CCFE29462046BA
S214039380BDE83840FFF78ABFBDE83840FFF7D8BAD4
S21403939038BD07B5002300921B22FFF7FCFA03B083
S2140393A05DF804FB07B583695980009200231D22EC
S2140393B0FFF7F1FA03B05DF804FB70B506460D46F9
S2140393C01446E2F70FFB4379C57523F0030343F016
S2140393D00303437140F60943C380A0F81560206079
S2140393E0153070BD13B50C4601AAFFF7E6FF019BC7
S2140393F0DA791444DC7102B010BD73B50646104624
S2140394000C46154601F00BFF211801AA3046C9B2D7
S214039410FFF7D3FF019B0646DA791444DC712B462B
S21403942033B901A8294601F05CFF304602B070BD8F
S2140394305C7924F0030444F002045C711B68EFE7D4
S21403944008B5E2F7D5FA83790C33184408BD4B8880
S214039450052B05D108880E288CBF002001207047F5
S21403946000207047F8B505460F46164604210A2223
S214039470002002F0D4F80246B8B1847905210C34F2
S21403948003194FF0060C00209970D87002F804C038
S21403949013241C7102245F715870D8719C7128467E
S2140394A01E81BDE8F840E9F7BBBBF8BD73B50546BA
S2140394B0104601920C4601F0B2FE042186B20198D2
S2140394C001F0F0FF024628B901A801F023FE1A2096
S2140394D002B070BD837901900C33C1184C80C6521C
S2140394E021462846E9F79CFB0020F1E72DE9F041E9
S2140394F006468846174604210A22002002F08FF803
S2140395000246B8B1857900240C3543190521062097
S2140395109970DC7050550120187102205C709871A8
S21403952083F805803046DC711F81E9F779FB204616
S214039530BDE8F0811A20FBE7002070470020704743
S21403954007B501A8019201F0E5FD03B05DF804FB41
S214039550704708B5E9F7A8FEE9F7F0FBE9F7F6FC6C
S214039560E8F7F0FABDE8084000F0B8B938B50546A4
S2140395700C46E9F7D7FB28B928462146BDE838400C
S214039580F3F76EB828462146F3F76AF800F0A3F916
S214039590EFE737B5044642F60720FEF7DFFA05463F
S2140395A0C0B10A23002CCBBF0534053CB4FBF3F44F
S2140395B094FBF3F40123002118460DF1070264B26D
S2140395C08DF8074002F095F8002203462946104618
S2140395D0FEF7D1F903B030BD430803F05503C01AB4
S2140395E000F03303C0F3850000F03300184400EBAB
S2140395F0101000F00F007047002110B5421D441EE6
S21403960014F8010FFFF7E8FF94420144F8D1084627
S21403961010BD10B5F3F746FE044628B101242046D4
S21403962010BD436ADB06F9D4F3F750FC0028F8D1E3
S214039630F5E70020704770B504460E46154605212B
S21403964000220420FDF722FD014618B1A0F80160B0
S214039650A0F803502046BDE87040FDF76FBDF7B590
S2140396601D460023044600930F4616460721062090
S214039670BDF82430089AFDF72DFD014628B1A0F861
S2140396800170A0F80360A0F80550204603B0BDE8BB
S214039690F040FDF753BD73B515461A46002304463E
S2140396A000930E46082005219DF81830FDF712FD9D
S2140396B0014618B1A0F80160A0F80350204602B096
S2140396C0BDE87040FDF73ABD38B5002204460D46A6
S2140396D00A200321FDF7DAFC014608B1A0F8015081
S2140396E02046BDE83840FDF729BD70B504460E4652
S2140396F01546052100220C20FDF7C8FC014618B1CB
S214039700A0F80160A0F803502046BDE87040FDF7BE
S21403971015BD73B515461A460023044600930E4638
S214039720102005219DF81830FDF7D4FC014618B12A
S214039730A0F80160A0F80350204602B0BDE87040D0
S214039740FDF7FCBC73B50E46002144890546033C71
S214039750A4B2A342009128BF234603211220FDF79B
S214039760B9FC014608B1A0F80160284602B0BDE87E
S2140397707040FDF7E3BC2DE9F3410546984683693F
S2140397800F465869164601F04AFD6C8980B2053CBF
S214039790A4B2844228BF0446A8692146143001F0C7
S2140397A01AFF009048B105220821002001F037FF78
S2140397B0019030B9684601F0ADFC1A2002B0BDE84E
S2140397C0F081009901A801F08CFD1620019A937987
S2140397D00C33D118D054A8F800402846A1F80170DD
S2140397E0A1F80360FDF7AAFCE8E738B500220446B3
S2140397F00D4618200221FDF749FC014600B14570CD
S2140398002046BDE83840FDF799BC70B58579044617
S2140398100C35461901F003FD625D431E013A9BB207
S214039820202A12D8DFE802F0131118111A112B118F
S21403983031114211421142113511271111113B11F9
S21403984027114011401111114200002070BD042B56
S21403985014BF01200320F9E7022BF9E743B372781C
S214039860022A0AD0012A23D10222013B0232B3FB89
S214039870F2F102FB1133002BEAE71022F5E713F0AF
S214039880030F14BF01200320E0E78BB17278013B7E
S214039890EDE76BB17278032A0AD9013BE7E7042B9D
S2140398A034BF01200320D1E7022BF9E70320CDE7DD
S2140398B00120CBE708B5FFF7C3FD407940F480509D
S2140398C008BD022801D1E9F771BD704710B9012020
S2140398D0E9F790BD70470220E9F782BD0020E9F75B
S2140398E07FBD08B5FFF7ACFD407940F4805008BD56
S2140398F00078F3F713BA13B50C460DF107020DF112
S214039900060101F0EAFF30B19DF80600031B58423A
S214039910584102B010BD0120FBE77047F3F7ACBC1B
S214039920704702F001BAF4F719B9EAF73BBB02F045
S214039930FDB902F0FDB970477047704708B503F0EC
S214039940C3FD002814BF1420002008BD70477047CD
S214039950704770470020704770477047704770B570
S21403996004460E4615680A46002101F075F825F4EC
S214039970004520462122314601F013FB290A043113
S2140399802046C9B201F096FBA3791C44E56070BD7E
S21403999070477047704770477047704713B5044663
S2140399A001A92020E7F796FE20B922462020019938
S2140399B0E7F7A0FE02B010BD13B50C4601A904F0EC
S2140399C081FC10B9019BC4E9003002B010BD38B564
S2140399D004460D462022002101F03EF8F8F700FC6D
S2140399E0D5E90232E260EA8B43F4806322822A8C52
S2140399F0A0806282AA8CA282EA8CE2826A68A36052
S214039A002260FFF7A7FF18B1A36843F00403A3601F
S214039A10A36843F48032A2602A68920544BF43F4E5
S214039A201023A36038BD08B52020FDF719FA0038C7
S214039A3018BF012008BD08B5FFF7F5FF20B1BDE844
S214039A4008402020FDF714BA08BD08B5F2F784FCD9
S214039A5008B1012008BD04F015FCF2F785FC0028C8
S214039A60F7D1E7F729FE003818BF0120F2E708B55B
S214039A70EAF788FC00280CBF0420012008BD08B5BF
S214039A80FCF7E7FE002008BDEAF74CBDEAF75ABD2F
S214039A90704702207047022070470020704701205D
S214039AA0704700207047704737B504460D4601A837
S214039AB0ECF748FE01A8FFF7F6FF204601A98DF84C
S214039AC00650EAF71FFF03B030BD084611460122D1
S214039AD000F06EB8014608B54FF0FF30EAF73AFFDC
S214039AE0B0FA80F0400908BD00F0BABC00F0C2BC72
S214039AF07FB56C4605460E460FCA84E80F009DF8F0
S214039B000D30224643F04003314628468DF80D308B
S214039B1000F0ABF804B070BD7047431E012B03D9A9
S214039B20031F58425841704701207047EDF750BE57
S214039B304FF4D472002100F08FBF70B50446ECF7E3
S214039B402BFD0546A8B9A169F1B1238AD3B12046F6
S214039B5004F1100200F023FC38BBE16919B3638AF1
S214039B60A3B1204604F1120200F0EEFB78B10546DD
S214039B7003E00023A3612361E361002328466361B6
S214039B80236270BDA061E8E72082E6E7E361216A0D
S214039B900029F2D0A28A002AEFD02046E38ABDE845
S214039BA0704000F090BB6182F1E76582E561DEE715
S214039BB0EBF7F2BDF8B506460D46EAF7FFFED8B951
S214039BC04FF6FF734FF0240CEF68C1B28F4208D8EC
S214039BD01C4621463046EBF783F8EDF779FE204620
S214039BE0F8BDAA680CFB0122D4899C4202D2002C41
S214039BF0EFD023460130E8E70024F0E7808D704776
S214039C000A7838B505461046FFF787FF60B14C78EB
S214039C102046FFF782FF38B12243530704D4284671
S214039C20BDE83840ECF708B8212038BDFFF7E8BF99
S214039C3010B504460878FFF770FF58B14A78104607
S214039C40FFF76BFF30B1042A04D02046BDE810406E
S214039C50ECF710B8212010BDFFF7EABF00F070BA8A
S214039C60084600F03DBCEBF7A9BE70B504460D46AA
S214039C70164600F02CF958B129462046EBF730F883
S214039C8038B9324629462046BDE87040F0F78ABC0C
S214039C900E2070BDECF722BF08B5EAF72BFE18B10D
S214039CA0BDE80840EFF72CBF08BDF0B587B0044603
S214039CB00E4615461F46ADF80610D3B190F82C3164
S214039CC0ABB9D0E9490194F82A310490C0B298425E
S214039CD0ADF8141005D0204604A98DF81030EBF724
S214039CE0E3FF20463A7894F82B11ECF74BF8002064
S214039CF020E00ABBD0E94901D4F8E0300490ADF87F
S214039D0014102046A4F8406004AA0DF10601EBF7F0
S214039D10FFF978B9204604A9EBF7C6FF50B9034606
S214039D2001222046BDF90610ECF7ACF8BDF8063064
S214039D30A4F8423007B0F0BDB2F91230B0F94020B3
S214039D400DF10E019342A8BF134604AAADF80E30D8
S214039D502B46EBF7DDF9BDF90E30B5F912209A4222
S214039D60A8BF1A469DF81030ADF80E200C2B0FD165
S214039D70212384F82C31B4F9423093420DDDD4E923
S214039D80490100230490ADF8141084F82C3104E044
S214039D90C0B284F82C010028EDD19DF8101020469F
S214039DA0A4F8422084F82A11DCF790FD84F82B01EE
S214039DB09DE738B504460D4600F06AFBEDF740FD17
S214039DC0D4F8F0302BB929462046BDE83840ECF7E6
S214039DD005B8022038BD00F018BA70B504460E4622
S214039DE000F056FBEDF72CFDD4F8F0503DB1002300
S214039DF031462046AC46BDE870401A4660472B46BF
S214039E00012231462046ECF73DF8284670BD38B5AA
S214039E10044648880D46EDF713FDD4F8F0302BB909
S214039E2029462046BDE83840EBF73EBF022038BD42
S214039E30EDF718BD00F0E0B900F0D6BB38B505461F
S214039E400C4604F02CFCD5F88C301C40D5F8883032
S214039E502343C5F8883004F01DFC211E18BF0121DA
S214039E600020490238BDECF729BA3F2B10B502D8BB
S214039E700024204610BDB3F5805F9BBF4FF000441F
S214039E80B3FA83F34FF48054DC4098BFA4B2A242E3
S214039E90134628BF2346224600F015FA0028E7D1CA
S214039EA0E7E700F051BAEDF7CBBBECF715B900F0D6
S214039EB0B8B9FFF7FCBF38B50446154609B100F03C
S214039EC096FA15B12046ECF717FA002038BD03467C
S214039ED0408A18B1188A003818BF0120704700F06E
S214039EE094BA00F0A2BA0846EDF7A6BF10B504462A
S214039EF000F089F820B92046BDE81040EBF73EB8DD
S214039F0010BD00F075BBEEF7C7B92DE9FF419846C3
S214039F1004460E46174604F0CBFB05462046FFF7DD
S214039F20E5FF0A9B3A46029300233146CDE90083B8
S214039F302046EBF771F80446284604F0B4FB2046A7
S214039F4004B0BDE8F08138B5044604F0B1FB05461D
S214039F502046FFF7CBFF2046EBF73CF8044628469F
S214039F6004F0A1FB204638BD38B5044604F0A0FB38
S214039F7005462046FFF7BAFF204600F053F804468E
S214039F80284604F090FB204638BD38B5044604F056
S214039F908FFB05462046FFF7A9FF204600F048F84A
S214039FA00446284604F07FFB204638BD70B50446B9
S214039FB00E4604F07DFB05462046FFF797FF314625
S214039FC02046EBF777F80446284604F06CFB204659
S214039FD070BD134607B500228DF807100DF1070074
S214039FE0194600F0C8FA03B05DF804FB08461146AC
S214039FF01A4600F0C0BA0020704701207047ECF7FD
S21403A000C9BF00F055BAEAF7F3BE10B504F050FB2B
S21403A010044600F015F8EAF711FF2046BDE81040A5
S21403A02004F041BB024608B5EAF7E2FE507D08BDE0
S21403A030024608B5EAF7DCFE507D80F0010008BD55
S21403A04000F0D6BAEBF756BD00F0B7B890F8253057
S21403A05003B108470220704710B50446ECF7FCFE30
S21403A0602046BDE810400321EBF770BB90F825307F
S21403A0700BB1ECF7B3BE0220704790F825300BB156
S21403A080ECF7D2BE0220704738B590F825400D464F
S21403A090BCB1053C012C8CBF002401244968224630
S21403A0A0ECF714FF286890FAA0F0000AEEF794FC89
S21403A0B0A97A2889224681F00101ECF737FF0020B0
S21403A0C038BD0220FCE730B585B005460FC96C469F
S21403A0D084E80F0021462846FFF7D6FF05B030BDBB
S21403A0E01FB5ADF808309DF81830CDE900128DF88D
S21403A0F00A3000236946ADF80C30FFF7E4FF05B0DD
S21403A1005DF804FB00207047002070477047D0F8C6
S21403A110903003F06003402B0DD0602B03D0203B20
S21403A12058425841704749B10B68012B06D9486914
S21403A13040F00100704740F201107047002070475E
S21403A140F7B504461046D4E952C7DDE908268CEA7B
S21403A150020587EA06010540194085EA0C057940A1
S21403A160C4E95251002523F4004106EA010320F016
S21403A170010043F40073024043F00203CDE90055A7
S21403A180EFF7C2FF94F824309A0713D5D4F84C316E
S21403A1909B050FD54FF488112046FFF74FFE94F822
S21403A1A02430024665F3410384F8243020460B46E8
S21403A1B0EBF7BAFA002003B0F0BD0220EEF762B860
S21403A1C0D0F8E42008B57AB11368022B0CD9536A89
S21403A1D013F47F4FC3F3072106D0126ADBB253434F
S21403A1E08B42B3FBF1F006D2002040F606524C2118
S21403A1F0EAF7E8FD002008BD0346D0F8240108600E
S21403A200B3F8283100208B80704790F824310C2B4C
S21403A21014BF90F82900FF2070474FF48071F1F7C0
S21403A22087B9F8B507460E468C88EBF7E9FC97F82E
S21403A23025700546082F737C0CD1012B0AD80146DE
S21403A2400120EFF7F3FD421C01D10220F8BDE30025
S21403A25003330EE0053FFFB2012F8CBF0020012021
S21403A2602946EFF7E3FD431CEFD0012F4FEAC40363
S21403A270EED903220344B271002DE6D0B3F5803F36
S21403A280E3D84FF224416A0901FB03232D09B3FBEC
S21403A290F5F332680020D21A3260D7E738B54FF0AC
S21403A2A03A430546DC6A808AC4F30C04A04234BFF2
S21403A2B00020012041F6F0020821EAF783FDA88A70
S21403A2C0001B80B238BD2DE9F041884618F003071D
S21403A2D006461546194633D1B2F5805F30D89A4202
S21403A2E02ED33F2A28D9B2FA82F401220120C4F1E0
S21403A2F01F03DBB29A4092B2AA422CBFC4F11904E0
S21403A300C4F11A04E2B2931DDBB2984080B2A842AD
S21403A31014D096F8F530ABB9012096F8243060F3E4
S21403A320C71386F824304046ECF73CFFC6F8208077
S21403A330B5823846BDE8F0813A46EAE70020ECE706
S21403A3402127F6E70E27F4E7F8B511F003060746CC
S21403A3500D46144621D102B313883F2B1DD9B3FAF9
S21403A36083F3C3F11901C9B2062901D8192B12D0F8
S21403A370062928BF062101238A1DD2B29340284608
S21403A380238000F0E5F823883846FD617B82EDF7ED
S21403A39019F83046F8BD3146EDE72126F9E738B51A
S21403A3A0148811F003054FEAC4041ED13F2C1CD9B0
S21403A3B0B4FA84F4C4F11903DBB2052B01D8192CC3
S21403A3C011D0052B28BF052301240633DBB204FA7C
S21403A3D003F3C3F3CF041480816104820387ECF78D
S21403A3E0F1FF284638BD2B46EEE72125F9E7EBF7C4
S21403A3F037B910B5144608460121EEF7EBF92046A7
S21403A400BDE810400121EEF7E5B970B50E46102100
S21403A4100546F1F78DF80446102128463201F1F778
S21403A42073F8F1F78FF8204670BD1021F1F780B866
S21403A430F8B504460E46174604F031F93A46054683
S21403A44031462046EEF7BAFC0446284604F022F9C5
S21403A4502046F8BD0220704703207047EDF70ABF79
S21403A46010B50023ECF7F4F9044608B9F0F784F8BE
S21403A470204610BD38B51D4600230446ECF7E8F920
S21403A48028B929462046BDE83840F0F76FB938BDED
S21403A49040F2366070478021F1F74AB810B504469B
S21403A4A0EBF76EF901462046BDE81040EBF76EB9B0
S21403A4B0ECF770BD38B5054610460C46ECF7E0FDE4
S21403A4C065B1D5F8E0304BB15B693BB12268013228
S21403A4D004BF6FF00102226022681A60002038BDB4
S21403A4E0EEF7A6BF002070472DE9F74F01251C465F
S21403A4F09DF83030064601930368174603F00703BA
S21403A50006339D4005F1FF380B46A1B1416804EAC6
S21403A510080BA5EB0B0A41F00059524509EB0B015A
S21403A52014D95246184600F0A2FA49467A1B5A44F2
S21403A530504400F09CFA019B2BB13C4448EA0508C2
S21403A54004EA0804F46003B0BDE8F08F1846F0E7A9
S21403A5504FF03A4301225A6740F6FF72D9641865F2
S21403A5601A67704737B5002514460095FFF7BCFFFA
S21403A570204603B030BD70B50E461546044608B9EE
S21403A580002070BD0378042B18D02078EDF7E8F987
S21403A590B0B923780C2BF3D10EB1FF233370CDB1B2
S21403A5A0FF232B7016E020780130C0B203282070FA
S21403A5B0EBD8EDF7D5F90028F5D0E6E70020F5E768
S21403A5C01EB12078EDF702FA30701DB1207800F046
S21403A5D003F828700120D4E710F0FD0F14BF4FF0E6
S21403A5E0FF300020C0B2704770470020002170473C
S21403A5F008B5EDF775FEBDE80840EDF799BE38B52A
S21403A6000446FFF7F5FF0546FFF7F2FF431BA34299
S21403A610FAD338BD38B50D460446EDF761FE35B1BD
S21403A620844200D90139204601F0030138BD844233
S21403A63038BF0131F7E708B5EDF76AFEBDE8084015
S21403A640EDF776BE08B50121FFF7E4FFBDE8084045
S21403A650EDF76EBE08B521B1920000F008FA0020AF
S21403A66008BD2120FCE700F06F43B3F1804F02D012
S21403A670B3F1204F02D120F07040704700F06043E2
S21403A680B3F1204F08BF20F0805070470B0C23F423
S21403A6908053B3F5284FF7B50D468FB2064699B2E9
S21403A6A016D04AF60103994214D04AF60203994299
S21403A6B012D0B1F5204F14BF04240324D6F8E0309B
S21403A6C00BB1196851B9D6F8DC3093B928680EE097
S21403A6D00024F3E70124F1E70224EFE72346684664
S21403A6E03A46EDF799FEDDE90003002BEBD103B004
S21403A6F0F0BD19680029E9D0234668463A46EDF7C7
S21403A7008BFEDDE90003002BE0D1F0E70204C0F383
S21403A710891307D56FEA83536FEA935313F5007FC4
S21403A72018B206D0A3F1C8006FF4FF739842B8BFFF
S21403A730184670474FF0384359699A6903F5005332
S21403A7400A405A61704700EB8023C0EB831353FA29
S21403A75081F303EB8322C3EB8213C1F30722134473
S21403A76003EB8322C3EB8213C1F30742134403EBC9
S21403A7708322C3EB821303EB1160704738B50D4693
S21403A780144604B938BD55F8041BFFF7DCFF013C3B
S21403A790F7E72DE9F0470C4669B1CB1CB3F5002F5C
S21403A7A009D24FF0000844F6FC7654F828104FEA16
S21403A7B088094B1C01D1BDE8F087FFF7C4FFC1F33E
S21403A7C00263032B844608F10107C1F3074514D13E
S21403A7D08BB2F31AB5EB930F4FEA930A0DD909F12F
S21403A7E0040152462144FFF7C9FF844608F10208D4
S21403A7F0013D08EB0A07A5EB0A052A46604604EB6B
S21403A8008701FFF7BBFF07EB0508CEE7F8B504465D
S21403A810002850D000F11703B3F5002F05464AD29F
S21403A820EEF74EFE217D00EB8023C0EB83130B4433
S21403A830A28A03EB8321C3EB811303EB122304F1F8
S21403A840100618462968FFF77EFF2A7803469AB94A
S21403A850696861B1CA1CB2F5002F08D26A78520043
S21403A8600132FFF78BFF03460835B542E9D120696D
S21403A870C31A58425841F8BD012AF8D1686800281F
S21403A880F5D0421CB2F5002FF1D2E978AA78891ADE
S21403A89001310029E8D030F8027B03EB8322C3EBB7
S21403A8A0821353FA87F303EB8322C3EB821303EB80
S21403A8B017230139EDE70020DDE70E2070477047C8
S21403A8C0F0F79CB9F0F79AB9F0F798B9F0F796B99C
S21403A8D008B50846F0F784FD08BDF0F78FB90022E7
S21403A8E08A4202D14FF0FF30704750F8223093FA75
S21403A8F0A3F30BB90132F3E7B3FA83F000EB42108C
S21403A9007047002070472DE9F843074688461446EB
S21403A9100026D4E90195B9F1010905D52468002C70
S21403A920F7D13046BDE8F883AB89012B07D9B5F9D3
S21403A9300E30013303D029463846C04706436835F0
S21403A940E9E770B50C46B1F90E1096B01546002926
S21403A9501E460CDAA389002113F0800F14BF402390
S21403A9604FF48063002031602B6016B070BD6A46DA
S21403A970F1F734F90028EDDB019901F47041A1F5F4
S21403A9800053594259414FF48063EBE78B89F7B57F
S21403A9909D0706460C4607D504F14703236023614B
S21403A9A00123636103B0F0BD01AB6A46FFF7C9FF3D
S21403A9B0009F054630463946F7F701FB48B9B4F918
S21403A9C00C309A05EED423F0030343F00203A3816D
S21403A9D0E2E7A389206043F08003A381019BC4E9D7
S21403A9E004075BB1B4F90E103046F1F709F928B144
S21403A9F0A38923F0030343F00103A381A3891D4323
S21403AA00A581CFE70139024410B5904201D1002059
S21403AA1005E0037811F8014FA34201D0181B10BDBF
S21403AA200130F2E7884210B501EB020402D98442F2
S21403AA30234607D8431EA14208D011F8012B03F87A
S21403AA40012FF8E7024401468A4200D110BD13F8ED
S21403AA50014D02F8014DF7E702440346934200D145
S21403AA60704703F8011BF9E77047704770470A44BD
S21403AA70431E914200D1704710B511F8014B914225
S21403AA8003F8014FF9D110BD9368013B002B936087
S21403AA9010B408DA9469A34201DB0A2903D15DF8EE
S21403AAA0044B00F07AB91368581C106008461970F6
S21403AAB05DF8044B7047F8B506460F461446D5189E
S21403AAC0AC4201D1002007E03A4614F8011B304699
S21403AAD0FFF7DAFF431CF3D1F8BD2DE9F04716461E
S21403AAE098468A6807460B690C46DDF82090934221
S21403AAF0B8BF1346336091F843200AB1013333607D
S21403AB002368990642BF336802333360256815F01D
S21403AB10060506D104F1190AE36832689B1AAB42AC
S21403AB202BDC94F843302268003B18BF01239206BF
S21403AB3030D404F1430241463846C847013023D097
S21403AB4023681A3454F80A2C03F00603042B0ABFAE
S21403AB5054F80E5C002533684FF0000608BFED1A64
S21403AB6054F8123C08BF25EAE5759342C4BF9B1A06
S21403AB70ED18B5421AD1002008E00123524641469B
S21403AB803846C847013003D14FF0FF30BDE8F087A1
S21403AB900135C1E7E1185A1C30200233224481F8FC
S21403ABA0430094F8451082F84310C2E70123224677
S21403ABB041463846C8470130E6D00136D9E7B1F9F1
S21403ABC00C202DE9F041170705460C4656D44B6872
S21403ABD0002B02DC0B6C002B3DDDE66A002E3AD020
S21403ABE0002312F480522F68216A2B6025D0626DF1
S21403ABF0A389580705D56368D21A636B0BB1236C18
S21403AC00D21A216A0023E66A2846B047411C24D09C
S21403AC100023636023692360A389DA0400D5606593
S21403AC20616B2F60B9B104F14403994202D0284600
S21403AC30F7F7C8F9002363630DE001232846B047FE
S21403AC40461C0246D4D12B68002BD1D01D2B01D035
S21403AC50162B2AD12F6000202EE02A68B4F90C3078
S21403AC6042B11D2A01D0162A21D10023636023692D
S21403AC702360D5E7626022692260CEE70F69002F62
S21403AC80E9D093070E680F600CBF4B690023A6EB51
S21403AC9007088B60B8F1000FDDDD43463A46216AAC
S21403ACA02846A66AB047002808DCB4F90C3043F0FF
S21403ACB040034FF0FF30A381BDE8F0810744A8EBC3
S21403ACC00008E7E738B50B6905460C4613B90025B7
S21403ACD0284638BD18B1036A0BB9F0F75DFFB4F91F
S21403ACE00C30002BF3D0626ED00704D4990502D43F
S21403ACF0A06DFFF7BAFE28462146FFF760FF636E96
S21403AD000546DA07E4D4A3899B05E1D4A06DFFF7D3
S21403AD10ADFEDDE710B50C46B1F90E10F1F768FA93
S21403AD200028ABBF636DA3891B1823F48053ACBF05
S21403AD306365A38110BD2DE9F0411F468B89054647
S21403AD400C46DB05164605D502230022B1F90E1084
S21403AD50F1F73CFAA3893246B4F90E10284623F4D9
S21403AD608053A3813B46BDE8F041F1F753BA10B5D3
S21403AD700C46B1F90E10F1F729FA431CA38915BF47
S21403AD80606523F4805343F48053A38118BFA381E3
S21403AD9010BDB1F90E10F1F709BAF8B50E46144610
S21403ADA0054618B1036A0BB9F0F7F6FEA369A3606C
S21403ADB0A3891A0701D5236943B921462846F1F723
S21403ADC09FF918B14FF0FF373846F8BD2368F6B23F
S21403ADD022693746981A6369834205DC214628466A
S21403ADE0FFF770FF0028EDD1A368013BA36023683B
S21403ADF05A1C22601E70431C62699A4204D0A389BF
S21403AE00DB07E1D50A2EDFD121462846FFF75AFF96
S21403AE100028D9D0D6E7C9B20346024410B59342F8
S21403AE20184601D1002003E0047801338C42F6D1A2
S21403AE3010BD430803F05533C01A00F033338008BF
S21403AE4000F0333018444FF0013300EB101000F0DD
S21403AE500F305843000E704710B5044688B1836A16
S21403AE60016A7BB180689847002394F82400236224
S21403AE700C28636005D82146F1F7F2FC0D2384F80D
S21403AE80243010BD0029EFD08368002BECDB084686
S21403AE9000F05CFCE8E7002307B51A46019101A918
S21403AEA0F1F730FB03B05DF804FB002330B587B041
S21403AEB004939DF83430DDE90A4503930C9BCDE9F2
S21403AEC000450293F1F79CFA07B030BD052330B571
S21403AED085B003930A9BDDE908450293CDE9004557
S21403AEE0FFF7E3FF05B030BD30B50023002400258F
S21403AEF085B0CDE900450293FFF7E8FF05B030BD06
S21403AF0003680B60016070472DE9F0410E46174653
S21403AF1000240546006808B9BDE8F081D0E900833F
S21403AF20B3420BD18368BB4208D154B9C5F800803D
S21403AF30C368DB0701D500F009FC204604464046FB
S21403AF40E9E7C4F80080F3E7002370B51A4619460C
S21403AF5005460468F1F7D6FA0CB92C6070BDE368B1
S21403AF602668DB0702D5204600F0F0FB3446F3E7FD
S21403AF702DE9F8430E461746054610B90020BDE8EE
S21403AF80F8830468002CF9D0D4E900893B4632469E
S21403AF902946A068C8470028F1D14446F2E7302086
S21403AFA0704738B5054614460A460021FFF754FD98
S21403AFB024F01C046B7944F0100443F004032C7152
S21403AFC06B7138BD2DE9F74F1F469DF830308A4622
S21403AFD080460093002850D0002967D00C68002CC8
S21403AFE066D04FF0000BE679A179761AF6B2BE4228
S21403AFF008D30C31394408EB020945462144F61BB5
S21403B000C84537E02068A346BF1B002835D0044652
S21403B010E9E7AB19994538BFA9EB0506324628463A
S21403B020FFF725FD009B002B3DD0E279A079F3B214
S21403B03037BB1844A071E279A37927689A4232D1C4
S21403B040DAF80030A34208BFCAF80070BBF1000F5D
S21403B05001D0CBF800702046F1F752FC3C4635444D
S21403B0604CB10027A379E67903F10C01F61A2144C3
S21403B070F6B24D45CDD3A5EB080003B0BDE8F08F7F
S21403B080121AD2B2F918914209DA0C302044D21BB4
S21403B090D21A014438440193FFF7C4FC019BE279BA
S21403B0A0D31AE371C7E7A3462468D8E70846E4E75C
S21403B0B02046E2E710B5C4790246C4F14503D8B288
S21403B0C0884228BF08460444D47110BD38B50546E7
S21403B0D0C079C0F14504E4B2944288BFD4B20C30C0
S21403B0E022462844FFF7C3FCEB7920462344EB7142
S21403B0F038BD1FB503910021009103A9FFF762FF36
S21403B10005B05DF804FB13B501240094FFF75AFF5E
S21403B11002B010BD38B50446206800B938BD0568CE
S21403B120F1F7EEFB2560F7E7034610B501F0EC01F7
S21403B13003B910BD1A7902F013020A431A711A1AD8
S21403B140544254415A7964F300025A711B68EFE77C
S21403B15010B558B1016802685AB1136823B15C7917
S21403B160E40704D5002414600360084610BD03609A
S21403B170F1E71346F8E7034658B10020DA799979E0
S21403B1801B68521A50FA82F01BB15A79D207F5D5CA
S21403B1907047704770B50D460446E8B186798E420F
S21403B1A003D3751A8571012070BDC27906F1450374
S21403B1B09B1ADBB299420FD806F10C010144921B8D
S21403B1C0A81BD2B20844FFF72DFC0023A371E37932
S21403B1D01D44AD1BE571E6E70020E5E710B50C4618
S21403B1E098B191B18979E279C379521AC3F14503CB
S21403B1F0D2B2DBB2934208D30C312144FFF766FF89
S21403B2002046F1F77DFB012010BD0020FCE7034636
S21403B210006818B102681A6000230360704703468B
S21403B220002003B97047DA7999791B68521A50FAE5
S21403B23082F0F6E72DE9F84F894614468246FFF773
S21403B240EEFF05464846FFF7EAFFA542074601D349
S21403B250A04208D2BD4208D10024A346A0462646F3
S21403B26047B9384604E02746F6E738D24FF0FF30B2
S21403B270BDE8F88F5EB99AF806809AF80760A6EBE1
S21403B280080608F10C08D044DAF800A0F6B2BBF1C1
S21403B290000F0BD199F8064099F807B0ABEB040BF7
S21403B2A00C344C44D9F800905FFA8BFB5E45354668
S21403B2B028BF5D46BD4228BF3D4621462A46404636
S21403B2C0FFF7A0FB0028D3D1A8442C447F1BEDB284
S21403B2D0761BABEB0505F6B25FFA85FBC0E70120EC
S21403B2E0C6E703680BB9016070471A461B68002B54
S21403B2F0FBD111607047036803B10B6001607047B0
S21403B30039B10B461A461B68002BFBD10368136042
S21403B3100160704770B5046806460D4644B1204682
S21403B320FFF77DFFA84211D8236813B9E379A37109
S21403B33070BD20463360F1F7E3FA3468F4E7ED1A9C
S21403B340236820463360F1F7DBFA3468002DEFD02C
S21403B350A279E3799B1ADBB2AB42F0D92A44A271F5
S21403B360E6E7F8B5066805460C4646B13046FFF7ED
S21403B37056FFA0421DD8336813B9F379B371F8BDED
S21403B38030462B60F1F7BCFA2E68F4E706463846DB
S21403B3900768002FFAD1C2798379D31ADBB2A342A6
S21403B3A002D9121BC271EAE7E41AF1F7A9FA3EB111
S21403B3B03760002CE3D028680028E0D00026E7E7B3
S21403B3C02E60F6E7F8B504460F46BC4200D1F8BD3A
S21403B3D0A179E5796D1AEDB2C5F14506B6B20EB997
S21403B3E02468F2E749B10C312A46214404F10C00E3
S21403B3F0FFF718FB0023E571A3712368BB42EFD068
S21403B4005A79D207ECD49979DD79A0796D1AEDB221
S21403B410B54228BF3546E2790C3010440C312A4633
S21403B42019442044FFF723FBE379206853FA85F396
S21403B430E3718379761B53FA85F5C379EDB2AB4294
S21403B440B6B2857103D103682360F1F759FA002E6B
S21403B450D3D1C5E738B50C46016809B9046038BDD1
S21403B4600D4609680029FBD1236823B12046FFF760
S21403B470A9FF2C60F3E721462846FFF7AFFE002816
S21403B480EDD1F6E748B10023027943600360836099
S21403B4904379027143F00403437170470022114657
S21403B4A0F1F7B0BA38B504460D46FFF773FE98B900
S21403B4B084B12079FFF7F2FF58B163794279C3F379
S21403B4C0400363F3410245235D1B04604271C3716D
S21403B4D0857138BD0120EDE72046FAE738B50368E5
S21403B4E004460D469BB11879FFF7D8FF88B1236849
S21403B4F0427903605B79C3F3400363F34102452358
S21403B5005D1B4271C37185712060002038BD012028
S21403B510EAE71920FAE738B50C46054640B3006853
S21403B52030B309B9002038BD4AB9C9B2FFF732FEB5
S21403B5300028F7D12B689A799871A41A06E0452952
S21403B54018D8C9B2FFF726FE0028EBD1442C07D83B
S21403B550002CE7D02846E1B2BDE83840FFF7BEBF6F
S21403B56045212846FFF7BAFF0028DCD1453CEDE726
S21403B5702220D8E72120D6E72DE9F84390F8078064
S21403B58090F806900446A8EB0907FFB2B9420D46A9
S21403B59002D30020BDE8F8830079FFF77FFF064655
S21403B5A00028F6D0A17980790C317F1B29440C3012
S21403B5B0BAB221443044FFF75AFAF37901203B44E8
S21403B5C0F371E37999444D442368A5EB0805E571C7
S21403B5D033602660DEE7F8B5076806460D463C4648
S21403B5E0002305B12CB90BB100221A60346038462B
S21403B5F0F8BDE379A2799B1ADBB2AB4207D8E379AD
S21403B600A2799B1ADBB2ED1A23462468E9E72046A3
S21403B610E9B2FFF7B1FF0028F1D10746E7E7531871
S21403B620452B02DCC9B2F1F7EDB900207047F7B538
S21403B630002605460F4601960DB9019C09E0002237
S21403B64038461146F1F7DEF9044628B901A8FFF794
S21403B65061FD204603B0F0BDAB798371EA79C27110
S21403B66068796179D21A60F300016171697960794A
S21403B670C1F3400161F34100607103F10C00291826
S21403B680D2B22044FFF7F3F9019B03B9019406B144
S21403B690346026462D68CFE72DE9F8430D46144659
S21403B6A0064610B319B3DAB1034699461B68002B56
S21403B6B0FBD12746C8463A4629464046FFF706FDCD
S21403B6C0C145A7EB0007054418BFC9F8008037B18A
S21403B6D00022B1793079F1F795F9C14618B9E41B20
S21403B6E02046BDE8F8838046E5E70446F8E70C46BF
S21403B6F0F6E737B51546C9B200221C46F1F782F9BC
S21403B700019040B122462946FFF7C6FF844202D97C
S21403B71001A8FFF7FFFC019803B030BD034610B540
S21403B72001391A1A914200D810BD445C1A7803F8FE
S21403B730014B42540139F4E700230144884200D107
S21403B740704700F8013BF9E7F1F766BAF6F70FBC66
S21403B75070470E207047704710B50446806920B1C5
S21403B7600021E6F777F80023A36110BD07B5012291
S21403B7708DF807100DF10701FFF78EFF03B05DF894
S21403B78004FBF7B505464FF428500C46FCF7E6F9DC
S21403B7900646FBF77EFFB0B3022C02D8002003B0A8
S21403B7A0F0BD002731460DF105030DF106023846BC
S21403B7B0ADF80670FCF7B1F8BDF80620631E934299
S21403B7C006461EDC072C1AD9023CADF806400824B0
S21403B7D0BDF80630002BE1D00133D9B22846FFF777
S21403B7E0C5FF21462846FFF7C1FF31462846BDF868
S21403B7F00620FFF751FFBDF806000230CFE7ADF88D
S21403B80006700924E4E74FF0FF30C8E702292DE964
S21403B810F34104460D461746184603D8002002B0E7
S21403B820BDE8F081FCF79AF90646FBF732FF0028DD
S21403B830F4D04FF0000831460DF105030DF1060272
S21403B8404046ADF80680FCF768F8BDF80630BDF84C
S21403B85020200646934228BF1346AB4228BF2B46FA
S21403B8609DF80500ADF80630C0B9002BD7D00133DC
S21403B8709AB29542D3D9D9B22046FFF777FF394615
S21403B8802046FFF773FF31462046BDF80620FFF734
S21403B89003FFBDF806000230C0B2C0E74046BEE76D
S21403B8A007B501A9F1F790FA30B9019B586AC0F3BE
S21403B8B0C02003B05DF804FB0020FAE7002008B5BB
S21403B8C0F1F704FB08B9FF2006E0C37B012BF7D191
S21403B8D0436ADB06F4D5007808BD73B50E4601A9A6
S21403B8E01546F1F771FA90B9019A546A14F01003E9
S21403B8F00FD0C4F300343470D37B5A1E042A02D804
S21403B900D81E18BF01202870012002B070BD002089
S21403B910FBE71846F9E738B5436A04465B0705D5DF
S21403B920002300781A461946F2F794F8636A9D07CF
S21403B93006D52046F1F75CFA636A23F002036362D6
S21403B940636A18070DD52146E27911F8010BC2F395
S21403B950C002F2F721F80546E8B9636A23F0080344
S21403B9606362204600F0D0F90546A0B9626AD106A4
S21403B97011D5D30404D52046FDF75BFE40B11BE08A
S21403B9801206E37B09D4E37B626A023B012B15D9DB
S21403B990616A48071FD4284638BD03F0FB03012B12
S21403B9A0F6D021692078F2F71DF8636A256123F043
S21403B9B0800363620028E6D00546ECE7D305E7D5A7
S21403B9C061692078F2F72AF800236361636A23F437
S21403B9D080736362D2E7E37BA28D012B03D1A2B10E
S21403B9E0802A28BF802211F0400F94F830304FF0A1
S21403B9F0010118BF01232078F2F72CF80028DBD1C9
S21403BA00636A23F004036362C5E74022EBE7002082
S21403BA1010B5F1F75BFA044600B910BD636ADA069F
S21403BA200BD55B0409D42046F1F744F9636A204634
S21403BA3043F006036362FFF76EFF2046E9E713B59C
S21403BA400C4601A9F1F7C0F950B9022C07D80246F3
S21403BA502146019802B0BDE81040F1F755BA2120FF
S21403BA6002B010BDF7B50E4601A915461F46F1F7FD
S21403BA70ABF9F8B9019C626A93050BD44FF6DF73F2
S21403BA80A6F12001994217D8A5F12001994213D8AF
S21403BA90AE4211D8E369B34202D1236AAB4204D063
S21403BAA0C4E9076542F0020262629DF82030A7856A
S21403BAB084F8303003B0F0BD2120FBE790F839302E
S21403BAC037B55B0704460D462AD4F1F7F3F86B1E29
S21403BAD0042B14D8032D12D0E379142B22D0A36998
S21403BAE06BB96846FBF739FCE5F7AEFF6946E5F741
S21403BAF027FE18B91A25284603B030BDA061636A2D
S21403BB00E57343F016036362E7F73AFA2046FFF756
S21403BB1002FF05460028EED02046FFF71DFEEAE7A3
S21403BB200225E8E72125E6E707B501A9F1F74CF971
S21403BB3030B90198C17B03B05DF804EBFFF7BEBFD5
S21403BB4003B05DF804FB37B50C4601A9F1F73CF9E1
S21403BB5018B9052C019D02D9212003B030BD2869F0
S21403BB60FFF75DFB1F28F7D86869FFF758FB1F2808
S21403BB70F2D8012CF0D0231F012BEDD921462846FD
S21403BB806B6A23F482536B6203B0BDE83040FFF761
S21403BB9095BF37B5FFF792FEFF28044613D001A9D9
S21403BBA0F1F712F978B9019D6B6A284623F0100362
S21403BBB06B62FFF7D1FD204605F1340103B0BDE803
S21403BBC03040E7F7C5BD03B030BD002337B580F876
S21403BBD0723040F6FF73A0F86E3083680446DA04CA
S21403BBE00D46C16010D443F480636A46A36040F2F6
S21403BBF003212046CDE90045FFF7BAF90021204688
S21403BC00E5F728FE03B030BD90F87600FFF78CFF0B
S21403BC10A36823F48053E8E773B56E4604464A796F
S21403BC2030460D460631E5F753FF96E80300A4F8C1
S21403BC305010090C11F0800FE06484F8521004F1E0
S21403BC40530312D00122184605F11201E5F740FF0F
S21403BC500C352846FDF7D0FC28B10122294604F10D
S21403BC605A00E5F735FF02B070BDB4F8501094F8EB
S21403BC705220C4F8530099809A71E9E71FB590F8EB
S21403BC807420044602F0010301908DF808300BB1CE
S21403BC9002F002038DF8093094F8753020468DF8CB
S21403BCA00A30039100F099F84FF4017101AA204677
S21403BCB0FFF75EF92046E5F743FE04B010BDE5F74F
S21403BCC0A1BD0A460021E7F715BC826838B5C2F362
S21403BCD080320446B0F86E000D46E7F7B1FC20B993
S21403BCE0A3681DB143F40053A36038BD23F4005387
S21403BCF0FAE783791A0705D413F0100F0CBFFF2059
S21403BD0001207047002070470020704708B5FDF7F4
S21403BD1097FB407940F4805008BD002070470F2001
S21403BD2070470F2070477047F2F7F4BAF2F70CBB70
S21403BD30F2F714BB10B588B0E5F74EFD04460028AD
S21403BD4047D090F87200022845D1A36813F4407FC9
S21403BD502AD094F87330012B2FD194F97500E4F7A9
S21403BD60E3FD10B9A368DB0527D594F8743013F008
S21403BD70010322D1CDE90133CDE90433CDE90633FE
S21403BD80ADF80C30A36813F4807F01AB0ED0A06A25
S21403BD90E16A228E03C31A802046BDF8042004AB52
S21403BDA00DF10601E7F71CFC08B010BD0A220221BC
S21403BDB094F97500FAF720FFEEE7002345F2170221
S21403BDC01946204600F077F9B0FA80F040094000A3
S21403BDD0EAE72120E8E70220E6E738B545F21B024A
S21403BDE00C460B460021054600F065F930B92CB128
S21403BDF021462846BDE83840F1F704BF38BD00F0B9
S21403BE007CB901F0F2BA01F0FBBA10B504464C3027
S21403BE10FAF7EBFE84F875002046BDE8104001F003
S21403BE20BFBA10B50446FAF7A4FE01280DD094F85D
S21403BE30733094F97000012B14BF0521032184F895
S21403BE403210BDE81040FFF783BCA36843F40073C9
S21403BE50A36010BD00F083B938B5037804463E2BC3
S21403BE600D4602D0FF2B12D038BD8378052BFBD1AD
S21403BE70B0F80300E5F7A2FC20B1B4F80D10621D7C
S21403BE8000F0D3F92846BDE83840FFF743B9837876
S21403BE90ED2BE9D1B0F80300E5F790FC0028F1D0CC
S21403BEA0B4F80D1004F10F03621D00F0C1F9E9E7C1
S21403BEB0CB0448BF41F480618160704710B50446E7
S21403BEC0006C30B94FF4B070FFF73EFC206420B925
S21403BED010BD4FF4B071FFF72FFCFF23226C82F8DE
S21403BEE05E31A3681B0603D5C02301201370EFE75A
S21403BEF094F87330012B14BF80234023F5E708B56D
S21403BF00D0B2E5F769FC28B190F8773003F07F03E9
S21403BF1080F87730012008BD10B5044645F21A01B3
S21403BF20FEF7B9FF2046BDE8104047F23053002223
S21403BF3045F21A01F0F756BB10B50A460446082127
S21403BF400020FFF76CFB10B1837903441C7310BD0C
S21403BF5038B505460C460D201121FFF7EDFF0246C6
S21403BF6088B12146837903440D3304F1100051F858
S21403BF70044B814243F8044BF9D12846BDE83840C8
S21403BF800621FDF793BA38BD38B505460C4604209E
S21403BF901121FFF7D1FF024688B121468379034476
S21403BFA00D3304F1100051F8044B814243F8044B5F
S21403BFB0F9D12846BDE838400621FDF777BA38BDE3
S21403BFC038B505460C4603201121FFF7B5FF024698
S21403BFD088B12146837903440D3304F1100051F8E8
S21403BFE0044B814243F8044BF9D12846BDE8384058
S21403BFF00621FDF75BBA38BD37B500220546082192
S21403C0001046FFF70CFB0446C0B10C2301220DF1CA
S21403C01007018DF80730FFF73FFB296C20225131CB
S21403C0202046FFF739FB296C202271312046FFF7A3
S21403C03033FB224606212846FDF738FA03B030BD07
S21403C040036C4BB983681B0608D490F87330012B36
S21403C05014BF80204020704718787047C020704770
S21403C06070B50446FFF7ECFFF2F7F0F80D4603460B
S21403C070002245F2010120469847236C03B11D7048
S21403C0802846F2F7E3F84FF4A04103460022204681
S21403C090BDE87040184770B51546044648B1FFF72B
S21403C0A0CFFFF2F7D3F82A4603462046BDE8704092
S21403C0B01847022070BD114608B51A4621F0004104
S21403C0C0FFF7E9FFB0FA80F0400908BD08B50B4654
S21403C0D001461846F0F7D0FD003818BF012008BD0A
S21403C0E010B50446006838B11A21FFF725FB20680F
S21403C0F0FFF72CFB0023236010BD30B58BB00D4635
S21403C100002201A9C0B2F1F7BFFE044620BB0146D8
S21403C1100D220DF10B00FEF79FFCB5F803206B799B
S21403C120ADF8082006A9019A02A88DF80A30F1F79F
S21403C130EDFE40F20343BDF81820002818BF1C4646
S21403C1409DF81A30102102A82A80AB70FFF7F4FA84
S21403C150102106A8FFF7F0FA20460BB030BD10B545
S21403C1600446F1F7F7FD04F13400FFF7B9FFA368BF
S21403C1705A0606D523F0400300212046A360E7F7BE
S21403C1807FF9236C63B1D3F89400F6F7B5FD042169
S21403C190206CFFF7D1FA206CFFF7D8FA002323644C
S21403C1A010BDF7B50D4669461646F1F76DFE044613
S21403C1B098B929461022009801ABF6F708FE074601
S21403C1C010212846FFF7AAFA2FB110212846FFF7B9
S21403C1D0B3FA40F2074406B13760204603B0F0BD19
S21403C1E038B50446C51C03212846FFF76FFFC8B9B8
S21403C1F0E27863797AB922791A43F4D003F07F039D
S21403C20043F0400363715323A3712146BDE83840CE
S21403C210FF20FFF772BFFF2AF0D122791A40FF2AC8
S21403C220E1D0EBE740F2074038BD0021E7F728B935
S21403C230F8B51D46836804465B060F4616462DD49E
S21403C2401A20FFF781FA0146606320B92046BDE84D
S21403C250F840E7F715B9034623F8027B326805F181
S21403C2601001C0F8022072685A602A46636B0A33CC
S21403C27052F8040B8A4243F8040BF9D110212846DE
S21403C280FFF75AFAA36843F0400213F4407FA26014
S21403C29004D02046BDE8F840F2F79AB8F8BD38B5A2
S21403C2A004460D4605200221FFF746FE0246B8B1B6
S21403C2B08379062103445D732046FDF7F7F845F4BA
S21403C2C090512046F1F79EFC94F873302046012BDC
S21403C2D018BF8021BDE8384008BF4021FFF7C0BE25
S21403C2E038BDB1F5A04F70B504460D4616460AD0C4
S21403C2F045F20603994218D0324629462046BDE841
S21403C3007040F2F73BBA836843F08003836090F88B
S21403C3107330012B14BF80204020F1F797FF0022D3
S21403C32003462046BDE87040184793791344597C6A
S21403C33041F49051F1F766FCDEE72DE9F04196B043
S21403C340154605AA1C4606460B4690461D9F01F158
S21403C350200E9446186859680833ACE80300734502
S21403C3606246F6D120214046FFF7D8F90DAB2A46A0
S21403C3709C4605F1200E1D4610685168083203C519
S21403C38072452B46F7D120216046FFF7C7F9AEB3B7
S21403C390336C93F85D31013B022B2FD89DF8703038
S21403C3A043F0800301AA8DF854301546234604F162
S21403C3B0100C144618685968083303C463452246AC
S21403C3C0F7D110212846FFF7A9F93B4641224146FB
S21403C3D02846F1F749FE044610212846FFF7ACF934
S21403C3E041214046FFF7A8F954B11EB10821304653
S21403C3F0FFF755FF204616B0BDE8F0810023D1E7CE
S21403C40010213846FFF78AF9002EF3D0224645F26C
S21403C41011013046FFF73FFEECE72DE9F34790F8AE
S21403C42073800446B8F1010F056C04D195F85031BA
S21403C430002B40F0A88095F85C3195F85191032BBA
S21403C44000F2ED80DFE803F00283ACD019F0010FB1
S21403C45078D011210620FFF76FFD8246002800F0F2
S21403C4609280877910210C3707447E1C3046FFF7ED
S21403C4702DFE014658B120460821FFF710FF002184
S21403C48040F2074002B0BDE8F047F1F7D9BBA07C05
S21403C490C0F110023044FEF7DFFAFAF76AFB012810
S21403C4A095F95E010BD132460521E4F75BFA10B32A
S21403C4B00821204602B0BDE8F047FFF7F0BE33463A
S21403C4C010220521FAF757FB28B1002140F21B4042
S21403C4D0F1F7B6FBECE7B8F1010F0CD004F1180343
S21403C4E0113756F8042BBE4243F8042BF9D1A36840
S21403C4F043F48073A360524606212046FCF7D6FF1A
S21403C5000B210720FFF718FD074600283BD0867946
S21403C51095F95E310C36064443F43F430821A6F8EA
S21403C5200130F01CFFF7D2FD0A22042195F95E01C3
S21403C530731CFAF720FB0028C7D13A46062120468B
S21403C540FCF7B4FF95F85C31013385F85C3119F0DC
S21403C550020F20D011210820FFF7EEFC064690B10B
S21403C5600023817901AA01440D31FF200193FFF7CF
S21403C57018FE58B108212046FFF791FE40F2074007
S21403C5800199F1F75DFB02B0BDE8F087324606215C
S21403C5902046FCF78BFF95F85C31013385F85C3158
S21403C5A019F0020F1BD008210920FFF7C5FC074628
S21403C5B00028E8D086790C360644E5F741FA8379F5
S21403C5C03A4683F00803C3F3C00373700368062177
S21403C5D0C6F8023083882046F380FCF767FF95F899
S21403C5E05C31013385F85C3119F0040F12D0112148
S21403C5F00A20FFF7A1FC06460028C4D08079102243
S21403C6003044AB210D30FEF727FA3246062120468A
S21403C610FCF74CFF95F85C31013385F85C31B8F1D3
S21403C620010F08D0236C93F85031002BABD195F84B
S21403C6305C31042BA7D1A36C10220B2195F95E0164
S21403C6403133FAF798FA78B140F21B412046F1F7F6
S21403C650D9FAB8F1010F14BF80214021204602B059
S21403C660BDE8F047FFF7FCBCA36C01220C2195F94B
S21403C6705E012033FAF77FFA0028E5D1A36C102277
S21403C6800D2195F95E012133FAF775FA0028DBD1FF
S21403C690082295F95E01114604F11003FAF76BFAC6
S21403C6A00028D1D1236C93F85E2184F87520FF22ED
S21403C6B083F85E21FAF75DFA012818BFA3682046BF
S21403C6C01CBF43F48073A360F1F774FAC1E7F2F773
S21403C6D0B3B870B5B1F5A04F0446154688B077D009
S21403C6E045F21B06B14240F00A8190F87430DB072E
S21403C6F066D5056CB5F850312BB14C21FFF7B0FC6D
S21403C700002008B070BDD5F858315E0747D5AB7921
S21403C710D80744D56B7BD90741D5A36C10220B21D0
S21403C72095F95E013133FAF726FA38B140F21B4128
S21403C7302046F1F767FA40F21B40E2E7A36C206C51
S21403C74001220C2190F95E012033FAF714FA00282F
S21403C750ECD1A36C206C10220D2190F95E012133DD
S21403C760FAF709FA0028E1D10822206C114690F95D
S21403C7705E0104F11003FAF7FEF90028D6D1236C04
S21403C78093F85E2184F87520FF2283F85E21204605
S21403C7904021FFF765FC2046F1F70CFAB0E705F5F4
S21403C7A0987304F1180205F5A07553F8041BAB4201
S21403C7B042F8041BF9D1A36843F48073A360E6E749
S21403C7C04021FFF74DFC29462046F1F71BFA97E771
S21403C7D0036CD3F8582112F0040255D00022CDE999
S21403C7E00122ADF80C209A79D2073FD55B7BDB0795
S21403C7F03CD5FAF7BEF90128206C0CD100F59872E7
S21403C800032190F95E01E4F7ADF878B308212046DA
S21403C810FFF745FD8FE700F598731022032190F983
S21403C8205E01FAF7A8F928B1002140F21B40F1F7A0
S21403C83007FAEBE7206C102200F59873052190F9B0
S21403C8405E01FAF798F90028EED1236C04F118017B
S21403C85003F5987203F5A07352F8040B9A4241F855
S21403C860040BF9D1A36843F48073A3600023BDF8D7
S21403C8700420CDE90433CDE906330DF1060104ABFC
S21403C8802046E6F7ADFE3BE7D3F8B810C3F8D01062
S21403C890D3F8BC100092C3F8D410006C694600F5B8
S21403C8A09870F1F78FFB48B10098F6F725FA204603
S21403C8B00821FFF7F4FC40F2074022E7206C009AB9
S21403C8C000F59871C830F1F721FB05460028EBD137
S21403C8D00098F6F711FA236CA07C03F59873C0F161
S21403C8E0100229461844FEF7B7F82A46CDE9015543
S21403C8F0CDE90455CDE9065504AB01A9C0E708B058
S21403C900BDE87040F1F73ABF2DE9F04796B01D46F3
S21403C910DDE9229705AB06460C469E46DDF8908079
S21403C92002F1100A9C46106851680832ACE803000E
S21403C93052456346F6D170461021FEF7EFFE09AA6C
S21403C9402B46944605F1100E1546186859680833A9
S21403C95003C573452A46F7D160461021FEF7DEFE6F
S21403C9600DAA94461E9B03F1100E154618685968C7
S21403C970083303C573452A46F7D160461021FEF7F0
S21403C980CDFE9DF87C30D9F800008DF844309DF834
S21403C990803006218DF845309DF8843012908DF84E
S21403C9A0463099F8063012A883F00803C3F3C00391
S21403C9B08DF84730B9F80430ADF84C30FEF7AEFECC
S21403C9C0BB79062183F00803C3F3C0038DF84E300A
S21403C9D03B680DF14F00CDF84F30BB8804F11007CC
S21403C9E0ADF85330FEF79AFE01AA234615461446C1
S21403C9F018685968083303C4BB422246F7D110218E
S21403CA002846FEF78BFE4346412205A92846F1F742
S21403CA102BFB044610212846FEF78EFE412105A86F
S21403CA20FEF78AFE34B108213046FFF738FC16B00D
S21403CA30BDE8F08740461021FEF770FE224645F219
S21403CA4013013046FFF727FBF1E72DE9F0419CB0D1
S21403CA50154608AA1C4606460B469046239F01F138
S21403CA60200E9446186859680833ACE803007345EB
S21403CA706246F6D120214046FEF750FE10AB2A460A
S21403CA809C4605F1200E1D4610685168083203C502
S21403CA9072452B46F7D160462021FEF73FFE18AAC3
S21403CAA09446229B03F1100E1546186859680833FE
S21403CAB003C573452A46F7D160461021FEF72EFEBE
S21403CAC004AA2346154604F1100C14461868596840
S21403CAD0083303C463452246F7D110212846FEF7E0
S21403CAE01DFE6B46502241462846F1F7BDFA044622
S21403CAF010212846FEF720FE50214046FEF71CFE76
S21403CB0034B108213046FFF7CAFB1CB0BDE8F081FC
S21403CB10039B38463B600421FEF700FE684610215F
S21403CB20FEF70AFE224645F214013046FFF7B3FA33
S21403CB30EBE72DE9F3411D46089B04468846164657
S21403CB4090F873705BB110211046FFF7BFFA30B14F
S21403CB500821204602B0BDE8F041FFF7A0BB236CD6
S21403CB60013E691E03F1100013F8012F16F801CFDA
S21403CB70834282EA0C0201F8012FF5D100224046D7
S21403CB8001A90192F1F71EFA48B10198F6F7B4F835
S21403CB9008212046FFF783FB02B0BDE8F081294653
S21403CBA02846019AF1F7B2F90028EED1022F0CBFFE
S21403CBB00023062304F159022B4404F15F0012F804
S21403CBC0016F1978904281EA060103F8011BF6D13A
S21403CBD0022F14BF0023062304F152022B4404F150
S21403CBE0580012F8016F1978904281EA060103F89B
S21403CBF0011BF6D129462846019AF1F787F905461F
S21403CC000198002DC2D1F6F777F82A4645F21001AF
S21403CC102046FFF740FABFE773B545F20406B14274
S21403CC20044615460DD045F21006B14222D0B1F5A2
S21403CC30A04F38D1FFF770F9236CD3F85831D907D2
S21403CC4020D5236CD3F85821D2070BD4AA7998336E
S21403CC500C3215446A1D153552F8041BAA4243F8D4
S21403CC60041BF9D1216CD1F8583113F004030CD00E
S21403CC70832104E0016CA831FFF7A2F98521204641
S21403CC80FFF7EEF9002002B070BD81F85C31012396
S21403CC9001F1B8020093204601F1A80301F598714B
S21403CCA0FFF747FFEEE702B0BDE87040F1F766BD59
S21403CCB045F21003F0B59942044685B000F087802C
S21403CCC00CD8B1F5A04F1CD045F2050399421DD0F0
S21403CCD0204605B0BDE8F040F1F750BD45F211031C
S21403CCE0994200F08D8045F212039942F0D1036C0D
S21403CCF093F85D31042B40F2B380052B03D1482112
S21403CD007BE0FFF709F9002005B0F0BD9179036CCD
S21403CD100C310A44511DB833153251F8040B9142B5
S21403CD2043F8040BF9D1256C102205F1C80705F169
S21403CD30B80631463846FDF765FE20B9042120467D
S21403CD40FFF7ADFADFE7D5F8583113F0040332D016
S21403CD5095F85D31042B13D105F1F803039305F51C
S21403CD609873029304F15303019304F15A03009357
S21403CD703A463346204605F1D801F1F7B3FFC2E73A
S21403CD8005F5A07005F1110105F1510201900BB1F3
S21403CD90052B06D10023009320463346FFF7CDFA32
S21403CDA0B1E795F85C01D5F82C31C34003F00103D5
S21403CDB043F08003EFE785F85C3132460093204664
S21403CDC005F5A07305F59871FFF7B3FE9BE7056CB1
S21403CDD0102205F1A80105F5A070FDF713FE002843
S21403CDE0ACD14B21D5F858319B0742BF94F8743029
S21403CDF043F0020384F874302046FFF731F982E7E4
S21403CE00056C102205F1A80105F5A070FDF7FAFDE3
S21403CE10002893D195F85D31013B022B0FD895F886
S21403CE205C310133DBB2142B85F85C3107D0D5F8BF
S21403CE305831432123F00103C5F85831DCE705F1E7
S21403CE40F803039305F59873029304F153030193D0
S21403CE5004F15A03009305F1C80205F1B80389E704
S21403CE604921CAE7B1F5A04F70B50446154607D069
S21403CE7045F20406B1420CD0BDE87040F1F77EBC23
S21403CE80FFF74AF8236CD3F85831D90701D40020AA
S21403CE9070BD236CD3F85821D20718D4AA79A833C7
S21403CEA00C3215446A1D153552F8041BAA4243F882
S21403CEB0041BF9D1206C102200F1A8019830FDF76D
S21403CEC0A1FD20B904212046FFF7E9F9DFE7206C2E
S21403CED01021C830FFF7FAF858B108212046FFF7AB
S21403CEE0DEF940F207400021F0F7AAFE40F20740C1
S21403CEF0CEE7216C2046C831FFF746F84721204687
S21403CF00FFF7AEF8C3E7B1F5A04F70B50346144676
S21403CF1007D045F21806B14207D0BDE87040F1F7D6
S21403CF202DBCFEF7F9FF002070BD1268551C03D117
S21403CF300121FFF7B4F9F6E7016CD1F85801400771
S21403CF4043BF002281F85C212268C1F8302148BF24
S21403CF50C1F82C2118464321FFF782F8E3E7B1F521
S21403CF60A04F70B51346044607D045F20406B142F7
S21403CF7007D0BDE87040F1F701BCFEF7CDFF0020F7
S21403CF8070BD9979026C0C310B44591DA8321533C8
S21403CF9051F8040B994242F8040BF9D1256C102280
S21403CFA005F1A80105F19800FDF72CFD20B9042131
S21403CFB02046FFF774F9E2E7204605F1C801FEF7BD
S21403CFC0E3FF47212046FFF74BF8D8E7B1F5A04F1C
S21403CFD013B504460ED0A1F5A043103B012B45D84C
S21403CFE0016C9831FEF7ECFF44212046FFF738F832
S21403CFF0002017E0016CD1F8583101F1C80213F094
S21403D000040328D010211046FFF760F860B108210A
S21403D0102046FFF744F940F207400021F0F710FEE0
S21403D02040F2074002B010BD216C204601F1980380
S21403D030019391F85C21D1F82C31D34003F001031E
S21403D04043F08003009301F1110201F1C80351314B
S21403D050FFF773F9CCE781F85C310123009301F104
S21403D060980301F59871FFF764FDC1E702B0BDE8C8
S21403D0701040F1F783BBB1F5A04F73B504461546D0
S21403D08077D045F21B06B14240F0F68090F8743034
S21403D090DB0766D5056CB5F850312BB18921FEF751
S21403D0A0DFFF002002B070BDD5F858315E0747D5C4
S21403D0B0AB79D80744D56B7BD90741D5A36C10222F
S21403D0C00B2195F95E013133F9F755FD38B140F27E
S21403D0D01B412046F0F796FD40F21B40E2E7A36CA7
S21403D0E0206C01220C2190F95E012033F9F743FDF1
S21403D0F00028ECD1A36C206C10220D2190F95E0160
S21403D1002133F9F738FD0028E1D10822206C1146B7
S21403D11090F95E0104F11003F9F72DFD0028D6D12E
S21403D120236C93F85E2184F87520FF2283F85E2132
S21403D13020468021FEF794FF2046F0F73BFDB0E73C
S21403D14005F5987304F1180205F5A07553F8041B4A
S21403D150AB4242F8041BF9D1A36843F48073A3607F
S21403D160E6E78021FEF77CFF29462046F0F74AFDD6
S21403D17097E7036CD3F8582112F0040245D09A7946
S21403D180D2078ED55B7BDB078BD5F9F7F2FC01283C
S21403D190206C0ED100F59872032190F95E01E3F737
S21403D1A0E1FB00283FF47DAF08212046FFF777F820
S21403D1B092E700F598731022032190F95E01F9F7C0
S21403D1C0DAFC28B1002140F21B40F0F739FDEBE70B
S21403D1D0206C102200F59873052190F95E01F9F78B
S21403D1E0CAFC0028EED1236C04F1180103F59872EB
S21403D1F003F5A07352F8040B9A4241F8040BF9D1D5
S21403D200A36843F48073A3604BE7D3F8B810C3F85E
S21403D210D010D3F8BC100192C3F8D410006C01A947
S21403D22000F59870F0F7CEFE48B10198F5F764FD67
S21403D23020460821FFF733F840F2074032E7206C18
S21403D240019A00F59871C830F0F760FE054601981C
S21403D250002DEBD1F5F750FD236CA07C03F59873F6
S21403D2602946C0F110021844FDF7F6FB216C204650
S21403D270B831FEF789FE14E702B0BDE87040F1F757
S21403D2807DBAB1F5A04FF7B5044608D045F21105AF
S21403D290A94236D003B0BDE8F040F1F76FBA006C90
S21403D2A01021B830FEF712FF60B108212046FEF7C2
S21403D2B0F6FF40F207400021F0F7C2FC40F20740B9
S21403D2C003B0F0BD256C95F85D6105F1A807013E36
S21403D2D0022E01979CBFD5F82C0195F85C6105F1E9
S21403D2E051019EBFF04000F0010040F08000009026
S21403D2F005F11102204605F1B803FFF71EF80020DA
S21403D300DEE7016CA831FEF75BFE85212046FEF7BB
S21403D310A7FEF4E770B545F20406B1420446134689
S21403D32025D045F21806B14206D0B1F5A04F33D149
S21403D330FEF7F2FD002070BD11684D1C03D10121DC
S21403D340FEF7ADFFF6E7026CD2F85801400743BF7D
S21403D350002182F85C111B68C2F8301120464FF09A
S21403D360840148BFC2F82C31FEF77AFEE2E79979CA
S21403D370026C0C310B44591D9832153351F8040BCB
S21403D380994242F8040BF9D1226CD2F8583143F093
S21403D3900103C2F85831CDE7BDE87040F1F7EEB9A6
S21403D3A0002310B50364044690F97500431C13D09C
S21403D3B0E3F774FE082204F11003114694F975008E
S21403D3C0F9F71AFC94F91330012B07D194F874304B
S21403D3D043F0020384F87430002010BD022BFBD107
S21403D3E094F8743043F00A03F4E74B88062B05D110
S21403D3F0088841288CBF0020012070470020704712
S21403D40007B58B790A460B440191197C4B1E0D2BED
S21403D41004D801F5A0410131FEF73DFE01A8FDF752
S21403D42079FE03B05DF804FB014B1868704700BF34
S21403D430682B00200A4B1B6F03F00703013B032BEB
S21403D44003D8DFE803F00A030608FEE7054B18686F
S21403D4507047054BFBE7054870470548704700BF14
S21403D46000800050682B0020702B002080D54302DC
S21403D470002D310108B5FFF7DDFF054B1B6FC3F326
S21403D48003330133B0FBF3F0024B186008BD00BF53
S21403D49000800050642B00200048704700B4C4048A
S21403D4A000487047002D3101014B1868704700BFD4
S21403D4B0702B00200048704780D54302014B186844
S21403D4C0704700BF6C2B0020034B5868C0F308005E
S21403D4D0003818BF0120704700ED00E00A4A08B57F
S21403D4E0127852B107280AD8084A02EB00131B7BAE
S21403D4F03BB1D8F79FFF002008BD0548FCE7054869
S21403D500FAE70548F8E700BF2B280020581100204B
S21403D510028000F0018000F0078000F00B4A10B58F
S21403D52012780C4662B107280CD859B1084A02EBA8
S21403D53000131B7B43B1D8F78FFF2070002010BD6C
S21403D5400448FCE70448FAE70448F8E72B280020D9
S21403D55058110020028000F0018000F0078000F0E0
S21403D5600B4A10B512780C4662B107280CD859B18D
S21403D570084A02EB00131B7B43B1D8F785FF2060F4
S21403D580002010BD0448FCE70448FAE70448F8E71F
S21403D5902B28002058110020028000F0018000F0A4
S21403D5A0078000F030B5154B87B00293144B0390F9
S21403D5B0049346F611030D46059300F077F91428F5
S21403D5C0044616D1684601F015F94FF0A843032226
S21403D5D002A95A6319601D619A63DA6B9207FCD13C
S21403D5E0142C02D1684601F013F900F093F90446AF
S21403D5F001E00028E9D0204607B030BDF01800202F
S21403D600040000202DE9F04FB1B005468C469E4637
S21403D610E8466F4EDDF8EC90409C06F1100A47464C
S21403D62030687168083603C75645B846F7D13E9B3F
S21403D63003EB0208C8F1000A0AF00F0AB9F1000F5B
S21403D64000F09D80C9F1000707F00F070121DDF800
S21403D650FCB044F00050C4F11006CDF810B00591AC
S21403D6600690300200F4F85040F021000790B9F11C
S21403D670000F40F08680CDF820D047F00050002DF4
S21403D68000F08480099121210A9041EA07210B9139
S21403D69042F00050CDF830C03D9B08A94FEA0A2C53
S21403D6A00D910E904CF041000F901093002A75D107
S21403D6B03E9B119143F0005312933C9B139014939B
S21403D6C010AB1593434B444A169340F61103179336
S21403D6D0424B0021002D08BF1346189314AB199331
S21403D6E03F4B10221A9311231B931CAB1846FDF7CE
S21403D6F0B3F901221D92002246F0804603461E9689
S21403D700239205B9EB46102CCDF880B024AE4BD14E
S21403D710012322460021304621932294FDF79CF9EB
S21403D72020AB002125938F4218BF334647F0804233
S21403D73026923A9A2CA828922993B2FA82F35B0986
S21403D74049EA837310222B912A93FDF785F9B9F1E1
S21403D750000F00D028AED04448F080432CA918A868
S21403D7602D962E93FFF71EFF30B92DB90346A3421D
S21403D77025D1002818BF2C2031B0BDE8F08F102724
S21403D78064E7CDF820E049F0005078E7002C3FF43A
S21403D79079AF04A9099101210A9076E73E9B0CAA6A
S21403D7A011924120129388E71022002130462193DC
S21403D7B02294FDF751F9002CB2D10123B1E703F10E
S21403D7C0C0026A4412F8C02C01331043CFE700BFEF
S21403D7D066F00300100000207CF0030080F00300D6
S21403D7E004000020F0B5C0299FB0DDE9244557D0DA
S21403D7F0B1F5807F04D0802948D029201FB0F0BD22
S21403D80001265CB140F23447029410240396049434
S21403D810212401970594069502AC0AE040F21447CA
S21403D820029410240396049421240594012401975A
S21403D8300695079401251024089409950A92212237
S21403D8400B950C940D92174A0AAD0E92164A0F9535
S21403D850109242F611021192129313951494159294
S21403D86001AA1692D3B112AB17930423189311236C
S21403D870199316AB1A901B9340F61103C9081C9113
S21403D8801AA806A91D93FFF78DFEB7E7012614B95C
S21403D8904FF48267C4E74FF48667B5E70EABE3E75A
S21403D8A00F20ABE778F003001000001038B5164BD6
S21403D8B05A6E42F004025A66D3F8802242F00102FE
S21403D8C0C3F88022114B5B68C3F3080343B14FF0E0
S21403D8D0A842D36B13F0430FFBD11424204638BD64
S21403D8E04FF0A843DC6B14F04304FBD1084D2B68C0
S21403D8F01BB904212846F5F794FC2B68013343F043
S21403D90000432B60EAE700BF0080005000ED00E014
S21403D910F0180020014B00205B68704700ED00E024
S21403D920B8B1036813F4E07F03F03F00C3F3821239
S21403D9300AD0012A0DD1084B41B103F580530122C9
S21403D94082401A6000207047044BF5E703F5005346
S21403D950F5E70E20704700BF6880005064800050D3
S21403D9600229F8B596BF104B00245C5C01280546D7
S21403D9700E4608D0022809D008B944F002040B4B1F
S21403D9801F6837B9F8BD44F00804F8E744F02004EC
S21403D990F5E77B681A68144203D0314628465B686D
S21403D9A098473F68EDE700BFF4F003004C190020EA
S21403D9B038B5104D2B78ABB10F4C23781BB100F064
S21403D9C047FA00232370002000F0AFFF0B4C50B142
S21403D9D000F090FA0023012120782B70FFF7C0FF98
S21403D9E00123237038BD0122054B1A702278054B9C
S21403D9F01A70F7E737280020352800203D28002036
S21403DA0038280020392800200C4A1378FF2B01D130
S21403DA1058B170470BB908B9704730B1013313706A
S21403DA20074B1B78012B03D87047013B13707047D5
S21403DA30044B1B780BB9FFF7BBBF70473C2800208D
S21403DA403D2800203828002010B500F028FE064B9D
S21403DA5004461B781BB1BDE8104000F01BBEFFF761
S21403DA60A7FF2046F7E700BF342800200228F8B5B2
S21403DA7004D0244A1378FF2B01D1E9B1F8BDD3B9FA
S21403DA800029FBD0012313701F4B1B78012BF5D9FC
S21403DA9000F005FE1D4E0446337893B920461A4C13
S21403DAA000F0F8FD20780128E8D00121FFF758FFA1
S21403DAB001232370E2E711B9013B1370DEE701335C
S21403DAC0E1E7134F3B781BB901223A70114A1370F2
S21403DAD0114D2B781BB100F0BBF900232B702046A9
S21403DAE000F0D8FD012000F020FF00F0D8FD3B78C1
S21403DAF004461BB100F0FEF900233B70002333708D
S21403DB00CCE700BF3C2800203D2800203728002013
S21403DB103428002038280020352800202DE9FF4728
S21403DB20EFF3108572B6AFF3008000F06FFD0028A8
S21403DB3070D0704E704F337823B10020FFF764FF28
S21403DB4000233370387870B903A900F06BFB0446E2
S21403DB5048B96A4B039A1B689A4263D80120FFF7B9
S21403DB6053FF012333703B78654CDFF8BC91002BE1
S21403DB7072D02078012840F09480207800F03AF99B
S21403DB8099F8003013B15F4B1B782370AFF3008016
S21403DB90284600F0C5FEEFF3108572B65A4B1A7886
S21403DBA052B100221A70574B20781B78984203D143
S21403DBB001212170FFF7D4FE544800F0E9FA00F083
S21403DBC034FD80460028B6D1514B524F18703B782F
S21403DBD09BB189F80000DFF84C9199F800301BB12F
S21403DBE000F036F989F80080002000F09EFE002839
S21403DBF075D000F07FF900233B70337823B1002003
S21403DC00FFF702FF0023337000212078FFF7A8FEFA
S21403DC1000232370AFF30080284604B0BDE8F04726
S21403DC2000F07EBE3C4BD3F8008000F09DF9039BCA
S21403DC308044984592D200F091F98200039942F00D
S21403DC40020292B2CDE900422346344AA1EB080110
S21403DC502E4800F06CFE86E72E4BDFF8B4801B7868
S21403DC600BB900F0D9F82078022831D198F80030A3
S21403DC7023B10022264B1A7000F000FFDFF89480D1
S21403DC8098F80030002B7FF478AF254B1B7823B928
S21403DC9000F0D8F80122234B1A70012388F80030CD
S21403DCA06BE74FF001080023DFF864A08AF8003022
S21403DCB099F8003013B94146FFF752FE9AF8003040
S21403DCC084F800803BB1B8F1020F7FF456AFD0E77B
S21403DCD04FF00208E7E7B8F1020FCFD04DE7012077
S21403DCE000F088F8284600F01BFEEFF3108572B6A6
S21403DCF07AE700BF362800203C280020541900206D
S21403DD003D280020392800203228002058190020FA
S21403DD103A280020372800205019002049DA03004B
S21403DD203B280020352800203828002010B500F0B6
S21403DD30B6FC0022054B1C781A7000F0ABFC00F012
S21403DD4001FBE4B22043C0B210BD00BF332800205D
S21403DD5038B500F0A4FC094B05461B78012B04D804
S21403DD6000F098FC0024204638BD054B1C6800F0E4
S21403DD70FBF80444284600F08DFCF4E73D28002019
S21403DD8050190020164B17491A6F10B502F00702F8
S21403DD900A601549154C8969032A01F00200C1F38C
S21403DDA04001134A21700FD0D3F8201101F003016C
S21403DDB0022909D0D3F8241101F00701022903D060
S21403DDC00021117018B910BD01231370FBE7D3F8B7
S21403DDD0003103F00303591E4B424B41F5E700BFE6
S21403DDE000800050B419002000C0015042280020D3
S21403DDF043280020012805D00238012808D800202F
S21403DE00D8F7AEB8034A136923F00403136130BF8F
S21403DE10704700BF00ED00E0074A0849D2F82031FA
S21403DE2003F003030B60D2F82431054A03F007031B
S21403DE301360F3F7B2BA00BF00800050C019002089
S21403DE40BC1900200122014B1A707047412800209C
S21403DE50F8B51F4B1B78002B39D01E4C2378B3B96B
S21403DE601D4B9A6DD10302D5DA6D92072FD49B6DA5
S21403DE70DB072CD400F0DFFD184B194A1860136F2C
S21403DE8023F0070343F003031367FFF7F3FA00F0E7
S21403DE90D2FD124B134D1B68134EC01A2B78134F2B
S21403DEA056F8232046F82300111A3A681048521AE7
S21403DEB00A213A600932B2FBF1F20133DBB20260A7
S21403DEC0B3FBF1F201FB12332B7000232370F8BD72
S21403DED0432800204028002000C00050AC19002032
S21403DEE0008000503F28002084190020801900205D
S21403DEF07C19002008B5F3F753FA124B12491A6F30
S21403DF00096822F007020A431A671049D3F820214A
S21403DF10096822F003020A43C3F820210C49D3F808
S21403DF202421096822F007020A43C3F82421094B77
S21403DF301B7813B10122084B9A62BDE80840FFF72D
S21403DF4099BA00BF00800050B4190020C019002001
S21403DF50BC1900204328002000E00050014B18782D
S21403DF60704700BF43280020054B187818B1054BAF
S21403DF70186800EBD000044B1B681844704700BFBA
S21403DF80432800207C190020B019002008B5104B48
S21403DF901A78C2B100221A700E4B1A6F22F00702CB
S21403DFA042F001021A67D3F8202142F00302C3F8B5
S21403DFB02021D3F8242122F0070242F00302C3F8FB
S21403DFC02421FFF757FA0122034B5A6708BD00BF07
S21403DFD0412800200080005000E000500D490B68E7
S21403DFE0A0B10022A3B1834203D1836822B90B6098
S21403DFF003E01A469B68F5E7936083680BB9002035
S21403E00070475A6941690A445A61F8E72220704703
S21403E01002207047CC19002038B500F028FD0025F3
S21403E020084B094C1A682368C31A2AB123B15169ED
S21403E030994203D3C91A5161206038BD55615B1AF2
S21403E0409268F2E7CC190020C819002038B5154DA0
S21403E0502B682BB35B69A3B1134A022014681C44D4
S21403E06000F0A6FA204600F065FA00230F492A6856
S21403E0700B7022B1D08880070AD501230B700020CD
S21403E08038BD022000F094FA022000F0B3FAECE761
S21403E0909268002AF3D050690344012BEAD9EEE7CD
S21403E0A02220EDE7CC190020C819002045280020BF
S21403E0B0C38870B504460D463BB9FFF749FE854253
S21403E0C0064602D2F4F755F835460E4965610B68E5
S21403E0D08BB90C60A3600DE0AD1A9A6818466561AB
S21403E0E06AB113465A69AA42F6D930B18460521B04
S21403E0F0A3605A6170BD0020F4E70C60F7E79C60EC
S21403E100A260F7E7CC19002070B516469DF81420D8
S21403E110C0E903360271049ABDF818300260002283
S21403E12004460D468260C380EEB900F0A0FC284486
S21403E130A0619DB12E4600F0B2FA0546FFF76CFFCC
S21403E14031462046FFF7B4FF104B1B68A34201D1AC
S21403E150FFF77CFF284600F09DFA02E0E36865615E
S21403E1607BB9002070BD00F082FC3044A061002D16
S21403E170E0D1E3686561002BDDD02046216898472F
S21403E180D9E7204621689847EBE700BFCC19002063
S21403E19038B5044618B300F082FA0546FFF73CFF8D
S21403E1A0104B1868A04209D02046FFF717FF044615
S21403E1B080B1284600F06EFA204638BDFFF70EFF02
S21403E1C004460028F5D1FFF741FF222802D102209A
S21403E1D000F0FAF9284600F05DFA0024ECE7222462
S21403E1E0EAE700BFCC19002038B50C460546A8B1AF
S21403E1F0A1B100230B7000F05BFA0121084B1B68EA
S21403E20033B900F050FA002038BD9D4204D1217086
S21403E2102278002AF9D0F4E79B68F1E72220F3E797
S21403E220CC190020F8B506460F4600F041FA002543
S21403E2300446124B1B6823B9204600F034FA1B2011
S21403E24011E05A691544DA88B2420DD100F00FFC8A
S21403E2500B4E3368C01AA8420AD3002320463B60FD
S21403E26000F021FA0020F8BDFF2EEFD09B68E2E70E
S21403E27000F0FDFB33682B441B1AEFE7CC19002094
S21403E280C819002070B500F013FA064600F0EFFB3D
S21403E290084B044601201D6800F0D9FB18B100F0B6
S21403E2A0E6FB04460135304600F0FDF920462946D4
S21403E2B070BD00BFD4190020014B1868704700BF1B
S21403E2C0D0190020F8B50C4B05461B680E46834252
S21403E2D00FD3002440F2E7302146084B4FF47A72FE
S21403E2E01F680023E5FB0701EDF774F9306020464D
S21403E2F0F8BD2120FCE700BFC4190020D019002078
S21403E3000F4B10B51A689AB14FF47A71531E134225
S21403E310A0FB01010ED1B2FA82F2C2F11F04531C14
S21403E320D243E04001FA03F3184321FA02F2024310
S21403E330104610BD0023EDF74DF90246F8E700BF7F
S21403E340D019002010B500F0B3F9034B1C7800F089
S21403E350AAF9E4B2204610BD442800202DE9F04176
S21403E3609846002386B00D46174606468DF81330AA
S21403E37080B30DF11301FFF737FF9DF813305BBB36
S21403E380284605A9FFF79EFF0446F8B9134B4FF43A
S21403E3907A7218680023A5FB0001EDF71BF9C2F596
S21403E3A07A7189B2B1F57A7F08BF0021BDF834309F
S21403E3B0B183F483059A02939DF830301146CDE974
S21403E3C0008330463B46FFF79FFE0446204606B0D2
S21403E3D0BDE8F0812224F9E70224F7E7D0190020EC
S21403E3E008B5084B1B7803F0FF004BB100F023FB86
S21403E3F0054B1B689B69C01A02288CBF00200120AE
S21403E40008BD00BF45280020CC190020C2072DE90F
S21403E410F843044607D5444A136801331360FFF7ED
S21403E420FBFDFFF713FEA3077CD500F041F94FF081
S21403E430000805464646FFF7EFFD3C4F3C680CB127
S21403E4406369A3B100223A4B012E1A7003D118F068
S21403E450020F18BF1E70FFF7F9FD222802D1022013
S21403E46000F0B2F82846BDE8F84300F01CB923468E
S21403E4705A693AB91A792179914288BF1C469B6832
S21403E480002BF5D1284600F00EF92569DDB100F022
S21403E490EEFAA269A0EB02084FEAE873A84573F107
S21403E4A0000311DB23691344A361E36813B1204619
S21403E4B021689847B4F8068000F0FAF80136054656
S21403E4C0FFF7AAFDBAE7A84600F0F2F88146204611
S21403E4D0FFF784FD484600F0E6F82369002BE4D0F6
S21403E4E0A38BB5EB080533B1E28B13449BB2B3F5AC
S21403E4F07A7F0FD2E38300F0DBF880462946204676
S21403E500FFF7D6FDA369226940461344A36100F0D2
S21403E510CAF8CAE7A3F57A73E383A369013D013B0F
S21403E520A361E8E7BDE8F883D4190020CC190020DE
S21403E5304428002010B5044600F0B1F84FF0B0426E
S21403E540936A1907FCD4136A116C5269520604D4F1
S21403E550CA1A032A01D899420ED1E21A022A98BF90
S21403E560DC1CB4F1FF3F38BF013C4FF0B043402200
S21403E5701C6403F580539A6100F08CF8054A1378FF
S21403E5803BB14FF0B041CB6B43F00203CB630023A8
S21403E590137010BD792D002007B5044B01A9187917
S21403E5A000F062F9019803B05DF804FBE8F003009D
S21403E5B000F001038207034A48BF43F04003936118
S21403E5C0704700BF00100058820700F001030AD509
S21403E5D00121064A43F0400311704FF0B041CA6B65
S21403E5E022F00302CA63024A93617047792D002022
S21403E5F000200058830742BF4022014B5A617047F0
S21403E60000100058012070470120704738B5D4F732
S21403E6103DFD0546E5F7B6FE041E18BF2C46FFF77C
S21403E620F1FF002818BF204638BD38B5FFF77EFB3C
S21403E6300446D4F721FD04281ED002284FF0000517
S21403E64008BF0124FBF713FA042817D0022808BFD3
S21403E6500124D4F7CBFA042812D0022808BF0124D9
S21403E660FFF7D2FF04280DD0022808BF0124002D8F
S21403E67018BF0024204638BD0125E3E70125E8E757
S21403E6800125EDE70024F5E74FF4004070474FF40B
S21403E6907A70704710B962B6BFF36F8F7047EFF3A7
S21403E6A0108072B6704780F31188BFF36F8F704780
S21403E6B0EFF31180302383F31188704701224178EA
S21403E6C003788A4030214B4341F2100103F1A04303
S21403E6D003F570335A507047F0B5154649228FB08C
S21403E6E0149C8DF8242004F10C060DF1250254F831
S21403E6F0047BB44242F8047BF9D1247814704FF4B7
S21403E7008074ADF834409DF8544000228DF83640AE
S21403E71004240694169CCDE900150594132404944A
S21403E72009ACCDE902340B4611468DF832208DF83C
S21403E7303350FEF767FF0FB0F0BD30B5C02A93B075
S21403E7402FD0B2F5807F29D0802A2CD14FF4807445
S21403E75080F00100204301901698012502901024B2
S21403E7602120039504940590069301AB079508941E
S21403E77009900A9306AB0B9304230C9311230D9372
S21403E7800AAB0E910F9340F61103D20802A90EA806
S21403E79010921193FEF706FF13B030BD4FF4827448
S21403E7A0D6E70F20F8E72920F6E708B5FFF77EF847
S21403E7B0BDE80840FFF7AEB81FB5079C02949DF866
S21403E7C01840CDE9003413460A4601460020FFF7F9
S21403E7D083FF04B010BD1FB5079C02949DF8184034
S21403E7E0CDE9003413460A4601460120FFF774FFBD
S21403E7F004B010BD10B50446FFF751FF4FF0A84311
S21403E8001A6822601B696360FFF744FF002010BD8F
S21403E81010B50446FFF743FF4FF0A84322681A607B
S21403E82062681A61FFF736FF002010BD10B4044675
S21403E830084611469DF804200192A2685DF8044B31
S21403E840FFF7BABF10B40446084611469DF80420E5
S21403E8500192A2685DF8044BFFF7BDBF8068FEF720
S21403E860C1BF8968FFF769BF09B100F005B8222068
S21403E87070470121FFF754B870B506460D46FFF7FB
S21403E88017FF04461D2E48D8DFE806F00F18471D6D
S21403E89020234726292C47472F32473538473B47FF
S21403E8A03E474744474747474741FEF7C3FD0026D1
S21403E8B028602046FFF7F7FE304670BD4FF4C07061
S21403E8C0D6F790FEF3E74FF42070F9E74FF4407065
S21403E8D0F6E74FF46070F3E74FF40070F0E74FF499
S21403E8E08060EDE74FF49060EAE74FF4C060E7E737
S21403E8F04FF4F060E4E74FF4B060E1E74FF4D06024
S21403E900DEE74FF4E060DBE74FF4A060D8E74FF4B0
S21403E9108070D5E74FF40860D2E700202126C7E7CA
S21403E92010B962B6BFF36F8F7047012070472DE9A9
S21403E930FF410D4616461F460446A8B14FF0000891
S21403E940C0F81C80FFF724FCBDF82C304246029327
S21403E9509DF828302946CDE9007320463346FFF755
S21403E960D3FB04B0BDE8F0812220FAE7F0B50D46EC
S21403E97016461F46044685B090B10023C361FFF7D1
S21403E98007FCBDF82C302A4602939DF8283029460A
S21403E990CDE9007320463346FFF7B6FB05B0F0BD5E
S21403E9A02220FBE7F0B51F46002387B00D46164628
S21403E9B004468DF81730A8B1C3610DF11701FFF7B0
S21403E9C013FC9DF817207AB9BDF834302946029314
S21403E9D09DF830302046CDE900733346FFF794FBAD
S21403E9E007B0F0BD2220FBE70320F9E7F0B51F468A
S21403E9F0002387B00D46164604468DF81730B0B18F
S21403EA00C3610DF11701FFF7EFFB9DF8173083B9CC
S21403EA10BDF834302A4602939DF830302946CDE9B6
S21403EA20007320463346FFF76FFB07B0F0BD222086
S21403EA30FBE70220F9E738B5FFF73AFE054600F094
S21403EA4016F804462846FFF72EFE204638BD4FF03C
S21403EA50B04301285B6904D0022805D1C3F38010B4
S21403EA60704703F0010070470020704770474FF06F
S21403EA70B0439A6A1207FCD4186A70470221012031
S21403EA80E6F72EBC000000000000000000000000B7
S21403EA90000000000000000000000000000000006E
S21403EAA0F8B500BFF8BC08BC9E467047F8B500BF73
S21403EAB0F8BC08BC9E4670475FF800F0412900206A
S21403EAC05FF800F0F92900205FF800F0A12A002083
S21403EAD05B435D20002E2E2F6170702E630025731E
S21403EAE03A2564203A25733A200073630053746111
S21403EAF07475733A202573203D203078253034789A
S21403EB002000417373657274696F6E206661696C69
S21403EB10656400436F6E657869756E65206465731A
S21403EB206368697361210D0A00436F6E65786975C2
S21403EB306E6520696E63686973612E205365207263
S21403EB40656961206164766572746973696E672EA0
S21403EB502E2E0D0A004C4544203D2025640D0A0048
S21403EB604E6F746966696361726520616374697662
S21403EB706174612070656E7472752063617261637F
S21403EB8074657269737469636120425554544F4EB9
S21403EB900D0A004E6F746966696361726520646569
S21403EBA07A61637469766174612070656E747275D8
S21403EBB0206361726163746572697374696361204B
S21403EBC0425554544F4E0D0A00736C5F62745F6F68
S21403EBD06E5F6576656E74002E2E2F736C5F6761AD
S21403EBE074745F736572766963655F64657669637B
S21403EBF0655F696E666F726D6174696F6E5F6F765F
S21403EC006572726964652E6300736C5F6761747402
S21403EC105F736572766963655F6465766963655F6E
S21403EC20696E666F726D6174696F6E5F6F7665721B
S21403EC30726964655F6F6E5F6576656E74004130FA
S21403EC4032425244343331344131302E312E320085
S21403EC5070EC03002100210004EF03000E000E00F9
S21403EC60D4EE0300030003000200FFFFFFFF0000D3
S21403EC70010000000108FFFF0000000080EE030013
S21403EC80020002000108FFFF0500000020000A0042
S21403EC9003000A000008FFFF01000000F02C00201C
S21403ECA004000D000308FFFF03000000020000003D
S21403ECB0050002000108FFFF0500000002000B002C
S21403ECC006000B000108FFFF01000000FA2C0020DD
S21403ECD0070002000108FFFF050000000A000C0001
S21403ECE008000C000308FFFF01000000102D0020A1
S21403ECF0090000000108FFFF0000000084EE030087
S21403ED000A0002000108FFFF0500000002000300DE
S21403ED100B0003000108FFFF0000000088EE03005D
S21403ED200C0002000108FFFF0500000002000400BB
S21403ED300D0004000108FFFF000000009AEE030028
S21403ED400E0000000108FFFF000000009EEE030017
S21403ED500F0002000108FFFF050000000200050087
S21403ED60100005000108FFFF00000000A2EE0300EC
S21403ED70110002000108FFFF050000000200060064
S21403ED80120006000108FFFF02000000182D0020F5
S21403ED90130002000108FFFF050000000200070041
S21403EDA0140007000108FFFF02000000282D0020C2
S21403EDB0150002000108FFFF05000000020008001E
S21403EDC0160008000108FFFF02000000342D002093
S21403EDD0170002000108FFFF0500000002000900FB
S21403EDE0180009000108FFFF01000000422D002063
S21403EDF0190000000108FFFF00000000B0EE03004A
S21403EE001A0002000108FFFF050000000A00008048
S21403EE101B0000800308FFFF01000000502D0020A8
S21403EE201C0002000108FFFF05000000120001801D
S21403EE301D0001800108FFFF02000000582D00207E
S21403EE401E000D000308FFFF030000000101000081
S21403EE501F0000000108FFFF00000000C2EE0300D1
S21403EE60200002000108FFFF0500000008000280E2
S21403EE70210002800208FFFF0700000000000000D8
S21403EE8002000118020000180F00496F542D526546
S21403EE9067656C655475646F7200020000000200BB
S21403EEA00A180C0053696C69636F6E204C616273B9
S21403EEB01000AAAAAAAAAAAAAAAAAAAAAAAAAAAAEE
S21403EEC0AAAA1000F01921B4478FA4BFA14F63FD6F
S21403EED0EED6141DBBBBBBBBBBBBBBBBBBBBBBBB71
S21403EEE0BBBBBBBBBBBBBBBBBBBBCCCCCCCCCCCC04
S21403EEF0BBBBBBBB636032E0375EA488534E6DFB7F
S21403EF006435BFF7002801280328002A012A292A86
S21403EF10242A272A262A232A052A2A2B292B0229AA
S21403EF2076636F6D0000000005000000000000001F
S21403EF3000C20100000500000010000000000000F1
S21403EF40000000002F55736572732F7475646F721B
S21403EF502F53696D706C696369747953747564694A
S21403EF606F2F53444B732F73696D706C69636974A9
S21403EF70795F73646B2F6170702F626C7565746F45
S21403EF806F74682F636F6D6D6F6E2F696E5F706C35
S21403EF906163655F6F74615F6466752F736C5F6230
S21403EFA0745F696E5F706C6163655F6F74615F64E5
S21403EFB066752E6300736C5F62745F696E5F706C58
S21403EFC06163655F6F74615F6466755F6F6E5F65CF
S21403EFD076656E74003F00280029200013B779FA7F
S21403EFE0C925DDB7ADF3CFE0F1B614B801020000D2
S21403EFF000000000FFFFFFFF2000000001000000EC
S21403F00000000000000000000000000000000000F8
S21403F01000000000000000000000000000000000E8
S21403F0200000000000000000000000001FFF0C1E90
S21403F030000003008F1003008B1003006910030009
S21403F04037100300C710030099100300391003009C
S21403F0502C00000002020203000000000201006C04
S21403F0605C4C54801018FFFFFFFFFFFFFFFFFFFFFE
S21403F070FFFFFFFFFFFF000000000000012000006D
S21403F0800020000000000000991403000040025C0A
S21403F090000000000000001001260000040000002D
S21403F0A00000000000010000000000000B0000004C
S21403F0B00B000000020000000000202000000000FB
S21403F0C0030000008C8C3C000000000000000000E1
S21403F0D00000000001030401010109031E000000F3
S21403F0E0150000001A00000000000058120000007F
S21403F0F0DCF003000104100100000005000200001C
S21403F100030000006CF1030044F10300000000005C
S21403F110000000001CF103000000000070F503006F
S21403F12008F5030060F5030018F503002CF503004B
S21403F1303CF503008CF50300FCF3030018F403000E
S21403F14000000000E5410200CCF10300B90D020007
S21403F150000000002799030000000000A93D0200FC
S21403F160FAF10300000000000000000099410200CD
S21403F170CCF10300153B0200CCF1030023990300F6
S21403F18000000000ED370200000000001D99030098
S21403F19000000000F1980300F8F10300793D020037
S21403F1A0FAF103002F9903000000000033990300CF
S21403F1B000000000296C030000000000336C03000D
S21403F1C00000000000000000000000000000000037
S21403F1D04E0C0000000000000000000050EC03008E
S21403F1E00000000000000000040000000000000013
S21403F1F0E2FF50000001000001000400FB000000D5
S21403F20000000000198C0100000000000000000050
S21403F21000000040000000000100000030F2030080
S21403F220C0000000000000000000100020000000E6
S21403F230FFFFFFFF000000010000000000000000C9
S21403F24000000000FFFFFFFFFFFFFFFFFFFFFFFFC2
S21403F250FFFFFFFF00000000FFFFFFFFFFFFFFFFB2
S21403F260BCE6FAADA7179E84F3B9CAC2FC63255160
S21403F2706B17D1F2E12C4247F8BCE6E563A440F2F3
S21403F28077037D812DEB33A0F4A13945D898C29638
S21403F2904FE342E2FE1A7F9B8EE7EB4A7C0F9E16F5
S21403F2A02BCE33576B315ECECBB6406837BF51F5A6
S21403F2B0FFFFFFFF00000001000000000000000049
S21403F2C000000000FFFFFFFFFFFFFFFFFFFFFFFC45
S21403F2D05AC635D8AA3A93E7B3EBBD55769886BC9B
S21403F2E0651D06B0CC53B0F63BCE3C3E27D2604BF2
S21403F2F06BC0BCE12A459991E134741A7F9E1925A7
S21403F300AE2D8A571E03AC9C9EB76FAC45AF8E518D
S21403F31030C81C46A35CE411E5FBC1191A0A52EF78
S21403F320F69F2445DF4F9B17AD2B417BE66C3710CA
S21403F3303FF1CAA1681FAC09120ECA307586E1A751
S21403F3402B7E151628AED2A6ABF7158809CF4F3CF1
S21403F35000000000505341004B45590000010102D4
S21403F360010202030102070B0B0701160C00000142
S21403F37008080000050108FFFF02FFFF0808020255
S21403F38004FF010022FFFF23080F030304040A0AF5
S21403F390030A2AFFFF1419191B011C15120400483F
S21403F3A00C1404131510801A8012808000040301C5
S21403F3B001020404F4010000FA00000096000000B5
S21403F3C0640000004B000000320000001E00000036
S21403F3D01400000000000000500040000800500029
S21403F3E0240004009001500240009001AE0110007A
S21403F3F00F0E0C080C080D18100000000900000082
S21403F400000000000000000000000000A003090642
S21403F410A0870908A08809070A000000000000006A
S21403F4200000000000000000A0010A05A0030A0473
S21403F430A0080A03A0880A08A0060A01A003090078
S21403F44020040A1B2D12020020040A04F9110200EC
S21403F45020060A17C911020020040A1689110200A1
S21403F46062676170695F6275666665727300010044
S21403F47002000000000000000300497253144972A2
S21403F48007FF000102030405FF145300724907CD6A
S21403F490F6000000FB349B5F800000800010000035
S21403F4A0000000004F940300FF72030003BE030036
S21403F4B03995030001020C00000004000000080058
S21403F4C00138020081370200A5D102001B99030010
S21403F4D09B9903009599030041D5020059BE03008A
S21403F4E04F990300979903009999030037990300EE
S21403F4F091990300919A03005199030089320200FF
S21403F500CD980300C398030002000000000000002B
S21403F51000000000000000000400000000000000DF
S21403F5200000000000000000A001040156000000D7
S21403F53000000000000000000000000005000000BE
S21403F540000000000000000000000000A0130500FB
S21403F550A0880A07A0040903A0050902A00609015A
S21403F5600F00000000000000000000000000000084
S21403F5700100000000000000000000000000000082
S21403F580A0010107A0000104020408000600000011
S21403F590000000000000000000000000A0030601B9
S21403F5A0A0090609A0020608A0050607A005060688
S21403F5B0A0070605A0020604A0010610A00806027E
S21403F5C0A00D06000000040205030601070101085A
S21403F5D0090A0000A0015C04A0005C03A0015C0211
S21403F5E0A0035C01A0025C00A0020F09A0030F04A5
S21403F5F0A0030F03A0050F02A0010F01A0050F0033
S21403F600A0040103A0040108A003010601010204EB
S21403F610200C0403FD3602002000040129370200F3
S21403F62020025602D137020020025601A5370200F7
S21403F63020010605BD3D020020000205D13602006A
S21403F640A01201000009007F7CF603000100000FF2
S21403F6505CF603006FC2732408070000E1FE56FF42
S21403F6608DFFACFFC1FFCFFFDAFFE3FFEAFFF0FF3A
S21403F670F4FFF8FFFBFFFEFF000003005200F2FE5C
S21403F680FF0064001E0000007F00F80D7F24FDFFCE
S21403F6903300A80323D6FFFF1B0041010A370000EF
S21403F6A01100B900653B00000B0072001035000026
S21403F6B0070049002F2C0000050037003126000004
S21403F6C00300140057150000F947020041480200E2
S21403F6D0ED4702004D480200354802000B9F030029
S21403F6E0479F0300699F03008B9F0300AD9F0300A2
S21403F6F0395B0200E95A0200F55A0200E55B020094
S21403F700BBA10300939A0300979A03009B9A0300F6
S21403F7109F9A0300A39A030000000000A8010000BC
S21403F720780B002010000000200D0020E1FE0000F2
S21403F73002000080FF7F00000080FF7F0C02524122
S21403F740494C00002000000069530200100000002E
S21403F750E152020000000001000001010001010166
S21403F7603156020015560200218C0200418F02001A
S21403F770718E020020C001B80101020300040001DB
S21403F7801F150F15150F151FFFFFFFFFFFFFFFFFC9
S21403F790FFFFFFFFFFFFFFFFFFFFFFFFFFFFFFFF71
S21403F7A0FFFFFFFFFFFFFFFF00A801A802A800005E
S21403F7B000B801B802B800B0E0290400102A04001B
S21403F7C0F8290400282A0400402A04000304040835
S21403F7D00805000000000000000000000000000014
S21403F7E000000000F8330000E0030000D8370000F4
S21403F7F014000000383E000008000000002F000040
S21403F800F8040000EC37000004000000343E00005B
S21403F8100300000000000000002F0000F037000087
S21403F82001000000403E0000390000000100000017
S21403F830343E0000C1290000D9290000D929000060
S21403F840D9290000D9290000D929000000000000AA
S21403F850000000000000000000000000D92900009E
S21403F860D9290000D9290000192E0000D929000043
S21403F8705523000065230000F1230000392400000F
S21403F880B32400001D260000D3240000BD2600007C
S21403F8901F2500005D250000D52500003128000047
S21403F8A00129000027230000632B00004D200000E1
S21403F8B0812B0000F52B0000D9290000D52C000071
S21403F8C09D2C0000D9290000D9290000212D000015
S21403F8D0D9290000D9290000D92900005D100000AD
S21403F8E05310000067100000711000007B1000002A
S21403F8F08C488068000200D4704780B58020800260
S21403F900A8490860CF2000F045FA01BDF8B586483F
S21403F9100068864C802292032260854E3168090572
S21403F9201DD5110BA023034001D0216017E0024030
S21403F9303FD180277F4A17607F4A1760084038D038
S21403F940784D287A400705D501207C4908600002D7
S21403F9507B4908602878002801D0062801DB0020B0
S21403F960F2BD00F051FB716889684E682978052955
S21403F97007D1B905A1606E60B668CC218901704ACB
S21403F980116000F04AFB012E00DA0226BC20800537
S21403F99085490860942080058449086065480021ED
S21403F9A0C94301647142416481490F60402101608B
S21403F9B0D5E7AE480160FFF79BFF0120F2BD5A482A
S21403F9C00168890504D5C06E0004000F022801D023
S21403F9D0002070470120704738B5802455480460DE
S21403F9E000F012FB05007348006800F05FF928007A
S21403F9F000F013FBFFF77CFF4A48007A000705D5A3
S21403FA00A0004A49086000F0FEFB31BD6003974939
S21403FA100860AD48046031BDFEB50500CC2080010A
S21403FA2093494860012693480660FFF7C8FF0028FD
S21403FA3077D03C4C2078002873D0310201950528F6
S21403FA4002D02A460A406CD1CC27BF01884A1760E9
S21403FA509E4A126853075B0F022805D1022B5ED31A
S21403FA60080137490860F7BD4D01032804D1022B6E
S21403FA7055D933480560F7BD042802D111404ED04E
S21403FA80F7BD05284BD10198002848D0C005C10F03
S21403FA90684641700198C004C10F6846017000F0C3
S21403FAA0B3FA0290606869464978002903D006686D
S21403FAB08021214A11602C04A7496A461278002A3D
S21403FAC00CD0C2680B68D21AA44B1B68234001D023
S21403FAD0066800E04668964200DD160068464078F1
S21403FAE06A461278024308D008684242B01E824231
S21403FAF002DA7042886000E00026029800F08DFA71
S21403FB000198800501D5964804600198054001D008
S21403FB1094480460002E02D009480760F7BDFFF73B
S21403FB205BFFF7BD403E0000400002A8402002A84D
S21403FB30C83E00000CC001A890E001A894D000A81D
S21403FB40505201A838B580248748046001204949EB
S21403FB500860864D2878052802D06000844908602E
S21403FB60FFF72DFF002812D012480068000A8021F4
S21403FB704140A868000EC9B2814208D253480068C3
S21403FB804007400F022802D2FFF726FF31BD79480F
S21403FB900168C0220A4002D1C06F204001D0044849
S21403FBA0046031BD1C1002A808E001A808D001A813
S21403FBB094D001A818C000A8F1B582B00F00802623
S21403FBC0B600A020384002D06B4806604CE000F038
S21403FBD01BFA009069480468F80202D5A068006919
S21403FBE0029000F05FFBB102606800F069F92178CB
S21403FBF020000022491C43788B4200D200211823A0
S21403FC004B43C5180C352B78082BF3DA0C00017020
S21403FC1085605648297801703E4007D057490968E1
S21403FC208968CA68F90201D403218A4382600126DF
S21403FC301046304003D100F0F6FB00F0B4FFF104A9
S21403FC40686900F03DF93C2000F0A4F8E0B200F04B
S21403FC50A1F8009800F0E1F93005474908604848E4
S21403FC6006603002024908600298FEBD401002A8F2
S21403FC704C6201A894E000A810B5424800688005CD
S21403FC8001D4FE2010BDC02080033F49086000F069
S21403FC90BBF93A4909688A78D20702D589688C780D
S21403FCA000E00C7800F0B9F9200010BD334909686C
S21403FCB08A688B78DB0704D5927818235A438A1808
S21403FCC00C32906070470000100002A8084001A89C
S21403FCD0F1B582B02D4F3C680026200F000702D1F5
S21403FCE0E00102902AE000F05EFF00F08DF901903B
S21403FCF080210903606800F0E3F825786D1C6078BE
S21403FD00A84200D20025E80020180C3000900068B6
S21403FD100290802109030098406800F0D1F83D2046
S21403FD2000F038F8E8B200F035F825700098A060C7
S21403FD30019800F072F902A800F09AFF14480068D0
S21403FD40800407D5786901F050FC029908180290E0
S21403FD5000D502960298FEBD48C001A8480002A836
S21403FD60481002A8482002A894E001A8403E0000DC
S21403FD70506201A814C001A8402002A8CC3E00008F
S21403FD8090E000A8400002A8401002A8D03E000061
S21403FD90FC0302A841490968002901D540490860C7
S21403FDA07047F3B581B03F4FB9683F4C4A004CD516
S21403FDB00125090100D5212501003C4A1068566833
S21403FDC022689206920E94463A6893008022134065
S21403FDD062461343802252001A4300920A0023D03D
S21403FDE0890601D5012008E0F021014007D16946C4
S21403FDF0097A0C220A4002D0022000F03FF82C4970
S21403FE00096809040AD53968090701D5022605E0F9
S21403FE103968490301D5002600E003264835009AD1
S21403FE2024490968890003E0009A2249C969090937
S21403FE304023194011439A00002E02D0164326662B
S21403FE4008352166024322662566E06D4407640F83
S21403FE5000F0C4F8A0070BD0052C09D0B86800043E
S21403FE6006D400F0D1F80221134A116000F0D5F849
S21403FE7000F0BDF8002000F001F8F7BD0B490A6852
S21403FE80F0239A43000110430860C0B270478020F5
S21403FE90C0020A4908607047000000004C0002A830
S21403FEA0884000A8440002A8284000A8683F000035
S21403FEB0384101A8084001A87CD40350485000A844
S21403FEC080B5664A116001F0BBFBFFF7E0FF01BD9A
S21403FED0FEB500F099F802901020614908600023EF
S21403FEE0604803600220604908606048C0684005B7
S21403FEF0C20DD52A01D2D52204E0D1204000824289
S21403FF0000D9020010000100594C0194843C246877
S21403FF1064011DD5574C0094251D574E3678062789
S21403FF207E43AA530024019D2D7CE540ED070CD5A6
S21403FF30009D06266643AD19AD888FB2BD4200D23A
S21403FF40290086B2AE4200D22800641C022CEAD3F3
S21403FF5089B246310904494C0C404638C005C00DE9
S21403FF60204342490860C0200006454908604048CF
S21403FF70017D00290CD04349D52A02D98024E40503
S21403FF800C60D1246400A24202D2802424060C60B2
S21403FF9010213D4C21603D490B604188002900D16A
S21403FFA00280029800F039F8F7BD80B53848394921
S21403FFB008603948C1680902090A19225143416099
S21403FFC005210160FFF784FF01BD33480068C003C5
S21403FFD000D4704780B5FFF77BFF01BD8020C002C9
S21403FFE01E4908602D4800684007FBD470478020F0
S21403FFF0C0022B490860704701E02A4908602A4975
S21404000009680140F9D17047284800682021284A29
S21404001011601021274A116070473021014002D137
S21404002010202349086070472048006830210140AA
S214040030102901D101207047002070471E4800781F
S2140400400621014007D01D480068022803D0032873
S21404005001D001207047002070470000401002A81D
S214040060F41302A8048002A8409002A87C40005022
S214040070743F0000643E0000603E00000000FF0184
S214040080A0600050A4500050F42302A818E000E03A
S2140400907F1A0601500002A810E000E0400002A803
S2140400A0402002A8282002A8280002A85C0002A873
S2140400B05C2002A85C1002A8BC3E00006C3F000056
S2140400C0F8B553488021490281610221514A5160A2
S2140400D00021514A1160514A118003214D4A116092
S2140400E00221016020204E49086080204D490860A6
S2140400F0CC2080014C49086001204C4908604648E1
S214040100806F00900F24070B274049480068C505F8
S214040110ED0D103DC0202843C0B2FFF73BFE3E481D
S214040120006980030AD5092F08D0FFF787FF002847
S21404013002D040480068804701F0D8F80098044090
S21404014000943D4804680098032803D0022806D18A
S214040150032F3AD000F002FA0098032803D0062FA3
S21404016033D1062D31D0354800680104C90F01D0BB
S21404017001F084FB32480068000109D5052D07D13B
S214040180012501202F4908604005FFF735FF00E0F0
S21404019000252100380000F0E3F904002A4E002D63
S2140401A006D000F089FB0120306002202749086051
S2140401B0802080037065800925490860FFF73EFFAC
S2140401C0002802D02348006880471248802149024C
S2140401D0C161002F08D10221416000200E49086148
S2140401E0C020C0001C4908602000F2BD80B5FFF79F
S2140401F0F5FE1A480078800602D4022018490860E2
S214040200FFF7F5FE01BD022016490860704700009E
S2140402102C1002A8282002A8340002A8743E00006D
S21404022094E001A80CC001A8506201A894E000A8BC
S21404023004ED00E0E8370000B44000A800E200E067
S214040240F03E0000645000A8646000A82C4000A89B
S21404025080E200E0E43700002C6001A8C83E0000FD
S214040260081002A8082002A87B480068800700D46B
S214040270704730B581480421904A0123E024E40005
S2140402808568254002D01360D160D36000680440BE
S21404029002D013605160536030BD894801218160EB
S2140402A00160704710B5012075498A680240FCD188
S2140402B0844A0423D3600C680440FCD15360106065
S2140402C010BD814908680122104200D1704710B55C
S2140402D0E023DB000340FF24A41CA34204D37B4B8F
S2140402E01B689B0600D54868024001D000F0B6F8AB
S2140402F010BDFEB50700C82075490860062075497C
S2140403000860802040037449086074480168744A91
S2140403100A408021090111430160724CC020C000CC
S21404032020600225A56168036F4908606F4E704817
S214040330F0664C206F49C86638686F498968814200
S21404034001D2009100E000900099401A3860012123
S214040350380000F055FB0190386800994018386062
S214040360FFF782FF634800686349086063480168D2
S214040370490601D5624900E06249316701990029BE
S21404038008D10321E16100683068054002D080206E
S214040390800220610198FEBDF1B55B4C8020C0014F
S2140403A020605A4D0126AE62594F3E601D202860DB
S2140403B056206866072001F009FB02202860062103
S2140403C0296654490968002902D408212966696601
S2140403D051492965C021C900504A1268F823DB0137
S2140403E0134001D1A96700E07961E16B314008D080
S2140403F0216BC90705D44A490968084001D101F0B0
S214040400EDFA484848490860206B064001D1FFF7DA
S2140404102BFF009801F0C8FA206B8001FCD4206AF8
S21404042042490860F1BD30B53748414B0121026BA3
S2140404300A4001D15961D9603E4A3F4C54663F4C4C
S214040440146503241C600023CE4D2B601460916257
S214040450C903016030BD00004C0002A8F021090168
S214040460374A116001403748016020203649086049
S214040470364909680840C849086070476C0102A8F4
S214040480700102A880B532480821324A13680B402E
S21404049001D0016141611178C90602D5862109019E
S2140404A00160FFF70EFF14202B490860BB48016863
S2140404B0490701D0FF21416101BD0000681102A86F
S2140404C06C2102A8682102A8783F0000400002A818
S2140404D0548001A80C9001A8942002A8680102A8E0
S2140404E0FFF1FFFF441102A8A01002A8E40002A82E
S2140404F0294E0600300002A8A03F0000FC0302A814
S214040500CC3F0000C43F0000100002A8E01002A880
S214040510442102A828C000A80C1E0000A88001A838
S214040520483E0000FFFF7F7FB46000A89C3F0000A9
S214040530602102A8E02002A85E060000041E000057
S2140405402C6001A82C5001A8442002A8084001A849
S214040550301102A8F84F0000703F000070470000FA
S214040560F8B586B005000C008D48866AFFF74CFD8A
S2140405700590B00503D58B480068FFF797FB00206D
S214040580019001227306DB0F87498F688860B820C4
S2140405904000864E30606608B82030400978F02661
S2140405A00E40402E02D10100402008430D2D02D1FA
S2140405B0390004270F43790704D5010014200843A3
S2140405C010218C437A4909686D462A700493050005
S2140405D0784EC80506D58020400077490860280074
S2140405E0012505430498002811D10C20284008282A
S2140405F00DD028006A49496BCA0601D410229043DC
S214040600890601D420218843B121014067D0684679
S2140406100078002865D0B26BB06D01210123520723
S214040620520F921D9340C004C00C181A80B20828BA
S21404063009D2802506205A4A106008049D4A106094
S21404064000206A461070812028404DD00820049A65
S214040650002A00D130623A0008271743102084434A
S214040660042003900005984A10604008974A1060DA
S2140406709748016068460078002832D00398062818
S21404068038D39448806BC00634D593480068000E6F
S21404069001909048006880B202908F48006A000675
S2140406A004D002988021490101430291FFF7C6FC59
S2140406B0002809D089480078C00605D00298802111
S2140406C0C901014389B2029102983061029800126E
S2140406D0306137480168C80500D57AE70AE0082083
S2140406E030620094049732E090A06906C90E405C1C
S2140406F00390BFE70094049703982949CB6A764A87
S214040700126834686F463C8128241C400443980CC5
S214040710C00120431C001B0E234010242340034327
S214040720900040221040184302AA9070086B000AFA
S21404073002A9C870FFF7A0FA02A9087101984871C7
S21404074067480068C8800298F0660398F0660598C3
S214040750FFF763FC08240098400601D55A488460D5
S214040760FFF76CFC002805D05E480078002801D00E
S2140407705D4804600498C1B2E8B2FFF712FB009823
S21404078007B0F0BD400102A8081A03D25749096809
S2140407904018401C70470000441002A80C4000A8F3
S2140407A0180002A81CC000A8683F0000B46000A897
S2140407B01C0100AA540000AA1C2100AAF8B54C4E3D
S2140407C00F2401254B491027706B38401BD001209D
S2140407D008704948006849490968FFF7D5FF484941
S2140407E00968401801284BDB01F0A4F9454909685B
S2140407F0090B0C40022C41D16905434A1160434958
S214040800CF6335603AE0F06BC0001ED54048006800
S214040810E0218905014033D03A4D28682103014080
S214040820780281422CD1FFF7EFFB3A4A3A4909682D
S214040830C90502D53949096811602968090B2140A0
S2140408400229F3D0FFF7E9FBF1BD354E30680028E6
S21404085016D00D7001F0A8F8002811D101F06AF93D
S21404086028490968090B0C40022C07D12904264A9A
S21404087011600221254A11600021316001F05EF901
S214040880F1BD80208004274908607047802040041A
S2140408902449086070478020C004224908607047D5
S2140408A0802000051F4908607047802040051D49C8
S2140408B008607047141100AA1B480168490701D054
S2140408C0FF21416170470000401002A8205001A893
S2140408D0006101A81C4000A8084001A8C43E00000E
S2140408E0448001A8F0370000845000A838C001A84E
S2140408F0100002A8773E00001CC101A820C001A871
S214040900E03E0000AC0002A81C1002A8082002A8C2
S214040910204001A8800000AA084000A8904000A833
S2140409204C3E0000382002A80C4000A8030107062D
S2140409300301070605010606050106060302070667
S214040940030207060502060605020606FF2807D068
S214040950032805D2A9490978C140C807C00F7047C3
S21404096000207047F0B5802000020821A44A1160D8
S2140409700A230121A34A01249C400443B6A5ED5C46
S21404098025439560F025A04E35609D4DB5A6F65CD2
S214040990022737432F6004262E609C4D2D680D4099
S2140409A006D1CD026D1E03D0966C3603FAD401E050
S2140409B00220F0BD956CD66C6D036D0BAE4200D272
S2140409C020005B1ED7D508238F4C23609060904B85
S2140409D01B685B0112D58F4C63785D1C01262E4084
S2140409E066701D000626754365191268AA80E8809D
S2140409F02370824802789940114301700020F0BDAC
S214040A00F1B582B0FFF749FC002481480068400134
S214040A1002D4012001901DE07F48826B00207D49AE
S214040A20C3B206256B43CB189B8895B2AB4204D061
S214040A30401CC3B2022BF3D3FF20087001200190A0
S214040A4073480068400105D50878FFF77FFF002843
S214040A5000D001947148006871498861714D02980C
S214040A600068296D4618002E15DD00F072FD28601A
S214040A70C001301A00280EDDFFF714FC00F093F8CE
S214040A8002980068296D401800F08EFF050002D019
S214040A900298046085E0644E802080003060604ADE
S214040AA0106807282ED005210840052805D01160B7
S214040AB00C2000F08BFF050073D15C4D5C48286267
S214040AC0FFF7F0FB02202860E020C00259490860C6
S214040AD0000259494860802080047060022030601B
S214040AE0012000F073FF802040002862022000F0FE
S214040AF06DFF902040012862022000F067FF8020EE
S214040B00C00028624D4EE02040003060042000F013
S214040B105DFF05003CD10220474908608002B062B0
S214040B20C001B06210203C4908600127F7654026E2
S214040B304348006830401BD135480068400113D54F
S214040B40344800786946087068460078FFF7FEFE69
S214040B50002809D02F4869460978062251434018D0
S214040B60C0882D49086403E0FFF7FCFE05000FD19A
S214040B7029480760C467022000F028FF314C26602D
S214040B80B0002060022000F021FF8120C002A06295
S214040B900198002805D02A480068800101D4FFF790
S214040BA014FA2800FEBD70B5FFF777FBFFF77AFB53
S214040BB0022619480660244DF0022862C4082C62F6
S214040BC0012000F003FF600828622E601F48286298
S214040BD0E02040001B490860174D2E60FFF7FEF921
S214040BE01B4E3078002800D005200D490860FFF71A
S214040BF0FEF92C6017480068706370BD843F0000DF
S214040C00889001A8448001A888A001A8140002A81E
S214040C10F03E0000603E00000C8001A8F80302A825
S214040C203C0102A88C3F0000941002A83C1102A8C4
S214040C30BD080000142102A8942002A82C9001A844
S214040C404C0002A82CA001A83C2102A8FD680000C4
S214040C50603F0000300002A8000000010102040802
S214040C6010202000505050404040403020202000AB
S214040C70F8B50400FFF716FB2948C021C900294A25
S214040C801268F823DB01134002D1274A116000E002
S214040C90016000942549AC2252008A640A220A6044
S214040CA02349802252030A60224C626A224B134074
S214040CB08022D2001A4362628022226002224260AC
S214040CC05003C8601D48E0601D4E4C20F0661D4D64
S214040CD068699621C901471800980068874200D3BE
S214040CE00700C01B0099086000210098FFF788FEE3
S214040CF000990968C919009A116031682960124977
S214040D000968490601D5114900E011492161F2BD7F
S214040D10802000010F49086000010F4908607047F1
S214040D20582102A8AC8001A8581102A80C8001A87A
S214040D30941002A8440102A8FFF1FFFF286E0600E3
S214040D40300002A8903F0000FC0302A8CC3F00003D
S214040D50C43F0000401002A8685000A8F1B584B053
S214040D60B44800680390B448006B9621C901401843
S214040D700499884205D2081A00F016FE002800D00E
S214040D8013E2AE4C6068C00700D50EE20420AC49FE
S214040D9088628003AB494862AB480568606B860787
S214040DA0B60F032E03D01020A549886224E0084617
S214040DB0802189024162A16B890601D5012062E087
S214040DC0290610D5A26B02210A400CD19F4A05239E
S214040DD01360A36B10273B40194311600021116078
S214040DE0616B090A116004218162A06B002803D597
S214040DF0C803934948620026606B400705D5606BBC
S214040E00C00080214900084003E08B488068C10781
S214040E1001D5FFF723FB0122154008D0B748B101DE
S214040E204018006AC004C00C401EB5490860002083
S214040E300021B44BDB6E1B0417D5B34B1B68002B89
S214040E4013D40121AE4B5B69002B0ED0AF4B1A7046
S214040E50AF4A10601022AF4B1A60CA06AE4B9A67B0
S214040E600723AD4D2B60AB4B5A65AC4AC0239B00A1
S214040E7013603502002901D0190000E02900CC4E89
S214040E80316053607560E16B942292050A40150048
S214040E9000D0012580263602284300062CD06A4856
S214040EA02821405CC0210140402902D1FFF79EF969
S214040EB001E0FFF7A8F9202020602D0600D174E198
S214040EC0944D606B400708D570085E49486202205E
S214040ED0686000F059FA002806D004205849886251
S214040EE04002584948626E6057480078000600D4AD
S214040EF05BE130015249FEE00125606828405AD182
S214040F00AC480068C005400F022803D0032801D06F
S214040F10062802D169464D7005E0002069464870EF
S214040F20A548A6494860680446498862FFF756F80B
S214040F307348406EE16B0E4008D1C00606D5FFF735
S214040F4063F802219E4A1160FFF767F8FFF74FF82F
S214040F50280320609B4EC020000670602804974932
S214040F600860606B4007C10F684601703020039923
S214040F7049072CD54021A24A1162904F490139668F
S214040F80032191640021116030607D6580207060CB
S214040F90062000F01BFD00280DD12802F86602206A
S214040FA000F014FD2802974988661820706008200F
S214040FB000F00CFD002800D0F7E024207060E0204C
S214040FC0C0029049C865A020C00238666FE0E16B95
S214040FD0C90246D5BE4949680902090E0191490964
S214040FE0022901DB884A01E0B322920001993029E4
S214040FF037D311490B88E72B33D395277F00BB42A1
S21404100005D8FB1A1B095A43920A534204E07F4F41
S214041010DB191B095A43930A5BB2019AD2180F6B69
S214041020BC46CF6B7B436746FB180B639F2A0FD3E4
S2140410309F2210E0FC0302A8743F0000100002A8E0
S2140410401C2002A81C1002A8C83E0000E40000AA47
S214041050202A00D821221102114312040A432949E6
S2140410600A606749AA020A629A4A8A6414220A60D3
S2140410703060524F7D65E020C0026249C865A8030F
S214041080B86640027060062000F0A0FC002833D149
S2140410902D06FD66022000F099FC5A48856668090C
S2140410A07060082000F092FC002825D175600320AB
S2140410B000F08CFC88481849886700F04AFA874D87
S2140410C0401DC001296B401801908548406F80215F
S2140410D0C9010840029008468249086001980499AC
S2140410E088421FD20846296B401A00F05DFC00288F
S2140410F016D002987C49086057E000BF0C0000AA8E
S214041100204000A8CC4001A8784201A8763E000002
S214041110703E0000645000A83C6000A8046100A86B
S21404112004980190206AE86204270398384001D0A6
S214041130402002E0F8057060C0087060012000F0EE
S21404114045FCB8011D490860019800F02DFC8A4E44
S21404115068460078002805D161480068F0613805C3
S2140411608649086002986049086085488549086091
S21404117024487902416669464978002900D1076007
S214041180206A686268460078002808D0012000F0CB
S2140411901DFC3078000602D5780492490860E06B9E
S2140411A0C00202D54A480068286305B0F0BD00BFF7
S2140411B0045100A8204001A8040000FFB41002A8AF
S2140411C07CE40350441102A810B5FEF71DFF8649BF
S2140411D000240C600A22CA61FEF71FFF8348C02160
S2140411E08902016082494160824810210160C90574
S2140411F041654020804908608048047010BD0000A6
S214041200400102A8B82002A833070000D6FEFFFF5C
S2140412107B48406B800300D47047F8B5794804686F
S2140412200027002000257849E20706D5C020800262
S2140412308025ED03EA0A0A6003E0A20701D403202E
S21404124040252843C862012000F0C0FB80204000EF
S2140412506E49086708206E4908606E4909680902E5
S21404126003D46D4909680140FBD0012000F0AEFBB1
S2140412706A4EE00702D5802080043064356404207A
S21404128000F0A4FB600702D5E020C002F0606448CA
S2140412903064012000F09AFB62483064C3200006E4
S2140412A030645A488021490201671021B1638902DB
S2140412B071615D490F60012232603022F2638F62F1
S2140412C0802189014E4A116009010160F1BD0000C8
S2140412D0F83F0000F3070000FFFF7F7F743F000025
S2140412E020C001A894E001A894D001A8F8B54F48FE
S2140412F000680D2707400424002F00D104274C481B
S2140413001025660308214B4A4B4B1B682340126882
S21404131014D04260394004D00220FEF7AFFD47489F
S21404132006603C4007D046480068054344480560CC
S214041330B008424908600220424915E0026039407C
S21404134005D00220FEF79AFDA0023C4908603C4006
S21404135006D03B4801680D430560700937490860AC
S21404136038480660300329490860FFF751FF00211A
S2140413700020FEF716FDF1BDC83E00001C1002A8B2
S21404138003000300482102A810B580202E490A68ED
S21404139002400AD02D4B1A680624144005D15C6E10
S2140413A02B4A22401B6D9C0101D5002010BD096804
S2140413B008400DD02748824203D1180501D50120E4
S2140413C010BD25480068C107C90F481E8041C00FDC
S2140413D010BD22480321C163A82181631021016046
S2140413E0704700001C2002A8D80000AA402002A8CB
S2140413F004000080646000A82C4000A8763E00002C
S214041400100002A8FC0302A81C1102A8442002A88B
S2140414104C6201A8C44001A84C4201A8082102A8B5
S2140414202400000198008800600102A8B44000A8C7
S214041430E83E00001CC101A8440002A8401002A80F
S214041440683F0000685000A8400002A814C001A825
S2140414501F1F0000010C000030C101A8082002A8CC
S2140414606C4800680121084209D16B4A12686B4B2C
S214041470000C1840F03291400B40984201D00220F4
S214041480704700207047F8B507000F386A4610808A
S214041490604CA0680A0004D16B461B8882B29A424C
S2140414A03AD200226B461A80012502263A0013D04F
S2140414B02268324007D000292ED059480088401CA4
S2140414C05749088000203900E16056490E6080B212
S2140414D0B84201D369460D805348456000E030BFEA
S2140414E02068304003D1FFF7BBFF0028F7D04D48F3
S2140414F04560390010D02168314005D048490A8833
S2140415006B461B88D2180A8006600020E060A0683C
S214041510B84201D244480660FFF7A2FFF2BD38B5D0
S214041520050000F007FB0400012199204543A809A3
S2140415303E4A12688018123880B2FFF7A4FF0500EE
S2140415408020C0013A490860200000F0F7FA28001D
S21404155032BD334803883549096802889342F9D175
S214041560100408187047FEB51238070C6946088040
S21404157000F0E0FA0190274C294D2888B8421ADA80
S21404158001202C490860274E30BF02202168014004
S21404159006D030604003264908602888401C28800E
S2140415A0FFF75EFF002802D12988B942ECDB01214F
S2140415B0716000280DD12888B8420AD1A06869460F
S2140415C00988884205D2002168460088FFF75BFF39
S2140415D001E0FFF745FF04008020C00114490860BD
S2140415E0019800F0ABFA2000FEBD10B512490A6857
S2140415F00E4B1B680C689442FAD0DB014033141A75
S21404160002D288692418641C0C4800684443181BDA
S21404161010BD0000280002A804ED00E0FF3F000013
S214041620743E0000282002A8281002A8300002A851
S21404163080E200E02C1002A820C001A8B43F0000FD
S214041640F0B502E00A601C602E607EC84F1C07D00E
S2140416505F1C04D06F1CF5D10A601C60F0BD0A60E4
S214041660F0BD000080B5FEF709FC01207F49086044
S21404167001BD80B5EB2000F001F801BD30B57C4912
S2140416800B6818401022134210D07A4B7A4C246808
S214041690224008D0A84A14682402FF252D022540BB
S2140416A0DD6200241460802252031A60086030BD94
S2140416B0F3B5010016001C00002500959F48019A0A
S2140416C0330000270BE0BC464F5D4743AE009E59EF
S2140416D07E40575D47433740664637436D1CA542F8
S2140416E0F1D3390939438A080A435108114308409B
S2140416F0C10901430F208A0B0A4302405040F6BD3D
S214041700F1B582B00E0000208B490860FD25AD01BE
S214041710EF7AA87A01900F21394000910ED00B463B
S214041720874A88490298FFF7C3FF01990140824817
S2140417300160854841438548084001D1012400E002
S2140417404401380915D032003B0929000298009E4E
S2140417506D7A75194019FFF7ABFF0199091101401D
S214041760754802680B0113430360002901D0480042
S214041770444377480068204001D10420FEBD002081
S214041780FEBD80B50A000021118072495288801877
S214041790FFF7B6FF02BD70B50F226F4B5C79057874
S2140417A00F202040C5402009284001259C79C440CC
S2140417B02C4001D1032070BD2F4C2468254005D051
S2140417C09D684600AD5B6D1E644E3560DD78DE793F
S2140417D0C640F00711D5E0060FD5002D0DD06048A1
S2140417E048600888488008881C7800192A408018B1
S2140417F05A7880182A09801800E000200880002003
S21404180070BD80B557480168574A0820014201D088
S21404181050611061C90602D5862109011160534939
S214041820534A126812040CD5524A1268530401D55E
S214041830C00305E0C0239B0113404202934200D03C
S21404184008600D480078C022024002D1802040057E
S214041850086049480068202210400860474800682D
S214041860C00101D4FFF705FF01BD00002C4000A80D
S214041870703F00001C1002A8C83E0000F8B5404F98
S21404188038687E6806403F4830403F4908608024F8
S214041890A4033E4DF00227D53D48016801200A0600
S2140418A005D53C490968A9602870022014E0014265
S2140418B002D03949A9600FE00020C9060CD5284992
S2140418C0A960364A91780B071B0F12789A180909F3
S2140418D05118A980E880A888A880A888002801D084
S2140418E0264301E0FFF7C5FE264023D0264E74604B
S2140418F03460A88800280BD0F969814208D3291DD2
S2140419002748AA6890470100F3D0FFF7ABFEF1BD65
S21404191001000CD0FC218902B161224902038A61CC
S21404192034604C60FA69824204D30C60F1BDEB204B
S214041930FFF7A4FEF1BD0000503E000001010101C6
S214041940F83E0000383F000011110000218400001A
S214041950F43E0000183F0000483F0000204000A866
S214041960531F0000F84F0000302102A8441002A8BC
S214041970384101A8204201A8084001A8CC4000A88C
S214041980B44000A8FFFFDFFFB46000A8543E000088
S214041990C83E0000EC370000671F0000493F000007
S2140419A0D44000A8B45000A810B5C409FFF7D1FD70
S2140419B0201A312806DAC000183801D4C01EFDD516
S2140419C0002010BD2000FFF7CEFD10BDC321484304
S2140419D06F3801D41E38FDD500207047FEB5C020F0
S2140419E0C0043649086036483649C8651024364867
S2140419F004601020FFF7EAFF00285ED1FF200005F0
S214041A003249086032483349086033482D49086033
S214041A1025042E480560314807680820FFF7D6FFDE
S214041A2000284AD108262E4806600120FFF7CEFF7C
S214041A302A48806802902B4806602B482149086093
S214041A40224805600820FFF7C1FF002835D1244846
S214041A5006600120FFF7BAFF204DA86801902148D0
S214041A600660184E214830600299019800F046F846
S214041A700104FC208003084000900298C10B0198E2
S214041A80C00B00F03BF80006FC21890501400098D5
S214041A90014317480A0C4240FF239B1CD2181040EF
S214041AA0084330602F60E00308490860286828600F
S214041AB010480460104981640020FEBD20E000A8A0
S214041AC0F71700002C0102A8401102A8B02002A8B3
S214041AD00000380EB01002A810103030E04001A804
S214041AE0E05001A8E06001A830301010202020202B
S214041AF03F3F0000402102A8F7FFF00010B549045C
S214041B00CA104004C310991A00209A18D30F9A18C2
S214041B10521052188B115B0E5B18DB11D21820235F
S214041B20541A01D422001843CC0F611849105B08DC
S214041B30F6D110BDEFF3108072B67047002800D1BE
S214041B4062B6704780B5FEF779FA002802D0B74827
S214041B500068804701BD80B5FEF7B2FAB448006855
S214041B6000030AD4FEF7FAFCFFF752FBFEF75BFC11
S214041B700120FFF729FBFFF716F880208005FEF703
S214041B803BFA01BD80B5FEF79BFA80204002FEF7C3
S214041B9033FA01BDF8B5FEF721FA05209749086027
S214041BA0FEF725FA964806680124264201D1FEF778
S214041BB074FBFEF785FA9F48016800919E4A4068C8
S214041BC01060B105C80F002126420FD000919B4B30
S214041BD05D6815601D689A4A17687B1BBD4202D370
S214041BE09769DB195B1C974FBB42F5D3964D29606A
S214041BF0002804D031000098FDF7DEFF0090286826
S214041C00204004D16846FEF774FB002802D10098F1
S214041C10FEF7C2FBA94804606004FEF7EDF9F1BDC7
S214041C2038B5A74CE06BC00506D5802000062060BA
S214041C3000BF00BF40082060FEF724FCFEF740FA11
S214041C40FDF764FE05009F489F490860FFF77AFF8A
S214041C508020C002FEF7D0F9002D01D0802020603D
S214041C6001209A49087031BDF8B5FEF729FA984F55
S214041C702C20385C0521014002D0FEF7B7FA01E0BB
S214041C80FEF7C1FA8E4C0225F86A284001D00120DE
S214041C9020601020C0438F4908600026A6638E4843
S214041CA00660FEF7CBF9002803D08C48006880470E
S214041CB000E03E60FEF792F989480068E16B09048B
S214041CC007D4000705D5FEF79FF986490D60FEF791
S214041CD0A4F9FEF78CF9FFF794FDA804FEF78CF937
S214041CE0F1BD80B5FEF7ECF951480068000303D453
S214041CF0FEF799FBFEF757FF80204003FEF77CF9BA
S214041D0001BD38B5FEF7DCF96D4C2025FFF73CFB2A
S214041D10002806D0206B000704D5FFF75AFBFEF711
S214041D20F7FF2560FEF77FFBFEF73DFF6E48007861
S214041D300C210140042902D1FEF758FA01E0FEF70F
S214041D4062FA6804FEF758F94020206031BD1CB5DD
S214041D50FEF744F9052029490860FEF748F9FEF71E
S214041D60AFF9FFF736FBB848006800906846FEF700
S214041D707FFF0400FFF7E6FE002C02D10098FEF772
S214041D80EDFF80204004FEF737F913BDF8B5FEF7E3
S214041D9097F9AE4C256A5020284002D0FEF726FA62
S214041DA001E0FEF730FA464FFFF7EEFA00281BD1A3
S214041DB0786B40071DD4386BE0214901014018D1E7
S214041DC0A80611D4FEF70AF9256AA14E354207D0B3
S214041DD0FF20C0432D182562802000059D49086019
S214041DE0FEF705F92E4002D00120386001E00020FD
S214041DF0206080208004FEF7FFF8F1BD3C1102A8A5
S214041E00400002A880B5FEF75BF9934800684006D8
S214041E1001D5FEF708FB0120FFF7D6F9FEF7C3FE4F
S214041E208020C004FEF7E8F801BD0000DC3700009F
S214041E300C0002A8B83F00004C3E0000D43E000050
S214041E4020C001A801FF0000483E000010B5264847
S214041E500468FEF735F981490968090328D4032183
S214041E60C00601D5214001E0A0080140012902D1A5
S214041E70FEF7BCF90BE0200107D50E20FFF7F2FBB6
S214041E80A7480421016008210160FEF7BCF9A54CAF
S214041E902069A5490860FFF755FE2068002807D08A
S214041EA04000122802D2FFF791FD01E0FFF737FB4E
S214041EB080208003FEF7A0F810BD0000402002A892
S214041EC0100002A870012000B46000A8773E00004D
S214041ED0C43E0000442002A8503E0000E037000044
S214041EE0844000A87CE40350F03E0000F8B584B0BB
S214041EF001266846067000270297FEF7E1F803906D
S214041F00564C2068000300D597E00320A849C86310
S214041F1086480068FB25AD010F210F220240032AE4
S214041F2003D0000B014006294DD1A2480068A249FF
S214041F308E6DE16B890701D59F49CE6DFFF755FB82
S214041F408619FEF77BF800280ED02879C1060BD038
S214041F502868090D4143890B7618974909680029B2
S214041F6002D10002400C3618002E01D5019700E07D
S214041F700196606B0107C80F03212A6B0A40022AE8
S214041F801BD1039AD20618D5AA68D30513D5A66B17
S214041F908A4B1E409E4203D11021854AD1630CE031
S214041FA092050AD4E26B2823134006D16B461F70B1
S214041FB0284A116001E06A4617700290684606785F
S214041FC0002E03D10FE07C48406D0190FFF7DCF94A
S214041FD0002808D0FFF7FDF90298002802D0FEF783
S214041FE097FE00E00026022071490860002E10D0FB
S214041FF03020285C0C210140042902D0A06BC006C6
S21404200002D5FEF7F3F801E0FEF7FDF82020606045
S21404201013E0FEF708FA802000060E4908606848B8
S2140420206849086001A8FEF723FE0400FFF78AFD4E
S214042030002C02D10198FEF791FE80200004FDF7E3
S214042040DBFF05B0F0BD0000CC3F0000D03E000032
S21404205000FFFF00441002A8440102A80C0002A8D6
S214042060FEB500240194FEF72BF8FFF76BFD564EE1
S214042070F06E564D0007000F072807D17068002839
S21404208004D40020FFF7A0F8286841E001210320CB
S2140420904F4A73685B070BD44E4B1B680B4007D044
S2140420A01368DF050BD55B0502D43368DB0503D460
S2140420B00191916A890904E01021474B1960916ADD
S2140420C00909084000900020FFF77EF800980028D1
S2140420D005D17068C00602D4FEF795F801E0FEF755
S2140420E085F800200199002903D13C480068FFF7D1
S2140420F07CFA6969401801D5009400E000906846AF
S214042100FEF7F7F8002805D10098FEF745F9A86908
S2140421100549086080200005FDF76EFFF7BD000046
S21404212080E200E0AC3F00004C3E0000AC0002A899
S214042130F8B5FDF7C5FF002400252948066B80275F
S2140421407F05300606D5300709D5FFF742F9FEF7B6
S214042150DFFD29E001251F480068284019D000202B
S214042160FFF732F80220064002D01E490C60C86110
S2140421701D480468002D03D02000FDF7A9FD0400C7
S214042180FFF727F92000FEF7E9FD3800FDF734FFD6
S214042190F1BD16480078C0210140402902D1FEF75F
S2140421A025F801E0FEF72FF820200D490860ECE73B
S2140421B0082002A80CC101A86C3F00001000001003
S2140421C0FFFF7F7FB46000A8400002A8BC3F000069
S2140421D0C83E0000B44000A8441002A81CC101A8D0
S2140421E0100002A8180000AAD83F0000F03E000025
S2140421F000F03CF802480349486000F052F800BF7B
S214042200732A00000000000080B5EFF305800B2859
S21404221001D23A2100E02921FF221632002000F0E4
S2140422203FFAFEE710B5C20018231340FF249C4073
S214042230E2438907090E9940030004D470489B08BA
S2140422409B00C01806E0AD4B0007000F0838800856
S2140422508000181803681A401143016010BD80B549
S21404226073225421002000F01BFA01BD10B5FFF7BD
S21404227061FC0121634A1160634B644A1360644A3B
S21404228013600323634C2360634C2360634B196021
S214042290634B19608023A44C2360D160FFF74EFC87
S2140422A010BDFFF747FC05000024012160B2FFF7CC
S2140422B0B9FF641C0E2CF8D301210F20FFF7B2FFE0
S2140422C001211120FFF7AEFF01211320FFF7AAFF1B
S2140422D001211720FFF7A6FF03210120C043FFF7C3
S2140422E0A1FF01211B20FFF79DFF73487349086077
S2140422F07348C16AC16201680160022071490860BE
S21404230001208A49086047046F4C20693840FCD095
S2140423102068800101D4FDF748FE2800FFF70EFC74
S214042320774D0AE000281BD0FDF76EFE18E0206902
S2140423303840FCD03000FFF701FC206E0004000F8C
S214042340022801D1FEF73AFAFFF7F4FB0600FDF780
S2140423506BFE0028A878E5D0002801D1FDF75DFEC5
S21404236001206978002909D12978002905D1704906
S2140423700968890601D45349086030BF0021697092
S21404238029780029D6D102214E4A1160674908608F
S214042390CDE76848016842680A40674810401B4910
S2140423A00860800703D5A4480188491C018070474B
S2140423B070B56248016840680840000E000660492F
S2140423C080221205104218D05E4B1C68641C1C60E8
S2140423D05D4C5E4D2D682D0407D5A568002D04D0F0
S2140423E007250D600125AC4E3560402525601B6829
S2140423F0012B02D910238B62CA67886770BD000060
S21404240000E400E0040002A80000FF3F282002A821
S2140424102C1002A840E002A844C002A804C001A8E8
S214042420044001A8F8B5854C206B616B014000910F
S214042430834D0846286000988249014007D0FDF77E
S214042440FDFD002803D00098944909688847802039
S214042450009901401CD0F821C90123680B4017D00D
S214042460C0221201934213D880231B06EB6226680F
S2140424700E40944F3F683F043F0F022F01D0032FB6
S21404248003D1002E01D09642F1D38F490B60286009
S2140424908E48007806280DDA0098CC218901014080
S2140424A008D0FFF747FB04000098FDF7B5FA2000B4
S2140424B0FFF744FBF1BD0000FFFF9B0800E100E0CE
S2140424C0E04001A85C2002A84C0002A810B5804891
S2140424D0016844680C407F48046080210C4205D0A3
S2140424E041607D4801600020FDF796FA600403D53C
S2140424F0802040057949086010BD00001CED00E00E
S214042500763E000038B57648016844680C40E0071B
S21404251007D5FFF70FFB0500FDF714FB2800FFF7B0
S2140425200DFB7048046031BD505201A85C1002A82F
S214042530F40302A8280002A8FFFF00C0B44000A8C5
S2140425403C6000A8703E00002C4000A8384101A85A
S214042550FEB5654C206C666C064001273E4216D0DC
S2140425603D0662480560206861490F60002802D075
S2140425700021FDF7A5FC5F480068A021C901884238
S2140425808041C043C00F5C4988705C480560FDF715
S2140425903BFD029002210E4049D06068C2B201920F
S2140425A0000A009008224B4B4C03554D0020019E18
S2140425B0012E27D0022E38D1009E012E24D1EE788B
S2140425C00096504E2F780C2047430020F051287870
S2140425D0400590277F04C719032038434A4F3860C4
S2140425E01C604A480460301D2B780C246343484C16
S2140425F02468009FE419C45028780C2358433150AB
S214042600444811E00091DCE7002E0ED1424E3760BC
S2140426103C4E361D2D780C277D4370515C601C6043
S214042620C8043E4B18603E48026031480160029878
S214042630FDF7F3FCF7BD0000743E00001C4201A841
S2140426404C6201A80200060070B5FDF7DDFC04002C
S214042650FFF770FA2C490A68D20717D5294A121DC3
S214042660304B5D7A0C2675435659294D2D681E60ED
S214042670CE685E604968D9818021C9041B4E3160EA
S214042680197B69185B7A0C256B43D150FFF756FA11
S2140426902000FDF7C2FC70BD3C5000A8D8370000EF
S2140426A0002800D0704710B50C00FDF7ADFC1E499D
S2140426B00C6001221D4B1A600B6C1340FCD1FDF715
S2140426C0ACFC10BDAC0002A8785201A8403E000045
S2140426D090C001A890E001A80CC001A804ED00E099
S2140426E090C000A890E000A800C002A8401002A86D
S2140426F040E002A8404000A8763E0000402002A821
S2140427008D3E0000300000A860C101A894D001A846
S214042710200000A8F42302A860E101A880E200E0FB
S214042720F41302A8843E0000008002A8409002A889
S214042730232D302B2000686C4C00656667454647A1
S2140427400030313233343536373839414243444524
S2140427504600303132333435363738396162636493
S21404276065660062675F6D65737361676520726591
S2140427706365697665727300626762756600616395
S2140427806C006C6C5F636F6E6E656374696F6E006D
S2140427906C6C5F6164765F736574006C6C5F766105
S2140427A06C696461746F720062675F6D65737361F0
S2140427B0676500736F66745F74696D65725F6D65D7
S2140427C07373616765006C6C5F6164765F73796EC2
S2140427D063006C6C5F7363616E5F73796E6300672E
S2140427E061705F706572696F6469635F61647600C7
S2140427F06761705F706572696F6469635F73796E31
S21404280063006C326361705F636F635F6368616EFD
S2140428106E656C006D626564746C735F636F6E7472
S21404282065787400782704007E2704008227040055
S214042830902704009B270400A8270400B32704005D
S214042840C6270400D2270400DF270400F02704006C
S214042850022804001428040062676275665F696EC5
S2140428600062676275665F6F75740062676275669C
S2140428705F6E6F666C6F770062675F6D616C6C6F1E
S214042880630000000D000300020001000500E69D41
S214042890350E480103CCDBFDF4AC1191F4EFB9A579
S2140428A0F9E9A7832C5E2CBE97F2D203B020008BE6
S2140428B0D28915D08E1C742430ED8FC24563765CA5
S2140428C015525ABF9A32636DEB2A65499C80DC0028
S2140428D06C888391AAF5A53860370BDB5A6083BEF3
S2140428E000000001000100050100050202030002C9
S2140428F000000000000205010005000001000100C0
S21404290000010001020203000200000000000202AF
S2140429100100020009FF0200E1F9020015D30300DA
S21404292083D2030019CC0300B9F7020005F70200AE
S2140429305DF5020077D00300CFC6030075FB0200E6
S2140429409DF00200E9EE0200CDCF03005FCF030046
S21404295007CF030065CE0300B1CC030069EC020088
S21404296095EA02004DEB0200D3C6030039E80200E4
S214042970BF01FB9D4EF3BC36D874F5394138684C1C
S2140429808BD28915D08E1C742430ED8FC2456376A5
S2140429905C15525ABF9A32636DEB2A65499C80DCFB
S2140429A0E69D350E480103CCDBFDF4AC1191F4EF43
S2140429B0B9A5F9E9A7832C5E2CBE97F2D203B02002
S2140429C03F49F6D4A3C55F3874C9B3E3D2103F5069
S2140429D04AFF607BEB40B7995899B8A6CD3C1ABD20
S2140429E0EC31040000000000582A04000100000036
S2140429F06A6625D900F04902EC31040000000000A4
S214042A007C2A0400010000004E667ECC00F04902D9
S214042A10EC31040000000000A02A040001000000BD
S214042A20C15A6F0400F04902EC31040000000000B3
S214042A30C42A040001000000358742EB00F0490276
S214042A40EC31040000000000E82A04000100000045
S214042A506EF10B1B00F049020C2B0400809C2B8F9C
S214042A6080841E000000000027005200E82C00208E
S214042A7000000000A4350400000000006C2C0400D4
S214042A80809C2B8F80841E000000000027005200CC
S214042A90E82C002000000000A4350400000000001C
S214042AA0CC2D0400809C2B8F80841E000000000028
S214042AB027005200E82C002000000000A435040083
S214042AC0000000002C2F0400809C2B8F80841E00A6
S214042AD00000000027005200E82C00200000000040
S214042AE0A8350400000000008C300400809C2B8F66
S214042AF080841E000000000027005200E82C0020FE
S214042B0000000000AC35040000000000FC4F010388
S214042B101434040010400100004100003C40010051
S214042B200000000048400100200704005040010057
S214042B30000000005C4001000D0F0000044101008D
S214042B40FF4C000020400301000000861FC0010067
S214042B500020000038400101000000005840040135
S214042B601800050040080000090000009200040058
S214042B7080400F018C002C0200000000120012009E
S214042B8000808C19000000000002050E1C2F435321
S214042B90626968615543320416100E0E0D0C0A085D
S214042BA007060504030302020201010101010100F4
S214042BB0EC40010180B0B18CFC4003019C200B006A
S214042BC0055B60804737414A0C410301B855120043
S214042BD02A1949290908404028410101FFDD00005F
S214042BE0384107014CD4E83B04196F10080E141A38
S214042BF020262C32383E10325476980A1D000000E7
S214042C0070410101C0030000344201010008000EB7
S214042C104842010158AA1EC0784201010000008003
S214042C2038800101114910009C800301EB4002002A
S214042C3070380300D0000000A8800111F0010000E5
S214042C40A8800131055AFD01AC800111F001000095
S214042C50AC800131053EFD00E40001026C2C5111EC
S214042C6054010102C43F0000FFFFFFFFFC4F0103B5
S214042C706434040010400100004100003C400100A0
S214042C8010000000484001002007040050400100E6
S214042C90000400005C4001000D0F00000441010028
S214042CA003C0010020400301300000461FC8010095
S214042CB000200010384001010000000058400401C4
S214042CC018000500400800000900000092000A00F1
S214042CD080400F018C002C0200000000120012003D
S214042CE05B808C1B000000000002050E1C2F435363
S214042CF0626968615543320416100E0E0D0C0A08FC
S214042D000706050403030202020101010101010092
S214042D10EC40010180B0B18CFC4003019C200A0009
S214042D2001612080B75635120C410301B8551200D4
S214042D30A01B042908884040284101010000000027
S214042D40384107014CD4E83B04196F30080E141AB6
S214042D5020262C32383E10325476980A1D5F000026
S214042D607041010100000000344201010008000E19
S214042D7048420101F4811F0078420101000000006E
S214042D8038800101114910009C800301EB400200C9
S214042D9070380300D0000000A8800111F001000084
S214042DA0A8800131055AFD01AC800111F001000034
S214042DB0AC800131053EFD00E40001026C2C51118B
S214042DC054010102C43F0000FFFFFFFFFC4F010354
S214042DD0B434040010400100004100003C400100EF
S214042DE01000000048400100201704005040010075
S214042DF0010400005C4001000D0F000004410100C6
S214042E0003C0010020400301300000461FC8010033
S214042E100020001038400101000000005840040162
S214042E2018000500400800000900000092000A008F
S214042E3080400F018C002C020000000012001200DB
S214042E405B808C1B000000000002050E1C2F435301
S214042E50626968615543320416100E0E0D0C0A089A
S214042E600706050403030202020101010101010031
S214042E70EC40010180B0B18CFC4003019C200A00A8
S214042E8001612080B75635120C410301B855120073
S214042E90A01B0429088840402841010100000000C6
S214042EA0384107014CD4E83B04196F300A10161C4D
S214042EB022282E343A4010325476980A1D5F80A495
S214042EC07041010100000000344201010008000EB8
S214042ED048420101F4811F0078420101000000000D
S214042EE038800101114910009C800301EB40020068
S214042EF070380300D0000000A8800111F001000023
S214042F00A8800131055AFD01AC800111F0010000D2
S214042F10AC800131053EFD00E40001026C2C511129
S214042F2054010102C43F0000FFFFFFFFFC4F0103F2
S214042F300435040010400100014100003C4001003B
S214042F400000000048400100A007040050400100B3
S214042F50000000005C400100000000000441010085
S214042F60FF4C000020400301000000861FC0010043
S214042F700060000038400101000000405840040191
S214042F806402FF00400800000100000092000800F0
S214042F9080400F018C000C0200000000D7032200C2
S214042FA000000000000000000002050D1A2D3F502E
S214042FB06068696357463525150D09080706050533
S214042FC004040403030303020202020201010101D2
S214042FD0EC40010190382C8CFC4003019C200A0034
S214042FE0055B58804737414A0C410301B8555200E7
S214042FF02A194929893B404028410101FFDD000088
S21404300038410701E853FA00000000000000000001
S21404301000000000000000000000000000000000A7
S21404302070410101C1030000344201010000000E9A
S2140430304842010158AA1EC078420101000000005F
S21404304038800101114910009C8003010000000033
S21404305070780300FFC00200A8800111F001000090
S214043060A88001310542CB01AC800111F0010000BB
S214043070AC800131050A0D00E40001026C2C5111EC
S21404308054010102C43F0000FFFFFFFFFC4F010391
S2140430905435040010400100014100003C4001008A
S2140430A00000000048400100A00704005040010052
S2140430B0000000005C400100000000000441010024
S2140430C0FF4C000020400301000000861FC00100E2
S2140430D00060000038400101000000405840040130
S2140430E0C804FF004008000001000000920004002D
S2140430F080400F018C000C0200000000B603220082
S21404310000000000000000000002050E1C2F4353C0
S214043110626968615543320416100E0E0D0C0A08D7
S214043120070605040303020202010101010101006E
S214043130EC40010190E82B8CFC40030190200A002F
S214043140055B58804737414A0C410301F56252003B
S2140431502A194929893B404028410101FFDD000026
S21404316038410701E853FA000000000000000000A0
S2140431700000000000000000000000000000000046
S21404318070410101C1030000344201010000000E39
S2140431904842010158AA1EC07842010100000000FE
S2140431A038800101552510009C80030100000000B2
S2140431B070780300D0000000A8800111F001000020
S2140431C0A88001310542CB01AC800111F00100005A
S2140431D0AC800131053EFD00E40001026E2C511363
S2140431E054010102C43F0200FFFFFFFF0C40010030
S2140431F001810100204002000000000001000000E0
S2140432003040030000000000000000000000000042
S2140432104040020000000000004000006040010042
S21404322001010000A840010007000000BC400400A3
S2140432300000000000000000000000000000000085
S21404324008410300FF4C0000FF4D0000FF4D000046
S21404325020C0011000F8070020C00130F502080065
S21404326024C00110FF00000024C001300013000039
S21404327028C00700EC80B38343754051A00F004874
S2140432803040000000000000000000002E02000095
S21404329050C00400511130040E2D09E654060708E8
S2140432A0D1B6020064C00A000430001C403018097D
S2140432B00D647920EBFCFB017FF6E803BD4B721529
S2140432C011A3180510325476980A00000000000076
S2140432D0080001010807000018000101AAAAAA00B4
S2140432E0200001010060DA001C400101100000000B
S2140432F02C400301008000000000000300000000D2
S214043300684002012941767100000000BC400201B9
S2140433100000000000000000E0400201330000004E
S21404332000000000F4400201640483078813C83ACE
S2140433302441010100000000304102016406660CCD
S2140433400C01000054410101010100006841020122
S21404335064048307881382003042010100000000E1
S214043360384202010000000000000000444201014F
S21404337000000000544209010000000000003C0068
S21404338000000000000000005555555517000000C9
S2140433900000000000000000AAAA06007C42020109
S2140433A0000000000000000010800101030000007F
S2140433B03C80010101000000B0800201000300020D
S2140433C03700000198000202000C00044C000000C4
S2140433D0A400010200040000D0000202050040AA76
S2140433E088010000F4000202000000003D210811DC
S2140433F0FC0001123F000000FC00013200540400EF
S214043400300101026000510268010102000400005C
S214043410FFFFFFFF12000000000080000000000015
S2140434205836040008360400000000008025960084
S2140434300048E80140420F000108F5001149500217
S21404344000000000B035040000000000000000008A
S214043450000000003E420F000000000000000000D4
S21404346000000000120000000000800000000000C1
S2140434705836040018360400000000008025960024
S2140434800048E80140420F000108F50011495002C7
S21404349000000000B035040000000000000000003A
S2140434A0000000003E420F00000000000000000084
S2140434B00000000012000000000080000000000071
S2140434C058360400283604000000000080259600C4
S2140434D00048E80140420F000102F500114950027D
S2140434E000000000B03504000000000000000000EA
S2140434F0000000003E420F00000000000000000034
S2140435000000000012000000000080000000000020
S21404351058360400383604000000000000478600D1
S2140435200048E80180841E000101F500114950029C
S21404353000000000B0350400000000000000000099
S2140435400000000055841E0000000000000000007B
S21404355000000000120000000000800000000000D0
S2140435605836040048360400000000008417430060
S2140435700024F40040420F000101F50055255003D5
S21404358000000000B0350400000000000000000049
S2140435900000000038420F00000000000000000099
S2140435A00000000003000000030200000301000006
S2140435B00200000000F049020614000000E0930434
S2140435C005380000A008000000005809010407069A
S2140435D0100A01040707C80A00040807800B000441
S2140435E00808380C00040908610800000000680890
S2140435F000000000C709010404032C0B01040404A2
S214043600920C01040504000050C30000E62D0000DF
S214043610D0070000D0070000F5DA020010270000EB
S2140436202C0100002C010000E5BF0000102700005C
S214043630C2010000C201000050C300005014000084
S214043640FA000000FA00000050C30000FC2100004D
S214043650B3010000B3010000193F01060410010085
S2140436600001010600102700000C00000000000006
S208043670000000004D
S20C04367478EDFC7F0100000064
S21004367C88360400202B00209F0000006D
S2140436880000000000000000FFFF0000302B0020B0
S2140436987C0E002020EF0300020100007D2A0100B2
S2140436A80000000000000000000000000000000009
S2140436B80F1000007C0E0020330000004D2B010084
S2140436C8E8030000C0EA2101C0EA210100800000E6
S2140436D800F04902782B00200040070000A00000F4
S2140436E8E0110020C8000000FE00000000000000F2
S2140436F834F00300C80A002059AA0300000000009A
S2140437080100000000000000100000001000000087
S214043718E915020000000000D12F02000000000096
S21404372800000000000000002B99030000000000C1
S214043738F53A020000000000000000000000000047
S214043748A13A02000000000000000000000000008B
S214043758693B0200000000000000000000000000B2
S2140437681D3E0200000000000000000000000000EB
S214043778B14402000000000000000000FFFFFFFF45
S214043788199B030018F70300FFFFFFFF2CF703003D
S21404379809A1030005A10300FFFFFFFF0DA1030015
S2140437A8FFFFFFFFEBA5030055A60300FFFFFFFF7F
S2140437B8FFFFFFFFFFFFFFFFFFFFFFFF2F2A0000AB
S2140437C80000000003000000D0250020702C002014
S2140437D800000000D025002038260020A02600205F
S2140437E800000000000000000000000000000000C8
S2140437F800000000000000000000000000000000B8
S21404380800000000000000000000000000000000A7
S2140438180000000000000000000000000000000097
S21404382800FFFFFFFF0000001BBD03001FBD0300D1
S21404383823BD030027BD030000000000390603006B
S2140438480000000000000000FFFFFFFF000000006B
S2140438582000040000000000000002001000000021
S2140438680000000000000000000000000000000047
S2140438780A0001000000000002000A0008003030B8
S214043888303030303030000002000500030030309D
S21404389830000000020008000500302E302E3000EC
S2140438A800000200080000000000000000000000FD
S2140438B80A000100000000001200010001000000D8
S2140438C8FFFFFFFF0400080702001700FFFF0C00B5
S2140438D800000000FF1F04010101BF8FAF7F8700AF
S2140438E8370F10100004040F05140A0A03010FFF0B
S2100438F80CFF0F7FC9230100A123010070
S804013101C8
