S013000062745F736F635F656D7074792E733337D9
S214012000C80A0020A93101000309030003090300DF
S21401201095210300030903000309030003090300D4
S214012020030903000309030003090300030903006E
S2140120300309030040EE03004722030003090300DF
S214012040030903000309030003090300030903004E
S214012050030903000309030003090300030903003E
S214012060030903000309030003090300030903002E
S214012070598B01000309030003090300892C0100A1
S21401208055080300030903000309030003090300BD
S21401209003090300E53901000309030003090300EE
S2140120A00309030025360100053601000309030074
S2140120B0030903006DA9020003090300C5B302006A
S2140120C0D7A70300D3A70300A1AB0200EDA7030027
S2140120D0DBA7030095B30200DFA7030005B40200E7
S2140120E0D98902009D8B020071B402000309030026
S2140120F0030903000309030003090300030903009E
S214012100030903000309030003090300030903008D
S214012110030903000309030003090300030903007D
S214012120030903000309030003090300030903006D
S214012130030903000309030003090300030903005D
S21401214082B030BF074BD3F8F030DB0704D500234D
S2140121500193019B052B01DD02B07047019B013302
S214012160F6E700BF00ED00E0F0B5114A114C124E43
S21401217000F00105E3695F0713D40DB9334213D1AB
S21401218003EA00078F4207D10B4A1A40002A0CBF08
S21401219000206FF00100F0BD013AEBD16FF00200B4
S2140121A0F9E74FF0FF30F6E76FF00100F3E700BF05
S2140121B08096980000000350020001000B4B70B59A
S2140121C0D96911F480310DD101244FF48072084E83
S2140121D0084DF46020462C641A61FFF7C5FF34648D
S2140121E0EC6070BD6FF00100FBE700BF000003501C
S2140121F000100350002003504FF4003238B50F4B47
S2140122000F4C9A6641F671330122E569E3630D4B83
S2140122100021DA60022360612120236105F4803504
S214012220FFF7A2FF10B92120FFF79EFF0122064B00
S214012230DA600DB10023E36338BD00BF00900050A3
S21401224000000350001003500020035070B5134CDB
S2140122506061E3695B071ED40E4656F8043B8D1891
S214012260A361AE420BD10423002121202361FFF795
S2140122707BFF58B9BDE870402120FFF775BF0821E4
S2140122800846FFF771FF10B10423236170BD56F8AD
S214012290043BA361E5E74FF0FF30F7E7000003508A
S2140122A02DE9F84315464FF40032184B89469A66D5
S2140122B041F6713203F51C33DF69DA630122064603
S2140122C003F58053DFF84C8007F48037DA6055B9A0
S2140122D0284601220E4BDA601FB10022A3F50053F7
S2140122E0DA63BDE8F88306F5005404EA0804A41B83
S2140122F0AC4228BF2C46494622463046FFF7A6FF89
S2140123000028E6D12644A1442D1BE0E700900050AA
S2140123100020035000E0FFFF000000000000000066
S21401232007B588B10BA3D3E900230949C1E9022304
S214012330CDE900234FF0FF324FF0FF33086927F055
S21401234016FC03B05DF804FB00220023EDE700BF96
S214012350500B00200DD50155200000000348044B0A
S214012360834202D0034B03B118477047A02D0020CB
S214012370A02D002000000000064B0749C91A89104D
S21401238048BF0131491003D0044B0BB1014818472F
S214012390704700BFA02D0020A02D002000000000E7
S2140123A010B5064C237843B9FFF7D8FF044B13B199
S2140123B00448AFF300800123237010BD06280020D7
S2140123C000000000D834040008B5054B1BB10549D0
S2140123D00548AFF30080BDE80840FFF7CDBF00BF5A
S2140123E000000000A80D0020D8340400A3F5803AB0
S2140123F0704700BF174B002B08BF134B9D46FFF7D6
S214012400F5FF00218B460F461348144A121A28F08E
S2140124109BFA0E4B002B00D098470D4B002B00D09B
S21401242098470020002104000D000D48002802D026
S2140124300C48AFF3008019F041FA200029001EF085
S21401244092F919F029FA00BF000008000000000008
S21401245000000000C80A0020C80A00204029002009
S21401246000000000000000002DE9F04F0368964AC6
S21401247023F47F4323F007039342064689B000F016
S2140124801681924A934200F09681914A934240F017
S2140124901781904C904E1EF0E6F91EF0E5F98F4933
S2140124A020681FF0E0F8304611F08CFD054610B3A9
S2140124B08B4920681FF0D7F88A4920681FF0D3F8A7
S2140124C01EF0D1F91EF0D0F9874B884A009388494F
S2140124D04E2320681FF0C7F886492B46864A206897
S2140124E01FF0C1F8284600F0E5FC844920681FF07B
S2140124F0BAF800BEFDE70221307811F09DFD0546D1
S21401250010B3774920681FF0AEF8764920681FF0AF
S214012510AAF81EF0A8F91EF0A7F9734B734A0093A8
S2140125207349522320681FF09EF872492B46724A5F
S21401253020681FF098F8284600F0BCFC6F49206818
S2140125401FF091F800BEFDE7A02200900346114659
S214012550307811F051FD054610B3614920681FF02F
S21401256082F8604920681FF07EF81EF07CF91EF0A4
S2140125707BF95D4B5D4A00935D49572320681FF048
S21401258072F85C492B465C4A20681FF06CF82846B6
S21401259000F090FC594920681FF065F800BEFDE781
S2140125A00221307811F05CFD054610B34C492068D5
S2140125B01FF059F84B4920681FF055F81EF053F9E3
S2140125C01EF052F9484B494A009349495B2320685B
S2140125D01FF049F847492B46474A20681FF043F841
S2140125E0284600F067FC454920681FF03CF800BE0D
S2140125F0FDE7C8220120114611F076FD054610B30D
S214012600374920681FF02FF8364920681FF02BF84D
S2140126101EF029F91EF028F9334B344A0093344949
S214012620602320681FF01FF832492B46324A206883
S2140126301FF019F8284600F03DFC304920681FF0CD
S21401264012F800BEFDE70121084611F063FD0546BC
S21401265010B3234920681FF006F8224920681FF0AE
S21401266002F81EF000F91EF0FFF81F4B1F4A0093F8
S2140126701F49642320681EF0F6FF1E492B461E4A9A
S21401268020681EF0F0FF284600F014FC1B49206865
S2140126901EF0E9FF00BEFDE71EF0E5F81EF0E4F8C7
S2140126A01749206809B0BDE8F04F1EF0DCBF0027CF
S2140126B090F816A090F90D9000F11708BA4521D8A8
S2140126C009B0BDE8F08F00BFA0000500A00006011C
S2140126D0A0000100E40E0020782D002002EA03008D
S2140126E08FEA030033EA0300D2EA030038EA030064
S2140126F041EA030050EA03004DEA030065EA0300DD
S21401270076EA030018F80750002DD9D008EB070425
S2140127106378FF2B48D1192D46D9A3784C2B43D18A
S214012720E378002B40D12379022B3DD16379152B19
S2140127303AD10DF1100C62464A4B03F1100BE646F6
S214012740186859680833AEE803005B45F446F6D1CD
S214012750002107F11C03334412F8010B13F801CFD3
S214012760844521D101311029F6D194F91A304B450F
S2140127701ADAA27DE37D53EA022219D03A4B3B498D
S214012780012A0CBF9B468B46227E647E03921EF076
S2140127906AF81EF069F8039A35485B4635490068C1
S2140127A044EA02221EF05FFF01353D44EFB285E7A1
S2140127B0DFF8E8B0E8E7304C0221207811F03CFC65
S2140127C0054618B32A4C2D4920681EF04CFF2C49AB
S2140127D020681EF048FF1EF046F81EF045F8294B0B
S2140127E0294A00932949B12320681EF03CFF284955
S2140127F02B46284A20681EF036FF284600F05AFB72
S214012800254920681EF02FFF00BEFDE70221207833
S21401281011F026FC054600283FF452AF144C174928
S21401282020681EF020FF164920681EF01CFF1EF0CF
S2140128301AF81EF019F8134B134A00931349B423E0
S21401284020681EF010FF12492B46124A20681EF01F
S2140128500AFF284600F02EFB0F4920681EF003FFF2
S21401286000BEFDE7C1EA0300FEE90300F3E9030049
S214012870E40E002091EA0300782D00208FEA030081
S21401288033EA0300D2EA030038EA030041EA030010
S21401289050EA03004DEA030065EA0300F0E903008D
S2140128A00022014B1A807047CC27002010B52BF070
S2140128B092FE054A148814B1631E012413802BF07E
S2140128C085FE204610BD00BFCC27002030B503682A
S2140128D07E4A23F47F4323F00703934289B040F0F6
S2140128E0F380062200211620794B0EF019FD0446CE
S2140128F018B3784D784928681EF0B5FE77492868E0
S2140129001EF0B1FE1DF0AFFF1DF0AEFF744B754A11
S214012910009375496C2328681EF0A5FE734923466B
S214012920734A28681EF09FFE204600F0C3FA7149DC
S21401293028681EF098FE00BEFDE701460822122018
S2140129406D4B0EF0EDFC044618B3624D62492868E3
S2140129501EF089FE614928681EF085FE1DF083FF82
S2140129601DF082FF5E4B5F4A00935F49782328681B
S2140129701EF079FE5D4923465D4A28681EF073FE07
S214012980204600F097FA5B4928681EF06CFE00BEF0
S214012990FDE7014603221420584B0EF0C1FC054604
S2140129A018B34C4C4C4920681EF05DFE4B4920681C
S2140129B01EF059FE1DF057FF1DF056FF484B494AC1
S2140129C000934949862320681EF04DFE47492B4651
S2140129D0474A20681EF047FE284600F06BFA454934
S2140129E020681EF040FE00BEFDE70DF10F0104A8B1
S2140129F011F05AFB044618B3364D374928681EF0C5
S214012A0032FE364928681EF02EFE1DF02CFF1DF002
S214012A102BFF334B334A00933349952328681EF026
S214012A2022FE32492346324A28681EF01CFE204602
S214012A3000F040FA2F4928681EF015FE00BEFDE79B
S214012A40BDF8143001465BBAADF818309DF8133066
S214012A5008228DF81A30FF238DF81B30FE238DF8DF
S214012A601C309DF8123018208DF81D30BDF810303E
S214012A705BBAADF81E3006AB0EF052FC054618B335
S214012A80144C154920681EF0EEFD144920681EF00E
S214012A90EAFD1DF0E8FE1DF0E7FE114B114A00931A
S214012AA01149A52320681EF0DEFD10492B46104A69
S214012AB020681EF0D8FD284600F0FCF90D49206874
S214012AC01EF0D1FD00BEFDE709B030BDA00001003B
S214012AD052EB0300E40E00208FEA030033EA030002
S214012AE012EB0300E1EA030041EA030050EA0300A7
S214012AF04DEA030065EA03004AEB030047EB0300D7
S214012B00064B1B681A7A022A04D812B11B68044ABB
S214012B1013607047032AF9D0704700BF2C2B0020A2
S214012B20C00D002070B5274DA8B012AC0FCD0FC454
S214012B3095E80700032384E807008DF86130292310
S214012B40214A2249CDE90323214B0024CDE905136F
S214012B504FF4807307934FF4A023CDE909440B94F7
S214012B60089319AD08AE0FCECDE90E4410940FC5EB
S214012B70184B0DAE2B60184B1EAD0D930FCE0FC527
S214012B802020164B19A92B60154B12AA2393154B1F
S214012B902694CDE92403144B14482793144B009331
S214012BA003AB05F0C7FB04469DF897304FF4E130C0
S214012BB0002B0CBF032100211DF095FE204628B0F6
S214012BC070BD00BF8CED0300000006500005000636
S214012BD00008000724000650020005003C000650CD
S214012BE00728002000010100402B00207C0E002059
S214012BF0C40D0020831E012B10B50C4619D80129DF
S214012C000DD8184B04221B6905210020C3F340137D
S214012C1003F048FB24B1144B18680368F3B910BDE0
S214012C20114B18680368002BF9D0BDE8104005F079
S214012C304FBB8B1E012B0CD80128F0D8BDE81040E5
S214012C400022084B05211B691046C3F3401303F00D
S214012C5029BB0029E4D00129DDD0E0E7BDE810401A
S214012C601EF0D0BE00C00350542B002008B5044906
S214012C70044805F055FDBDE80840FFF753BF00BF07
S214012C80582B0020A40E002001481EF040BF00BFB4
S214012C907C0E0020014B5A6A186810477C0E0020F3
S214012CA0044B834205D1044B1B7813B1C8B211F013
S214012CB0EBB97047AC0E00202728002030B5002560
S214012CC003685A4A23F47F4323F0070385B09342EF
S214012CD004460295ADF80C5000F0828002F1C06205
S214012CE002F5802293420DD0514A934240F09C80D7
S214012CF0504B1B78002B00F0978005B0BDE83040A4
S214012D001FF09DBAB0F805301B2B40F08D80FF23D5
S214012D1004A91A4611E903001DF09EFD012814BFFF
S214012D2041F2FC15434B05F0FC0208BF18701B214D
S214012D3020790EF00BFB054618B33F4C3F4920683F
S214012D401EF091FC3E4920681EF08DFC1DF08BFDA7
S214012D501DF08AFD3B4B3C4A00933C4959232068B1
S214012D601EF081FC3A492B463A4A20681EF07BFC4D
S214012D70284600F09FF8384920681EF074FC00BE13
S214012D80FDE7364900902379354A0968354800F051
S214012D90EDF80546002847D0274C284920681EF044
S214012DA062FC274920681EF05EFC1DF05CFD1DF0EC
S214012DB05BFD244B244A00932449622320681EF0BD
S214012DC052FC23492B46234A20681EF04CFC284619
S214012DD000F070F8204920681EF045FC00BEFDE7B3
S214012DE0B0F80530B7EE047A07EE903AF8EE677A57
S214012DF0B0F8073067EE877A013307EE103AB8EE7F
S214012E00C77A67EE877AB1EE047A67EE877AFAFEBA
S214012E10677AFCEEE77A17EE903AB3F57A7F38BF19
S214012E204FF47A730D4A136005B030BDA000060258
S214012E30A000060127280020E40E00208FEA0300E8
S214012E4033EA030018EE0300A8ED030041EA03008D
S214012E5050EA03004DEA030065EA0300602B0020F8
S214012E60A12C0100AC0E0020012208B5074B1A70F8
S214012E700022074B1A700422064B1A701F22064BBB
S214012E801A7004F007FF054B186008BD7B2D002063
S214012E90282800207A2D0020792D0020E40E00201D
S214012EA0024B034918681EF0DEBB00BFE40E00208B
S214012EB038EE030070B50C4C0C49064620681EF02F
S214012EC0D2FB04F0E7FE0546206804F0D7FE304644
S214012ED0FFF7E6FF284604F0D1FE20680449BDE866
S214012EE070401EF0C0BB00BFE40E00203AEE0300A7
S214012EF03CEE030038B505462BF076FB00230B4A63
S214012F0014685CB1AC4206D1A96A6BB199622BF028
S214012F1066FB012007E02346A46AF2E7002DF3D002
S214012F202BF05DFB204638BD1160F0E7E80E00206F
S214012F3010B50446B0B12BF0C7F82046FFF7DAFF0C
S214012F4010B194F82C300BB9002010BD064C236844
S214012F50002BF9D02BF048FB2368013B23602BF0B4
S214012F603EFBF1E72220F0E7EC0E00202DE9F043CE
S214012F7085B00546914698460E469DF8307009B9CB
S214012F80002F5CD12846FFF7D3FF0446002836D130
S214012F9085F82C00686305F09DFD864233D92BF039
S214012FA027F92146844640F2E7304FF47A7200232F
S214012FB0E6FB0C0118F0E0FA4FF0FF32002318F0A0
S214012FC0DBFA2B46E88611462846CDE900441D4A21
S214012FD02BF0A8FC044690B9C5E9089885F82D7031
S214012FE02E632BF001FB184A136833B31A469B6A0B
S214012FF0002BFBD195620023AB622BF0F0FA204642
S21401300005B0BDE8F08347B12B4631462846CDE9E9
S21401301000440C4A2BF03EF9DCE7304603A92BF0BE
S214013020EDF804460028EAD12B462846CDE900777C
S214013030044A03992BF052FCCCE71560DBE7212408
S214013040DDE700BF4D300100E80E002091F82C307E
S21401305013B50C4683B98B8ECA8E93420ED243B9F2
S214013060CDE9003320460B46124A4FF0FF312BF0D4
S21401307019FCA38E0133A38602B010BD52B191F89C
S2140130802D3093B101230093D1E908232046096B23
S214013090FFF76CFF012384F82C30074B1A680132C6
S2140130A01EBF1A6801321A60E6E708462BF00CF8D4
S2140130B0F0E700BF4D300100EC0E00202DE9F04195
S2140130C0154E336833B34FF00008144F2BF08CFACB
S2140130D005463C6824B92846BDE8F0412BF07FBA86
S2140130E094F82C30A3B1336884F82C8013B133687C
S2140130F0013B336094F82D3013B92046FFF7FAFEF2
S21401310028462BF06CFAD4E9083120469847DDE7CB
S214013110A46ADFE7BDE8F081EC0E0020E80E00208F
S214013120034B1B68002B14BF04200120704700BF0F
S214013130EC0E0020024B1868B0FA80F04009704788
S214013140EC0E002008B503482BF02FFBBDE8084025
S2140131501DF036BB48EF030001482BF026BB00BF2D
S21401316048EF030007B508201DF0EFFB0222064BCF
S2140131706846CDE900231DF07AFB082003B05DF810
S21401318004EB1DF0EDBB00BF006A18100348044AAB
S2140131900449121A92101DF0B5BB00BF4021010070
S2140131A0202301004029002008B5154B83F30A8827
S2140131B000F030F8FFF7EAFF124B13498B4212D3A7
S2140131C00020124B12498B4218D3FFF713F91868E7
S2140131D050F82240586840F82240013298688242EE
S2140131E0F5D30C33EAE70022F8E71C6844F822001E
S2140131F001325C68A242F8D30833E4E70022F8E71C
S21401320008000020E0340400EC340400EC34040030
S214013210EC3404004FF40041134B144A70B59A6025
S214013220D3F88820124D42F47002C3F88820114A60
S21401323005F5005491664FF0FF3222664FF6DF72B5
S21401324062660222C3F8D020BFF34F8FBFF36F8FA1
S2140132504FF44036032004F003FD0320E66004F03B
S214013260E3FC2E6170BD00BF00ED00E00020010010
S2140132700080004400900050014B1860704700BF6A
S214013280682B0020054B1860054B1B6F03F00703E6
S214013290032B01D12AF08AB8704700BF702B00209B
S2140132A00080005000239B6AB3F5903F03D2196853
S2140132B0064A914203D000230370836070470122BF
S2140132C002709A689B694260F7E700BF07B0CD5E5F
S2140132D000239B6A10B5B3F5903F11D219680A4ACC
S2140132E091420DD1094C227812F0FD0F01D0002039
S2140132F010BDDB6998470028FAD101232370F6E751
S2140133004FF48170F4E700BF07B0CD5E2928002096
S214013310024B034A1A601EF056B900BF0000002097
S21401332002020FF0BFF34F8F0549064BCA6802F43D
S214013330E0621343CB60BFF34F8F00BFFDE700BFD2
S21401334000ED00E00400FA05002307B529480193C3
S2140133502BF02BFA4FF44073012204216846ADF896
S214013360003000F0C3F80122234B0520C3F84424A3
S21401337001A92BF015FA002839D1204BD3F8F020FB
S21401338042F00102C3F8F020D3F8FC2042F080722C
S214013390C3F8FC201A4AA3F55D431A60019B194A3B
S2140133A003F5D52303F2FC43B3FBF2F3164A013BC4
S2140133B013610223C2F8F0304FF48073C2F804336D
S2140133C04FF06043114AC3F8B02F114AC3F8802E5C
S2140133D0D3F8002E42F48072C3F8002EFF2283F841
S2140133E02020D3F8002E22F48072C3F8002E03B0FA
S2140133F05DF804FB48EF030000D0035000ED00E049
S214013400FF030040F8590D00000004E055CEACC59E
S214013410090001004FF06043D3F8802E30B5D20783
S21401342015D501240B4D8440D5F8FC2042F080725E
S214013430C5F8FC20D3F8002E2243C3F8002E53F81B
S2140134402020002AF0D003F82010002030BD1120E3
S214013450FCE700BF00ED00E02DE9F04104460C2535
S2140134604FF00108124E0CB314F001000BD00020EF
S21401347024F0010405FB00625768002FF3D0916821
S214013480C0B2B847EFE72246013020284FEA520281
S21401349001D0D307F8D508FA00F20F2824EA02046F
S2140134A0E8D9103805FB0062B432E5E7BDE8F081E3
S2140134B0F00E002008B50C482BF077F9192004F01F
S2140134C0C1FB28B1192004F0CBFB192004F0ACFB9A
S2140134D01A2004F0B7FB28B11A2004F0C1FB1A2009
S2140134E004F0A2FB002008BD48EF03002DE9F041DF
S2140134F00E461746054610B30F2922D80378DBB1CE
S214013500013BDBB2022B1CD8104AD35C6A78D3404D
S214013510DB0716D50E4BD3F81043A4B92BF064F88D
S21401352080463A462846314603F06EF940462BF06F
S21401353056F82046BDE8F08140F2FF13E6E7222464
S214013540F7E72124F5E70224F3E700BF90EE030036
S21401355000C0035010B5044608B30378E3B1013B3D
S214013560DBB2022B1DD8104AD35C6278D340DB074E
S21401357017D52BF039F80122617823788A4030215B
S2140135804B4341F2100103F1A04303F570335A5047
S2140135902BF025F8002010BD40F2FF13E5E72220AE
S2140135A0F9E72120F7E700BF90EE030010B50446C7
S2140135B008B30378E3B1013BDBB2022B1DD8104AF6
S2140135C0D35C6278D340DB0717D52BF00DF80122C8
S2140135D0617823788A4030214B4342F2100103F18F
S2140135E0A04303F570335A502AF0F9FF002010BDAE
S2140135F040F2FF13E5E72220F9E72120F7E700BFB5
S21401360090EE030008B503F0F5F8054B00F05530D1
S21401361020F05020C3F82004BDE80840FFF71CBF87
S21401362000E0035008B503F0E5F8054B00F0AA30BA
S21401363020F0A020C3F82004BDE80840FFF70CBF27
S21401364000E003502DE9F04F9A46564B85B01B78A3
S21401365006460F461546DDF83C909DF844B0DDF869
S2140136605080002B00F09780072A00F296800E9B70
S214013670002B00F09280B9F1000F00F08E80129BB3
S214013680B3F5006F00F38980012803D1109B002B4E
S21401369000F08380444B03EB05131B7B002B7ED08D
S2140136A0424C10220021684627F04EF904EB4514DF
S2140136B01022A7BB3946204627F046F943F21003ED
S2140136C06380BBF1000F03D1E37843F00303E3709B
S2140136D0364A0E9B02EB451CCCE90193129B69010D
S2140136E0581E9DF84C30C0F30A0003F003039B06F6
S2140136F043EA001E53582E48012E00EA03004EEA04
S2140137000003CDF800A0535017D0B8F1000F2ED10A
S2140137109CF8023068F304138CF8023027E000218D
S214013720204627F011F94FF444736380BBF1000F74
S214013730CED1E37843F03003C9E713230CF1100E22
S214013740CCF80C309CE80F008EE80F006FF00301F8
S214013750DCF81C20109B61F39F02012FCCF81C2083
S214013760CCF8143003D1CCF81890CCF804300027EC
S2140137700D4A290102EB051342F80180159A2846E5
S2140137805A60694622469F605E7302F01FFE384605
S21401379005B0BDE8F08F0748FAE70748F8E707489D
S2140137A0F6E700BF2A2800205811002058100020F4
S2140137B00F80FFF3028000F0018000F0078000F028
S2140137C038B5124B05461B78DBB1E0B12AF00CFF89
S2140137D00F4A00231146147B54B92B6001251A01A8
S2140137E001EB03131D738C502AF0F9FE204638BDF9
S2140137F00133082B02F11002EDD12AF0F0FE054844
S214013800F5E70548F3E70548F1E700BF2A28002059
S21401381058110020048000F0028000F0018000F0C2
S21401382038B52AF0E1FE002305460B4A147B6CB935
S2140138300133082B02F11002F8D102F073FD074B99
S21401384028461C702AF0CBFE204603E028462AF0C4
S214013850C6FE034838BD00BF581100202A280020A4
S214013860058000F00D4B10B51B78044693B1072870
S21401387012D82AF0B9FE0A4B03EB04131A7B2AB1BD
S21401388000241C732AF0ABFE204610BD2AF0A7FECA
S2140138900448FAE70448F8E70448F6E72A2800202F
S2140138A058110020068000F0028000F0018000F030
S2140138B0154B13B51868002301908DF804302AF0D3
S2140138C093FE124B1C7824B12AF089FE104802B0F0
S2140138D010BD01221A702AF082FE0E4B01A81C733D
S2140138E01C7783F82C4083F83C4083F84C4083F8DF
S2140138F05C4083F86C4083F87C4008238DF80730E1
S21401390002F034FD2046E2E793EE03002A28002069
S214013910038000F058110020F8B50D4D2D7885B1C3
S214013920072810DC0B4D060105EB0014277B67B159
S214013930AB510025069BA560636002F047FD284653
S214013940F8BD0548FCE70548FAE70548F8E700BF73
S2140139502A28002058110020028000F0018000F083
S214013960078000F00A4A08B512785AB107280BD822
S214013970084A02EB00131B7B43B1002102F0E8FC6E
S214013980002008BD0448FCE70448FAE70448F8E7C5
S2140139902A28002058110020028000F0018000F043
S2140139A0078000F00A4A08B512785AB107280BD8E2
S2140139B0084A02EB00131B7B43B1012102F0C8FC4D
S2140139C0002008BD0448FCE70448FAE70448F8E785
S2140139D02A28002058110020028000F0018000F003
S2140139E0078000F0184B2DE9F0411F6D5B6D1F40FD
S2140139F000D5FEE701260025144CDFF85880374233
S214013A0018D02368C8F85060A3B1A16828460131D0
S214013A106268A1609847637B012B0BD150B90C4BB0
S214013A2003EB45131A7B60F341021A731A7F60F3A6
S214013A3041021A770135082D4FEA460604F11004B3
S214013A40DDD1BDE8F08100BF000004505811002010
S214013A5058100020002004502DE9F04F144605466A
S214013A600E469B46C36B87B001225B6902A960685C
S214013A709847EB6B01225B6903A93046984702A879
S214013A801DF091FB074648B10023A37563754FF0FF
S214013A90FF33A360002007B0BDE8F08F03A81DF038
S214013AA08FFB0123A375237E04EBC303DE611F8412
S214013AB06368B3420ED1206003A81DF0A3FB4FF04C
S214013AC0FF332075A360237D043B022B26D80023F9
S214013AD0A375DFE723681A1A53425341A37503A857
S214013AE01DF090FB237D834218BFA77503A81DF028
S214013AF06BFB074602A81DF067FB874218BF002331
S214013B0003A818BFA3751DF067FB074602A81DF0A2
S214013B1063FB87421CBF0023A375D4E703A81DF0EF
S214013B2053FB80B1EB6B022230465B6904A99847D0
S214013B3004A81DF058FB0346207D032839D8DFE88A
S214013B4000F03838040903A8F3E7CC22237E04EBFF
S214013B50C3031A8401F0EAFA109B187003A8277EA3
S214013B601DF026FB04EBC70787F82200237E03A877
S214013B7004EBC303B3F8209093F822701DF024FBE6
S214013B80804603A81DF028FB8246B8F1000F15D029
S214013B90EB6B022230465B6904A9984704A81DF026
S214013BA0E7FA6075637D6BB90023A3754FF00008D3
S214013BB038E0227E04EBC2021384CBE703A81DF093
S214013BC0C2FAEEE794F81680B8F1000FEED0B9F11C
S214013BD0000F09D1DFB10123E375637E002B4FD1BE
S214013BE0012F42D1677614E06B6C06EB0A0259424C
S214013BF086EA020008421CBF0021A175591E0A4030
S214013C009B1A9945D0D8A37D002BE3D1CEE7E37D5F
S214013C1043B94FF000084B465246314628461DF040
S214013C2000F8A060A27D12B123694B4423611A49B2
S214013C30237E097899422AD901332376BBF1000FF6
S214013C4027D032B3E37D23B3B8F1000F21D1032F80
S214013C501FD0A1684B1C1CD0109B224600932846FF
S214013C600123FFF7F9FEA07513E095F8343063B928
S214013C70EB6A0133CFD1032FCDD10123A376C8E759
S214013C80012FCFD0032FC4D1F7E79846C3E700230F
S214013C90A375A07DFFE600BFB8EE03002DE9F04F47
S214013CA00E46984600238BB004464FF0FF3110466F
S214013CB017468DF8133001F023FAB6F5801F3BD373
S214013CC0B21C53D1E56A6B1C57D12046616A1CF0C1
S214013CD0EEFE0546B31C18BF0123DFF810910193D1
S214013CE0636A626C0293236805A902FB053AE36BDB
S214013CF005225B695046984705A81DF0EFFA1DF0AE
S214013D0012FB50461DF01AFB4FF0000B824601468F
S214013D104B1C05D0636C81EA0A025B42134232D027
S214013D20294620461CF0C3FE029BAB424DD0BBF198
S214013D30000F4DD10546D3E7314605AA04F1080028
S214013D401DF07FF90146481C10D0384601F0D8F91D
S214013D500122394620460DF113031CF0B4FF28B1A9
S214013D609DF8133088F80030002003E0237C002BF8
S214013D70A8D12D200BB0BDE8F08F2368ED1A636C37
S214013D80B5FBF3F5A6E7484601F0BAF90DF11303C2
S214013D9049462046019A1CF096FF034690B1B21C94
S214013DA003D0D9F80020B2420CD19DF8132003931A
S214013DB00D4B88F8002049461A68384626F02CFD37
S214013DC0039B9B46D9F80810A2E7BBF1000FD0D0A1
S214013DD0B6F5801FC8D2314698F800307A6804F1EB
S214013DE0080001F0BBF8BFE7B4EE03004C18002052
S214013DF02DE9F3410446174698460E46194D816A49
S214013E00E36A8B422AD04B1C18E0284601F078F969
S214013E100122294620460DF107031CF054FF30B15C
S214013E204346294620469DF80720B847B0B1A96801
S214013E304A1C05D0012E0AD0E36A9942E5D10DE06D
S214013E40696820461CF0C0FE012E0146D8D16B6879
S214013E5081EA0302636C5B421A42D1D002B0BDE82C
S214013E60F08100BF201800202DE9F04F4FF0FF33FE
S214013E704FF6FF720025044600F10806C0E9092343
S214013E808BB0C3620562056330460F461DF0AAF883
S214013E9020461CF0DCFD20BB204639461CF057FEB0
S214013EA020461CF0D4FD20BB5E200BB0BDE8F08F91
S214013EB0E26B2368606CD2F814C000FB0530052263
S214013EC005A9E04705A81DF009FA012828D12946C9
S214013ED020461CF00DFE421C294620461CF0D6FD4D
S214013EE00135E3699D42E3D320461CF0B0FD00286E
S214013EF0D2D000254FF0FF394FF6FF73CA46A846C9
S214013F00C4E90853E369984514D3A5EB0905012DC7
S214013F1036D84FF6FF72636A934246D16720C4E7EC
S214013F201DF006FA0028DBD0294620461CF0E0FDED
S214013F300246D1E72368E26B606C576900FB0830E4
S214013F40052205A9B84705A81DF0C8F9834605A8A6
S214013F501DF09BF9074658461DF0E5F968B157452F
S214013F6038BFC4F82480B94528BFB946BD4238BF1A
S214013F703D46BA46236A0133236208F10108C1E7C8
S214013F804FF6FF7300256362E3699D42C1D2676CF9
S214013F902068E36B052207FB05005B6905A99847C6
S214013FA005A81DF072F90135EEE7E26B676C206833
S214013FB0694607FB030055690522A84768461DF0B8
S214013FC064F9626A2368606C4B4D00FB02301DF099
S214013FD0B5F94FF0FF33A062E3622A466FF00101A4
S214013FE0204605ABFFF75AFE002846D1AD682946A4
S214013FF02046E5621CF007FD206320B92046E16AF1
S2140140001CF0E2FDE062294620461CF0DDFD054677
S214014010A36A9D4233D120461CF0C8FC0027804687
S214014020B946E36999453CD3B84559D92046616AF2
S2140140301CF03DFD0026054604F1400AB74212D8A1
S214014040626C2368694602FB0539E36B05225B69EE
S2140140504846984768461DF018F9534602464946B1
S214014060E06B1DF06DF9294620461CF020FD013657
S214014070B0450546E2D1642017E7A56AB7E72946A9
S21401408020461CF0C0FC236B2946034407462363E5
S21401409020461CF099FD0546002FB9D1C4E90B074F
S2140140A0B6E7636C2568052203FB0955E36B05A992
S2140140B05B692846984705A81DF010F91DF033F9ED
S2140140C058B128461DF03AF9014620461CF09BFCE3
S2140140D0636C143B984208BF013709F10109A0E758
S2140140E030461CF07FFF002320461946034AFFF79F
S2140140F07FFE0020D9E600BF78180020B50C03002B
S2140141002DE9F041036B9046826B07689A4288BF9F
S2140141108363426C436A90B002FB0377C36B0E461F
S214014120052201A95B6904463846984701A81DF097
S214014130D5F801280146307057D0656CE26B2368CC
S214014140606AD2F814C005FB0030052206A9E047D4
S21401415006A81DF0C3F801284FF0000523D0D4E9C6
S2140141600A3201219342CDE90B458DF834800E9534
S2140141708DF83C102AD1194620461CF025FD236BEC
S214014180626C14339B1AE06223630C9B53B99DF84F
S2140141903C303BB1626A616C2368E06B01FB023123
S2140141A01DF054F80C9DE36B05225B6901A93846A6
S2140141B0984701A81DF092F830702846236BA26B31
S2140141C09A4288BFA36310B0BDE8F081237C33B95F
S2140141D01C490BAA04F1080000F00EFFD5E72046A3
S2140141E0194A0BABFFF704FECFE7237C23BB22461D
S2140141F0164904F1080000F0FFFE616A20461CF033
S21401420077FC616A421C20461CF040FC054620B93A
S214014210236B626C1344143B23632046A16A1CF093
S214014220D3FC2368A062C01A636CB0FBF3F0606233
S21401423020461CF00CFDB6E700232046044AFFF793
S214014240D7FDDAE775490100F14801004F0D03007B
S214014250EB0C030073B50D46D11E4A421C461B7E6D
S2140142604A419A4226D129682368994222D3636833
S21401427099421FD8114E0DF107033246FFF70EFD86
S214014280C0B972686B689A4214D19DF80730DA1E7D
S21401429053425341227E93420CD1636901336361D9
S2140142A0D4E90323934205D22968A26842F8231071
S2140142B001332361012002B070BD00BF78180020D1
S2140142C02DE9F04F9A468BB09DF85030DFF850B18B
S2140142D00293DBF81030804653450D461646C0F073
S2140142E09980D146DBF804300193B9F1000F00F054
S2140142F08D80D8F83C3001225B6907A90198984760
S21401430007A81CF05DFFDBF80030984240F085807E
S21401431007A81CF061FF0428074614D107A81CF063
S21401432062FF019B029A04463B44002A3FD1864223
S21401433012D91446361A404601991CF045FCA9EBE1
S21401434004090190D1E7D8F83C3002225B69019854
S21401435008A9984708A8E2E7841B544528BF544695
S214014360032C03EB0607AAEB040A4FEA94021CD9B6
S214014370D8F83C30294638465B69984724F0030351
S21401438004F003061F441D44002ED4D0D8F83C3058
S21401439001225B6908A9384698473246284608A98B
S2140143A0354426F039FA0026C5E72646ECE70746E7
S2140143B000F00302039203442A1804920593049B17
S2140143C0DD1B059BD81B039B9F420FD1002FB2D04C
S2140143D0D8F83C30012208A95B6998473A46284636
S2140143E008A926F087FA78B93D44A4E7D8F83C3006
S2140143F0012208A95B6998470422284608A926F0E5
S21401440079FA08B9043FDAE74FF0360948460BB0A7
S214014410BDE8F08F4FF06309F8E74FF06F09F5E755
S214014420A41800202DE9F0410F461646984604468A
S21401443088B060B390F83450FDB101211CF0FCFA4D
S21401444000210E9BCDE90511CDE902379DF83C30E0
S214014450CDF804808DF81C30237C04968BB90D4969
S21401446001AA04F1080000F0C7FDDDE90553E06B81
S214014470002E08BF1D461CF078FC284608B0BDE893
S214014480F0812046044A01ABFFF7B2FCEDE7054692
S214014490F3E700BF190D0300554201002DE9F04F67
S2140144A099B00F4609920A69416C0E931439D31DCF
S2140144B0B3FBF1F3013302EBC302036B04469342F1
S2140144C0C0F0B3810023DFF824940D93E36A4846D5
S2140144D01946079300F014FED7E9033604930E9BA2
S2140144E0022B4ED1CC2E40F08A81099B002B42D064
S2140144F0394620461CF097FC656C079A6B1E1340E4
S2140145001490ED1AE36B01225B6916A97868984747
S21401451016A81CF059FE00280CBF04230823782E89
S21401452006933DD9012300254FF0080A05933B6801
S21401453005990E98C9F80030C9F810601CF066FE9F
S2140145404FEA9A0310930023DDF81CB089F8140093
S2140145500B930F9308930C93616C4A1E0BEA0202AD
S2140145608B1A002E38D05544AB4240D8236B5B1AC9
S21401457013442363ABE0049B1B6814930823069340
S214014580D0E7656C079A6B1E1340782EA5EB0305E2
S21401459016D8FB7D7BB9099B002BB3D10423069368
S2140145A0331DAB4210D9A6B1082DBBD80425002374
S2140145B0AA460593BBE7099B002BA3D10823EEE788
S2140145C0099B002B9ED1D9E7002505954FF0040ADB
S2140145D0ADE704250596F9E75345C7D3B0460BEB7F
S2140145E00A030393089B002B18BF032313E0A3EBD6
S2140145F00A039E42B0460BEB0A0228BF98469E422B
S2140146000392EFD90123D9F8102089F81730964282
S21401461071D1C9F804B0089399F81730002B6CD003
S21401462099F818200899D31C09EBC3030132C3F883
S21401463004B0A3F80880997289F81820B8F1000F21
S21401464014D00E9B022B5BD10B9B7BB90F9B434473
S214014650032B0BD9E36B01229B69039814A9984796
S2140146600546002840F0E38001230B93089B16A81B
S2140146700193059B009399F814204346396800F08E
S214014680F5FCE36B58469B69109A16A99847051ED8
S2140146900D9B18BF5B4652460D935946434620462E
S2140146A01CF0BFFA236B08F10302A3EB0A0322F006
S2140146B003029B1AC9F808002363002D40F0B78057
S2140146C00F9BDDF80CB04344A6EB08060F93594642
S2140146D020461CF079FA00258346002E7FF43CAF75
S2140146E0824A3968936804F10800E36252680E9BB7
S2140146F000F034FC84E002238DE7C9F804B09DE79E
S214014700099B002B30D1049BB8F1030F43440A9355
S21401471027D9DDE90301E36B4FEA98029B699847C5
S2140147200546002865D118F003025FD0049B28F0E7
S21401473003052B440493039B1D444FF0FF33049958
S21401474015A8159326F068F8E36B28469B690122A5
S21401475015A9984705460A9B0493002D86D0039B0E
S21401476099E74246039DE8E7039B0A9307F1200376
S2140147701193FB7D78689BB100233D7E0C9AD9B2DC
S2140147808D4211D9119903F1010C31F83310914280
S21401479026D9069907EBC303D8690A44104403E0F7
S2140147A00C9B069A13441844E36B01225B6915A916
S2140147B09847159B012213930C9B0A9804330C937C
S2140147C0E36B13A99B699847039B0A9A43449B1A78
S2140147D0042B054607D978B9134604330A93C8E76C
S2140147E06346521ACBE70A9B0393B6E70A9B0493E8
S2140147F03CE70A9B0493B2E70A9B0393AFE7702654
S214014800304619B0BDE8F08F4FF0000A4FE03A6924
S214014810616CD31D1439B3FBF1F3013302EBC30210
S214014820236B9342BFF452AE5DE01C26E8E73D2DB4
S21401483059D104F1080303932368079A606CA2EB2D
S214014840030ABAFBF0FA00FB0A301CF077FDE16AB6
S214014850804620461CF0B8F9A26A8242D7D0626C24
S214014860D9F80830511E0B40216B2668891A0B4473
S21401487023630D9BE0629E1BB6FBF2F6B245C3D1E5
S214014880079BB3EB080A12D0E36B4FEA9A02414644
S2140148909B6998478346E36A079A5344E362236B0E
S2140148A003989B1A434423631CF09CFBDA46236857
S2140148B0616CE06B01FB06311CF0B5FC20461CF078
S2140148C0C6F820461CF0C3F92063BAF1000F9ED04B
S2140148D03A69616CD31D1439B3FBF1F3013302EB72
S2140148E0C3029042A8D22E468AE700BF4C18002089
S2140148F0032A2DE9F34106460D4617461C4606D106
S214014900237A012B23D0012002B0BDE8F081DFF825
S2140149106080096842460DF10703FFF7BFF9606042
S2140149200028EDD19DF80720237A032AE8D0D8F88D
S21401493004106A689142E3D1012B2969D4F80CC0AE
S21401494007D172690CEB0103934202D92074207CD3
S214014950DAE708316144E1603B46012229463046E8
S214014960FFF79CFD60600028CAD00020CCE700BF9E
S214014970781800202DE9F341089C032A174626687B
S21401498006D1237A012B24D0012002B0BDE8F081A4
S214014990DFF89080304642460DF10703FFF77EF9B7
S2140149A060600028EDD12568D8F80400A96AD5F81A
S2140149B044C04840CCF100031840227AE1D1012AD4
S2140149C009D1E268D8F8103013447269934202D9CB
S2140149D02074207CD9E72868EB6A1B1A081AB3FBF7
S2140149E0FCF3B0FBFCF083420BD1706CF36A421E01
S2140149F01340326B121A1344284633631CF0E4F852
S214014A00E862D8F81020E36808321344E360012214
S214014A103B4604492068FFF741FD60600028B0D09E
S214014A200020B2E7781800202DE9F0410025634BFD
S214014A300E46D3F8008004461D6018B92125284685
S214014A40BDE8F08190F8347007B30A6803689A42AB
S214014A5040F0AA804A6843689A4240F0A5808A6876
S214014A6083689A4240F0A080CA68C3689A4240F0C0
S214014A709B800A6943699A4240F096808A69C36BB3
S214014A809A4240F091804B698361D8E768223946A3
S214014A90856B25F059FFD6E90212336804F1080048
S214014AA023607368A5636360336963617369A36197
S214014AB01CF0AAFAB36904F14000E3639B689847C7
S214014AC020B9676C17B16368B3FBF7F794F8433006
S214014AD0E761002BB2D00023656C2366002D6BD0F6
S214014AE0002F69D02368B3FBF5F205FB1233002BC8
S214014AF05CD16768B7FBF5F605FB1676002E55D137
S214014B0020461BF070FFA369043303449F424FD332
S214014B1040F634726369CC3B93424BD8B5F5805F5F
S214014B204AD3032120461BF087FFD4E90001E36B3B
S214014B301B6898470546E36B0220DB6898472DB152
S214014B4084F83460E06B1CF010F978E741462046A3
S214014B50FFF78AF96428054604D141462046FFF747
S214014B6083F90546636C143BD5B9226A204602FBDD
S214014B7003F61BF038FFA369043303449E4203D2B5
S214014B8084F834505A25DDE70123D4E900010C4AA4
S214014B9084F834301368013313601CF0CFFAD1E780
S214014BA0002384F83430CDE75D2548E7592546E7EC
S214014BB05A2544E75F2542E75B2540E7DC110020E4
S214014BC0D81100202DE9FF410C4616461F46054622
S214014BD080B390F834307BB3B1F5801F2ED2DFF866
S214014BE0608001211BF028FF2146424628460DF130
S214014BF00F03FFF753F8044670B99DF80F30012BE9
S214014C0011D1D8F81030BB4212D10246009031467D
S214014C102846FFF755FB0446E86B1CF0A6F820462D
S214014C2004B0BDE8F081022B14BF2D246024F3E705
S214014C306324F1E72124F2E71124F0E72924EEE7C3
S214014C40A41800202DE9F04385B00C4617461E46F1
S214014C500546DDF8308098B390F8343093B3B1F55B
S214014C60801F31D2DFF8649001211BF0E5FE21465A
S214014C704A4628460DF10F03FFF710F8044688B997
S214014C809DF80F30012B14D1D9F8102006EB08033C
S214014C909A4213D300904346324639462846FFF7D8
S214014CA00FFB0446E86B1CF060F8204605B0BDE833
S214014CB0F083022B14BF2D246024F3E76324F1E76D
S214014CC02124F2E71124F0E72924EEE7A4180020B6
S214014CD02DE9F3411F4600230C46164605463B6068
S214014CE050B390F834304BB3B1F5801F28D2DFF8BB
S214014CF0548001211BF0A0FE2146424628460DF1B4
S214014D000703FEF7CBFF0446A0B99DF80730032B37
S214014D1010D0022B0AD10123336004233B60E86BD9
S214014D201CF023F8204602B0BDE8F081D8F8103018
S214014D303060F3E72D24F2E72124F3E71124F1E7AD
S214014D402924EFE7A418002073B50446056B1BF071
S214014D504AFE636E03449D422CBF00230123854215
S214014D6094BF00252D1A207C84F85030656584F8A0
S214014D705800A8B100230C4E1A4619462046009644
S214014D801CF01EF9002305461A46194620460096D1
S214014D901CF01FF9E3682844984294BF0020C01A0B
S214014DA0E06502B070BD00BFFFFF0F002DE9F347BD
S214014DB01E4643690446B342884617469DF8289026
S214014DC04ED300258DF8075020461BF00CFED4F874
S214014DD030A082450AD2236AB5EB430F06D20022E1
S214014DE020460DF10701FFF78BF9B8B39DF80730A0
S214014DF0012B05D1002220460DF10701FFF780F9AE
S214014E00B9F1030F06D0314620461BF0DCFD256BB9
S214014E10854227D3144D4FF0FF31284600F070F934
S214014E204B46294600222046C5E90376C5F8008090
S214014E30FFF734FB236E054663B12046FFF784FF78
S214014E4094F8503013B994F858301BB1236E04F11E
S214014E5050009847284602B0BDE8F0870135B3E711
S214014E606225F7E71C25F5E7781800202DE9FF41B4
S214014E700F4690461E46054698B390F8343093B3D5
S214014E80B1F5801F31D21A4C02211BF0D5FD224606
S214014E90394628460DF10F03FEF700FF024678B1AA
S214014EA0012342460093394633462846FFF77EFFE4
S214014EB00446E86B1BF059FF204604B0BDE8F081BC
S214014EC09DF80F30012BEBD12169B142E8D1009357
S214014ED0414633462846FFF7F3F904460028DFD15A
S214014EE0E7E72124E8E71124E6E72924E4E700BF01
S214014EF0A418002030B50C46054685B028B390F8B6
S214014F00343023B3B1F5801F23D202211BF094FD68
S214014F100DF10F03214628460F4AFEF7BFFE034652
S214014F2088B99DF80F20032A0DD00322214600924E
S214014F3002462846FFF73AFF0446E86B1BF015FFCA
S214014F40204605B030BD2D24F7E72124F8E71124CB
S214014F50F6E72924F4E700BFA41800202DE9F04362
S214014F60466886B3056898464FF0000CA946AE46DB
S214014F7055F83C400CF1010CC4F31307013401D081
S214014F80B94217D066450EF1080EF1D12F4600241E
S214014F9003E0A64207F1080712D055F83430013471
S214014FA00133F6D1C1F3130141EA0851C7E90012F2
S214014FB0BDE8F08341EA0851CEE90012BDE8F0836E
S214014FC0B8F1030F03D101230372BDE8F083002378
S214014FD003E09E4209F10809F5D055F83340013344
S214014FE0C4F30754032CF4D1C1F3130343EA085363
S214014FF0C9E90032BDE8F0832DE9F0410646406874
S21401500082B0C0B10F4690460024336853F834503E
S21401501003EBC403C5F30752C5F31301013504F1CD
S214015020010406D05B683046CDF80080B84710B161
S21401503070688442E9D302B0BDE8F081024B19687A
S214015040024B1868FFF7F0BC742B0020942B00204D
S21401505008B529F0C0FA014B186008BDD018002029
S214015060014B186829F0B2BAD018002073B504466F
S2140150702248012A00EAC1119DF8185023F07C400D
S21401508007D9961E012E28D9073303F07F0319434B
S21401509008E09DF81C300A43DB0603F0C0531343B7
S2140150A043F060410023C4E900108DF80730B5B124
S2140150B0202221460DF107001CF05CF91A220DF1A1
S2140150C00700211D1CF056F9082063689DF807208B
S2140150D043EA8263636002B070BD1143E2E71B22BC
S2140150E00DF1070021461CF045F923689DF80720BD
S2140150F0042043EAC2632360EDE700BF80FFFF0799
S21401510038B5094B0D461A680021044625F01CFCEB
S21401511000234FF0FF322383C4E900252361A260F8
S214015120E382A37638BD00BFB4EE03000138C0B2F7
S21401513005289ABF014B185C01207047B9EE0300A1
S2140151402DE9F0410746154600240E46596888B0F9
S214015150490A012922464FEA510104F10104F8D80F
S214015160DC78997824031B88C90201F4006104F4F1
S21401517080540C43C3F30A035203234492B24FF004
S21401518000089C18274B6FEA0444039325F07843E4
S214015190ED4302A90DF107001B2202938DF807804B
S2140151A01CF0E8F89DF80720029B02A943EAC263B7
S2140151B00DF107001B2225F07845049302958DF822
S2140151C007801CF0D7F89DF80720029B6FEA14446D
S2140151D043EAC26305934FF0FF330794069307A98A
S2140151E0BB69012206F110009847BB6905A9044670
S2140151F0012206F108009847BB69404518BF0446DE
S21401520004A90122301D98470122404518BF0446D3
S214015210BB69304603A99847404508BF204608B0F9
S214015220BDE8F08101009AB2044BD3F88420D2067F
S214015230FBD4D3F88400C0F38110704700400050BF
S21401524038B5184B0546D3F824010C4600F0070084
S214015250062823D8DFE800F0040A121A1E0E1600EC
S214015260012305B1286004B1236038BD28F078F821
S2140152700523F6E728F074F80623F2E728F0B0F8DD
S2140152800323EEE728F0ACF80423EAE728F0A4F8B5
S2140152900223E6E728F0AAF80723E2E700231846E8
S2140152A0DFE700BF0080005038B5104B0546D3F845
S2140152B000310C4603F00303022B0BD0032B0DD059
S2140152C0012B0FD128F08CF8032305B1286004B117
S2140152D0236038BD28F08EF80823F6E728F086F814
S2140152E00723F2E701230020EFE700BF008000500C
S2140152F038B5104B0546D3F820310C4603F00303AE
S214015300022B0BD0032B0DD0012B0FD128F028F840
S214015310052305B1286004B1236038BD28F060F884
S2140153200323F6E728F058F80223F2E701230020CA
S214015330EFE700BF0080005038B5104B0546D3F8A4
S21401534040310C4603F00303022B0BD0032B0DD088
S214015350012B0FD129F034F9092305B1286004B1D6
S214015360236038BD28F046F80823F6E729F02BF924
S2140153700B23F2E701230020EFE700BF0080005077
S21401538038B5104B0546D3F860310C4603F00303DD
S214015390022B0BD0032B0DD0012B0FD129F010F9C6
S2140153A0092305B1286004B1236038BD28F022F82E
S2140153B00823F6E729F007F90B23F2E7012300207B
S2140153C0EFE700BF008000502E4B98424AD022D80B
S2140153D02D4B984240D014D82C4B984239D00AD83D
S2140153E02B4B984232D02B4B98422FD02A4B9842C7
S2140153F02CD000207047294B9842FAD1284B186FC1
S2140154007047284B98422AD0274B9842F1D1244B1B
S214015410D3F880007047254B98422BD009D8244BEF
S214015420984223D0234B9842E3D11D4BD3F88C00EE
S2140154307047214B984221D003F5740303F51053AE
S2140154409842D6D1164BD3F898007047144B986DF6
S2140154507047134B586E7047114B586F7047104B7F
S214015460986F70470E4BD3F8840070470C4BD3F8F7
S214015470880070470A4BD3F890007047084BD3F862
S214015480940070470048E8010024F400C0CF6A0089
S21401549080841E0000093D0040420F00405DC600AA
S2140154A00080E00FC0EA210180BA8C01007E56031D
S2140154B080D54302006CDC020090D00373B50D4624
S2140154C000210E4B0191D3F88041064604F00304F7
S2140154D0012C09D0022C0CD00C460EB1019B336076
S2140154E005B12C6002B070BD01A8FFF701FF0F24C3
S2140154F0F3E727F071FF0190EFE700BF008000504F
S21401550038B5104B0546D3F840320C4603F003037A
S214015510022B0BD0032B0DD0012B0FD129F050F805
S214015520092305B1286004B1236038BD27F062FF66
S2140155300823F6E729F047F80B23F2E7002318467D
S214015540EFE700BF0080005038B5144B0546D3F88E
S21401555000020C4600F0070004281BD8DFE800F024
S21401556003090D111500012305B1286004B123605C
S21401557038BD29F025F80923F6E727F03BFF082375
S214015580F2E729F020F80B23EEE727F00FFF0E23B2
S214015590800AE9E700231846E6E700BF00800050CE
S2140155A010B40D4C0B46D4F8204204F00304012C31
S2140155B00AD0022C0CD008B1002101600BB10022E8
S2140155C01A605DF8044B70475DF8044BFFF790BE18
S2140155D05DF8044BFFF7B0BE00800050B0F5207FA9
S2140155E01FD009D8B0F5007F15D003D868B1B0F543
S2140155F0C07F0AD000200CE0B0F5607FFAD10B4BDB
S214015600D3F88000C0F3011003E0084B186FC0F315
S214015610033001307047054BD3F89000C0F30460A7
S214015620F7E7024B186FC0F38020F2E700800050C6
S2140156304FF400320E4B014610B500209A66FFF774
S214015640CDFF484341F671320A490B4B884294BF5D
S21401565000200120DC69DA639A6822F4401242EAEB
S21401566000529A60E20344BF0022DA6310BD00BF15
S21401567000900050005A620200000350420910B523
S2140156800FD0012A0FD00A4B0A4C022A18BF234614
S21401569000F01F0049B103F58053012282401A60D1
S2140156A010BD1346F4E7044BF2E703F50053F4E7A5
S2140156B06880005060820050648000501FB5002151
S2140156C0B0F5807F0446019100F0068100F29D80CE
S2140156D0612800F295801F2805D8002840F09280A6
S2140156E027F064FEDCE0A0F12004412C00F28A8061
S2140156F001A353F824F000BFE1560100A5580100AC
S214015700E1560100A5580100C5580100C558010021
S214015710C5580100C5580100A5580100A55801004B
S2140157207F58010039580100FB5801000559010056
S21401573039580100A5580100A5580100A5580100D7
S21401574005580100055801000558010005580100DB
S2140157500558010005580100CF5801005B580100AB
S214015760A5580100A5580100A558010019590100C6
S2140157700F590100A5580100055801000558010000
S214015780055801000558010005580100055801009B
S214015790055801000558010005580100055801008B
S2140157A0055801000558010005580100E1560100A1
S2140157B005580100E1560100E1560100E1560100DD
S2140157C0C55801000558010005580100055801009B
S2140157D0055801000558010005580100055801004B
S2140157E0055801000558010005580100055801003B
S2140157F00558010005580100E1560100E156010077
S21401580080284BD0019804B010BDB0F5A06F5ED0D3
S21401581028D8B0F5607F50D019D8B0F5007F4CD0AD
S21401582004D8B0F5C07F3FF45BAFEBE7B0F5207F5F
S21401583038D0B0F5407FE5D127F0B8FD02464FF4E9
S2140158402070FFF7CBFEB2FBF0F2520833E0B0F562
S214015850806F37D0B0F5906FD4D1002101A8FFF743
S214015860EFFCCFE7B0F5E06F51D00DD8B0F5C06FC3
S21401587043D0B0F5D06F45D0B0F5B06FC2D100219E
S21401588001A8FFF71BFEBDE7B0F5F06F44D0B0F5F9
S214015890086FB7D101A8FFF707FDB3E727F066FD4C
S2140158A00190AFE727F082FD02464FF42070FFF724
S2140158B095FEB2FBF0F20192A4E727F057FD0246EF
S2140158C02046F4E7002101A8FFF712FD9AE7002120
S2140158D001A8FFF765FE95E74FF0E02302911B69EB
S2140158E05B0705D527F062FD0290029B019389E7CD
S2140158F003A902A8FFF720FDF7E7002101A8FFF79B
S2140159001BFD7FE7002101A8FFF71EFE7AE70021B5
S21401591001A8FFF7F5FD75E7002101A8FFF730FDA7
S21401592070E700BF08B58020FFF7C8FE034B98421A
S2140159309EBF4FF48032024B1A6708BD005A6202BE
S21401594000A000501FB503460020B3F5807F0190EC
S2140159506FD027D8382B00F082800BD8243B092B38
S2140159600FD8092B0DD8DFE803F05F5F5F5F0C0CE3
S2140159705A0C3675522B57D007D83D2B3AD03E2BB2
S21401598072D0019805B05DF804FB802BF9D1394B34
S2140159901B6F03F00703013B032BF2D8DFE803F08C
S2140159A03D36393BB3F5D06F54D019D8B3F5A06F57
S2140159B055D00AD8B3F5806F36D0B3F5906FE0D1E5
S2140159C0002001A9FFF73CFCDBE7B3F5B06F26D05A
S2140159D0B3F5C06FD5D1002001A9FFF7ADFCD0E724
S2140159E0B3F5006FECD00AD8B3F5E06F3CD0B3F551
S2140159F0F06FC6D1002001A9FFF7C2FCC1E7B3F5DD
S214015A00086FBED101A9FFF74FFCBAE70523019342
S214015A10B7E70323FBE70723F9E70223F7E70020AD
S214015A2001A9FFF74BFDACE7002001A9FFF760FCD9
S214015A30A7E74FF0E02302901B695B0705D527F027
S214015A40B5FC0C230393039BE1E703A902A8FFF728
S214015A5073FCF8E7002001A9FFF776FD91E7002027
S214015A6001A9FFF79DFD8CE7002001A9FFF748FD7E
S214015A7087E700BF008000504FF48032074B08498B
S214015A80586E03F580535A660B6A23F001030B62C6
S214015A90C3035CBF034B5A66704700BF00800050CB
S214015AA000C0075000A0005008B5FFF74BFF0828BC
S214015AB011D00938012802D94FF6FF7008BD4FF4FE
S214015AC00012064B5A6603F5D8335B6ADB07F3D53B
S214015AD04FF4FA70F2E7024B1888EFE70090005097
S214015AE0662D002008B5FFF72DFF03280ABF024BDD
S214015AF04FF6FF70188808BD642D0020F8B50446DF
S214015B008020FFF71FFF032800F087804FF4002254
S214015B10424B02215A6645F60E03414AC2F88030CE
S214015B20404B9962012103F580539962936DD90325
S214015B30FCD4D4E900131B0543EA0163E17B94F826
S214015B4020500B43217BE77E43EA0143617B6D01D5
S214015B5043EA0133A17B43EA811313619169D4E9D6
S214015B6004031B0643EA806301F000410B43A17E58
S214015B7094F823000B43217E43EA0143617E43EA06
S214015B8001239361136AE66923F00D0394F822104A
S214015B9043EA8703002E2DD11362966A94F82130CA
S214015BA045EA031326F033052B4343F001039362C2
S214015BB01D4D1B4B9A6D35EA0202FBD10222194D8F
S214015BC0AA621A659A6D5200FCD41A69A56822F475
S214015BD0700242EA05521A614FF00042114B9A6177
S214015BE019B9022203F580539A6278B901220F4B44
S214015BF09A620BE0334343F008031362936A23F07F
S214015C00330303432B4343EA4103936294F824305E
S214015C101BB1034B064AC3F88020F8BD0090005024
S214015C2000C0005000D000500300014000E00050CA
S214015C30F1A7FFFF014B93F9000070472C280020C5
S214015C40F0B5D0E901434FF480061A4A4178057849
S214015C5056664FF4D156022702F5B8325662164EF2
S214015C604F2977604FF0010728BF4F2106F5805670
S214015C7077601669F603FCD441EA052151611B01E0
S214015C80417B43EA04230B43017B43EA41039360D0
S214015C90C37B817B1B0143EA4113417C0B43017C9F
S214015CA043EA41035360837C13B16FF4D1535362CB
S214015CB0F0BD00BF0090005000100250014B18804C
S214015CC0704700BF662D0020014B1880704700BF4B
S214015CD0642D00204FF4001208B5184B5A660223B3
S214015CE0174A5360936813F48033FBD1012822D1FD
S214015CF027F076FB134B984215D003F5122303F5D4
S214015D00F863984213D0104B00EB8002400AB3FBB5
S214015D10F0F3520A0A49CA620B6301234B6200225E
S214015D20074B5A6008BD45F67A13084AF2E745F66E
S214015D301A03074AEEE75362F1E700BF00900050EE
S214015D400040025000F0490264666666D8B8050055
S214015D50BBCF0500B0F5207F10B50C4642D008D861
S214015D60B0F5007F33D003D888B1B0F5C07F0ED030
S214015D7010BDB0F5607FFBD11F4A4C1ED2F88030B3
S214015D8023F0300343EA0413C2F88030F0E71BF037
S214015D900FFB1BF01BFB4FF48031184B164A19679B
S214015DA0136F013C23F4704343EA0433136727F06F
S214015DB0FDFA0446FFF738FAC0F1020120461BF04F
S214015DC0FFFA00F035F8BDE81040FFF7ABBD0A4A10
S214015DD04C1ED2F8903023F0F85343EA0463C2F81D
S214015DE09030C5E7044A4C1E136F23F4806343EAE0
S214015DF084231367BCE700BF00800050009000506A
S214015E0008B50121022000F055F94FF42070FFF784
S214015E10E5FB054B18701BF0CBFA1BF0D7FA4FF4D5
S214015E208032024B1A6708BD2B28002000900050D4
S214015E3008B54FF4C070FFF741FCBDE808400449BF
S214015E40884294BF012102214FF42070FFF782BFE0
S214015E5080F0FA0238B5044627F0A8FA0546FFF79F
S214015E60E3F9C0F1020128461BF0AAFA012100203D
S214015E7000F060F92CB1FFF7DBFFBDE83840FFF713
S214015E8051BD034B4FF420701978FFF763FFF4E719
S214015E902B2800204FF4C02270B50546FFF794FA70
S214015EA0314B04465A6603F598335A68012A04D1E1
S214015EB02E494A609A699207FCD18020FFF742FD7D
S214015EC0052807D11BF074FA1BF080FA4FF48032D4
S214015ED0254B1A67264B24F040749D4230D0254B43
S214015EE09D4230D027F03CFA8542064603D901216F
S214015EF0284600F01FF9204BDA6812F0060FFBD196
S214015F0099689C609A68624012F4F81F1ED1284670
S214015F10FDF7B2F98020FFF715FD05280DD127F012
S214015F2045FA0446FFF780F9C0F1020120461BF04E
S214015F3047FAFFF77DFFFFF7F5FCAE420CD270BDC6
S214015F4044F00074CEE744F08074CBE7802099607B
S214015F50FFF7F8FC052805D0BDE8704001210020B8
S214015F6000F0E8B83546DAE70090005000E001504E
S214015F7040420F0080841E000000015010B5224BE5
S214015F8070B94FF40031214A1860516602F5983213
S214015F905268012A03D11E4AD2F800211A6010BDA8
S214015FA01B68002BFBD01B4A5268012AF7D0184AFF
S214015FB08020C2F80031FFF7C5FC05281FD14FF439
S214015FC0C070FFF70BFB0128044604D102214FF4F1
S214015FD0C070FFF7BFFE07220F4B1A610122A3F51F
S214015FE080535A600B4A1369DB07FCD5012CD6D1C6
S214015FF02146BDE810404FF4C070FFF7ABBE01224A
S214016000064B5A60CBE700BFD41800200090005022
S2140160100080005000C0015000E0015000D0015047
S214016020044A4178536F23F4407343EA01235367CC
S214016030704700BF0040005010B5044610B1002064
S214016040FFF79CFF124A136943F00403136127F01C
S21401605039FF1BF0C0F90F4B5B6E5B0142BF0E4B65
S2140160600E4AC3F8202428F0B6FA28F0B5FC28F02A
S214016070ADFA1BF0B1F902F081FC1CB9BDE8104085
S21401608027F094B90120BDE81040FFF777BF00BFA5
S21401609000ED00E00080005000E003500000FF0F1C
S2140160A0034A0179D36E23F030030B43D36670475E
S2140160B000400050F8B504461C4BD3F88420D106A6
S2140160C0FBD4D3F88430C3F381139C422CD027F041
S2140160D04DF9012C064602D121461BF071F928F034
S2140160E07AFA4FF00072124B07465A6620461BF0AA
S2140160F07AF94FF480630D4D621E93402B676B6EE9
S2140161009A0103D4D5F884309B060AD5384628F080
S2140161105DFA022C08D13046BDE8F84000211BF09C
S2140161204FB9D5F88430EAE7F8BD00BF004000500B
S2140161300060005010B50C4608B927F017F9074B58
S21401614021461B783BB1064B984204D80120BDE896
S2140161501040FFF7AFBF0220F9E700BF2D2800204F
S214016160005A62020278034B012100201A70FFF7E1
S214016170E1BF00BF2D2800204FF0004238B5264B66
S21401618026495A6601224A604AF6CD3103F50B23A9
S2140161905D6C1964154030BB9968C9070BD400249F
S2140161A001221F4B5A6015B11E4B1F4A1A6423F079
S2140161B0FCFC204638BD1A498A601C4AD96ACC07BD
S2140161C005D4904201D10724EAE70130F6E7904270
S2140161D0E5D1F8E70132DC6A14F0080406D08A42F9
S2140161E0F8D10724DFE700221049F4E78A42F8D005
S2140161F020220B4B0B495A620122A3F580539A6069
S21401620023460A4A486A800603D49342E9D00133FA
S214016210F8E79342C7D1E4E70090005000500950D8
S21401622000600950004009503254FFFF40420F0001
S2140162304FF0004238B5174B174C5A66012203F54A
S2140162400C235A604AF6CD33656C23644378934039
S2140162501343124AD363C3788178A2689B0043EA4A
S214016260011322F074021343A3600279837943EA8F
S214016270022323614279C37943EA022363610078EA
S214016280FFF77AFFEB0744BF054B236423F08DFC31
S214016290012038BD009000500040095000400050D9
S2140162A03254FFFFF8B504460D461F4616464AB15E
S2140162B001238B403021184A01FB0022F7B141F23D
S2140162C01001535004EB4403072D4FF00F014FEA22
S2140162D0031316D8A80006FA00F281400F481844A6
S2140162E01BF082F84EB9012330210B4AAB4001FB6B
S2140162F0042277B141F210015350F8BD42F2100169
S214016300DFE7A5F10800800006FA00F281400448A4
S214016310E5E742F21001EFE700C0035004C0035066
S2140163200CC0035010B5152001F06CFC0024FF22B0
S214016330064B21465C6520209A625C60FFF79EF959
S2140163402146BDE810402120FFF798B9000004500F
S214016350044A054B002908BF1346012282401A60F1
S214016360704700BF401004504020045010B5012172
S21401637004462020FFF782F901212120FFF77EF94C
S2140163800122114B15205A60227812069A60617814
S214016390A27842EA01429A61FF229A6200229A6337
S2140163A01A644FF000425A654FF0FF3203F500536E
S2140163B01A6501F055FC1520E1781BF006F9BDE8D9
S2140163C01040152001F030BC00000450F8B501253E
S2140163D0C3B21E4FD1F800C09D408E7ACB7A0C46D0
S2140163E0097B3D6507F5005747F820C04FF0300C94
S2140163F00CFB00F01B05677B00F1A04043EA064357
S21401640000F5802043EA415322F003020766C36584
S214016410026728F0E9F80E4B227A5D6502B11D6429
S214016420627A02B19D632279A37943EA0243074A5D
S21401643093616179E37943EA014305498B61054B31
S21401644055639D64BDE8F84028F0C9B800200450A3
S214016450001004500000045010B50124C0B284405E
S21401646028F0C2F8044B5A6D22EA04025A659C626F
S214016470BDE8104028F0B3B80000045010B5012460
S214016480C0B2844028F0B0F8074BDA6A224208D13D
S2140164905B6B9C430CBF0124002428F0A0F8204627
S2140164A010BD0024F9E700BF0000045070B5054692
S2140164B028F09AF83022084B5E6B02FB05335C6EBF
S2140164C028F08DF80123EDB2AB4033420ABFC4F386
S2140164D00A100020013070BD000004504FF4003255
S2140164E0054B9A6641F6713203F51C33DA630122D5
S2140164F003F50053DA6070470090005041F67132A0
S2140165000121064BDA6303F50052D1600022DA63FB
S2140165104FF40032A3F518339A6670470000035013
S214016520CB784A7810B55B010C7843EA82030A7986
S214016530234343EA02130C22424302F1B04213639F
S214016540012C02BF8A78024B43F8202010BD00BF01
S214016550E880035008B54FF0B0435A686AB958B19D
S2140165605B680BB11AF04FFF01210D4B59601AF011
S2140165704AFF4FF0B043D96008BD5B680BB11AF013
S21401658042FF0028F0D11AF03EFF4FF0B04302223E
S214016590DA601AF038FF0122024B5A60ECE700BFBE
S2140165A000100058002000584FF0B0414B6810B55D
S2140165B00BB11AF028FF01220B4BC4785A6083787E
S2140165C0934043EA840344782343047943EA04135B
S2140165D0447943EAC4038B60044B5A600378C3F1E1
S2140165E00203CB6010BD00BF002000580010005809
S2140165F04FF48032064B5A6603F5E6235B69C3F314
S2140166008512827003F03F021B0B427003707047C5
S21401661000900050014B986CD96C70470080E00FD9
S214016620024B1868C0F30740704700BF0080E00FB8
S2140166300120034B9B680A3303F01F039840704701
S2140166400080E00F70B5054616461C4621B94FF48A
S2140166502070FFF733F80146402C1BD003D8DCB17D
S214016660202C1BD070BD602CFCD1042303FB06F24A
S214016670530803EB4113B3FBF2F36021084A203BB6
S21401668002EAC30305F50052916005F58052946055
S214016690EB61E7E70623E9E71023E7E70823E5E7E9
S2140166A0F8FF7F00012200F580535A6040F6AA6386
S2140166B041F20502436100230B498360C365C26052
S2140166C000F500520361C361C364916407498365A1
S2140166D0884203D103650023436502E004498842EA
S2140166E0F8D0012353607047FFFF010000C005503A
S2140166F00000065070B50D46FFF7D4FF012300F5E4
S21401670080567360AB7C04461BB1836843F08043BC
S2140167108360EB7C4BB1344A2B7D944243D1A2F586
S2140167201032C2F88C318023F3652A8A6B7B2046AF
S2140167301343EA891343E3602B7BD5E90112FFF784
S21401674081FF6B7D1BB1A36843F48033A360AB7DEF
S2140167501BB1A36843F40043A360EB7D2A7E1B07AD
S214016760120502F4E00203F0E0431343A365697ED9
S2140167701D4A8B1E012B1D4B1FD894421BD002F5C0
S214016780804294420CBF01224FF0FF3203EB4213CA
S214016790022041F21C620329985020D10423F3659C
S2140167A02B78636170BD124A944204BFA2F5203271
S2140167B0C2F89C31B7E70022E8E794420DD00C4AB4
S2140167C094420CBF01224FF0FF3203EB421302202A
S2140167D042F21C6201299850DFE70022F5E7042205
S2140167E004F50053DA65DBE700C0055000C003502E
S2140167F000000650034BD3F82424D3F8200410409D
S214016800704700BF00C003502DE9F8431E4B0546F4
S214016810D3F810334B1E0E2B0E46174690F80090F9
S21401682044781DD909B34FF000082846D7B127F0A0
S214016830E1FE09EB4903072C4FF00F014FEA031362
S21401684015D8A400114808FA04F2A14018441AF019
S214016850F6FDBEB928468FB1BDE8F84327F0CABE9B
S2140168608846E2E71AF0FAFDE3E78846E1E7083CE6
S214016870A400074808FA04F2A140E7E7BDE8F84398
S2140168801AF0ECBDBDE8F88300C0035004C0035005
S2140168900CC003504FF48032084B5A6603F5E623CA
S2140168A05B691A0B027003F03F0242704FF6FF72EB
S2140168B0C3F3851342808380704700BF0090005069
S2140168C0014B986CD96C70470080E00F70B5044698
S2140168D023F037FA064630B90FCC044D0FC594E8BD
S2140168E0030085E80300304670BD00BFD8180020BD
S2140168F047F6FF739A42F0B56FD002296FD8394B2D
S2140169005B5C012B6BD8384DDF0005EBC30415F833
S2140169103330A178012B13D10025E078401AA84224
S21401692002D80844C0B2F0BD431B6668A0EB53030F
S21401693036F913609642D4BF1D4603F1FF30EEE7E9
S21401694060680028EFD0B0F90040944204DBB0F94B
S21401695002409442B8BF144683883D44FF2B19BFBA
S214016960C8224FF0280CB0F90620B0F908C0A2EBF7
S21401697004030CBF0126002693FBFCF333446E7818
S2140169801BB29E4201DD002B01DA731E1BB24FF4CF
S2140169907A7C01339BB2071D5D1E2DB24FEAC50EF0
S2140169A000EBC505EA88AD689E4214FB025222EA56
S2140169B0E27202F15C02B2FBFCF204DD37F83350FE
S2140169C001339542E8D200EB0E039888904228BF27
S2140169D01046884238BF0846A4E7FF20A3E70020F8
S2140169E0A1E700BFBFEE0300D81800200229F0B5CA
S2140169F055D82C4B585C012851D82B4C04EBC001C0
S214016A0014F830004B6801280FD1C8788C78904272
S214016A1094BFC4EB0001C4EB0201001BCAB2824260
S214016A20C8BF002233F91200F0BD002B37D088789A
S214016A30904202D3B3F90200F6E7CC78B3F900002E
S214016A409442F1D94C789988013CA1F1FF06714234
S214016A5003F10405E4B2714103F10C07CEB2B4426E
S214016A6016D805EBC1014FF47A756A43B1F90240B5
S214016A704968521A04EBD47102EB610292FBF4F2FC
S214016A809042D1DBB3F902009042CDDC10B2CBE7E5
S214016A9037F831C04E1C9445E3D33146DEE7034850
S214016AA0C2E700BFBFEE0300D81800200080FFFF3A
S214016AB008B50448FFF70AFFBDE80840012023F0A7
S214016AC044B900BFA4F4030000487047682D0020B5
S214016AD07FB50222084B0949CDE901234FF0007327
S214016AE0CDE90313052301A94FF0FF30059323F0E9
S214016AF083F907B05DF804FB006A18000002040081
S214016B0006289ABF014B185C00207047C3EE0300AD
S214016B104FF40052034B00209A660322C3F860220A
S214016B20704700BF009000504FF40052034B002006
S214016B309A660322C3F86022704700BF00A0005087
S214016B4000F01F02A0F50620A0F55060812810D89D
S214016B50012309494009934051F820201A4341F87E
S214016B602020064951F8202022EA030241F820207D
S214016B7070474FF0FF30704708190020F4180020C6
S214016B8000F01F03A0F50620A0F55060812810B57F
S214016B9019D801210D4A4009994052F820300B437B
S214016BA00B4942F82030D1E9004323448C68234442
S214016BB0CC68096923445B1804D1C2E90033C2E9F1
S214016BC00233136110BD4FF0FF30FBE7F4180020CD
S214016BD0081900202DE9F04FA7B003921F4604467E
S214016BE00822CDE90401414021FA02F34B409807FF
S214016BF002F1080218BF9B00202A1C44F4D181230D
S214016C00B4FBF3F303EBC313E41A7F4B04F506243A
S214016C101B7804F55064002B39D1FEF70FFA0546B0
S214016C2000286FD10146402206A823F08DFE294692
S214016C30402216A823F088FE744D754EA8461035DE
S214016C40AE4228BF2E467348013E009643461022A8
S214016C50006806A91AF0B4F94FF0000B81460DF151
S214016C60180AD94541D16B48009643461022006860
S214016C7016A91AF0AEF94FF00008834616AEC345C2
S214016C8046D1654B9D42D8D101225F4B1A704FF019
S214016C9081080026DFF894B1A4F50625A5F5506312
S214016CA05B095BF8232004F01F01CA40D20746D4D3
S214016CB05A4A52F82330CB40DB0732D58123002EC7
S214016CC008BF2646A5F6FF44B4FBF3F303EBC31354
S214016CD0E41A04F50624B8F1010804F55064DBD182
S214016CE0039B03B3FEB1344625E05AF8040BFFF7C5
S214016CF027FF013009D10022434B1A70424B1B7803
S214016D00002BC4D16FF091000FE00BF1010BA8E747
S214016D1056F8040BFFF734FF0130EFD008F10108F5
S214016D20ADE7039B23B96FF08B0027B0BDE8F08F6A
S214016D30002E18BF3446329B00201C60F5E7309BBE
S214016D4013B10023309A1360319B13B10023319A9B
S214016D5013604FF0100ADFF8BC90CDF800A00023B6
S214016D603A462146D9F80000FDF76CFF002838D1D5
S214016D7030993A682A4BE9B19A42C1F800A01CD072
S214016D802146D9F80000FEF7B5F80028CBD1D7E99F
S214016D900223DDE90410834208BF8A422AD08123F8
S214016DA0A5F6FF45B5FBF3F303EBC313ED1A05F5A3
S214016DB0062490E79A42EAD0E2E7319B002BE6D020
S214016DC02146D9F8000016AAFDF782FF48B9319B83
S214016DD0309A1B681268934294D39B1A319A1360B7
S214016DE0D5E7104B9842CBD06328C9D00E4B9842BA
S214016DF0CDD087E7039B002B9DD07B68012B9AD1D2
S214016E006FF0840091E700BF2E280020006D080077
S214016E10816D0800942B0020906D0800F418002066
S214016E20105D175EFFDF00F0FEDF00F0081900209E
S214016E302DE9F04F87B08246894698461646DDF81A
S214016E4040B02AB1002B53D040F26C739A4252D80C
S214016E50BBF1010F52D8002406F110073946012074
S214016E6005941BF0C2F8054600284AD021463A464A
S214016E7023F06AFD05ABCDE9014300942B460122C0
S214016E8050464946FFF7A6FE044680B110F18C0F26
S214016E9008BF6FF08D043A460021284623F054FDC2
S214016EA028461BF084F8204607B0BDE8F08F164B45
S214016EB0C5E902A92B60C5F804B02EB13246414699
S214016EC005F1100023F0A8FC059E10483B462A4613
S214016ED031460068FDF7CAFF38B93046FFF730FE85
S214016EE0013008BF6FF08604D5E76FF09104D2E752
S214016EF06FF08604D7E76FF09104D4E76FF085044E
S214016F00D1E76FF08C04CEE7105D175E942B00205E
S214016F102DE9F0438DB08146DDE914780E4615461D
S214016F201C469BB1B8F1000F05D16FF086063046BE
S214016F300DB0BDE8F083002FF7D0B7F1005FF4D3B2
S214016F40C3F1005303F500439F42EED810220021FF
S214016F5008A823F0F9FC002207AB029305AB0193C6
S214016F6006AB31460093484608ABCDE90522FFF74C
S214016F7031FE06460028DAD1059BA4B1AB4215D8EE
S214016F8053EA0504D1D1069B0B48C8F8004000948B
S214016F903A46079900682B44FDF754FE002818BFAF
S214016FA06FF09106C3E7AB42EDD2BEE75B1B9C4296
S214016FB028BF1C46E7E700BF942B002030B58DB0F4
S214016FC00C4605461022002108A823F0BDFC00222D
S214016FD007AB029305AB019306AB21460093284607
S214016FE008ABCDE90522FFF7F5FD044608BB099B72
S214016FF0012B21D0079D134B29461868FDF77AFF10
S214017000E8B9A5F50623A3F55063812B05F01F0209
S2140170100DD801210C485B09914050F823204A40C5
S21401702040F823202846FFF7ABFD013001D16FF071
S214017030860420460DB030BD6FF08404F9E76FF08A
S2140170409104F6E7942B0020081900202DE9F04F53
S21401705089B007460E4601F073FEC00709D4042422
S21401706001201BF08CFC80B3013CF9D16FF092003B
S21401707028E0102200210DEB020023F065FC04A895
S21401708001F0C0FE049B002BE9D0059B002BE6D047
S214017090069B002BE3D0079B002BE0D00025DFF8F2
S2140170A0808008F10409B54219D34FF48A7401F0BF
S2140170B041FE00F00E03062B2DD1C30501D501F0CC
S2140170C06BFE002009B0BDE8F08F01F033FE10F032
S2140170D00E03FAD0022BF8D04105DFD5C4E701F044
S2140170E023FEA6EB050A8400544528BF544699E8BA
S2140170F0030000238DE80300CDE9054307EB050BEC
S214017100CDF810B0029404AAD8F8003007CA1BF0D4
S2140171102FFB2544C7E724FA03F3DA07A6D5C6E70B
S214017120F0EE03002DE9F0438BB01746DDE9154577
S214017130DDE913269C46DDE91738894621B96FF04B
S21401714086000BB0BDE8F083002FF8D00EB9002CF6
S214017150F5D1129909B9002AF1D10DB9002BEED15A
S214017160B8F1000FEBD0244A944541D10288B2F51C
S214017170105F3DD14288B7EBD20FE0D322F0400139
S214017180802902D0B2F5807FD9D16CB3AE421CD231
S2140171903219954219D29C42D1D831462246284608
S2140171A023F0B8FB2E4614F00F03C8D1CDE90197A2
S2140171B0CDE90336CDE90543CDE907540993FFF739
S2140171C0A7FC38B16FF09200BBE79C42EBD96FF099
S2140171D08900B6E707AA04A901A801F0D7FE05466B
S2140171E0FFF7A2FC0543EDD10020C8F80040A8E750
S2140171F06FF08500A5E700BF004440042DE9F04F7D
S214017200A9B0834617469A460E46DDF8C890DDF8C3
S214017210D88029B96FF08603184629B0BDE8F08FEB
S214017220002AF7D0B9F1000FF4D0349B002BF1D02F
S214017230B8F1000FEED00024424B0CAD93E80700E6
S21401724085E807003C22214619A8189423F07CFB08
S2140172503388728803F4E040B0F5804FDAD03A4EB6
S2140172603A480BEA060646F01066864263D1B2F546
S214017270807F60D147F2121293425CD10620344AD5
S214017280BAF11F0FD3680E940B931369126800FBB3
S21401729003F3CDE90C23BDD9339B402BBAD9359BDB
S2140172A01F2B4BD909F1010220261292402299F890
S2140172B000300F97042B18AFCDE91324CDE91572D2
S2140172C0109611941794A5D1FFF722FC03460028C7
S2140172D0A2D10B9B15AACDE9086305AB07CA83E8C3
S2140172E0070002AB12AA07CA83E80700DDE910010E
S2140172F08DE803000F9B95E8070001F021FF054686
S214017300FFF712FC55EA000384D13D46349A20AEBD
S2140173102C4603CCB44210605160254602F10802A7
S214017320F6D100221146B9540132402AFBD120225F
S214017330C8F8002070E76FF085036DE76FF08903EA
S2140173406AE700BF6CF003000000FFF600000209C8
S21401735080F00300F0B50E461D468BB0002853D0D2
S214017360002951D0002A4FD0002B4DD0048804F4B8
S2140173704F43B3F5824F03D06FF085000BB0F0BDDD
S214017380E3B224F0FF04B4F5E24FB0F802C0F3D143
S214017390122B01D0172BEFD10CF10701B2EBD10F55
S2140173A04FEAD10733D31D4A04ACBCF5807F07CA28
S2140173B084E80700E0D1122B07D1194B1A691B6824
S2140173C01344CDE90432002306930023CDE9076771
S2140173D00993FFF79DFB0028D0D1124A02AB92E831
S2140173E0030083E803000AAB13E903008DE80300FA
S2140173F0079B94E807001BF040F90446FFF794FB4F
S214017400204307D12F60B9E76FF08600B6E76FF02B
S2140174108900B3E76FF09200B0E700BF6CF003009D
S21401742080F00300E8EE03002DE9F0438FB01D461F
S214017430DDE916C600285CD000295AD0002A58D0AB
S214017440002B56D0BCF1000F53D0002E51D003882C
S21401745003F44F44B4F5824F51D1DCB223F0FF035D
S214017460B3F5824F40884AD0122C01D0172C46D152
S214017470C31DB2EBD30F4FEAD3083AD34FEA480203
S214017480571C674538D8B0F5807F38D1122C18BF05
S2140174904FF000094FF0000308BF1C4CCDE9081857
S2140174A005F1010114BF4C46D4F80C90CDE90B123E
S2140174B00A930D93FFF72CFBC0B9CDE9058902AB02
S2140174C008AA07CA83E807000EAB13E903008DE894
S2140174D003000B9B94E807001BF0EEF80446FFF749
S2140174E023FB20430ED104232B7037600FB0BDE879
S2140174F0F0836FF08600F9E76FF08900F6E76FF02A
S2140175008500F3E76FF09200F0E700BF80F003001C
S2140175102DE9F04389B00E4615461F46DDF8488032
S21401752020B96FF0860009B0BDE8F0830029F8D0D5
S214017530002AF6D0B8F1000FF3D0038803F44F42C7
S214017540B2F5824F02D06FF08500ECE7DAB2122A6C
S21401755001D0172AF7D123F0FF03B3F5E24F41D14B
S2140175604488C8F8004044B9EB00B3F5807FC8F8FA
S2140175700030E8D1122A0DD108E0E31DB5EBD30F98
S214017580CFD1B4F5807FDED1122A29D1354B1C68C4
S2140175901B691C440023194670192C4414F801CDAC
S2140175A010F8012D1143B2EB0C020CBF4FF0FF3C5B
S2140175B04FF0000C86420CEA030343EA0203EDD1C6
S2140175C00029AED0002BACDA109B9D4246D82A4645
S2140175D03146384623F020F9119B00201D60A2E7B2
S2140175E00024D7E73378042B9BD16B1EDB005B08A6
S2140175F0B3F5807FC8F80030A5D1122A06F1010341
S21401760018BF4FF000094FF0400205934FF00003FA
S2140176100ABF144C4C46D4F80C90CDE90623FFF76C
S21401762077FA00287FF47FAFCDF80C90D8F80030B9
S2140176300733DB08029308AB13E903008DE8030068
S214017640059B94E807001BF0E4F80446FFF76CFA84
S21401765000287FF468AF002CB6D062E76FF089008F
S21401766061E700BF80F003000388B3F5105F0ED119
S2140176704388DB08103B102B0CD8084A22FA03F388
S21401768013F0010F14BF00206FF0860070476FF0F3
S214017690850070476FF08600704700BF010101004A
S2140176A02DE9F04F8FB01546DDE918A91E46DDF825
S2140176B068801C9F09B300B3B8F1000F1DD0E7B175
S2140176C0BAF1000F02D1B9F1000F16D1274B26F4FB
S2140176D07E129A42B0F802B044D1FFF7C5FF0446C5
S2140176E0A8BBB5EBDB0F4FEADB0306D316F47C1F12
S2140176F0C6F3054504D0102D03D96FF0860426E0A5
S21401770010251B9A95422AD8CDE901130023102291
S214017710CDE905930DF12809CDE9033ACDE9082312
S214017720CDF81C90FFF7F4F9044680B907AA04A91E
S21401773001A801F03FFC0646FFF7F6F9044656B9E4
S21401774058B92A464946404623F066F83D60204629
S2140177500FB0BDE8F08F6FF092040025F6E76FF0EA
S2140177608904F4E76FF08504F1E700BF0002C00367
S2140177702DE9F041069F0C461646054610B309B39F
S21401778002B9FBB96288B3EBD20F4FEAD20819D31C
S2140177904C220021284623F0D7F80D4B27F47E1201
S2140177A09A4212D12046FFF75FFF044638B9424697
S2140177B03146281D23F030F8C5F824802F60204676
S2140177C0BDE8F0816FF08604F9E76FF08504F6E70F
S2140177D00002C0032DE9F0410E4614460546002876
S2140177E040D000293ED092B10368214823F47E138D
S2140177F083423AD1AF6BF7B1C7F1100807F1280001
S2140178004245284406D2274423F006F8AF630020F9
S214017810BDE8F081424622F0FFFF1022103C3C19E1
S214017820AA63F4D0284605F1280119F07FFE002846
S214017830EED14644A863102C0CD9671E27F00F071B
S2140178403A463146284619F071FE0028E0D1E41B7D
S214017850DDD03E442246314605F1280022F0DCFF09
S214017860AC63D4E76FF08600D2E76FF08800CFE70D
S2140178700002C0032DE9F04388461F4605468BB03B
S21401788070B169B163B10368234923F47E1088425D
S2140178903ED113F47C1FC3F3054604D0102E03D942
S2140178A06FF086042AE0102696422BD8FFF730F9AF
S2140178B0044618BBAB6B05F12802CDE901236B6AC0
S2140178C02A1DCDE904231023CDE9083007AB1A465B
S2140178D00390069005F13C0901A904A8CDF81C9077
S2140178E001F08CFB0546FFF71FF904466DB928B970
S2140178F032464946404622F08FFF3E6020460BB096
S214017900BDE8F0836FF08904F8E76FF09204F5E7BD
S2140179106FF08504F2E700BF0002C00370B50446AD
S2140179200D4626F061FE1D2C064608D80C2C0AD8FA
S214017930082C2CD013D8BB23E340DB0718D4002334
S21401794021242B801EE00123174AA340134224D191
S214017950122C26D00D2CF2D14FF4F06005E0092C44
S21401796018D00C2CEBD14FF4C060FEF79DF802E066
S2140179708020FEF7B7F84FF6FF7398420CBF0E242F
S21401798000242880304626F02AFE204670BD4FF49B
S2140179908060EEE74FF49060EBE700230F242B8026
S2140179A0F0E74FF4E060E0E70080912030B58BB05F
S2140179B06C466B4D0FCD0FC42B686A4A2360FF23BC
S2140179C08DF80130D2F84C3113F4802340F0BC809E
S2140179D0D2F850218DF801309DF801306C46FF2B0E
S2140179E008BF19236846604D8DF80130FEF728F967
S2140179F03220FEF763F90FCD0FC40FCD0FC495E803
S214017A00030084E80300574BD3F84C21120340F1DE
S214017A108780A3F5FE431C88B4F5807F28BF8C249D
S214017A208DF81940FEF706F9044484F308044F481C
S214017A308DF81840FBF726FC6846FEF75FF8322003
S214017A40FEF742F94A48FEF725FA4A4C4A4826F01C
S214017A50ACFE0020FEF73EF9FEF7D2F9236F0020B8
S214017A6023F0070343F003032367FEF7F3F9236FBD
S214017A70424923F474432367414BD3F8FC2012F0A8
S214017A80807251D1C1F880203A4BD3F8202122F0E0
S214017A90030242F00202C3F82021D3F8242122F087
S214017AA0070242F00202C3F82421D3F8802122F013
S214017AB0030242F00102C3F88021D3F8402122F0EC
S214017AC0030242F00202C3F84021D3F8602122F0FB
S214017AD0030242F00202C3F86021D3F8402222F0EA
S214017AE0030242F00202C3F84022D3F8002222F039
S214017AF0070242F00202C3F80022D3F8202222F045
S214017B00030242F00102C3F82022FDF7B5FF4FF051
S214017B10E0220020136943F0040313610BB030BD6B
S214017B20D3F85041E4B27BE7D3F8FC2022F0807210
S214017B30C3F8FC200022C1F88020D3F8FC2042F0D4
S214017B408072C3F8FC209FE74FF07E6393F89C2079
S214017B5093F99C30002BFFF63FAF8DF801203BE7F1
S214017B60FCEE03000080E00F10EF030000F0490276
S214017B7000B4C4040080005044EF0300009000509D
S214017B8000ED00E007B56B46054A1068516803C36F
S214017B906846FEF74DFB002003B05DF804FB00BF0E
S214017BA038EF03000028ACBF00F16040064B4FEAF7
S214017BB00111C9B2ABBF00F5614000F00F0080F8BB
S214017BC000131954704700BF14ED00E008B526F005
S214017BD00BFD0B4B1A7872B901221A7026F0FFFCC6
S214017BE06FF0040210460132052152B2FFF7DAFFA8
S214017BF0402AF7D108BDBDE8084026F0F0BC00BF1A
S214017C002F28002000280CDB01220649430900F03A
S214017C101F008240203341F82320BFF34F8FBFF36C
S214017C206F8F704700E100E0002807DB0123410960
S214017C30034A00F01F00834042F82130704700BF1E
S214017C4000E100E0054B421153F8223000F01F001E
S214017C5023FA00F0C04300F00100704700E100E0A5
S214017C60002808DB01224309034900F01F00824077
S214017C70603341F82320704700E100E010B5044668
S214017C8026F0A9FC024B1C6026F0A0FC002010BDCB
S214017C901C19002010B526F09EFC034B1C6826F02C
S214017CA095FC204610BD00BF1C190020034B022284
S214017CB0186800238068194613F0D2BE602C002095
S214017CC0302337B5007D0DF10701434303F1A0438F
S214017CD003F58023DD6E1C6F25F0BCFB9DF80700C5
S214017CE040B9054B9D4203D184F00204C4F3400021
S214017CF003B030BD0120FBE7302800203021037D92
S214017D0002464B4303F1A04303F58023D86E07498F
S214017D101B6F884208D113F0020006D0106A136D5B
S214017D201B1A5842584170470020704730280020DF
S214017D3070B5044608B9012070BD057D2846FBF7DD
S214017D4011FE30236B4303F1A04303F5802328463D
S214017D50DE6EFBF727FE0A4B9E421CBF042384F807
S214017D60A13094F8953094F8A1002BB1022803D1E4
S214017D70012384F8A130DFE70428DCD1F8E700BF4F
S214017D80302800202DE9F743D0E9043404F17C07BC
S214017D90D0F80C900646013B102200213846D4F854
S214017DA074809DB222F0D0FD0B4BC5F30A0543EA61
S214017DB00513C4E91F39012394F8780084F88C3040
S214017DC0C4F884803A46054B009604F16401FBF73B
S214017DD0A3FD03B0BDE8F083000010300D170300CB
S214017DE02DE9F04F04464FF444764FF030093F4DED
S214017DF000F138071022002185B0384622F0A4FD94
S214017E006687C4E90F55207DFBF7ACFD10220021E3
S214017E10384622F099FD6687207D354EC4E90F5518
S214017E2009FB0063DB6EAB4204D105B0BDE8F04F41
S214017E30FBF7B8BD0DF10B0125F00CFB9DF80B50BF
S214017E40002D4CD1204619F045FC804603A9207D23
S214017E5025F022FB039B2946013B1FFA83FB04F115
S214017E6018031D4610221846D4F810A022F06CFD07
S214017E70A169204ACBF30A031B010A4043F0407371
S214017E801343C4E9063A237DC4F8208009FB036640
S214017E90336F94F824205B0863F3410284F82420AE
S214017EA0326F94F8243025F0030562F3000384F85A
S214017EB02430336F626A9B0863F39F0245F0020524
S214017EC06262656400943A4621460B4B207DFBF7BF
S214017ED023FD207DFBF766FD05B0BDE8F08F94F825
S214017EE044306FF3410384F84430EBE73028002038
S214017EF0000004500F80FFFC7B1703002DE9F04FB4
S214017F009946002304468DB008910692C9F80030C0
S214017F10D9F80050069B5E1B00F09E80089B5D19F9
S214017F2000F09A80207DFBF71DFD2046FFF7E6FE58
S214017F308046207DFBF736FDB8F1000F40F08C80BF
S214017F40204619F0C7FB216D94F89AA088429CBF81
S214017F50D4E91203C018401A864228BF0646BAF171
S214017F60000F00F0A98026F03FFB236D0790204606
S214017F700993FFF7A5FE3746099B83469819834266
S214017F80D4F89C2071D1D4E9120303449A4208BF65
S214017F90C4F89C00079826F022FBDA46207DFBF702
S214017FA0E1FC0DF12F01207D25F054FA204619F051
S214017FB091FB236D8346984240F28C80A26CB5B249
S214017FC093427FD1099304F12808236910220021E6
S214017FD04046079322F0B8FC3021079B013DE3623F
S214017FE0099BC5F30A052363237D2D014B4328F026
S214017FF0030803F1A04345F0407548F0020203F57B
S2140180008023A5621A67236DD4E9121233440A4409
S214018010934208BF0B465B45236505D101232046E5
S21401802084F85430FFF7DCFE207DFBF7BBFC94F8A8
S2140180309A303BB1BAF1000F04D0236E11212046CD
S2140180405B689847D9F8003037B1069A3B449342AB
S214018050C9F80030FFF45CAFD9F80030002B14BF2C
S21401806000201B200DB0BDE8F08F013303F1FF3C6B
S214018070624510D1C4F89C3013F8012C112A01D0A6
S214018080132A15D1013FA2F111014A424A41D046B5
S21401809084F8A02073E713F8012C02F0FD0CBCF164
S2140180A0110F06D1013FB8F1000F3FF468AFEAE7C0
S2140180B0D04605F8012B62E73246284622F0ACFB93
S2140180C037466BE7238DC3F30A12154465F30E1387
S2140180D0238598E79DF82F30207D93B930235843A8
S2140180E000F1A04000F58020426E436EC2F30A12F2
S2140180F023F4FF43324423F0700343EA021343663A
S21401810081E70C4B049403930023CDE9016301231B
S21401811000935A462369216818F02EFC3022237DED
S214018120534303F1A04303F580235A6E22F48012D1
S2140181305A6668E77B170300F0B50C4615460646F7
S214018140A422002189B0204622F0FEFB2746AC4639
S214018150BCE80F000FC7DCF8003005F1140C3B60DB
S21401816004F16407BCE80F000FC7DCF80030EA6AC8
S2140181703B60AB6AC4E9132395F83020A36484F806
S214018180992095F83320C4F89C30012384F89A206E
S21401819084F8A03084F85430AB6B236695F8313000
S2140181A084F898303F4B346073603F4BB3603F4B6D
S2140181B0F3603F4B73613F4BB3613F4B3361FBF75A
S2140181C077FB10B13D4B98420ED1002107A8FBF773
S2140181D0F7FA014640B9079B07A82375FBF7F0FAA3
S2140181E028B1207DFBF73EFB102009B0F0BD01272A
S2140181F0079B84F87830324B7362324B84F8A17057
S214018200F361314B95F83210336284F8960084F8A6
S2140182109570204619F081FBAB6B93F91100FFF7BF
S2140182201FFDAB6B93F91100FFF7FEFC207DFBF7FA
S21401823099FB0028D8D1254B0494CDE90203E36CC1
S214018240CDE900732369A26C2168207D18F094FBA8
S2140182500028C9D13022237D4FF48011534342F2C6
S214018260640203F1A04303F580239950AB6B93F9A5
S2140182701000FFF7F5FCAB6B93F91000FFF7D4FC89
S21401828004F1900018F04BFB3046FFF7F7FC204650
S214018290FFF7A6FD207DFBF785FB003818BF012000
S2140182A00001A2E7EB17030035170300FD7E01006E
S2140182B0C3160300C916030093190300038000F0D8
S2140182C0317D01001B190300CF1603007B17030045
S2140182D070B50568144E2C7D2046FBF743FB302312
S2140182E003FB0463DA6E114B9A420FD12846FFF75F
S2140182F0E7FC80B126F078F901230D4AA3405365C7
S214018300A2F580529362536326F069F92046BDE8D0
S2140183107040FBF747BB2846FFF7F0FC0028F5D175
S2140183200123A340B364F1E7000004503028002085
S21401833000200450F8B517461C46564A8B6B069D1E
S2140183401A60554A5A60554A9A60554ADA600A4692
S2140183502946FFF7F1FE0646002840F0958023687F
S2140183600121C5F8A43063683A20C5F8A830637ABD
S21401837085F8AD30237A85F8AC30E37A85F8AF30EE
S214018380A37A85F8AE30637B85F8B130237B85F818
S214018390B030E37B85F8B330A37B85F8B230FDF7C8
S2140183A06DF901230422617A207AFDF77BFF012310
S2140183B00222E17AA07AFDF775FF01216068FDF7D8
S2140183C05DF93E7039462068FEF794F91422637C05
S2140183D05B0103F1A04303F57033C3F81C26617AF1
S2140183E0227A42EA0142C3F83426E17AA27A42EAC4
S2140183F00142C3F82C2685F8B4607B7E032B47D850
S214018400DFE803F03444021C022385F8B43000236D
S2140184100422E17BA07BFDF745FF022741F21C61A8
S214018420627C204B03EB42104750E07BA17BB132CC
S21401843041EA004103EB4213996017E0012785F8F2
S214018440B43002220023617B207BFDF72BFF637B88
S214018450227B617C42EA0342134B49015A500422B3
S214018460236803F58053DA65002FD0D1237A0F4AAB
S21401847085F8AC30637A052185F8AD30206800F5C3
S21401848000539A6418F0C7FF3046F8BD0027D6E7B8
S2140184902326F9E7551A0300E71A0300F51A030025
S2140184A0691A030000C0035024D60350FFFF0100E1
S2140184B007B5684600F028F8DDE900010022034B05
S2140184C003B05DF804EB19F047BE00BF2019002089
S2140184D007B5009313460A460146034819F075FB93
S2140184E003B05DF804FB00BF2019002007B5009318
S2140184F013460A460146034819F05BFD03B05DF8D2
S21401850004FB00BF201900200249034A0160521AE9
S21401851042607047A02D0020008000200048704770
S21401852020190020BFF35F8F074B5A6A22F480326E
S2140185305A62D3F8942022F00102C3F89420BFF3C4
S2140185404F8FBFF36F8F704700ED00E038B5FFF730
S214018550E9FF274A2748D2F8C030274D23F0FF030A
S21401856043F0A003C2F8C030244B04689D4204F1D6
S21401857001011DD1224BC2F89840C2F89C3003F588
S214018580FF437E33C2F8A0300160BFF35F8F052240
S214018590174BC3F894205A6A42F480325A62BFF3EA
S2140185A04F8FBFF36F8FBFF34F8FBFF36F8F38BD02
S2140185B023F01F03203BB3F1005F09D3C2F89840B4
S2140185C00F4C43F00103C2F89C40C2F8A030016092
S2140185D00C4B0168064A23F01F0343F00303C2F85D
S2140185E09810C2F89C30084B0131C2F8A030CBE796
S2140185F000ED00E048190020202B00204029002033
S214018600030000203F2B0020E17F00202DE9F041F0
S2140186100D461146DFF8E080D8F80040B4F5807FBB
S21401862034BF00271A27FFF77DFF1F292ED9002107
S214018630C2061CBF20F01F0020302E4EEB0618BFCE
S21401864025F01F05CBB29C4235D8D6F8C03020F0B5
S2140186501F0023F47F4343F48073C6F8C03040F014
S214018660030425F0C1FFD8F8003025F01F0141F0C2
S2140186700301C6F89830C6F89C40C6F8A01025F04D
S214018680AEFFD8F800300133C8F80030BFF35F8F73
S2140186900522184BC3F894205A6A42F480325A6273
S2140186A0BFF34F8FBFF36F8FBFF34F8FBFF36F8F44
S2140186B03846BDE8F081C6F89830D6F89C30D6F832
S2140186C0A02023F01F03984222F01F0201D19542F9
S2140186D00BD0904201D89D4209D2D6F8983001318C
S2140186E023F0FF03C6F89830ACE70027CEE728272B
S2140186F0CCE700BF00ED00E048190020BFF34F8F24
S2140187000549064BCA6802F4E0621343CB60BFF327
S2140187104F8F00BFFDE700BF00ED00E00400FA0543
S21401872038B54160044625F056FF05462146044803
S21401873018F0F8F82846BDE8384025F047BF00BFD6
S2140187404C190020014818F0EAB800BF4C19002067
S21401875070B525F040FF174E0546174826F025F858
S2140187603378CBB900F07CF9044620B1284625F0D1
S2140187702DFF204670BDFFF7E5FF26F013F90F4BDE
S2140187801C6025F035FD0E4B0E4A1860536F43F002
S2140187900103536719F002FD00F078F819F015FD92
S2140187A0094B0024186001232846337025F00EFF7C
S2140187B0DFE700BF3D28002048EF030050190020E6
S2140187C078190020004000505419002038B504469E
S2140187D025F001FF0F4D02462B78FF2B04D1B4B1D3
S2140187E0BDE8384025F0F2BE1BB9002CF8D00121B7
S2140187F003E0002C0CBFFF2101210B44DBB22B70E0
S214018800B3FA83F304495B0910460B70E8E719468F
S214018810F3E700BF3A28002039280020054B1B68E3
S2140188205843054B00F5742000F23F20B0FBF3F0EF
S214018830704700BF7819002040420F0073B5114EF3
S2140188400446337883420FD04FF400730E4DADF8D3
S214018850043058B101A8FDF7E3FB4020FFF7DEFF27
S2140188602B68181A2860347002B070BD8DF80500A8
S21401887001A8FDF7D5FB4020FFF7D0FF2B68184471
S214018880F0E700BF7C2D0020B019002073B500244E
S21401889001A88DF80440FDF765FC2046FFF7CEFFE2
S2140188A02C4B2D4AD3F8003103F0030313604FF429
S2140188B000222A4B5A664FF400325A6625F0FEF91A
S2140188C04FF4C870FFF7AAFF254B264A18602649C1
S2140188D013680134E4B20A2C41F8040BF9D10344BD
S2140188E000EBC00003441360204B214D1B7813B3EB
S2140188F0184BD3F8003103F00303022B23D0032BCC
S21401890024D0012B17D124F06BFD024698B1194BE8
S214018910194EDC6800231946C4F30B04013404EB3A
S21401892084040138E4FB060112F026FEFFF776FF09
S2140189302B6803442B601F20FFF770FF2B6803444E
S2140189402B6002B070BD24F055FDDEE724F04EFD2D
S214018950DBE700BF00800050B819002000900050EF
S2140189607C1900208019002084190020412800204D
S214018970B019002000C0015040420F000122154BE3
S21401898010B55A67144B154C1B7813B3022025F00B
S214018990FAFFF0B125F0C0FCD8B1A36DD90302D51A
S2140189A0E36D9A0715D40D4B9B6DDB0711D401229D
S2140189B00B4B1A7025F0DBFFBDE81040094B0A4A45
S2140189C01860136F23F0070343F00303136724F0C3
S2140189D0EDBC10BD00D000504228002000C0005061
S2140189E03F280020AC190020008000500122014BD6
S2140189F01A7070474228002008B5FFF759FDFDF7A9
S214018A000FFE01280ED1134B04205A6E4FF480231B
S214018A101149520358BF114A4B6601F510410862CD
S214018A2058BF536619F0D5FBFFF7D0F8FFF7AAF841
S214018A3018F0C7FDFFF78CFE00F012F8FFF786FD71
S214018A4019F0C8FB19F0D5FB17F0CDFEBDE80840BC
S214018A5019F0C1BB008000500090005000A00050EB
S214018A6070B525F0C1FD144E05463478FCB9134B9C
S214018A701C60134B1C60134B1C6000F031F8012086
S214018A8025F032FD25F024FD0F4B0246186020B973
S214018A90284625F0A4FD232070BD234640F2E73189
S214018AA00A4812F069FD0A4B186001233370284604
S214018AB025F095FD0020EFE745280020CC19002081
S214018AC0C8190020D4190020D019002018FCFFFF77
S214018AD0C4190020014B1868704700BFC419002054
S214018AE01FB50024194B18689A880290D3F806001F
S214018AF09B7A00901648ADF80C208DF8043025F0CE
S214018B0054FE02A88DF808408DF80C40FDF74CFD88
S214018B10694601208DF80040FDF702FD40F2FF3264
S214018B200C4B9A615A614FF0B042936A13F00803F6
S214018B30FBD113620120FDF70DFD0C20FFF790F825
S214018B400C20FFF771F804B010BD00BF5BEF030007
S214018B5040EF03000020005810B525F045FD4FF00A
S214018B60B04304465B695A06074A03F0010003F066
S214018B70510348BF40F00200536125F0E3FB204655
S214018B80BDE8104025F02BBD0020005838B504463E
S214018B9005F0DEF800283DD10323A38340F2FD5300
S214018BA023830423A376A368A07743F48013A360EA
S214018BB019F036FBA368A0801B030CD4B0F5FA7F2E
S214018BC009D925F008FD01210546084624F0EAFEEC
S214018BD0284625F0FBFC204605F0E2F8D8B9E06807
S214018BE0D0B106F0FDFA1AF025FE04F015FA1BF0D6
S214018BF091FF1CF058FD0022012104201DF033FDD9
S214018C000321042002F0E0FD0A2001F0B1F820461D
S214018C1019F013FB002038BD0048E2E77E2D002046
S214018C2008B5044904480BF013FDBDE808400BF0F5
S214018C3041BD00BF68EF030030F003004FF08052E3
S214018C40014B5A60704700BF00ED00E0F8B50E46D4
S214018C500546D0B1C9B10E4B0E4F19683868FBF7FF
S214018C60E3FE044678B9062332460B493868FBF71B
S214018C70A9FF044638B901232A4608493868FBF794
S214018C80A1FF00B12C702046F8BD2124FBE700BFF0
S214018C90742B0020942B00202C0004003C000400C0
S214018CA01B0603F0706300F00F000902034301F492
S214018CB07061120402F470220B431343014A1360DD
S214018CC0704700BF0020025C60B5054619B1013946
S214018CD0B1F5806F0FD2094EF06810F48030FBD1E9
S214018CE043EA012312072B4302F08052134343F059
S214018CF00043736060BD0120FCE700BF0020025CFA
S214018D000122054B9A60DA68D203FCD4D86820F0B9
S214018D100F000004000C70470020025C014B18682D
S214018D20704700BF0040025C014B5868704700BFA7
S214018D300010025C014B186B704700BF0010025C0C
S214018D40014B1868704700BF0010025C014B986029
S214018D50704700BF0010025C014B1864704700BFEB
S214018D600010025C014B5864704700BF0010025CA3
S214018D70014B5863704700BF0010025C0022014B94
S214018D801A6070470010025C024A136843F0010340
S214018D90136070470010025C024A136823F0010357
S214018DA0136070470010025C43F20402014B1A6024
S214018DB0704700BF0010025C024A136843F030039C
S214018DC0136070470010025C044B1A6842F480720C
S214018DD01A601A6822F480721A6070470010025CEA
S214018DE0024A136843F48063136070470010025C04
S214018DF0034A136823F4702343EA00431360704761
S214018E000010025C044B1A6902605A6942609A6952
S214018E108260DB69C36070470010025C0268044B25
S214018E201A6142685A6182689A61C268DA6170475B
S214018E300010025C024B1A6BD207FCD41862704712
S214018E400010025C0322024B186019615A637047D6
S214018E500000025C82B01FB507930A9B04AC8B42EC
S214018E6028BF0B4604E907001048D100079948BF00
S214018E7003330160099948BF23F0030323F07043CD
S214018E8001F0E041194341F000518160002102F0F8
S214018E90E042019C1A4342F00052C16004618261C3
S214018EA0416304B0BDE8104002B070470000025CA8
S214018EB03F22034B1A631022DA6103229A6370473A
S214018EC00000025C024AD36B9B07FCD4704700BFCC
S214018ED00000025C044B9B6A13F0240F14BF0120B0
S214018EE000208000704700BF0000025C08B5FFF755
S214018EF0F1FF064BDB6B23F47F4323F0EF030343C1
S214018F001EBF0122024BC3F8FC2F08BD0000025C05
S214018F1000F0FF3F4368182B0AD0202B1DD0102BE2
S214018F202BD1174BD3F80434DB010AD40120704748
S214018F30134BD3F804349A01F8D50B6843F00803B1
S214018F400B6003680F4A934210D10B6843F040034D
S214018F500B600023436000207047094BD3F80434AC
S214018F605B01E3D50B6843F00403E9E7064A934245
S214018F70F1D10B6843F08003EAE70720704700BF92
S214018F800000025C47280020462800200B4607B553
S214018F900749D1F80414C90708D5002100920246F2
S214018FA0084600F05BF803B05DF804FB0120FAE721
S214018FB00000025C1346064AD2F80424D20504D502
S214018FC00A460146002019F04EBB0120704700BF3B
S214018FD00000025C13B5084CD4F80444E40508D537
S214018FE0009313460A460146002000F061F802B0DD
S214018FF010BD0120FBE700BF0000025C13B5084C62
S214019000D4F80444E40508D5009313460A460146FD
S214019010002000F071F802B010BD0120FBE700BF90
S2140190200000025C70B504460D4616468CB00A4A2E
S21401903009AB07CA83E807001A462146CDE905634E
S214019040CDE90333CDE9013300954FF4803019F0B3
S21401905036FA0CB070BD00BF6CF00300F0B51C46CC
S2140190605B6815468DB01A07129E1AD1CBB172688D
S214019070934216D10C4B0D4A53F8217009AB07CA1F
S21401908083E807001A462946CDE90533CDE90333BF
S214019090CDE90163009447F4807019F010FA0DB021
S2140190A0F0BD0720FBE700BF78F003006CF003007B
S2140190B0F0B516465A688DB0102A0D46129F15D186
S2140190C07A68102A12D10A4A09AC07CA84E807004E
S2140190D022462946CDE90547CDE90344CDE90144B9
S2140190E00448009619F0EBF90DB0F0BD0720FBE738
S2140190F06CF0030030000100F0B516465A688DB0DA
S214019100102A0D46129F15D17A68102A12D10A4AE2
S21401911009AC07CA84E8070022462946CDE905744A
S214019120CDE90344CDE901440448009619F0C7F996
S2140191300DB0F0BD0720FBE76CF003001000010046
S21401914082B070B586B0149D03AE202D86E8070068
S2140191500B9359D805EB85038B4203D006236B434B
S2140191608B4253D10C9BAB4250D10F9BB3EB450FB7
S2140191704CD1129A934249D1012229462220159BAD
S214019180FFF7A2FD044630BB034606220E210C2043
S214019190FFF786FD0123CDE900332B4696E807004D
S2140191A019F020F90E230BAA009307CA2B4619F0D3
S2140191B064F80C23164C00930EAA2B4607CA19F026
S2140191C08CF8636823F07F0343F026036360FFF7A0
S2140191D097FD30B10624204606B0BDE8704002B0C7
S2140191E07047636823F07F0343F022036360FFF751
S2140191F087FD04460028EDD1062311AA009307CA6D
S2140192002B4619F09DF8E6E70124E4E70724E2E798
S2140192100020025C70B598B0002843D02C4C08ADF5
S2140192200FCC0FC50FCC0FC50FCC0FC594E80F00A0
S21401923085E80F006D4604AE04F1100320340FCB11
S21401924085E80F0094E80F0086E80F00FFF7BCFDE5
S2140192500420FFF7CDFDFFF7A7FD3046FFF7DEFD43
S214019260002408AE56F8040B0134FFF7E3FD102C7A
S214019270F8D1FFF759FD0328FBD90024FFF77EFD3F
S2140192802646FFF74BFD55F8043B01365840042EA1
S21401929044EA0004F5D12CB1012206200D4B1A70C8
S2140192A018B070BDFFF790FD0820FFF74FFD0020B6
S2140192B0FFF752FD0720FFF755FD4FF40070FFF74B
S2140192C057FD0820FFF794FDFFF75EFD0020E7E756
S2140192D054F103004928002008B5FFF775FD012267
S2140192E0014B1A7008BD00BF482800201FB519F0B1
S2140192F039FB044630B1012206240D4B1A70204674
S21401930004B010BDFFF70AFD0090FFF707FD0190BE
S214019310FFF704FD0290FFF701FD03906846FFF793
S2140193207DFDFFF7D9FFFFF747FDFFF759FDE6E79C
S2140193304928002010B50A46044619B1024B0021FF
S2140193401B68984710BD00BF982B00200E4B0340AA
S214019350B3F1607F06D1B1F5885F14BF6FF0860068
S21401936000207047B3F1707F0BD101F4E043B3F5F1
S214019370005F06D111F4E06F0CBF6FF0860000208D
S21401938070476FF0860070470000C07F8A42F8B5CC
S21401939007460C4600F019818F4922F4FF7323F02B
S2140193A001038B420ED08D4B22F0FF01994209D06A
S2140193B08B4822F47F7323F00303834202D0894B48
S2140193C0994228D1884B24F0FF0199420FD114F01D
S2140193D0FF000BD0854B40F00070984240F0F780BC
S2140193E082EA0400FF288CBF00200120F8BD7B4BD9
S2140193F09942ECD0A3F588539942E8D024F4FF7340
S21401940023F00103B3F1062FE1D076488142DED086
S21401941073498B42DBD004F0FE43B3F1A06F14D145
S21401942002F0FE43B3F1A06F40F0D18082EA04035C
S21401943033F47E1340F0CB8014F40040D6D0C4F34E
S2140194400540C2F305429042CDE7B3F1407F40F0BC
S214019450A88002F0FE43B3F1407F40F0B88082EA74
S214019460040535F47E1540F0B28039462046FFF7F4
S2140194706DFF002840F0AB805D4B12F47C1603EACA
S214019480020319D0B3F1607FC2F3054679D1594979
S214019490D3B243F000738B4277D003F17E43043B93
S2140194A00F2B5CD8DFE803F05A5A5B716567696B6E
S2140194B065675B5B6567696BB3F1607F34D14D4966
S2140194C0D3B243F000738B4244D003F17E43043B96
S2140194D00F2BDCD801A151F823F000BF59950100EC
S2140194E0599501008F94010055950100D39501000F
S2140194F01D9501002195010025950100D3950100D8
S2140195001D9501008F9401008F940100D3950100F1
S2140195101D95010021950100259501002026B6E73D
S2140195203026B4E74026B2E7B3F1707F17D107F4CF
S214019530E043B3F5005F03D10126C7F302239E4043
S21401954007F4E043B3F5005F09D10125C7F3022113
S2140195508D4004E010269AE7142698E7142514F4A3
S2140195607C1FC4F3054312D1B54214BF002001206D
S2140195703CE71C25F3E72025F1E73025EFE74025FA
S214019580EDE7B3F1707FEAD1DAE71025E7E712F4E9
S2140195907C1F01D1AB4218D022047FF527AFB3421E
S2140195A021E7B3F1106F12D124F01F6020F4702070
S2140195B068B902F0FE43B3F1106F7FF417AF0E489F
S2140195C0104040F01060A042CFE701200EE70020D7
S2140195D00CE71C265BE700BF00020006001300062E
S2140195E0000400060009000600030006FF00000252
S2140195F00000C07F030000020000FFF637B50D4DE6
S2140196000C466B78022B12D12B78072B0FD1002337
S2140196100A460193014601AB281D17F0B8FF20B991
S214019620019BA34218BF6FF0930003B030BD6FF0EB
S2140196308800FAE7D81900202DE9F843884617462E
S2140196401C4600F0D5FA054688BBD8F80060B6F887
S214019650009009F4E043B3F5804FB36808BF27F0E4
S214019660010737EA03031AD10CB3254B24F0FF0296
S2140196709A421FD114F0FF0304D0224A43F000732C
S214019680934232D022464846F168FFF77FFE0746EE
S21401969068B9224648463169FFF778FE70BB6FF01D
S2140196A0840500233046C8F8003019F073FF2846B9
S2140196B0BDE8F883144B9A42DCD0A3F588539A424E
S2140196C0D8D024F4FF7323F00103B3F1062FD1D0D1
S2140196D00E498A42CED00E4A9342CBD004F0FE43C6
S2140196E0B3F1407F04D12304CCD56FF08605D8E7CB
S2140196F0B3F1A06FF7D0034B9C42C2E73D46D6E7D5
S21401970000030006FF000002001300060009000621
S2140197100004000600F0FE43B3F1407F70B5044636
S2140197200E4619D1FFF712FE00285ED114F47C1FF5
S21401973015D0C4F30543032B137054D9554D25405A
S214019740B5F1607F40F09380534AE4B244F0007470
S214019750944256D1102B48D96FF0860045E04D4B08
S2140197602340B3F1607F39D14B4BE4B244F000742F
S2140197709C4202D11023137037E004F17E44043C6E
S2140197800F2C2ED801A353F824F000BFCD9701006B
S214019790CD970100E39701007597010091980100AC
S2140197A0D1970100D5970100D99701009198010042
S2140197B0D1970100E3970100E3970100919801001A
S2140197C0D1970100D5970100D99701001423D2E75C
S2140197D0202307E0302305E0402303E0B3F1707F48
S2140197E004D0002313706FF0850070BD01F4E043D0
S2140197F0B3F5005FF5D10123C1F302218B40DBB243
S21401980099E704F17E44043C0F2CA5D801A252F836
S21401981024F000BF63980100639801005997010086
S214019820559701008D980100559801006798010031
S2140198306B9801008D980100559801005997010019
S214019840599701008D98010055980100679801000D
S2140198506B98010020218B423FF67EAF142BC4D9B2
S214019860C1E7142B77E73021F5E74021F3E7B5F19F
S214019870707F7FF471AF06F4E042B2F5005F7FF4CB
S2140198806BAF0121C6F302229140E4E71C21E2E717
S2140198901C23A7E70000C07F030000022DE9F04F5C
S2140198A09B460023924601F0FE428FB0B2F1806FD4
S2140198B00E46DDE91878DDF86890099305D018465C
S2140198C019F068FE6FF086052EE00B464FF48072A5
S2140198D009A9FFF7B1FE0546099815B119F05AFE18
S2140198E022E0038803F4E042B2F5005F1FD113F4CF
S2140198F0E06FC3F302211AD0364C26F48072A242DE
S2140199000AD004F50074A64206D0334CA64203D012
S214019910A4F53F44A2420AD101248C40102C11D94F
S21401992019F038FE6FF083052E46002448E042F217
S2140199300402934202D1294B9E420AD0284B9E42F2
S21401994011D10D24A04506D219F024FE6FF0890529
S214019950EAE70C24F6E721460AA8FFF74FFE05467C
S21401996010B10998BAE700240998D0E908126FB334
S21401997007EB040C4568A8EB04032D0AA0D10DF1F2
S2140199802808CDE90539CDE903BC3346CDE9014ABE
S214019990CDF80080FDF7C6FB054615F1860F099840
S2140199A09CD019F0F7FD0646002DBDD180B924B133
S2140199B022464146384620F02FFFD9F800301C4495
S2140199C03046C9F800400FB0BDE8F08FBC46D1E77D
S2140199D00546A9E70010C00400FF4004000180040A
S2140199E00013C004002307B51A460091024919F076
S2140199F049FC03B05DF804FBB4F1030010B5114C4B
S214019A002378580744BF23F004032370237899076B
S214019A1005D500F093F8237823F0020323706378CA
S214019A201BB10023084A63605360002308210648DF
S214019A306370FFF77FFC2378DA0744BF23F0010346
S214019A40237010BDD8190020DC19002038B51A4C37
S214019A5062782378022A01D1072B11D0DD0712D5AF
S214019A602378980707D400F061F82378054643F079
S214019A700203237080B96278237882B15A0716D51B
S214019A800025284638BD17F080FD2378054643F0AB
S214019A90010323700028E3D0FFF7B0FFF1E7D907F1
S214019AA0ECD5064962604A6002226270E6E743F03E
S214019AB004032370E4E700BFD8190020DC19002056
S214019AC000F14043032B70B505460E460CD82822FC
S214019AD0154C02FB0344237E022B02D163698342A9
S214019AE018D06FF08B001AE0012119F02DFDB8B1E6
S214019AF00D4B00221C46197E022902D15969A94242
S214019B0005D00132042A03F12803F4D1E9E728231A
S214019B1003FB0244204619F00AFD00B9346070BD0B
S214019B206FF08700FBE700BFE41900200122024B1B
S214019B30002083F8A0207047E41900202DE9F041A9
S214019B400A4C002526464FF0010803272046C4F894
S214019B501C802776013519F0D2F8042D04F128046B
S214019B60F4D1002386F8A030BDE8F081E419002086
S214019B70F8B51E4D064695F8A0300F4683B300246F
S214019B802B462246197ED1B13CB9022905D1D969A5
S214019B9019B91979002918BF1C460132042A03F1A4
S214019BA02803EFD114B96FF08C0006E0204619F0B7
S214019BB0BEFC204619F0A3F810B100240EE01C46A6
S214019BC0237E83B9012323763EB1651BED1003F195
S214019BD0CC335D4305F18045356000203C60F8BD1F
S214019BE06FF08800E9E76FF09600E6E7E4190020D9
S214019BF0F7B500262C4B0E6093F8A03007460D46AD
S214019C00002B4ED0FFF75CFF10F18C0F044645D1B8
S214019C1029463046FFF7ACFF044600283ED1012313
S214019C202E68CDE90000694630467761736001AA67
S214019C3019F033FD044670B1DDE9000119F02BFD82
S214019C40286819F05CF814F18C0F08BF6FF08704D0
S214019C5000232B6022E0DDE90012304618F0DAFF1F
S214019C600446DDE9000119F016FD002CE8D128684C
S214019C708368D90444BF43F48063836083689A048D
S214019C8044BF43F400638360037E012B04BF0223B9
S214019C90037619F04CFC04460028D9D1204603B0BF
S214019CA0F0BD6FF08804F9E7E419002030B40D4DDB
S214019CB02C681C606C685C6000249C605468DC60E6
S214019CC014881C8254885C8294685C61D4689C61A8
S214019CD0126930BCDA6119620A46014603F12400B2
S214019CE020F09ABDB8F103002DE9F8432329044674
S214019CF00F4691469846089E04D86FF09805284668
S214019D00BDE8F8830822194920F0F4FD054600282D
S214019D10F3D1A368002BF0D1216A243F8F42C8F803
S214019D200010EAD3B1F5005FE7D271B9C9F80000B7
S214019D30E3687360238A3380638A73806369B360E0
S214019D40A369F360E3693361D9E7012018F04DF99F
S214019D50C9F8000030B1D8F8002004F1240120F041
S214019D605BFDE5E76FF08C05C9E700BFB8F10300BE
S214019D70014B1870704700BF8F2D0020F7B50546C0
S214019D806B461646174A0C461068516803C395F889
S214019D90583008336B4413F8087CB5F85030DA06AF
S214019DA009D4334622463946284619F01EFD00F5E9
S214019DB0FA7003B0F0BD204621F0BAF9B5F850307C
S214019DC000F10A049B074FEAC40405D0304621F08F
S214019DD0AFF904F50C740444E823781E584304FBD9
S214019DE00700E4E7C0F103009022174B10B51C688A
S214019DF0002102FB0044204620F0A6FD134B04F18F
S214019E0008001B680021DB7863751AF04CFF4FF0E1
S214019E100823E3641323A4F85030236A0C4A43F062
S214019E20130323624FF60773A4F85830FF2384F810
S214019E305A30084B2046C4E91B32C4E91F32BDE83C
S214019E40104019F0F9BC00BF881A0020441D0020FC
S214019E5055555500D6BE898EF0B5104B02461E6884
S214019E6093F804C035464FF0FF3400239C4508DCC8
S214019E7091B1631C10D0902303FB046080F8592035
S214019E80F0BD95F8597028469742F9D0FF2F08BFC4
S214019E901C4690350133E9E70020F1E7881A0020D7
S214019EA070B50446234D002842D0083001F010FD5D
S214019EB00026FF2304F1280084F85930A66121F01A
S214019EC0B2F804F12C0021F0AEF804F1300021F0D4
S214019ED0AAF804F1340021F0A6F804F1400021F0BC
S214019EE0A2F82868144B201A00115843C0B219F082
S214019EF037FC0146304619F02EFCE06B10B100F03D
S214019F00F3FFE663606C18B119F037FC0023636455
S214019F10A06C19F071FC0023A36470BD286806FBD1
S214019F200400FFF7BDFF01342B79A342F6DCF4E70A
S214019F309026F9E7881A0020398EE338F7B50446EB
S214019F401CF0DBFCC0F30F23542B3ED9AA2B34BFE5
S214019F5001230223C0B27E288CBF022201220321E4
S214019F608DF804301344B3FBF1F000EB40001B1AEC
S214019F708DF805301344B3FBF1F202EB42029B1A53
S214019F808DF80630002318461D461A46104901AFC3
S214019F904B7517F8016B44FA06FC1CF0010F06D04E
S214019FA053009E40012330430132C0B2D2B2013584
S214019FB0EDB2032DEDD103B148754B7D43EA821313
S214019FC04B75FF230B7503B0F0BD0023C2E700BF3E
S214019FD0881A0020064B1B68D97ADA78437D5B1A0B
S214019FE09342A8BFDAB20021427519F064BC00BFE3
S214019FF0441D0020027D034622F00802027511B1BD
S21401A000012910D07047094A407D1168CA7A8978BB
S21401A01002448A42D8BFD1B29A6959752AB1012140
S21401A020184619F048BCFFF7D5BF7047441D0020FD
S21401A0302DE9F0410025354E8AB03379AB4203DC79
S21401A04001200AB0BDE8F0819023346803FB054483
S21401A05094F85930FF2B0DD0236A980106D504F1E8
S21401A0604008404621F05CF8074628B9226A12F0FB
S21401A070A06F1ED10135E0E7BB7908A90C333B443C
S21401A080D8689A7A1B8AC2F38012ADF8243000236E
S21401A0908DF81F2008901A460DF11F0019F0B2FB2B
S21401A0A038469DF81F2094F8591008AB1AF09BFE0D
S21401A0B0D7E7B4F850301D2B18D13C23FF210020E0
S21401A0C0CDE90431CDE902000121CDE9000004F11A
S21401A0D06203C2F380221BF03AF90028B1D04FF098
S21401A0E0A06104F1200019F054FBC3E712F0807F51
S21401A0F008BF3C214FF0000218BF432194F85730A7
S21401A10094F859001AF0C6FFE7E700BF881A002046
S21401A1102DE9F0411F46836904460D4616468BB16C
S21401A12069B924F061FA06462946A06C19F05FFB6E
S21401A1302046294619F0A7FB304624F050FA0020A5
S21401A140BDE8F0810029FAD0036A03F01203022B5E
S21401A15000F0BD80236ADD0700F1C18094F8593014
S21401A160FE2B0CD104F15B001CF061FB1CF058FBCC
S21401A17028B14FF4001104F1200019F002FB256A02
S21401A180624B2B40B3F5807F00F0BC80A80531D52B
S21401A190C5F3802504F1620800224146284619F0DD
S21401A1A037FB002184F85A0019F043FB4146002290
S21401A1B0284619F032FBB4F8501020B194F95A0031
S21401A1C0002880F298804FF4007104F1200019F005
S21401A1D0E0FAB4F8502002F00302012A0AD14146FF
S21401A1E0284619F01AFB28B14FF4006104F120004B
S21401A1F019F0C7FA236AD90600F18280D4E90A1257
S21401A2002046FFF7BBFD012F11D040F27123B4F8B1
S21401A2104C205A4390420AD9B4F84E205A439042F1
S21401A22072D800F51C70B0FBF3F0A4F84C00384B64
S21401A230A361002384F85730236A84F8567013F01C
S21401A240100F0CBF4FF48C778C27E16823F4803213
S21401A2502262216107F2631756B140F27121B4F808
S21401A2604E3042F48032C3EB06134B4322626362E4
S21401A270236A43F400232362264B1B68DB7863754D
S21401A28024F0B2F9237D054643F0080304F10800E3
S21401A290394623751AF007FD012003F0D1FB28B9D2
S21401A2A0237D5A075CBF43F00203237526B11CF0D9
S21401A2B065FB636A0344636220461CF0A7F92846DF
S21401A2C024F08DF90121A06C19F091FA37E7C06AE4
S21401A2D020F02EFF00287FF43DAF0C2030E7E36B23
S21401A2E0002B7FF43BAF00F0ADFDE06300287FF468
S21401A2F035AF092024E701F0010119F09AFA68E761
S21401A300054B95E712201BE7452019E700012000C1
S21401A310BB370300441D002015A4010070B50024BE
S21401A3209026094D2B79A34200DC70BD286806FBF8
S21401A330040090F85930FF2B04D000231A46194622
S21401A340FFF7E6FE0134EDE7881A00202DE9F04319
S21401A35004468F798BB00C370DF10409CD19012213
S21401A3600E460DF10300494619F05DFAE36B80468F
S21401A37003930023E363236AE879C3F300138DF89C
S21401A38025302989F7591CF079FB214B07441B68B6
S21401A39005975B7905F118026375012306928DF81E
S21401A3A0103005F10C03B8F1000F26D09DF80330EC
S21401A3B0CDF81C908DF820309DF8252094F8593062
S21401A3C08DF821300123EAB98DF8223094F88430D3
S21401A3D08DF823306B7903A88DF8243000F03EFE0B
S21401A3E01CF067F90121204619F04DFA304612F0AB
S21401A3F059FA01200BB0BDE8F0830793AB7AC3F39B
S21401A4008013D7E7AA7AC2F340128DF82220DFE73D
S21401A410441D0020022810B50C4621D0032827D061
S21401A42001282AD1084619F063FC40F27121B4F8DC
S21401A4304C30B4F84E2094F85800D21AE36803F56D
S21401A4409C53083301FB02332361FFF777FD0B4B67
S21401A45020469968A36ABDE810400B6003F0C0BDB2
S21401A46003F01EFC844208D1BDE810401CF021B95F
S21401A4700846BDE81040FFF7ADBD10BD881A0020A4
S21401A48038B50A4D0020FFF70BFDAB6813B100226B
S21401A4901A60DA801AF029FD00242B79A34200DC29
S21401A4A038BD2046FFF7A0FC0134F6E7881A0020E5
S21401A4B070B52A4C0546A06818B112F0F3F90023CE
S21401A4C0A360FFF7DDFF002019F04EF955B9032010
S21401A4D025712560E58212F055F9207919F044F9C5
S21401A4E028B970BD022020F062FFA06048B900259F
S21401A4F0A0682571256060BB002019F035F907209A
S21401A500EFE70026032025712660E68212F03AF96D
S21401A510B542E2DD05EBC501090133460122032000
S21401A52089B212F0EBF806460028E0D1032012F0BB
S21401A5304BF920600028DAD0902231466A4320F099
S21401A54003FA2379B342C8DD3046FFF74DFC0136E6
S21401A550F7E712F0A7F9A560CEE700BF881A00203A
S21401A56006222DE9F341354B06469C688846A579B7
S21401A5700C35635D671903F04F036355B0F850302F
S21401A5807A70103B0D2B31D8DFE803F055305107B8
S21401A590300C303030303030300C635D6FF30303F5
S21401A5A0635523E00123625D006A63F3030262558B
S21401A5B00C2210F4006F7A7006F1620107F10802AE
S21401A5C00CD001924FF0FF32C0F3802000921A4661
S21401A5D019F021F9635D43F08003E1E7D6F86230B4
S21401A5E0BB608B889380336A5B05F3D4B6F8502042
S21401A5F0635D304662F345136355B91C19F0FDFBE4
S21401A600635D60F386136355A3797A780233134446
S21401A610E371B6F8503003F01403142B04D0B8F1EC
S21401A620000FC4BF42447A7002B0BDE8F081635D9A
S21401A63062F30303B4E70222635DF9E7881A002098
S21401A6402DE9F0438B7906460C33CC18237985B077
S21401A650DA0737D5E77A252F34D8484B9A689379A5
S21401A6600C33D118D35CA27AC3F38013B3EBD21F99
S21401A67028D1056A0622EB064CBF0231043104F1EB
S21401A680120020F037F9E8B994F80A9019F0C7F8E3
S21401A69005F4C04580F001032A1EC9F3801904F1B0
S21401A6A00C08414618BF01224846DBB21CF0F0F9FF
S21401A6B0014650B1A37A03F00F03032B1BD1336A73
S21401A6C0980712D44FF0FF3012E019F0AEF80028C8
S21401A6D0F8D1A37A03F00F03002DEED0032B85F4F7
S21401A6E0C0451CD1A904EDD5E9E70C2FEAD103201A
S21401A6F005B0BDE8F083052BE4D1306AC207E1D589
S21401A70000F01403142B0FD0012202A90DF107004B
S21401A71019F089F808BBA17AC1F3801121E0052B55
S21401A720D0D16B04E9D4CDE706F162052946C0F322
S21401A730802019F069F80028E6D1A27A336AC2F3BC
S21401A7408012C3F380239A42BCD106222946404692
S21401A75020F0D0F80028B5D1D6E79DF807100DF106
S21401A7600808404600F0E2FB0028ABD104F11800CF
S21401A77019F0F7FA0028A5D00520B9E7881A0020B5
S21401A78038B50446D0F8A00010B9D4F8A400D0B16A
S21401A79094F8305120F078FC81B2063128461CF03E
S21401A7A06DF983B240F271200849B4F87820098E19
S21401A7B0424341438A42B8BF0A4603F54870904275
S21401A7C0B8BF104638BD0346ECE700BFA01A00200C
S21401A7D030B5174B826A1B681206597926D5028F47
S21401A7E01C79436B1203B2FBF3F2631AB2FBF3F26A
S21401A7F0B0F89C3003B1013BD0F8A05005B15B1016
S21401A8001B02B3FBF2F35B180CD090F895200F2ACD
S21401A81008D91209B3EB820FB8BF00234FEA8201B1
S21401A820A8BF5B1A9C42A8BF1C46E1B2417530BD69
S21401A830441D00202DE9F0411A4C06462368A3B9B1
S21401A8402EB100254FF4A478EFB2B74211DB0020F9
S21401A850BDE8F0812068013507FB030018F073FF9F
S21401A860A27EEBB29A42F5D8EAE700254FF4A47728
S21401A870F6E72068013508FB070018F062FF00289C
S21401A880E2D000254FF4A47605E0206806FB05001B
S21401A89018F059FF0135EBB2BB42F6D341F207007F
S21401A8A0D6E700BFA01A0020084B9A7E82420AD93A
S21401A8B04FF4A4721B6802FB0030836A13F0100F7A
S21401A8C008BF002070470020704700BFA01A002074
S21401A8D0084A09491368C31AD810002B01FB00F077
S21401A8E005DB937E8342D8BF4FF0FF3070474FF0B1
S21401A8F0FF307047A01A0020199C8FC170B504461E
S21401A9000E4623F071FE3146054604F1300019F07B
S21401A9109DFA2046FFF7DCFF01218140054819F02A
S21401A92095FA4FF4807009F085FD2846BDE8704021
S21401A93023F055BEC81A0020F3292DE9F843044632
S21401A9400D468C4E1ED1738C5BB9A36813F4601F41
S21401A9506ED0238F626B1B01B3FBF2F3F32D9FB214
S21401A96025D1204619F0F5FAB4F89C30002B38D1E1
S21401A970A26A984612F0800F0CBF3E22082284F885
S21401A980772030E0736959064BD5836A1A0748D594
S21401A990336900F1400143601AF0FAFE738C002B14
S21401A9A0D3D0238F626B1B01B3FBF2F39FB2618F8F
S21401A9B0B4F89C209BB25B1A9A423BDC736994F80C
S21401A9C031019B074CBF002102211CF0B1F840F277
S21401A9D0022372699343C4D12046A4F89C7019F0EF
S21401A9E0B9FA4FF001082046FFF7F2FEFFF770FFB5
S21401A9F087B2384618F0F2FE8146384618F0ECFE6B
S21401AA0030B1384618F0DEFE0021384618F0E3FE75
S21401AA10F32D04D0A36A190701D5628F8AB90123E1
S21401AA2034E0718C238F626B00298ED01B01BBE74B
S21401AA3073848EE7B37F002BC9D0032194F83101CC
S21401AA40C3E713F4C05FEAD1726912F00C0FE6D1C6
S21401AA5040F202239343E2D1D4F8A430002BDED196
S21401AA602046FFF735FF80B218F0B0FE0028D6D199
S21401AA702046A18F1BF014F8031E69DD628F013298
S21401AA80934265DC012BCAD0013B9BB2A4F87C3013
S21401AA90384618F099FEB4F87C301844A4F87C00C7
S21401AAA0384618F090FE236B5A0409D54FF48041BE
S21401AAB004F1300019F0D2F900212046FFF71EFFFD
S21401AAC0A58FB4F87C302B44A387B8F1000F0AD0C9
S21401AAD0204619F0FCF9204618F036FE2046A18FD4
S21401AAE01AF092FE8046384618F078FE48450DD09A
S21401AAF0A36A1B070AD43846A58718F065FEA38FFC
S21401AB00013080B2A4F87C001844A087A38FAB4222
S21401AB1002D2384618F05EFEB4F87C20B4F89C30B9
S21401AB2094F870109B1AA4F89C3094F86F3002FBCE
S21401AB3001332522B3FBF2F102FB113384F86F30A7
S21401AB40B8F1000F07D02046BDE8F84319F0ACBABB
S21401AB50638F013399E7204608211AF091FE2046BB
S21401AB600221FFF7CBFE41462046BDE8F8431BF025
S21401AB705ABD00BFA01A002038B500230C4D04466C
S21401AB80AB7720234FF400306B6104F08FFA58B195
S21401AB9003F0A4F8E862204619F085F984F831013B
S21401ABA0204619F0E7FA38BD02F032FFF2E700BF9F
S21401ABB0A01A0020022810B50C462CD0032832D04B
S21401ABC001283FD191F8953008466FF3071381F8B5
S21401ABD09530FFF7D1FFA36A20461B0718D503F06F
S21401ABE0B5FB042004F062FA60B3174AD37F4BB377
S21401ABF092F820300133DBB282F8203092F824201C
S21401AC009A421FD8BDE810404FF0806009F012BC90
S21401AC1003F088FDE5E703F043F8844212D1BDE86E
S21401AC20104003F087BB91F895302046C3F303121A
S21401AC30013262F3071381F89530BDE81040F32125
S21401AC40FFF77ABE10BD00BFA01A002008B504F0B9
S21401AC50B9FAFB22114B10F0020FDA7644F2902279
S21401AC609A830CBF012203224107197E48BF42F096
S21401AC70040262F3030119761A7EC2F3030161F33B
S21401AC8007121A7600229A621A61DA774FF4806206
S21401AC901A62032283F8242008BD00BFA01A0020F0
S21401ACA02DE9F843574C0546A06818B111F0FAFD96
S21401ACB00023A360EFB2384619F014F98046002845
S21401ACC039D1384619F019F90646A0BBFFF7B2FD8F
S21401ACD08146022011F056FD002D58D005EB850166
S21401ACE005EBC101C90033460122022089B211F0E9
S21401ACF005FD002846D102204FF4A479A77611F06D
S21401AD0063FD314609FB05F220601FF01DFE236836
S21401AD10681EF1B2814209FB01F206F101062CDB45
S21401AD200021284699506360FFF784FD50BB3846E2
S21401AD3018F044FD90B30025002019F0D3F8002048
S21401AD4019F0DBF80020FFF775FD022011F01AFD5F
S21401AD502846C4E90055A57618F030FD284619F0B6
S21401AD60B4F8284619F0ADF8284618F0FBFC022086
S21401AD7011F008FD4FF0070840E002F5A4711944F0
S21401AD809950C6E70023C4E90033A376D3E7C4E9A4
S21401AD900055A576B9F1000FC9D0CCE7384619F0B1
S21401ADA094F80028C7D1284618F0DCFC0028C2D148
S21401ADB0384619F086F80028BDD1384619F08AF8C9
S21401ADC006460028B7D1002D18DD022020F0EFFA44
S21401ADD00223A060C37183793146C3F102020C33AA
S21401ADE0D2B218441FF0B0FD0121A3689A7913442A
S21401ADF01A7B61F301021A73FFF728FF4046BDE88C
S21401AE00F88300BFA01A0020014B987E704700BF50
S21401AE10A01A002030B50A4B4FF4A4751A689C7E20
S21401AE20002318462832D9B28C4200D830BD05FB23
S21401AE3003F151580133490644BF0130C0B2F2E76D
S21401AE40A01A00202DE9F04123F0CEFB244D064642
S21401AE506C6824B923F0C3FB2046BDE8F0814FF4AB
S21401AE60A4772368D4F81C803A46002120466B60FC
S21401AE701FF06AFD402104F12800C4F81C8018F078
S21401AE80E5FF304623F0ABFB0123237584F8303110
S21401AE90A3F10113A367EB7E2A8B84F84231AB8BB7
S21401AEA00021A4F84031072384F885300D4BA4F81F
S21401AEB04421C4F8883003F1CE5303F59813C4F83F
S21401AEC08C3041F61B33A4F890301B23A4F886700F
S21401AED084F8923004F1080019F0E5FEBCE700BFE3
S21401AEE0A01A00204801480170B5044619F0B8F8C8
S21401AEF004F1080000F0ECFC23F076FB4FF4A4729A
S21401AF00054600212046E6691FF01EFD064BE66158
S21401AF1053F8042F2AB928461C60BDE8704023F078
S21401AF205EBB13461268F5E7A01A00202DE9F04132
S21401AF3006464FF480400F4604F0B8F8044630B990
S21401AF400E4B1D6893F81A807135A04502D8002073
S21401AF50BDE8F08155F8493CDA0609D5C3F380030C
S21401AF60BB4205D10622294630461FF0C3FC18B164
S21401AF70013405F5A475E8E70B20E9E7A01A0020DF
S21401AF8010B5044610B9084B198610BDA0F8781004
S21401AF90A0F87A20FFF7F4FB2169E0602046BDE8BF
S21401AFA0104018F064BF00BFA01A0020B0F894301B
S21401AFB010B55A1C62F30B030446A0F89430042023
S21401AFC004F074F8C0B12046FFF782FC80B218F096
S21401AFD0F7FB78B14188094AD37F0B44DBB2D377BC
S21401AFE092F821209A4207D8BDE810404FF08060C1
S21401AFF009F020BA0121EEE710BD00BFA01A00201B
S21401B00038B58B7905460B449B7D0C4603F003034C
S21401B010032B09D101212C3018F018FF4FF40061E1
S21401B02005F1280018F012FF21460548A56020F01A
S21401B030E1F8BDE838404FF0005009F0FBB900BF19
S21401B040AC1A0020014BD87699837047A01A0020CD
S21401B050014BD87E704700BFA01A00202DE9F04FA3
S21401B060D0E9027590F9181087B00291417E046804
S21401B07090F80480D0F810A0037D427D90F816B0B9
S21401B08090F81790002940F0E680A9F10301012904
S21401B0908CBF0226032603932B8984F89B202A461D
S21401B0A052F8101BBBF1000018BF0120C4F828118C
S21401B0B004F14401019305F083FB20461AF0D9FB05
S21401B0C0204618F01CFF1BF039FD49460246204673
S21401B0D018F00FFFC82220460DF11601ADF8162014
S21401B0E018F0FAFE0022C4F83421AA88039BA4F8BB
S21401B0F02C21AA7984F82E21DAF80020C4F87120D0
S21401B100BAF8042004F1280AA4F875201BB104211A
S21401B110504618F09BFEBBF1000F04D04FF40051CF
S21401B120504618F093FE4FF4607003F0BFFFC0F373
S21401B130C0134FEA831BC30548BF4BF0800B810544
S21401B14048BF4BF4807B23F04FFA4FF482610390A3
S21401B150504618F07BFE594604F12C0018F076FE96
S21401B160039823F03CFAA8F10203012B75D84FF49B
S21401B1700021504618F06AFE01212046FFF7BEFB6B
S21401B180042120461AF07CFB6B7D2046C3F30403A2
S21401B19084F870306A8952006263697B2A7B42EACE
S21401B1A001226287E97BAA7B42EA012222876A7D25
S21401B1B084F86F30C2F3421284F83E200022052341
S21401B1C0A2870122A4F89C30A4F87C20029918F0EA
S21401B1D09BFE03F0F1FF20F40060C4E9080120465D
S21401B1E0FFF7F6FA3A493B4AB1F822B008F0FD03F8
S21401B1F0BBF1000F66D1B3BB40F2C71B6760A2610B
S21401B20020460F61FFF7BCFAB9F1010FE06005D0E7
S21401B2104946204684F8309119F018F804F10800E0
S21401B220594619F040FD012002F00AFC28B9237D99
S21401B2305A075CBF43F00203237540F271216B8904
S21401B2402046013B594318F012FE20461BF0DEF95A
S21401B25007B0BDE8F08F01261DE7B8F1010F8BD1CD
S21401B26040F2014189E74FF4D77BA26140F2712891
S21401B270019B760006EB430608FB06F6374440F6CC
S21401B28008015046676004F1400718F0DFFD3946B3
S21401B29020461AF07DFA33463946204604F1340238
S21401B2A000F032FEEB7901225B003946204608FBAE
S21401B2B003F31AF073FA236C20469E08FFF760FA30
S21401B2C03044A1E76760A261002BCFD198E700BFA9
S21401B2D0A01A0020B5AB010070B51D46C36A04462E
S21401B2E01B07164613D408212C3025F4105518F0E8
S21401B2F0ADFD25F01005064B2D0433402D0C2046E0
S21401B300C4E90835BDE870404021FFF7F7BA70BDC3
S21401B3102FCF87F72DE9F04F85B0044601910846F7
S21401B32089B34B799A071FD41FF002FF019D70B9AC
S21401B3306B79DB0705D54FF4803104F1280018F04E
S21401B34085FD01A81FF06FFE05B0BDE8F08FA36A6A
S21401B350DF0309D54FF4803104F1280018F07EFD93
S21401B3606B7943F001036B71019E23F03DF973790C
S21401B37031469E0705461ED504F1AC001FF049FF75
S21401B380284623F02CF9DFF8909123F02DF9A36AD3
S21401B3900746DD0514D5D4F8AC3043B19A79134489
S21401B3A01B7B3A2B03D829FA03F3D80711D4384666
S21401B3B023F015F9C8E704F1A8001FF01BFFDFE72B
S21401B3C094F94631022BF2DCD4E92A2372B9002B18
S21401B3D0EDD004F1AC001FF044FE0546384623F0DC
S21401B3E0FEF82946204619F0E4F8CEE7002BF0D106
S21401B3F094F89280039304F1A80BD4F8A86096F809
S21401B40007A0B379AAEB030A5FFA8AFAC24527DCDA
S21401B41058461FF085FE0546A8EB0A086B792946B3
S21401B4206FF3C3036B7103A81FF0E4FED4F8A830D2
S21401B4302BB15B79990702D1B8F1000FDDD1039BDF
S21401B440002BB4D09B79022B40D800201FF0AFFF11
S21401B450014670BB039904F1A8001FF0DAFEA6E7C7
S21401B46000201FF0A4FF054630B9039904F1A80097
S21401B4701FF0CFFE03959AE78079B1790C300C3135
S21401B4804246314428441FF0C7F9EB7953FA88F352
S21401B490EB71B379727953FA88F3B3716B794FF024
S21401B4A0000862F300036B7173796FF30003737125
S21401B4B0B4E7039B4A79587960F300024A715A79D6
S21401B4C003A86FF300025A711FF09EFEE36A9A0505
S21401B4D012D50398034600680028FBD1DB79C3F137
S21401B4E04503DBB2032B07D81FF061FF0146002896
S21401B4F0B0D003A81FF07EFED4F8A83013B15B7954
S21401B500DB0704D5039A537943F008035371384691
S21401B51023F065F8039965E77C2C0200F8B5002353
S21401B520124A02F1280151E8004F41E80035002D8A
S21401B530F7D1012734B9BDB10D48294618F086FC6C
S21401B5402046F8BD94FAA4F0B0FA80F007FA00F6A7
S21401B55024EA0604FFF7A8F90028EBD019F0B7F89B
S21401B5600028E7D13543E5E70120EAE7A01A0020E5
S21401B570C81A00202DE9F74F04460190002862D032
S21401B580C5794FF000080C35054423F02DF84646E2
S21401B59000904FF4A47A40462C4FBA7E5FFA88F9A1
S21401B5A04A4517D90AFB09FB3A685A44916ACB0601
S21401B5B046D5B2F89420C2F30B02002A40D0E279B5
S21401B5C0C2F14502D2B2032A17D802201FF0EFFEBD
S21401B5D0044650B900230098FB7787F8203022F004
S21401B5E0FEFF304603B0BDE8F08F014601A81FF00C
S21401B5F001FE0020E5790C352544042201230021B3
S21401B60012FB003305F82090E9543B6802FB005C0E
S21401B6105B44B3F8943001368CF80230032312FBF6
S21401B6200032A9543B6801305B44B3F89420C0B2A1
S21401B63061F30B02A3F89420E379F6B20433E371C5
S21401B64008F10108A9E70646CBE700BFA01A0020CB
S21401B650F7B5684605F0A8F800254FF4A477124E12
S21401B660B37EAB4201DC03B0F0BD346807FB054492
S21401B670A36A03F01803102B13D10522694604F1BF
S21401B68045001FF037F960B1012120461AF0ACFAE7
S21401B69038B901201FF08BFE014610B1204601F09B
S21401B6A065F80135DCE700BFA01A00202DE9F74F49
S21401B6B022F09AFF424BDA6800920022DA6022F00A
S21401B6C08EFF009B13B903B0BDE8F08F68461FF0EC
S21401B6D0C8FC8279876802F10C0404440146019093
S21401B6E0A07A0A3210F0200F14BF03200220024471
S21401B6F08A71FA6A52050FD5E07AA27A42EA0022E6
S21401B700384619F0B8FA38B901A81FF08CFC3D216B
S21401B710384619F0BBF9D4E7BA6A94F80AB012F4BD
S21401B720007201990BF0030013D003288A79EBD13C
S21401B7300A44127B3A2AE7D8224B23FA02F2D307AD
S21401B740E2D54A79384642F002024A7100F0EEFC30
S21401B750B7E70328F5D048790BF0030B62F34100F5
S21401B7604871084694F8069094F905A01FF0E0FC8D
S21401B770019D0646AC793846063CE4B2AC71FFF74B
S21401B780A7F80C34C0F3032305EB040843EA0B13B4
S21401B79088F803302B46F6B288F80200A8F8046051
S21401B7A005F804A088F801905A796FF341025A719E
S21401B7B01B68002BF8D1284619F045FB81E700BF2E
S21401B7C0A01A00207C2C0200012838BF0120012984
S21401B7D038BF0121024B83F8210083F824107047FB
S21401B7E0A01A0020104B1A7842F0F0021A701A7C48
S21401B7F042F0F0021A7493F8202042F0F00283F827
S21401B800202093F8302042F0F00283F8302093F89D
S21401B810402042F0F00283F8402093F8502042F096
S21401B820F00283F850207047D41A00200368054AB6
S21401B83023F07F6323F4002302EAC142134303602B
S21401B840704700BF0000F80FF8B54488054604F0BD
S21401B8500704072C1C4E28D122F0C6FE0022110137
S21401B860735C06EB02171B090F2B0AD00132062A5E
S21401B870F5D1164A13880133138022F0B0FE192041
S21401B880F8BD2B6894B27B801123735422F0A7FE77
S21401B8901BF074F806EB0413D8602B68002023F421
S21401B8A0E02343EA04432B60EAE72301F15CC1F39A
S21401B8B00312013202F00F02052A28BF002262F3AA
S21401B8C00711F154E4E700BFD41A0020CE27002068
S21401B8D038B54488054604F00704072C0FD022F03B
S21401B8E083FE074A2401135D43F0F00313552B68CA
S21401B8F043F4E0232B60BDE8384022F070BE38BD2B
S21401B900D41A00202DE9F0474588074605F00705BB
S21401B910072D894637D01D4C4FEA051814F80860E4
S21401B9201BF02CF804EB051ADAF80C30360906EB96
S21401B930C506C01A04EB4606708014F8083003F0FA
S21401B9400F02042A9EBF013262F3030304F8083093
S21401B950B9F1030F14D114F8081004EB0514A01C58
S21401B96001F00F011AF054FD044622F03DFE3A683C
S21401B970074B134023433B60BDE8F04722F02FBE40
S21401B9804FF6FF74F1E7BDE8F08700BFD41A002038
S21401B9900000FF7F064A08B59268824207D04279C6
S21401B9A022F0030242F00302427108F09DFD08BD39
S21401B9B0341B002010B5064C20461FF034FB201D1A
S21401B9C01FF031FB04F10800BDE810401FF02BBB4F
S21401B9D0341B002010B502201FF0E9FC034C606008
S21401B9E002201FF0E4FCA06010BD00BF341B002045
S21401B9F008B5FFF7DFFF0022024BDA60BDE808401A
S21401BA00FFF7E8BF341B0020014B5868704700BFA2
S21401BA10341B0020014B9868704700BF341B002080
S21401BA2038B50C4CE3681BB1E36898470023E36024
S21401BA3023686BB107481FF014FB054640B1236825
S21401BA401BB14FF0004008F0F5FC284619F0DAFD6E
S21401BA5038BD00BF341B002010B5084CE0604FF025
S21401BA60004008F0E7FC00BF00BF00BF00BFE3686E
S21401BA701BB1E36898470023E36010BD341B002028
S21401BA8038B58379044603445B7B13F0300F437962
S21401BA9023F0030308BF43F00103437122F0A4FD22
S21401BAA00546214605481FF0A5FB4FF0004008F06B
S21401BAB0C1FC2846BDE8384022F091BD341B002069
S21401BAC02DE9F041234F00217C68FE20A679FEF780
S21401BAD0C3F9054601F028FB40B10C22B8680023E3
S21401BAE0BDE8F04142F2050119F0F0B801F05CFB47
S21401BAF00028F2D10C363444237AE61C9B09022B2B
S21401BB00EBD0012B18D9237AA11C03F03F0207348E
S21401BB1043F0C00311F8010F8C4242EA000203EA27
S21401BB200003F7D1002AD8D0FF2BD6D055B930461E
S21401BB301AF049FE0022D1E731461AF058FE0028D5
S21401BB40E1D0CAE73146284618F0B5F80028EED10C
S21401BB50C3E700BF341B0020F0B5184E85B07568EA
S21401BB60AB790C331D4403F02DFBB5F80920B5F86D
S21401BB7007108A421FD8032A1DD903291BD96F79BA
S21401BB80CFB1C04360F0050010EA070413D1EB788B
S21401BB90A879CDE901742C79009401F07DFA00288A
S21401BBA00CBF0C22002242F24101B06805B0BDE88C
S21401BBB0F04019F0DCB81122F5E700BF341B002075
S21401BBC010B50D4C626893790C331A441179D0780C
S21401BBD0003918BF01210038B2F8073018BF01201C
S21401BBE0B2F8052001F066FD42F242010246A06865
S21401BBF0BDE8104019F0BBB8341B002010B5084C46
S21401BC006068837918440F301AF0C1FD0023A068DC
S21401BC101A46BDE810404FF6284119F057B800BF44
S21401BC20341B0020242816D80F2805D802280CD843
S21401BC30B0FA80F040097047084B103880B2C34014
S21401BC4003F0010383F0010070470538012894BF13
S21401BC500020012070470120704700BF2D201100F1
S21401BC602DE9F04F95B0FFF7CFFE42F23603867905
S21401BC7005460C3630F80680841998450ED1FFF734
S21401BC80C3FE02211FF09FF97F22A3780233A3701F
S21401BC90AA55002320222377627063770121E0787A
S21401BCA0FEF7DAF800230646002800F0D280CDE938
S21401BCB01233E288237AADF848208DF84A30B4F87A
S21401BCC00920E37AADF84C208DF84E30A288E3784F
S21401BCD002F01C01FE2B4FF6FF7308BF4FF48043A2
S21401BCE01C2925D0DDE9120188421DD9002511261F
S21401BCF0FFF790FE012332464146ACB218F0E6FF4C
S21401BD00002DCCBF0534053C24B2002E40F0A480A3
S21401BD100A2394FBF3F4E4B2FFF77CFEC3791844DC
S21401BD20C47215B0BDE8F08F1F28DFD99942DDD85F
S21401BD30D206E77D657E04D5012F16D00025122692
S21401BD40D6E7012F74D0032FD0D16B1EDBB2022BA6
S21401BD50CCD803F037FA04270742C7D0032D08BF13
S21401BD6004252840C0B20028C0D0E07817F03BFD7B
S21401BD7020B1A088FFF756FF0028DFD0374A237F7F
S21401BD801278002A5CD0042BD8D8637F042BD5D830
S21401BD90A388DB065BD41AF0D1FE0121C822084035
S21401BDA004F0D8F994F91630B4F804E003EB8303F1
S21401BDB0B0EB430F4FEA4302637B677E0F93A37B8F
S21401BDC0E188109304F10F031193637F94F80C90AC
S21401BDD094F815A094F818B00546E07DC8BF15B2D2
S21401BDE0B4F809200C93237F03280B93E37E08BF46
S21401BDF00420032F08BF0427003B18BF01230A9322
S21401BE00A37E1FFA85FCCDE90873119BCDE9060BCD
S21401BE100293109BCDE904ACCDF80C9001930F9BD7
S21401BE20304600935FFA8EF317F096FD06465FE7FD
S21401BE306B1EDBB2022B3FF659AF03F0C3F98BE75B
S21401BE40002B7FF453AF637F002BA1D04EE7002079
S21401BE50A3E7054607264BE700245DE74A280020AE
S21401BE60F8B507460D4616461C4623B901201FF0B5
S21401BE709EFA0446C8B106220C21204618F048FF57
S21401BE80691EC9B2032988BF0022A37998BF074A51
S21401BE9003F10C0398BF525C234420469F80DE705A
S21401BEA0DA719A71FFF776FD0120F8BDC8F103003B
S21401BEB0F8B5FFF7A9FD83791844B0F80F60B0B262
S21401BEC0FEF7F2FC0446C0B118F037FB0138C0B2E9
S21401BED0032814D800270B4B1C5CFFF79BFD054677
S21401BEE004233A4642F2300118F0F0FEAB790C33E7
S21401BEF0E818C68004724472F8BD0227EDE70024F4
S21401BF002746EAE7C8F103002DE9F0411D469046B1
S21401BF100E46074601F092FF01F08AFF044698F8A4
S21401BF200A0001F085FF1A4B04449D4225D9194B9E
S21401BF309D4215D9184B013D93FBF4F3002BB8BF76
S21401BF4003339A1005EBA305B5FBF2F37968326863
S21401BF50A1EB930102EB430279603260BDE8F08108
S21401BF600E4B0F4AA3FB05535B0904FB03F303F6D1
S21401BF70C313A2FB0323DB0AE8E704FB05F3094A24
S21401BF8003F574338F33A2FB03231B0CDEE700BFDC
S21401BF904C6210001366660640420F001F85EB5187
S21401BFA05917B7D183DE1B43024B1A68026018602B
S21401BFB0704700BF481B00200022024B1A6000F0A9
S21401BFC045BA00BF481B00202DE9F843064617F086
S21401BFD0DBFF0446002835D045784DB922F004FB36
S21401BFE0237863701B4B1B682570636022F0F7FA99
S21401BFF04FF00108677837B923781BB34FF4007008
S21401C00008F018FA1EE097FAA7F5B5FA85F508FACA
S21401C01005F55FFA85F9636833B90E4B27EA05051E
S21401C02065701B686360E5E79B681BB963681B68FE
S21401C0306360F0E7494630469847012805D16368B2
S21401C0401B6863600120BDE8F8830228EED100205A
S21401C050F9E700BF481B002070B500250D4EFEF71E
S21401C060D3FEA84201D8012012E03068FEF71CFC7E
S21401C07050B93468FEF7C8FE0134B4FBF0F303FB95
S21401C080104401353460EAE7FFF79EFF0028F0D13F
S21401C09070BD00BF441B002010B5044683790344DD
S21401C0A01B7B3A2B96BF044AFF21D15C1EF08BFF07
S21401C0B0A0790C30204410BDCCF10300F8B517462A
S21401C0C006460C461D4617F057FF020713D50221F8
S21401C0D0304618F096FC70B11121204619F0E8FBA5
S21401C0E02046FFF7D9FF4570877021463046BDE8E8
S21401C0F0F840FFF70FB929200B49C5F12002A5F139
S21401C1002003E94000FA02F220FA03F3114319432F
S21401C110CB07E1D40D21204619F0CAFB2046FFF7D4
S21401C120BBFF4770E1E700BF000040842DE9F34103
S21401C13005460C46019117F017FF830605D501A8A1
S21401C1401EF071FF02B0BDE8F081019FBE790C368A
S21401C150BB5D3A2B18D8164A12F80380B8F1FF0FC8
S21401C16012D038461EF0E4FF013840450CD1114B81
S21401C1701E6896B921462846A37923441A7B02B045
S21401C180BDE8F04119F0A8BB01981EF04CFF284607
S21401C190BA5D019919F0A0FBD4E773680BB936684C
S21401C1A0E7E72146284698470028F8D0CAE700BFA7
S21401C1B0CCF10300481B002037B504460D4620216C
S21401C1C017F0D4FE2946204617F022FF214601200B
S21401C1D019F029FC2146002019F025FC0120002336
S21401C1E02146034A009019F0AFFB03B030BD00BFF3
S21401C1F00558030037B5044619F093FD0321204680
S21401C20017F009FF0025034621460120034A009541
S21401C21019F09AFB284603B030BD00BFFD5B030052
S21401C2202DE9F34104460D460146012017F093FE21
S21401C23001210746284619F03BFB2846FFF72CFF4D
S21401C240064600F10108404604F0AEFAD6F8013081
S21401C2500221C7F8123073792046BB7517F0DBFE52
S21401C26029460746F080204619F020FB2023214668
S21401C270009301203B46034A19F066FB002002B0FA
S21401C280BDE8F081E35C03007FB504460D4619F076
S21401C2903CFDD8B3204617F06FFE430715D50023A3
S21401C2A020461A460DF10F0118F02EF99DF80F30B1
S21401C2B0062B0AD8284610F0F5FA0122002320465C
S21401C2C0FFF70AF8002004B070BD0E21284619F0C9
S21401C2D0EFFA2846FFF7E0FE064602F06DFFC6F8C5
S21401C2E0051002F069FF2946C6F80100204619F03C
S21401C2F0DDFA0321204617F08EFE00220346009247
S21401C30021460120024A19F01FFBDBE70821DDE781
S21401C310015C0300F7B50D460446174619F0F5FC17
S21401C32080F001002146C0B217F015FEC668012D47
S21401C330B37907D03A462946204603B0BDE8F04017
S21401C34019F00EBD0C3320461E44FEF7C1FA718962
S21401C35080B217F046FA1022738921460092002017
S21401C360024A19F0F1FA284603B0F0BD615D0300F8
S21401C3702DE9F74F0746884617F0FEFD10F48016A4
S21401C3805DD102201FF013F80546002859D098F811
S21401C390063031460C334344B3F80490B3F806B084
S21401C3A0B3F808A019F084FA2846FFF775FE0221B3
S21401C3B00446384617F02FFEA4F804906081A4F8CE
S21401C3C006B0A4F808A01AF098FA09F10109B0FB22
S21401C3D0F9F303FB1900022360806370AB7988F8D8
S21401C3E00630EA7903F10C0088F80720D21AD2B297
S21401C3F0291840441EF010FA3946012017F0ABFD0B
S21401C400C0F80C803846FEF763FA618980B20139BC
S21401C41017F0E7F9102263893946012000920A4A8B
S21401C42019F092FA4FF48031384617F0A7FD3846D6
S21401C430294619F03BFA304603B0BDE8F08F2320B9
S21401C440FAE70720F8E700BF615D030010B5054C69
S21401C450054A2046054919F0C2FB2046BDE81040B2
S21401C460FFF7A2BD4C1B0020ED5D0300CDC501000A
S21401C4702DE9F04191F806800F4686B008F10C08C8
S21401C4800391044601EB08060146012017F063FDFF
S21401C49017F808300546023B0F2B00F28E80DFE8C6
S21401C4A003F0088C8C8C8C638C6D8C8C2D5C8C8C46
S21401C4B08C4D22F099F871780546204617F0A8FDB4
S21401C4C02021204617F052FD2146012019F0ABFA33
S21401C4D02146002019F0A7FA0123009300232146E4
S21401C4E01846374A19F030FA03A81EF09CFD284674
S21401C4F022F075F8012006B0BDE8F081B388204629
S21401C5007288717817F0E6FF204617F035FD83072D
S21401C51008D42046039919F004FC0121204619F09D
S21401C520AFF9E7E7AA68274B9A4203D121460120D3
S21401C53019F049FA03A81EF076FDEEE7836843B1C9
S21401C54003AA0492B27803218DF8142004AA204687
S21401C550984703A81EF067FDCCE78368002BF8D048
S21401C56003AA04927278EEE78368002BF1D00022CA
S21401C570059203AA0492042104AAE8E7039D214632
S21401C5800120AE7917F0E7FC0F4B82689A4203D080
S21401C590284610F087F9ADE7AB19D3F80D202046F1
S21401C5A0D3F81130FEF798FE284610F07BF92146A5
S21401C5B0012019F008FA0221B0E700209BE700BF2E
S21401C5C0175D0300FD5B0300015C03002DE9F341E9
S21401C5D00D46044619F099FBAB7900287DD00C3343
S21401C5E015F80380EE18B8F1010F53D0B8F1080F13
S21401C5F04BD0B8F1000F63D12046718919F092F93A
S21401C600B38872889A4294BF07460027092B38BF21
S21401C61009237278013B9BB29A421BD8002A08BFB5
S21401C62000272046FEF754F91FFA80F8404617F017
S21401C630C7F888B14388B18800930846F3883289E1
S21401C64019F0B6F850B9284610F02CF9012002B0BE
S21401C650BDE8F0814746E4E70123ECE7002FF2D07E
S21401C6602146002017F077FCC560718940460139E4
S21401C67017F0B7F8102273890092013B1B4A9BB250
S21401C6802146002019F060F9E0E72946204619F016
S21401C690DAFADBE72046F18819F044F90746701C00
S21401C6A01AF05EFA0028CED0002FCCD0214600200A
S21401C6B017F051FC2023C5600093F3880C4ADFE78E
S21401C6C02946204619F092FE0028BFD12946204669
S21401C6D002B0BDE8F041FFF7CBBE2B441B7B0E2B0F
S21401C6E0D3D02946204619F070FEEDE715C30100A8
S21401C6F09B5C030038B504460D4617F03DFC420727
S21401C7000FD4204617F038FC83070AD420460221AE
S21401C71017F034FC29462046BDE83840034A19F094
S21401C720F3B9284610F0BEF8002038BDF5C1010067
S21401C73038B504460D4617F017FC00F0180010280F
S21401C7400CD1204617F018FC10F4C02F06D129464C
S21401C7502046BDE83840044A19F0D6B9284610F0FC
S21401C760A1F80C2038BD00BF71C30100014A19F0C1
S21401C770CBB900BF21C2010070B505460C46014683
S21401C780012017F0E8FB0646284617F0F5FB0207DE
S21401C79004D5204610F086F8002070BD33685B058E
S21401C7A0F7D4284619F0B1FA40B121462846FFF7DA
S21401C7B0A1FF18B91EF0FBFD044670B156E8003F14
S21401C7C043F4806346E80032002AF7D12146284622
S21401C7D0BDE87040024A19F097B90720DDE700BFAF
S21401C7E089C2010073B504460E4617F0BDFB00F082
S21401C7F0300010284FF0020031D11EF0D8FD05465A
S21401C80078B34379022143F00203437119F050F8DB
S21401C8102846FFF741FC29464670204619F046F89F
S21401C8201621204617F0F4FB2021204617F09EFB28
S21401C8302146012019F0F7F82146002019F0F3F8F7
S21401C840204619F096F90121204617F0E4FB03462D
S21401C850012021460090044A19F076F8002002B023
S21401C86070BD0720FBE700BF2B5C03002DE9F043FA
S21401C87087B004460E4617F07FFB00F4C060B0F5A3
S21401C880C06F06D102201EF092FD054610B90720A2
S21401C89054E000252146012017F05DFB814696F8FD
S21401C8A0068000F1120208F10C08B04408F10F03EB
S21401C8B008F11F0153F8040B8B4242F8040BF9D11F
S21401C8C00321304618F0F4FF3046FFF7E5FB0A2255
S21401C8D0074608F1050101301EF01CF80C210DEB8E
S21401C8E0010000F029FB03AB03CBC7F80B00C7F828
S21401C8F00F10059B07F10B02C7F813300DB30A2181
S21401C900284618F0D5FF2846FFF7C6FB29462046DD
S21401C91018F0CCFF4FF480712046C9F80C6017F070
S21401C92025FB0321204617F076FB0025034621460A
S21401C93001200C4A009519F007F8284607B0BDE813
S21401C940F083204607F11303012118F0F3F820467F
S21401C950314618F0ABFF2046C9F80C5018F006F91E
S21401C960DFE700BF2F5E0300F0B589B00D46044631
S21401C97019F057FAAB79002800F0A3800C33EA18B7
S21401C980EB5C033B082B00F23881DFE813F009006B
S21401C9903601360184003601360136015D007E001F
S21401C9A0D2F80100D2F8051003ABB2F8097003C340
S21401C9B002F1130301210B32204618F0BBF80421C3
S21401C9C0284618F075FF2846FFF766FB06460C2139
S21401C9D005A800F0B1FA05AB03CB3346C6F8010053
S21401C9E0C6F80510079A002143F8092F2046721C45
S21401C9F018F0A0F82146002017F0ADFA034603AA66
S21401CA00478303CAC3F81200C3F81610204608214C
S21401CA10FDF774FF4FF40071204617F0A7FA204681
S21401CA2018F0A4F82946204618F040FF03212046B6
S21401CA3017F0F1FA034600202146714A009018F0DB
S21401CA4083FF012009B0F0BD0B21284618F030FF06
S21401CA502846FFF721FB2946204618F027FF21F03C
S21401CA60C3FD05464FF44071204617F07FFA4FF498
S21401CA708051204617F082FA284621F0B0FD4FF487
S21401CA808061204617F07DFADBE728460FF00AFFA3
S21401CA904FF40071F5E70621284618F009FF2846ED
S21401CAA0FFF7FAFA204617F040FD2946204618F00F
S21401CAB0FDFE204618F080F82146002018F083FF7E
S21401CAC0BFE72B441B7B043B072BBBD801A252F8C4
S21401CAD023F000BFF5CA01001BCB01007DCB01008E
S21401CAE045CA010045CA010045CA010045CA010000
S21401CAF093CB010020464FF4007117F037FAAA795C
S21401CB0020460C322A4402F109030021013218F0B2
S21401CB1011F828460FF0C6FE93E74FF4806002F046
S21401CB20C5FAB0B100274FF40061204617F01EFA8F
S21401CB302046CDE90577FDF7CBFE0646204617F0E1
S21401CB4011FA39460346009505AAB0B218F0E9FC79
S21401CB5077E72146012017F0FEF900F11201204681
S21401CB6018F03FF80621284618F0A2FE2846FFF7DF
S21401CB7093FA2946204618F099FE62E728460FF0F8
S21401CB8091FE2146012018F04EFF204618F014F8B9
S21401CB9057E721F029FD06464FF40071204617F0AD
S21401CBA0E5F94FF48051204617F0E8F9304621F0B8
S21401CBB016FD4FF4C061204617F0E3F929462046DA
S21401CBC018F074FE2146012017F0C5F9C268054623
S21401CBD082B1937901210C331A4402F113032046E2
S21401CBE00B3217F0A7FF204617F0C0FF2046E96872
S21401CBF018F05CFE0023EB6023E7002022E700BF6D
S21401CC002F5E030010B5074C07492046002218F096
S21401CC10E6FF2046FFF7C8F9BDE8104001200021D5
S21401CC2002F04ABA581B002069C9010038B505460A
S21401CC300C4617F099F900F01800102806D1214685
S21401CC402846BDE83840044A18F05EBF20460FF07B
S21401CC5029FE0C2038BD00BF6DC8010038B50C4652
S21401CC608B7905460C331944E35C142B03D0152B42
S21401CC700FD0002038BD013119F0ABF91521284637
S21401CC80224619F0EEF92146284618F00FFE01203B
S21401CC90F0E70146012017F05EF90B4B82689A42D5
S21401CCA003D020460FF0FEFDF1E7A1792846214486
S21401CCB00D3119F08EF920460FF0F4FD29460120BA
S21401CCC018F081FEE3E700BFB760030037B50446FE
S21401CCD00D460A46142119F0C4F92946204618F0D3
S21401CCE0E5FD0321204617F096F93022034600920F
S21401CCF021460120024A18F027FE002003B030BD6D
S21401CD00B760030010B5074C07492046074A18F0DC
S21401CD1066FF2046FFF748F9BDE8104020200021B5
S21401CD2002F0CAB9641B00205DCC0100BB600300A1
S21401CD3073B51E46ADF800208DF80230009B044600
S21401CD4001A801930D46114619F02DF99DF80630FC
S21401CD50B34203D1BDF804308B4205D028460FF00C
S21401CD60A1FD122002B070BD204617F06DFA9DF8A5
S21401CD700230827A9A4209D18288BDF800309A42FE
S21401CD8004D128460FF08EFD0020EBE769462046C9
S21401CD9017F0A8FE29462046014A18F0B5FEE1E73D
S21401CDA0CDCC01002DE9F0411D46134307460C4644
S21401CDB01646BDF8188006D12046BDE8F0411A4651
S21401CDC0194619F0DEB94146204618F097FD78B1AC
S21401CDD02146384617F0BFF840238674C5742146AD
S21401CDE0069338464346BDE8F041024A18F0ACBD0A
S21401CDF0BDE8F08161620300F7B50E46054617F0FF
S21401CE0099FBB3790C3333445F789B781F400378E2
S21401CE10C3F3030000EA1310384019F07BF9044607
S21401CE2068B9284619F07FF9384019F073F90446B5
S21401CE3028B9284617F081FB00F0D4FF044628469F
S21401CE40002117F003FA1721304618F031FD30465D
S21401CE50FFF722F9314644708470284618F026FD03
S21401CE600321284617F0D7F84022034600922946A8
S21401CE700020024A18F068FD03B0F0BD15620300F9
S21401CE802DE9FF4107460E461446DFF83880434633
S21401CE90694638460A4A03F0B9FB0028F7D0102C39
S21401CEA0254628BF102530462A4669461DF0B4FCA3
S21401CEB0641B2F442E44EAD104B0BDE8F08100BFC4
S21401CEC05B2800204B28002030B589B02022694617
S21401CED0FFF7D6FF6A460C4D04AB144603CC9C42C2
S21401CEE028606960224605F10805F6D1074C08ADB1
S21401CEF01A4603CAAA4220606160134604F1080478
S21401CF00F6D109B030BD00BF4B2800205B280020B9
S21401CF1010B588B0694620200FF080FE044630B96F
S21401CF206846FFF7D1FF0122024B83F820202046F6
S21401CF3008B010BD4B28002070B5134B054693F87A
S21401CF4020300C468CB00BB9FFF7E2FF0023CDE989
S21401CF500033CDE9023354B91C22214605A80494B6
S21401CF601DF0F2FC04A8FFF7AFFF0CB070BD102C4B
S21401CF70264628BF1026294632466846FFF780FF18
S21401CF803544A41BE7E700BF4B28002008B581B253
S21401CF90074817F088FE012000F052FD30B9054A17
S21401CFA0137D59075CBF43F00203137508BD00BF2C
S21401CFB0781B0020701B002001238340DB430649B9
S21401CFC001F1240252E8002F1A4001F1240C4CE82A
S21401CFD000200028F4D17047701B00200123074A67
S21401CFE003FA00F002F1240353E8003F034302F181
S21401CFF0240C4CE800310029F4D17047701B002046
S21401D000044A4FF08040536A43F40023536207F00A
S21401D01011BA00BF701B002038B54FF01013194C21
S21401D020002563644FF4E063A4F848300123164AF0
S21401D03084F85C30154B6562C4E91532256602F04A
S21401D040C1F84FF48073A4F84E30114B84F85200A7
S21401D050A361104B25751A6829461378527804F196
S21401D060080013445B106375A4F8B450A4F8AE50DE
S21401D07017F019FE294604F19000BDE8384017F074
S21401D08012BE00BF701B002055555500D6BE898EB6
S21401D090F7640300441D00202DE9F843214C99460E
S21401D0A0636A0F46DB0715469DF824609DF82880C5
S21401D0B035D468B30120FFF791FF626A9DF82030EE
S21401D0C022F4C07242EAC312052E626284F85060EE
S21401D0D007D102F007FD48B96D00ADB2BD4228BFC9
S21401D0E03D4694F8500019F0FCF90646636A84F848
S21401D0F05C60A4F84470A4F8465084F84890B8F1EF
S21401D100000F09D043F4801301206362BDE8F88361
S21401D1100120FFF751FFD0E723F48013F4E7002046
S21401D120F4E700BF701B0020024B586AC0F3800072
S21401D130704700BF701B002010B51A4CFFF7F4FFB4
S21401D140636A13F0010313D1A8B994F85D3094F81B
S21401D1504910253BDBB20133DBB2032B28BF00238A
S21401D16041FA03F2D207F6D5253384F85D3014E090
S21401D17094F8503010B194F85120134303F005038E
S21401D180052BE2D102F0AEFC0028DED194F85C302B
S21401D190012B03D1032384F85C3010BD012384F8EE
S21401D1A05C30D2E7701B0020024B586A00F0010089
S21401D1B0704700BF701B0020F8B540F271232F4C5A
S21401D1C0E36018B1237D43F00803237519F0D6FBFD
S21401D1D040F27121B4F84620E66B151F4D43AE426E
S21401D1E0236CB4F8447018D2A3F5967301FB073389
S21401D1F0E768181A23893B4483420EDA5143237D9C
S21401D200891B43F0080323758142D4BF2161206145
S21401D2101A48BDE8F84019F0F9B940F271277A4387
S21401D220A2F5E1722261FFF787FFB4F84420236C70
S21401D230AE4207FB0233636023644FF00003104ADB
S21401D240E3630DD3FFF770FF136838B19A791B7B40
S21401D250617D0B4493420DDC6375D9E71A78F6E7D6
S21401D260FFF762FF136838B1DA79197B637D5B1AC1
S21401D2709342F1DA6275CBE75A78F6E7701B002025
S21401D280441D002038B505460D4C80B10320FFF73C
S21401D29093FE002384F84D300123A4F84A3004207D
S21401D2A0FFF78AFEBDE838401020FFF785BE05204F
S21401D2B0FFF782FE012384F8AD50A4F8B030EEE704
S21401D2C0701B0020274B70B55A6A0D4609B3160726
S21401D2D047D503F14D0603F14A0428B3D1061FD5FD
S21401D2E02388012B1CD95B0804202380FFF764FEEA
S21401D2F01020FFF761FE19F000FB2388B0FBF3F264
S21401D30002FB1300307055B30320BDE87040FFF7F1
S21401D31053BE940625D503F1AD0603F1B004DCE750
S21401D3200420FFF75BFEE3E7D20314D5B3F84A10F7
S21401D330B3F84E2091420ED222881020520092B2AB
S21401D3402280B3F84E30934228BF13462380FFF75E
S21401D35033FE0420CDE71020FFF740FEF9E7052055
S21401D360D3E770BD701B002070B58AB005466B46CA
S21401D370484AAC7910685168127A03C30C34082005
S21401D3801A702C4401F092FE20B101222846A11DFC
S21401D3901DF025FE0021A379CDF821108DF80F3060
S21401D3A0A37AADF8251003F00F0303F128026A44AF
S21401D3B012F8282C8DF82010ADF81020062B08D86E
S21401D3C0DFE803F0044F07075F074B000D20FFF768
S21401D3D005FEA37A0DF11301C3F380138DF8123005
S21401D3E0E3680DF11200CDF81330238A09AEADF8CB
S21401D3F0173000231A4616F005FAE3791C218DF83A
S21401D40019304FF47F43ADF81A307F238DF81C3066
S21401D410637928468DF81D300023ADF81E30AB79B0
S21401D42003AC1233AB711DF03EFEAB792B440C33CB
S21401D430224603CAB24218605960144603F1080333
S21401D440F6D110682946186013481DF0D3FE4FF038
S21401D450804006F0EFFF0AB070BD0D20FFF7ACFD6F
S21401D460B7E7D4F81230CDF82130E38AADF825308D
S21401D470EB79063BEB71A37AC3F3C0138DF820302A
S21401D480A7E7064B5B6A9B0444BF42F00102ADF876
S21401D49010209EE707F20300901B0020701B00205F
S21401D4A070B583790C33C4182379DA0702D44FF0A8
S21401D4B0FF3070BDA37AE27A03F00F05082DF6D887
S21401D4C0062D01D92846F4E7911F1F29EFD8012D13
S21401D4D01FD10C2AEBD1244E736A13F0060F01D12B
S21401D4E0DB05EFD416F09BF920B916F08FF900286A
S21401D4F0E8D1DCE7A37A96F84820C3F3C010B2EB74
S21401D500D31FD4D104F1120100F0010019F06FF914
S21401D510EDE7042DD6D11449144A486A0240002A80
S21401D520C5D0096B0029CDD08A79C3F380130C329C
S21401D53088188A5CB3EBD21F08D016F070F9002861
S21401D540C0D116F05AF90028BCDBB0E704F10C0193
S21401D550062208301DF0CEF9044616F060F90028C0
S21401D560B0D1002CAED0ECE7701B00200800040000
S21401D570F0B5214C87B0A06A00B3E76ABE79FDF723
S21401D580A7F90223FF210C36BA5DCDE90431BD1996
S21401D59095F8233000215B090393AB8BD2090293E4
S21401D5A06B8B80B201932B8B009305F1080317F068
S21401D5B0CEFEA06AFDF798FC0023A362E06A0FF096
S21401D5C071F90023E362636A23F00402DB076262F7
S21401D5D008D594F85050052D06D102F083FA18B1FB
S21401D5E084F85C5007B0F0BD94F8500018F079FF4D
S21401D5F084F85C00F6E700BF701B002013B5154CDD
S21401D60020F0F2FF236A01930023236220F0E7FF54
S21401D610019BA3B9636A1A0406D517F0D7FBA0B11C
S21401D620636A23F400436362636A1B0305D5FFF74D
S21401D6309FFF636A23F40023636202B010BD01A852
S21401D6401DF00FFD17F02DFCE2E74FF0804006F0CD
S21401D650F1FEE9E7701B002038B50E4D044601F0D7
S21401D6607DF8286B18B10FF01DF900232B6317F016
S21401D6702AFB0948FEF72CF9EB6A0BB1FFF7C0FC51
S21401D680044884F0010118F0CEFFBDE83840034895
S21401D6901DF0C9BC701B0020781B0020901B0020C9
S21401D6A0034B586A10F0050001D1FFF7D5BF70474C
S21401D6B0701B002070B53B4C1646636A03F00102EE
S21401D6C070B95AB120F090FF636A054623F0010352
S21401D6D06362FFF7E5FF284620F081FF002070BD5A
S21401D6E0002AFBD19B0704D5236BBBB10120FFF7B2
S21401D6F0C9FD94F8483003F0FD03012B16D020F045
S21401D70073FF0546C6B10E20FFF768FC19F036F91F
S21401D71042F2107303FB0600606310E002201DF066
S21401D72046FE20630028E1D10720D8E719F078F8F3
S21401D7300028E4D11220D2E70E20FFF73DFC00209E
S21401D740FFF74CFC636A13F00403C4D140F2712264
S21401D750E363B4F84630E260023B5343236119F0B9
S21401D760CCF80323B0FBF3F303EB4303C31A2533CF
S21401D77084F85D30FFF7E0FC19F000F96060206482
S21401D780B4F8B400002808BFF520FFF7FFFB064BEE
S21401D79004481A681378527813445B10637518F0BE
S21401D7A035FF98E7701B0020441D002038B51A4C41
S21401D7B00546237D23F00803237500F0CFFFB4F858
S21401D7C0B4302BB9A36813F4601F08BFA4F8B430B3
S21401D7D00021114818F027FF104BA361636A5A0411
S21401D7E005D485F00100BDE83840FFF7E5BC626B63
S21401D7F06168521A002AF4DA23F0010343F4004365
S21401D8006362FFF74DFF4FF0804006F013FEFFF70F
S21401D8108BFC0028E5D138BD701B0020F76403009F
S21401D82008B5FFF781FCB0B10B4B586A20F0040233
S21401D83010F001005A6203D1BDE80840FFF70CBFA3
S21401D84000F08CFF17F03FFAFFF7DAFBBDE808405F
S21401D8500020FFF7ABBF08BD701B00202DE9F04F7D
S21401D8604FF0000B2E4C89B0E66AA36AB779C4E97B
S21401D8700ABB0C37F51901936B6A904682468946B6
S21401D880039302F085F8F35D05F108073946C3F303
S21401D890C01306A88DF8183015F0C9FFFF238DF8C0
S21401D8A01930636A01A8C3F380230E358DF81A3048
S21401D8B0CDE904578DF808B08DF81BA08DF81C90A3
S21401D8C08DF81D80FDF7CAFB30460EF0EBFF636A4C
S21401D8D023F02402DB07626205D40120FFF7BCFEB9
S21401D8E009B0BDE8F08F0F4B94F850501A68052D1B
S21401D8F01378527813444FEA630363750AD094F899
S21401D900500018F0EEFD0546012084F85C50FFF744
S21401D9104DFFE5E702F0E6F80028F0D0F4E700BF97
S21401D920701B0020441D002010B5074C2368DA0642
S21401D93007D523F01003236018B90220A16815F05B
S21401D940FEFE0023A36010BD281C0020F8B50023AE
S21401D9500360037D044698070DD5204650F8081F3E
S21401D960C90C01F4FC7141F00501FDF75FFF237D51
S21401D97023F002032375237D2589190703D518F0A3
S21401D980FDFF28446060174E6068314651F8043F39
S21401D9902D1A7BB923600C60B368D3B1617D5A7DC3
S21401D9A0914217D2227D12070DD5BDE8F84000201E
S21401D9B0FFF7BABF5A681F892A44D21B002AE9DA40
S21401D9C019461B68E5E75A681B6913441B1A002BA6
S21401D9D0EBDAF8BD1A895B68D31AE2680344D342CE
S21401D9E0F7D5E2E7281C0020014610B504460320BF
S21401D9F015F0A5FE054B1B68D90305D4237D5A07F0
S21401DA005CBF43F00203237510BD00BF281C002035
S21401DA10014BD868DC387047281C0020034B10B532
S21401DA20DC6818F0ABFFDC3C201A10BD281C002077
S21401DA301822002101481CF087BF00BF281C0020C7
S21401DA40034B1B6813EA004314BF012000207047F4
S21401DA50281C002070B568B146685EB1154C236974
S21401DA601D4645B9257D0135EDB242B10360206101
S21401DA708160257570BD8542FCD02D68F1E743B104
S21401DA809B68CB1A41BF5B42B3FBF6F303FB06660A
S21401DA908919002303602369074E816013B9036067
S21401DAA03060E6E79A688A1A002AF8DB1E461B6889
S21401DAB0F4E700BF281C0020381C002040B1436852
S21401DAC033B1084B1A7D013A1A7553F8102F02B973
S21401DAD070479042116801D11960704713460A4693
S21401DAE0F5E700BF281C002038B50446084D084657
S21401DAF0AB68A34201D1FFF717FF6B68054A1BB15C
S21401DB00A342196801D1116038BD1A460B46F6E7E3
S21401DB10281C00202C1C00202DE9F3415A4D2B68AF
S21401DB2058077ED4AB68002B7BD155E8003F43F005
S21401DB30040345E80032002AF7D16C68A4B118F056
S21401DB401DFF01AA804601462046276918F03CFDC4
S21401DB5008B920461FE0019B2668FF1AA6B963682C
S21401DB60DC371F44C5E9024755E8003F23F00403AC
S21401DB7045E80032002AF7D1AC68002C45D102B046
S21401DB80BDE8F04101F096BF4146304601AA18F0C3
S21401DB901BFD18B93046FFF727FFCEE7337DD6F8D1
S21401DBA004C03289D907ACEB020205D40199336966
S21401DBB05B1AF1685B1A1A446368D919891A002935
S21401DBC01FDD8F4204D9E168D21ADC31914217D9A0
S21401DBD0207DC2070BD42269F1681344A3EB0C0322
S21401DBE022895B1A9B1AE268DC3293420BDC727D57
S21401DBF0637D9A4205D20307ABD5F768344600E049
S21401DC0017463668AAE70F46F8E7A36813F4601FBD
S21401DC100AD121462B6843F010032B60012015F032
S21401DC208EFD02B0BDE8F08104F108063046FDF72E
S21401DC300BFE2B68214643F010032B600028EDD124
S21401DC40012015F07CFDA36813F4601F4FEAD34151
S21401DC50C3F3C2440ED0013CE4B201F4FC71304679
S21401DC602143FDF7E3FD03213046FDF74BFE002C73
S21401DC70D7D103E003213046FDF744FE304602B01B
S21401DC80BDE8F041FDF724BE281C002008B5034B73
S21401DC90996809B115F053FD08BD00BF281C002086
S21401DCA0014B9868704700BF281C00200A4B70B5CE
S21401DCB09C6884420FD12146022015F040FD66681B
S21401DCC0258918F05BFEAD1BC54221464CBF0120DD
S21401DCD0032015F034FD70BD281C0020104B70B5D4
S21401DCE09D682E692C681CB9686864B9304470BD9B
S21401DCF0627D6B7D9A42F7D9204618F0B0FC002869
S21401DD00F2D12468EFE76FF0DB0362681B1A134455
S21401DD1022899B1A2A699342D4BFC0188018E6E765
S21401DD20281C0020542310B5046808490D20B4FBB4
S21401DD30F3F40EF03DFD002351211846A2B20EF079
S21401DD40DDFC002814BF1920002010BDBDCB020049
S21401DD50014B1878704700BF6C280020837E0F4A5D
S21401DD601B01DBB282F81F3382F8203382F822339C
S21401DD7082F8213382F8233382F8243382F825335C
S21401DD8082F8263382F82A3382F82733837F23B931
S21401DD90437E1B01DBB282F8223C704700E100E0C3
S21401DDA037B504460EF04AFD204601F091F90546C6
S21401DDB098B92046FFF7D2FFA38A0DF10601ADF808
S21401DDC00430E38A01A8ADF8063018F04EFC0122B3
S21401DDD0034B1A70284603B030BD0225FAE700BF90
S21401DDE06C2800200138C0B203289ABF014B185C8A
S21401DDF00020704714F20300431E012B05D90229A7
S21401DE0002D8024B585C70470020704711F203009D
S21401DE10431E042B054A07D8052808BF0320062100
S21401DE20431E01FB03207047104670473CF2030077
S21401DE30014B53F82000704718F20300024BDB69D0
S21401DE4093F87F00704700BF500B0020094B10B5B8
S21401DE50D96968B1084B1C4653F8042F0AB18242AF
S21401DE60FAD21B1B9B10013BDBB281F87F3010BD41
S21401DE700123FAE7500B002018F20300054B1B683C
S21401DE801B6A13F0100003D013F0030018BF012023
S21401DE90704700BF101D00202DE9F34100264FF00A
S21401DEA0FF31044601A8019601F010FF019949B11E
S21401DEB02046FCF7C5FB032806D005282FD001A86D
S21401DEC01DF0B1F8012023E01B4D1C4800F06EFF49
S21401DED02B683046597D01F073FB2F68184EF86A9F
S21401DEE0D6F808801DF024F941460246384615F05A
S21401DEF064FF2B68B068DB6A036002F04BF82B689E
S21401DF001B6ADB0407D52046019915F01EFF002089
S21401DF1002B0BDE8F08101A81DF085F8F7E7019889
S21401DF2001F004FF2046019915F0C3FE0028C9D070
S21401DF30304600F03BFFEAE7101D002015E1010026
S21401DF40881A002038B5254904460B7D4A7D0133E1
S21401DF50DBB2B3EB921F0B7503D3032300200B75C3
S21401DF6038BD016A09042CD5032390F87520243A9C
S21401DF7092FBF3F303EB4303D21A2532D2B2B4F881
S21401DF80505094F8743015F01001B4F9540084F828
S21401DF9075201CD118F0CDFD04F16C05014628460C
S21401DFA002F008FA284618F0EEFC00221146104648
S21401DFB015F0DCFB94F87500002118F0B9FD01207E
S21401DFC0CEE75B001A4102F003022532D7E702468C
S21401DFD01946002002F0BEF8DEE700BF881A0020CE
S21401DFE0204B2DE9F04104461860806A1DF0A0F828
S21401DFF001462046FCF7B4FAB4F850301A4E03F046
S21401E0001403142B0CBF0022A26AB36820461A60C0
S21401E010FFF798FFFFF732FF144B051E144808BFA1
S21401E020184600F0C3FE94F81480676818F0A6FC42
S21401E0306D0008F008080346627DE8B2B8F1000FEB
S21401E04003D1FF1AB7F59B7F07D5114618F0C5FC1B
S21401E050B068BDE8F04101F09DBF616818F0A9FC09
S21401E060F6E700BF101D0020881A002001E101001C
S21401E07051E1010070B50546FFF700FF104B041E85
S21401E080104808BF184600F091FE2846FFF75AFFD1
S21401E0900D4E054660B133686000597D00F0FE0004
S21401E0A018F09BFCBDE87040084B986801F072BF01
S21401E0B000F07CFE29463068BDE87040FBF79ABF49
S21401E0C001E1010051E10100101D0020881A002025
S21401E0D0034610B5094C552B20680AD0562B0CD197
S21401E0E0002000F063FE20680121BDE81040FBF728
S21401E0F081BFBDE81040FFF7BDBF10BD101D002059
S21401E100512803D1024B1868FFF7B4BFFFF7E0BFF1
S21401E110101D00200C4B512810B51C680FD1A06AA9
S21401E1201DF006F801462046FCF71AFA074BA26ACC
S21401E1309B682046BDE810401A60FFF79BBFBDE80C
S21401E1401040FFF7C5BF00BF101D0020881A002031
S21401E1500E4A512810B5146805D0532809D0BDE8D9
S21401E1601040FFF7B5BF617D0120BDE8104001F00A
S21401E1703DBA2046FFF790FE30B101F009FC20467B
S21401E180BDE81040FFF776BF10BD00BF101D002090
S21401E19038B50D460446002000F008FE01F0F8FBF5
S21401E1A029462046FCF7C8FB0022014B1A6038BD01
S21401E1B0141D00200123074A03FA00F002F114039C
S21401E1C053E8003F034302F1140C4CE800310029E8
S21401E1D0F4D17047A01A00202DE9F041324E0546D1
S21401E1E073690C4613F4C07F03D0980659D40120F6
S21401E1F00CE039B1590705D4D5F8A43013B9082075
S21401E200FFF7D8FF73699A0602D50020BDE8F081B2
S21401E210B27FAB6A022A03F0080709D927B184F056
S21401E22001004000C0B2F1E7002CEED00320EDE77C
S21401E2307FBB002CE9D05B05D5F8A00048BFD5F818
S21401E240A4001CF021FFC1B2063195F8300118F088
S21401E25015FC95F88F108046063195F8300118F0B8
S21401E2600DFC054618F08AFBF36A1FFA88F8A3F539
S21401E27096731B1AA3EB0803ADB25B1B002B0EDBD8
S21401E280736913F01C0FC0D137B1002CBDD1052026
S21401E290BCE7002CCFD0B8E7002CB6D0F7E70420B7
S21401E2A0B4E70029A6D1B0E7A01A002038B5044685
S21401E2B00B4B186000F5947018F065FB2046FCF7D0
S21401E2C007FBC4B2204615F047FA0546204615F06E
S21401E2D045FA29460246022015F048FA38BD00BF25
S21401E2E0141D002038B50446114D4FF480616B694A
S21401E2F0283043F400736B6118F0E3F901212046DE
S21401E30015F03FFE00212046FFF766FF014620B1CB
S21401E3102046BDE83840FFF73BBF6869617D80F461
S21401E3208070C0F30020BDE8384001F05FB900BF3F
S21401E330A01A002008B5002000F038FD01F028FBE7
S21401E3400022014B1A6008BD141D002010B50446BA
S21401E350FFF7ACFF064800F029FD6168226C637D7B
S21401E3601120BDE8104001EB920218F04ABB00BF35
S21401E37069E60100454B37B51C680023A26A019384
S21401E3805005D4F8A03012D504F1A40001931CF076
S21401E39068FEC4F8A00050B194F846314FF480618D
S21401E3A0013B84F8463104F1280018F08AF9D4F8C4
S21401E3B0A0500DB9364B9D6894F94631022B0DDC01
S21401E3C0D4F8A83013B1A36AD90502D5D4F8AC3075
S21401E3D023B14FF480512046FCF790FAD4F8A410EC
S21401E3E0A36A002914BF01210021AA794FEA8303F9
S21401E3F002F10C0203F00C0343EA0113A95C21F0BD
S21401E4001C0143EA0103AB540DD1214A02F1140366
S21401E41053E8003F23F0080302F1140040E80031FE
S21401E4200029F3D102E00320FFF7C4FE284601F0DD
S21401E430B1FD2046FCF74CFAAB792B445B7B1BB154
S21401E440012180B215F0C7F9019B53B15B7903F046
S21401E4500A03082B02D12046FCF7A8FD01A81CF0F0
S21401E460E2FD6B799A070ED5A36A1B040BD508202B
S21401E470FFF7A0FE4FF4004104F1280003B0BDE809
S21401E480304018F01EB903B030BD00BF141D002087
S21401E490A01A002000232DE9F04385B0044603218D
S21401E4A003A8039301F012FC039D35B9F42120461D
S21401E4B0FFF76EFE05B0BDE8F083AB79694F0C330C
S21401E4C01D442A797B69D6074FD4DD064CBF072049
S21401E4D00420FFF76FFE002601212046FFF77CFE91
S21401E4E0054650B97869617D80F48070C0F30020DC
S21401E4F0400001F065F8FFF73DFF039801F016FCB8
S21401E500DDF80C807A6998F80630510603F10C03A1
S21401E51008EB030915D458F8033006203B61FFF7D2
S21401E52049FEA36A1A060CD404F1280252E8003FF9
S21401E53043F0800342E800310029F7D10120FFF7BC
S21401E54039FE4946204615F022FD99F80430DB07CE
S21401E55040F18480002E52D11DB129462046FFF796
S21401E56017FE03A801F0CAF9A4E7012023F010035F
S21401E5707B61FFF71FFEAE7AF0062FD50220FFF76C
S21401E58019FEA36AAA7A83F00203C2F38002C3F3D8
S21401E59040039A422FD14FF4006104F1280018F08D
S21401E5A090F850E8002F42F4806240E80023002BE8
S21401E5B0F7D1A26A82F00202A262BB77AA7AA36AA4
S21401E5C0C2F3C00203F001018A4284D183F0010341
S21401E5D016F0030618BF0126A3627DE707F11403B0
S21401E5E053E8003F23F0040307F1140141E8003229
S21401E5F0002AF3D1C5E7BB7F0133DBB2DDE7204656
S21401E600FCF766F9C0B215F0A7F806462046FCF7F7
S21401E6105FF9CDF80480A38F82B2009331460023C0
S21401E620022015F095F84FF0FF3103A801F04EFBDC
S21401E630039B9A791344DB7D002B8DD02046FCF793
S21401E64047F9012180B215F0C6F820460399FCF778
S21401E650D7FC002D3FF42EAF294628E7002E3FF4C5
S21401E6607BAFE0E7A01A002008B50346114A532BFA
S21401E67010680BD002D8512B18D008BD553B012B82
S21401E680FBD8BDE80840F121FFF782BDFFF702FF86
S21401E690094A02F1140353E8003F23F0200302F174
S21401E6A0140040E800310029F3D1E6E7BDE8084050
S21401E6B0FFF718BE141D0020A01A0020174B513872
S21401E6C010B51C68052819D8DFE800F008180318EB
S21401E6D0191F2046BDE81040FFF7DCBE2046FFF7B5
S21401E6E001FE0F4A02F1140353E8003F23F0200312
S21401E6F002F1140040E800310029F3D110BDF121E8
S21401E7002046BDE81040FFF743BD4FF4806104F199
S21401E710280017F0D6FFF221F2E700BF141D0020F3
S21401E720A01A002010B50446FFF7C0FD054800F00A
S21401E7303DFBFFF71FFE627D61680220BDE81040C9
S21401E74018F037B9BDE60100034B5B6A13F0060FFC
S21401E7500CBFE220F1207047701B002008B5FFF7C0
S21401E7609FFA054B834206D101F012F9BDE8084035
S21401E770002000F01BBB08BD701B002070B51E4CAE
S21401E7801E4800F013FB94F85C3094F85D200021DD
S21401E790C82018F0CEF9014604F1540001F00AFE33
S21401E7A004F1540018F0EFF800221146104614F058
S21401E7B0DDFF666818F0E2F80246FFF7C5FFB61AF5
S21401E7C0B6F5FA6F05460BDCFFF722F9627DA0F578
S21401E7D0E171284618F033F9BDE8704001F0B6B88B
S21401E7E06668FFF715F93146A0F5E172637D2846A4
S21401E7F018F007F9F0E700BF701B002079EB010065
S21401E80038B501F0C5F8FFF709F940F2EE23984252
S21401E8100E4C0EDDFFF798FF0546FFF7F9F8627D0F
S21401E820A0F5E171284618F00AF9BDE8384001F074
S21401E8308DB818F0A3F8E36B62689B1A0344E36390
S21401E8400020BDE8384017F064BE00BF701B0020F2
S21401E850F7B5104C064694F84D500F462DB10020E2
S21401E860013D84F84D5003B0F0BD0B4B02201B68F0
S21401E870597800F0A5FE94F848303A46CDE90053A1
S21401E88031460323206B17F075FE206B01F082FBE7
S21401E8900120E8E7701B0020441D0020094A02F110
S21401E8A0240353E8003F43F0080302F1240040E844
S21401E8B000310029F3D1044B01201B68597800F080
S21401E8C095BE00BF701B0020441D002070B50A4C89
S21401E8D0636A5B070DD58B790C33CD1850B9E8798F
S21401E8E0CE58298918F0CAF80644A6636B7984F8CD
S21401E8F04C3070BD0120F3E7701B00202DE9F04F6E
S21401E90016468DB0021E069108BF00211F46964B83
S21401E9100592DD6A5B6AAC7938460C342A5DC3F32E
S21401E920801B61F345122A55314603F040020392DB
S21401E93014F077FF05EB04080790285D08F1080935
S21401E9404946C00914F06DFF039B8246002B44D153
S21401E950002844D114F063FF80F00103DBB25A466D
S21401E9603146384603F0010318F092F80490002867
S21401E97000F08A80039B002B33D1BAF1000F75D1CA
S21401E980079B002B72D014F03BFF00286ED00122AB
S21401E9900AA90DF1270014F046FF002874D09DF84F
S21401E9A027302A5D591E4B424B41B3EBD21F6BD128
S21401E9B0062248460AA91BF09DFF002864D1336849
S21401E9C0C8F80830B388A9F804302B5D67F3C7137D
S21401E9D02B554FF0000AD34619E00123BFE7039BEE
S21401E9E0BDE7614B5B6A13F4007A1CD115F804B0DD
S21401E9F0CBF3801B504614F01BFF3368C8F8083071
S21401EA00B388A9F804302B5D67F3C7132B55059B14
S21401EA10554E002B3ED196F8AD30002B3AD0013B37
S21401EA2086F8AD3030E014F0E8FE002806DA15F876
S21401EA3004B04FF0000ACBF3801BDBE7002211463F
S21401EA40104614F0EAFE15F804B08246CBF3801B9C
S21401EA500028CFD0002302211A4608EB010017F048
S21401EA6061FD2B5D60F386132B55C3E77A1E574273
S21401EA702B5D5741B7EBD31F06D1062231464846D8
S21401EA801BF038FF0028A4D00023049304980DB08F
S21401EA90BDE8F08F17F072FFF36A00F196019A79DC
S21401EAA008F10E0013441A6B059B00939DF858302D
S21401EAB017F010FE2D4B059A07461B68A2B9597828
S21401EAC0022000F07DFDF06A01F064FAF36A9A799B
S21401EAD013441F63FFF7E4F8254B8361069BBBB91C
S21401EAE0736A23F4806316E0D979002000F068FD8C
S21401EAF0F06A01F04FFAF36A1E489A7913441F63CD
S21401EB0000F054F9069BC3B9736A23F4806317E0D7
S21401EB10736A43F480637362039B9BB1BAF1000F7F
S21401EB20B4D0002359461A4608F1020017F0FAFC41
S21401EB302B5D60F386132B55A8E7736A43F4806355
S21401EB407362EBE72B5D0022C3F3C01349460AA8A4
S21401EB508DF8283014F067FE2B5D9DF8282062F3AF
S21401EB60C7132B55DAE700BF701B0020441D002099
S21401EB70C54C030045ED01002DE9F04F532885B043
S21401EB801FD005D8512800F0CE8005B0BDE8F08F23
S21401EB90A0F15503012BF8D855384FF0010118BFE5
S21401EBA00120FEF78FFB17F0E9FE644AD36B51682C
S21401EBB05B1A03440020D36305B0BDE8F04F17F09D
S21401EBC0A8BC002503A84FF0FF31039501F07EF89D
S21401EBD003985A4E58B1FEF763FC0828804603D8BE
S21401EBE0574B1F5C380709D403A81CF01CFA736A3C
S21401EBF013F0060F15D0FFF703FE12E0B8F1070F6A
S21401EC0016D1726A12F48012EED13046039916F0CC
S21401EC1050F80028EBD016F057F810B10120FEF797
S21401EC20CBFA0121084605B0BDE8F04FFEF74ABB16
S21401EC30039CFEF7F3FE736A814613F0040343D088
S21401EC4017F0020340D0A0F56E73002B0DDD0120F6
S21401EC50A2790C322244917A0090C1F380130C32CF
S21401EC60C1F34011FFF74AFE0546204601F05EF863
S21401EC7021460120FFF72AFE736AD9072ED503F035
S21401EC80800A94F806B014F0CAFD0BF10C0BA344ED
S21401EC9080F001039BF80A00BAF1000218BF0122B6
S21401ECA0DBB20BF10C01C0F3801017F0F1FE68B176
S21401ECB055BB736A20469A073AD5FB0712D47B07E1
S21401ECC039D5FEF751FB92E71D46CEE7BAF1000FA4
S21401ECD004D1514614F0A9FD0028E9D020460DF0D4
S21401ECE0E1FD1CE017F04EFF70B1A9F21659B9F11B
S21401ECF0000F09DDA0790C302044817A0C30C1F375
S21401ED008011FFF7A5FD0546B8F1040F02D1736A1D
S21401ED109907E3D57A07E1D52046FEF725FB002DB6
S21401ED207FF47FAF63E705B0BDE8F04FFFF7B6BDF0
S21401ED30B8F1040FC3D10DF0B5FD58E7701B0020E4
S21401ED4054F20300512808B50BD1084800F02EF8FC
S21401ED500122074B104693F94C10BDE80840FEF718
S21401ED607DBDBDE80840FFF707BF00BF79EB010096
S21401ED70701B00200022024BC3E90022704700BF2F
S21401ED80381D002010B5074C2022002120461BF01C
S21401ED90DBFD0523A383044BA36100F0DFFA90306B
S21401EDA0206010BD181D0020CF68030010B5044672
S21401EDB01FF011FC0022044B5C60044BBDE81040C0
S21401EDC09A611FF003BC00BF381D0020181D0020EB
S21401EDD0034B03EB80035868003818BF01207047C7
S21401EDE0181D002010B504461FF0F5FB0022044B49
S21401EDF09C61044BBDE810405A601FF0E7BB00BFA2
S21401EE00181D0020381D002010B5074CA36953B10A
S21401EE100020FFF7E7FFFF23A38300F03DFEBDE8D8
S21401EE20104000F005BA10BD181D002070B5C5B21F
S21401EE30212D044612D100F0F1FB0A4B220CC4F33B
S21401EE40074403EB84049A8362689A61054A9369CE
S21401EE5033B12846BDE8704011681847222DF5D118
S21401EE6070BD00BF181D002038B50D4B04461A783A
S21401EE7012B100221A7038BDC5B2FEF711FF40B1BB
S21401EE80C38AB3EB144F284605D1BDE83840FEF7D8
S21401EE90FDBEFF23F5E7BDE8384017F0FCBC00BF18
S21401EEA0381D0020A0F121030E2B10B5044611D801
S21401EEB0FEF7F6FE60B3C08AFF2829D0222C03D1C4
S21401EEC0BDE81040FFF7A0BF44EA0040BDE810408F
S21401EED000F012BAA0F131031E2B0ED8114B988BFD
S21401EEE044EA004000F01CFA312C11D10020FFF753
S21401EEF079FFBDE8104017F037BDA0F111030E2BC6
S21401EF0006D8132C40F4A02003D006D9142CDDD04B
S21401EF1010BD0122044B1A70D8E7BDE8104000F07E
S21401EF20FFB900BF181D0020381D00200B4A10B580
S21401EF30936904461BB11168BDE810401847084B99
S21401EF405B6813B1BDE810401847FEF7A9FE0146FD
S21401EF5018B183690BB12046EEE710BD181D0020DD
S21401EF60381D0020024B186908B105F063BA7047D6
S21401EF70300B002038B50A4B1C6804B10C3400F085
S21401EF80EDF90025C0F89050204600F0F9FA284621
S21401EF9017F0FDFBBDE8384001481CF044B800BF3F
S21401EFA0401D0020002310B53E4A02F1100151E831
S21401EFB0001F02F1100C4CE80034002CF5D140EA99
S21401EFC00104A00201D5FEF7A7FD210101D500F03D
S21401EFD025FDE20301D500F05BF9002C01DAFCF710
S21401EFE01FFD630001D5FEF709FBA00001D5FCF764
S21401EFF05DFBE10007D5FBF71BF820B94FF0805108
S21401F000294817F01EFC620107D515F0E4FC20B96B
S21401F0104FF08061244817F014FCA30105D517F0C2
S21401F02086FDFCF715FB14F0E3FBE00108D514F0B0
S21401F0304FFF072804D14FF080711B4817F001FCE1
S21401F040610201D514F0CEFB220201D514F082FB39
S21401F050E30207D514F037FF20B94FF480111248A8
S21401F06017F0EFFBA00507D5FCF7F6FF20B94FF424
S21401F07000710D4817F0E5FBE10507D5FCF74EFAE0
S21401F08020B94FF48071084817F0DBFB620503D501
S21401F09014F075FB14F074FB230501D516F005FB7F
S21401F0A010BD00BF300B0020400B0020014B1B6839
S21401F0B018407047300B002010B5044BD3E90642C8
S21401F0C004430A43C3E9064210BD00BF300B0020CB
S21401F0D038B50446344DFEF7ABFC00212022284605
S21401F0E01BF032FC4CF20C000021FFF7E5FFC4B127
S21401F0F0A3684FF6FF720020A18B2B60FBF740FF41
S21401F10002201CF054F9294B1860002849D02346E8
S21401F1100C3004F1200253F8041B934240F8041B00
S21401F120F9D1234B2348AB6000232B730DF0F6FB7C
S21401F130FCF758FB204600F045FD054678BB00F07D
S21401F140FFF920B14FF480700021FFF7B5FF00F002
S21401F15007FA20B14FF400600021FFF7ADFF2CB194
S21401F160B4F91210B4F9100001F00CF917F0EAFC2A
S21401F17001F0DEFAFDF7CCFE054680B9FCF738FC57
S21401F18000F03EF800F0E2F8FFF7F4FD00F068F852
S21401F19018B9BDE8384000F069B8FFF7EBFE28461D
S21401F1A038BD0125FBE700BF300B0020401D0020C5
S21401F1B065EF0100340B0020014BD3E906017047CF
S21401F1C0300B0020054B9B69DA054CBF032001205C
S21401F1D01B0548BF40F00400704700BF300B0020FD
S21401F1E0014B1860704700BF441D00202022034BCE
S21401F1F0C3E900229A6000221A7670476C1D00202F
S21401F20038B50025084C094B1C2229462046C3E97F
S21401F21000551BF099FBFFF7E9FF30236576C4E93B
S21401F2200333636138BD00BF6C1D0020481D0020FC
S21401F23008B51FF0D9F930230749084ACB60D360D7
S21401F2400B6113614B61536100234B765376BDE826
S21401F25008401FF0C4B900BF6C1D0020501D0020DF
S21401F260014B1878704700BF6D28002010B5044C7C
S21401F27023781BB917F023FB01232370002010BD50
S21401F2806D280020014B1868704700BF481D0020FC
S21401F290F8B5164E1FF0A8F93546154C07460FCDA2
S21401F2A00FC495E80700002584E80700FFF79EFFD6
S21401F2B030233846C6E90333736175761FF08FF93C
S21401F2C00C4E103CE068302804D07368C6E9003064
S21401F2D0FFF7CAFD54F8040B202801D0FFF7A6FD5E
S21401F2E00135EDB2032DEDD1F8BD00BF6C1D002038
S21401F2F0501D0020481D002010B504461FF074F96B
S21401F300064A137E42F82340013313761FF067F94D
S21401F310BDE810404FF4803005F08CB86C1D00201D
S21401F32010B504461FF060F9074A537E02EB8301CD
S21401F3300133CC6053761FF052F9BDE810404FF40C
S21401F340803005F077B800BF6C1D002094220021A4
S21401F35001481BF0F9BA00BF881D0020004870471D
S21401F360881D0020074B586940F20D1338B9002B51
S21401F370C1BF45224433B3FBF2F0C0B27047006808
S21401F380453BF3E7500B00202DE9F0414FF0000814
S21401F39082B0CDF80480F8B10546154F01AC09E0FE
S21401F3A023601B687B612368C3F800802668002DF4
S21401F3B0344611DD7B69453D002BF1D101201BF060
S21401F3C0F6FF064620600028F1D101A81BF02BFEAF
S21401F3D0304602B0BDE8F081102000F02DFD019E00
S21401F3E03046737943F00103737102B0BDE8F081D2
S21401F3F0500B002037B5184D0446EA6992F87D3067
S21401F40013B9002003B030BD01281CD002280CBF60
S21401F410022301238DF8043001238DF80530936F04
S21401F420286923F4805323F00203936701A91AF095
S21401F4309CFB0028E6D1012C07D1EA69936F43F0C3
S21401F44002039367DDE70423E4E7022CD9D1EA69D6
S21401F450936F43F48053F4E7500B002037B5174DF4
S21401F4600446EB6993F87D2012B9002003B030BD45
S21401F47001281AD002280CBF022201228DF804208E
S21401F48001228DF805209A6F286922F044029A67B6
S21401F49001A91AF054FB0028E8D1012C07D1EA692A
S21401F4A0936F43F040039367DFE70422E6E7022CFD
S21401F4B0DBD1EA69936F43F00403F4E7500B0020B5
S21401F4C00422F0B51D4E0546F36985B083F87C200D
S21401F4D0407917F039FA2C79074694B1A879FFF7E5
S21401F4E0BDFF044638BB01466A79012017F027FAAA
S21401F4F03B4622467179306905B0BDE8F0401AF006
S21401F5007CBA2B6868790394029317F01DFA009071
S21401F51022467179306902AB1AF071FA044650B985
S21401F520A879FFF79BFF044628B9024601216B79AB
S21401F530286817F005FA204605B0F0BD500B0020EC
S21401F54010B5064C20691AF0DFFC28B920691AF0BC
S21401F550DDFC00F0010010BD0120FAE7500B002091
S21401F560014B18691AF0D4BC500B002008B5FFF700
S21401F570F5FE024B1030D86108BD00BF500B0020CD
S21401F58038B50446084DFFF7F1FFEB692A689A671C
S21401F59044B1A088FEF75AFC0122EB69002083F8EB
S21401F5A07C2038BD2046F5E7500B0020034BDA6976
S21401F5B0936F43F480339367704700BF500B00206E
S21401F5C0042238B5084B0D46DB6983F87C20FFF72B
S21401F5D045FF044608B100F03BFC2A460021012005
S21401F5E017F0ADF9204638BD500B0020022238B581
S21401F5F0094B0D46DB6983F87C20FFF7FBFE0446CA
S21401F60008B100F025FC2A460021012017F097F9E1
S21401F61014F0ADF8204638BD500B0020034A13689D
S21401F62023F40043136000F029BF00BF500B0020F5
S21401F6307FB5022304462A4D1022EE69002186F882
S21401F6407C3068461BF080F9237A03B301238DF8DA
S21401F650043063680293A37A53B196F87D00FEF7EF
S21401F660D7FB029B02881344029301238DF80D30C9
S21401F670637A207B8DF80E30FFF7BCFE50B1EA6945
S21401F680936F23F48033936700F0E2FB20E0236856
S21401F6900093DEE7E07A17F057F96A460346697980
S21401F6A028691AF0AEF90028E9D1EB69227AB3F895
S21401F6B07A10E37A01F0010162B11A46012017F0CF
S21401F6C03EF914F054F8EA69936F23F48033936794
S21401F6D004B070BD0A462068012117F031F9F0E741
S21401F6E0500B00202DE9F0431C4A87B0D56995F8E8
S21401F6F06C3003EBC3004FEA800855F8087005EB41
S21401F70080061FB1304607B0BDE8F0831179106955
S21401F710717301AA0321B760B7731AF04DFBDDE9D7
S21401F720031245F80800304608F11003E9501D445D
S21401F7306A60BDF80630BDF80820B7839B1A32838D
S21401F7409DF804207383072A08BFB368376204BF95
S21401F75043F00103B36007B0BDE8F083500B00200F
S21401F76083689B0700D5704730B5154D87B00446B2
S21401F77001686A4628691AF021FB50B9238B628B0F
S21401F7806946134403332869ADF804301AF01AFBAE
S21401F79008B107B030BD009B9DF90E00636000F014
S21401F7A001FE2073EB699DF8111093F87D00FEF7BA
S21401F7B023FBA368A07343F00203A36007B030BD28
S21401F7C0500B00202DE9F04F4FF6FF741F46A14263
S21401F7D0038B458B08BF818B1D4418BF8183A942CB
S21401F7E0064683B059DA4FF6FF708242A5EB010553
S21401F7F002D09542A8BF15468B42ADB20BD84FF04A
S21401F8000008A8452AD345462846B38B2B44B38324
S21401F81003B0BDE8F08FA3EB0108A845A8BFA84632
S21401F82032691FFA88F802EB010BB8F1000F62D0BB
S21401F830002F5ED0B946C2465246452A594628BFD1
S21401F840452248461BF0CBFB83B2AAEB0304A4B2C5
S21401F85083443CBB318B0B46A845D4D2C91A736985
S21401F860A5EB080913FA81F41FFA89F9002FCAD00B
S21401F8704A46452A214628BF452238461BF0AFFB9B
S21401F8801FFA80F8A9EB08039BB20444002BBBD0F7
S21401F8903A68CAB117469946EAE70025284603B0F2
S21401F8A0BDE8F08FD9F8002012B19146A246C3E711
S21401F8B099F8040001931BF07AFD019BC9F800003A
S21401F8C060B18146A246B7E7387901931BF06FFD18
S21401F8D0386040B1019B07469946C9E7A3EB0A0386
S21401F8E043449DB290E7A8EB0908A8441FFA88F59F
S21401F8F08AE73D4688E719460B46ADE72DE9F04114
S21401F90006461EF071FE0746FFF72CFD35460446F7
S21401F910286818B16CB928461BF085FB31680A487F
S21401F9201BF068FC38461EF05AFE00233360BDE823
S21401F930F081D0F800801BF02EFD2B68013CC3F847
S21401F94000802D68E4B2E3E7640B002010B5094C93
S21401F950E369986F10F400700AD020691AF04AFA29
S21401F96030B9012120691AF043FA80F00100C0B2D3
S21401F97010BD00BF500B0020044BDA69926F920550
S21401F98003D5002118691AF033BA7047500B0020CE
S21401F99010B5154CE36993F87C30012B08D0002292
S21401F9A01146104616F0CBFF0122E36983F87C204E
S21401F9B00022032120691AF011F800220121206992
S21401F9C01AF002FAFFF7D8FF002016F0C0FF16F073
S21401F9D0C0FF002016F0BEFFE269936F23F4847324
S21401F9E043F4C043936710BD500B002010B51EF0C2
S21401F9F0FBFD0446FFF7CCFF074B5620DA69B2F849
S21401FA0074300133A2F87430FFF790FA2046BDE84F
S21401FA1010401EF0E4BD00BF500B0020F8B51C4D91
S21401FA20EA69936F1C0704D523F008039367FFF771
S21401FA30DDFFEB699B6FD8060FD51EF0D5FD064698
S21401FA40FFF790FC0446134F24B101201BF0AFFCD6
S21401FA500146B0B930461EF0C2FDEA69936F9906B9
S21401FA6015D523F02003936700F04EFF78B11EF002
S21401FA70BBFD0446FFF7BAFF2046BDE8F8401EF07E
S21401FA80AEBD3846013C1BF0BFFBE4B2DCE7F8BD77
S21401FA90500B0020640B002008B5FFF779FF00F03B
S21401FAA0EDFC034A136823F40043136008BD00BF4E
S21401FAB0500B0020002210B5094C1046114616F0D6
S21401FAC03EFF206904F00EFF16F038FF04F1140023
S21401FAD01BF0A9FAE269936F23F01003936710BD38
S21401FAE0500B0020024B1868C0F38020704700BFFF
S21401FAF0500B002038B5154C0546E36993F87D3068
S21401FB0083420ED0431E042B08D8DFE803F0030B14
S21401FB100F141600206905F003FB10B9E36983F89A
S21401FB207D5038BD206916F017FFF6E701212069E0
S21401FB3016F014FFF1E70321F9E7FFF7D3FF0028DA
S21401FB40ECD0206916F00CFFE7E700BF500B002051
S21401FB5073B504460D4D407A0026287116F0CFFE87
S21401FB606871207AFFF7C6FF0096637AD4E9002110
S21401FB7028691AF03EFA32463146304613F0F6FD51
S21401FB80206816F0E5FE02B070BD00BF500B0020E5
S21401FB9038B50B4C05462368206923F4806323603F
S21401FBA01AF0B8F938B10DB9002038BD236843F40E
S21401FBB080632360F8E7002DF6D00C20F5E700BF40
S21401FBC0500B0020F0B5394C0546216889B011F07C
S21401FBD0010163D1202220461AF0B6FE344819F0FE
S21401FBE02EFF074610B1102009B0F0BD314E324B42
S21401FBF030463360314B736016F0A5FE3946304609
S21401FC0004F006FEAB682061DB0249D40120F2F75E
S21401FC1087FB0028E7D102224FF0FF31206919F057
S21401FC20ABFF06460028DED10120FFF7B1FF4FF4F7
S21401FC3000733246224920691AF0A0F8B0F5007F19
S21401FC40D1D1287E00F048FA0028CCD120691AF0DC
S21401FC508CF90028C7D100F0D3FA0028C3D13C2381
S21401FC6094220393CDE9013296235022059001A9EF
S21401FC702069CDE90623049304F0DEFE0028B2D104
S21401FC80012019F0B0FE0028ADD00E4A0E492069B9
S21401FC9016F057FE236843F0010323600020A3E714
S21401FCA0012119F08AFE0028B0D09CE7500B0020F5
S21401FCB0690345EC2C1E002079FE01001C1E002065
S21401FCC06C1F0020FB680300296903002DE9F04141
S21401FCD005460E46FFF706FD2F680446C7B9638B37
S21401FCE0008B18440A30FFF74FFB03462860C0B16B
S21401FCF082790C321344A2681A71618B228BDF71F0
S21401FD000A441A81084A0A2112799A711BF05BF992
S21401FD1020462B68B2B24FF6FF71BDE8F041FFF7FF
S21401FD2051BDBDE8F08100BF500B002070B50546FF
S21401FD300D4BDC6994F86C6006EBC60004EB8000A2
S21401FD40FFF70EFDAA790C32AB18197941F00201C2
S21401FD501971242101FB06446168A950227B5A715E
S21401FD60A27BDA7170BD00BF500B002038B5FDF7DD
S21401FD7097FFC8B1847DC4B92A4DEB6993F87C20FE
S21401FD80022A10D1B3F8702053200132A3F8702054
S21401FD90FFF7CCF8012016F0DDFD2421EA6992F880
S21401FDA06C304B43D45038BDFF242046FFF710F883
S21401FDB0002831D01B4CE36993F87C20022AF2D14B
S21401FDC0B3F8702053200132A3F87020FFF7AEF885
S21401FDD0012016F0BFFD23681B0407D5E36993F8DD
S21401FDE07C30012B02D05220FFF7A0F82422E169D3
S21401FDF091F86C305A438818806810F004001FBFD1
S21401FE0003220133B3FBF2F202EB42021ABF9B1A42
S21401FE1081F86C308850C6E75320BDE83840FFF7BC
S21401FE2085B800BF500B0020024BDB6993F87D00BC
S21401FE30704700BF500B0020044BDA69936F0343F1
S21401FE4093674FF0006004F0F5BA00BF500B002036
S21401FE5038B505461EF0BFFB0446064B0820DB6995
S21401FE6083F87E50FFF7E8FF2046BDE838401EF0D5
S21401FE70ADBB00BF500B0020F8B515461C46064624
S21401FE801946104616F062FD2A462346304616F0FD
S21401FE9077FD3E4FD7E9022300EA020401EA030593
S21401FEA054EA05032FD0A4F108032B4325D0A4F56B
S21401FEB08043083B2B4327D0A4F10C032B4319D0D6
S21401FEC0231F2B433FD0324B23402BB124F0011389
S21401FED023F4A0432B4346D004F17F432B4335D074
S21401FEE0600122D5FA69936FD9051ED523F4807374
S21401FEF0936704E0002016F02DFDFFF737FF20463C
S21401FF00294616F01FFDF8BDFFF730FFFA6992F893
S21401FF107C30022BF3D140F60201906F814318BF6B
S21401FF200123552082F87C302CE01EF054FB64221D
S21401FF300646FB69082083F87E20FFF77DFF3046E2
S21401FF401EF044FBDBE716F006FDD8E7FA69512000
S21401FF50B2F86E300133A2F86E30FEF7E7FF0120EB
S21401FF6016F0F8FCCBE7FB6993F87C20012AC6D093
S21401FF7040F60202996F55208A4314BF01220222DD
S21401FF8083F87C20FEF7D2FFB9E700BF500B0020B4
S21401FF900150010038B5044680790C4D0C302044E0
S21401FFA013F0E6FB0123A179E279521A0C312144C0
S21401FFB02869D2B219F0E0FE246804B938BDA179E7
S21401FFC0E2790023521A0C31F1E700BF500B0020F2
S21401FFD010B4254C2269B2F9001081422DDA03468D
S21401FFE094F814C00CF18041013932F9210002EB7A
S21401FFF08101984225DD312B28DDA17D8C4530D944
S21402000002EB810032F921409C4224DB14D001F13C
S214020010804C0CF1FF3C32F92CC0E41A002CACEBFD
S2140200200303B8BF6442002BB8BF5B42A34203DAA5
S2140200300139C9B202EB8100024610465DF8044B54
S21402004070470A465DF8044B10467047002BD4BF33
S2140200500021617DD2E70131CCB2A44500F1040053
S214020060D0D810460246E8E73C1E0020042307B517
S2140200708DF80730002306481A460DF1070100697D
S21402008019F03DFF9DF8070003B05DF804FB00BFC2
S214020090500B002037B504461EF0A6FA0B4B054659
S2140200A018689B880090ADF80430094B69461869B9
S2140200B08DF8004019F034FE47F6FF72054B2846CD
S2140200C09C739A811EF08BFA03B030BDD0270020B5
S2140200D0500B00203C1E002037B58DF80700F6F7BF
S2140200E0F3FC134C0368134D236083889DF80700C6
S2140200F0A380FF2803D0FE2809D1FFF7B7FF2070A0
S2140201000021286904F0F2FD002003B030BD2378F8
S21402011028698DF8073000230DF107011A4619F0F9
S214020120EEFE10B19DF80700E9E72020EDE700BFDC
S214020130D0270020500B00200346044AB2F90200E2
S2140201401BB1034B1B8BC01A00B270473C1E00202B
S214020150500B0020084B10B5B3F9004030B903EB42
S2140201604103B3F902309C42A8BF1C46A242A8BF74
S2140201702246104610BD00BF3C1E0020024B1B69E3
S214020180B3F90000704700BF3C1E0020034A137DEF
S2140201901269013BDBB232F9230070473C1E002095
S2140201A07FB5ADF80210ADF80420ADF806304FF07A
S2140201B0C8124FF082136946CDE90223ADF800005B
S2140201C00C46FFF7E3FF042202ADB1F9003035F921
S2140201D0026B8342A8BF03461BB2B342A8BF334694
S2140201E021F8023B531E13F0FF02EED194E80300FF
S2140201F0024B83E8030004B070BD00BF401E00201F
S2140202002DE9F04FDFF878A189B0DAF80000BAF8E5
S21402021004300690C0B2FF28ADF81C3003D1FFF7B9
S21402022025FF8DF81800534F06A9386919F078FD96
S2140202301EF0DAF94FF4FA710290386919F056FD99
S214020240386904F03DFD4C490090386919F04EFDBE
S214020250386904F035FD4FF01E08484D01904FEA0C
S21402026088001BF0FAF9064680B14FF0000300241E
S214020270DDF804906B75AB75009B4B451EDA234682
S21402028047F6FF72434571DB2E612C7502981EF00D
S214020290A6F964231A4619461846FFF781FFFFF7A8
S2140202A075FF2B6928801B8800206B8047F6FF733A
S2140202B0AB810C23AB7309B0BDE8F08F9AF800301F
S2140202C0ADF81690FF2B34D14FF00C0338698DF839
S2140202D015300DF1150200230DF1160104F0EAFEA9
S2140202E09DF815B0AB7B5B4502D05846FFF7D2FEB1
S2140202F04946386919F0FAFC0028C7D1386904F073
S214020300DFFC019B83422CDC009B834229DB34B159
S21402031004F18043013B36F92330834221D0A045C5
S2140203200AD8304608F105081BF099F95FFA88F8F2
S21402033095E78DF81530D3E7002802DA6C75AC75B0
S21402034001E03128FBDD06EB840326F8240083F85F
S21402035002B03869039319F0C7FC039B0134D870C6
S214020360E4B209F101090FFA89F985E726F8232094
S214020370013387E7500B00200CFEFFFF3C1E0020D7
S214020380D02700208BB200294FF00A01B4BF053BEC
S21402039005331BB293FBF1F3014A10835383704774
S2140203A0500B0020024B5B8BC01A40B2704700BF56
S2140203B0500B0020044B10B51B8B0446C81A00B223
S2140203C0FFF706FEE06010BD500B002010B5094C8A
S2140203D02369B3F900108142B8BF0146FFF7D6FE83
S2140203E08842A8BF084600B2FFF7F2FD0388638082
S2140203F010BD00BF3C1E002010B50146FFF7C6FE2A
S21402040088420346A8BF0B46064C18B22269B2F9C8
S21402041000209042B8BF1046FFF7DAFD038823801B
S21402042010BD00BF3C1E002070B5044608B3114D37
S214020430B0F90030B5F90C209A421AD01EF0D4F862
S214020440AB7B0646A078834201D0FFF723FEB5F9C0
S2140204500C20B4F900309A4206D0074BE1781869AE
S21402046019F030FC2388AB813046BDE870401EF0A0
S214020470B6B870BD3C1E0020500B00200022044B74
S214020480DB691A605A629A64A3F86C20704700BF50
S214020490500B00202DE9F04F87B0074691469A464A
S2140204A0ADF80C101AF044FEB0F100083DDD002F46
S2140204B03ED03C464FF0000B264EA379E57903F179
S2140204C00C01ED1AEDB2214406EB0B002A461AF097
S2140204D0A3F92468AB44002CEFD19DF80C101E48FB
S2140204E001F023010091C0F808900DF1140942466C
S2140204F053461849CDF80490A0461EF03FF93C46F4
S214020500A379E57903F10C00ED1AEDB206EB0801CA
S21402051020442A461AF080F92468A844002CEFD119
S2140205200422494638461BF040F807B0BDE8F08F73
S2140205309DF80C10084801F02301C0F808900DF150
S21402054014090091534642460249CDF804901EF023
S21402055015F9E5E7541E00209C2B00202DE9F047F4
S21402056084B0904699460390ADF808101AF0E0FD64
S214020570071F002F25DD039D002D40D04FF0000AF7
S214020580204EAB79EC7903F10C01E41AE4B229446B
S21402059006EB0A0022461AF03FF92D68A244002D07
S2140205A0EFD11948F119C0F8088001919DF808109A
S2140205B04B4601F0230100913A4612491EF0D2F84A
S2140205C018B1002004B0BDE8F087039D7DB1074650
S2140205D0AB79EC7903F10C00E41AE4B2F119284481
S2140205E022461AF019F92D682744002DF0D103A8E7
S2140205F004211AF03FFE012004B0BDE8F087014E48
S214020600CFE700BF541E00209C2B002030B51446B6
S2140206100D460246064883B0019580218360234634
S21402062000941EF0B7F8B0FA80F0400903B030BD6F
S2140206309C2B00200023F0B50E46D1688BB009BA79
S2140206400291C17890F800C061F3070381781A4DD1
S21402065061F30F23417802AF61F317436CF31F6314
S2140206600993936851681BBA0393836809BA1BBA45
S2140206700793136842681BBA0593C36812BA1BBA7B
S21402068006AC0491AF600892069323468022294660
S214020690012000941EF081F80028F6D1DDE908104A
S2140206A0DDE9063200BA09BA12BA1BBA30607160C6
S2140206B0B260F3600BB0F0BD9C2B00202DE9F84F22
S2140206C0DFF868908246D9F800B088461746BBF134
S2140206D0000F28D0002699F80450B54207D13D7085
S2140206E099F80400A84214BF0120022017E07419EA
S2140206F06110C1EBC10159448879C4F3470400F084
S2140207000100B8EB000003D1062250461AF0F2F8B8
S214020710002806DB02D0661CF6B2DEE73C70BDE8B7
S214020720F88F2546D9E70320F9E700BF641F0020AB
S2140207300022014B1A717047641F0020F8B5054667
S2140207401DF052FF104C85F3070563790646AB424F
S21402075005D1002430461DF042FF2046F8BD002792
S21402076020686571277110B11AF079FF27606379E6
S214020770002BEED0C5EBC5000CF020FA2060002856
S214020780E7D160710724E5E7641F00204840704700
S21402079000EB0010084480B2704700BF90FAA0F049
S2140207A000BA80B2704700BF044BD3F80120026043
S2140207B05B7903F01F030371704700BF6E280020A9
S2140207C0234B2DE9F041002914BF0C461C46002598
S2140207D00646174613688AB0C4F8013013792570A6
S2140207E063715FFA85F84146384616F095F938B1D6
S2140207F0237803F128026A44013302F8288C237016
S2140208000135252DEDD194F800803EB14246694669
S214020810A01D1AF001F80AB0BDE8F081B8F1000F89
S214020820F9D00534F5B22946384616F075F940B9BE
S214020830B5FBF8F308FB13550AAB53FA85F515F822
S214020840285C0136252E04F8015FEBD1E3E700BFF2
S2140208506E280020034B002818BF03460B449879E5
S214020860704700BF6E280020F8B50D4682EA124295
S21402087096B2314603462846FFF788FFFFF78EFFFB
S214020880FFF786FFFFF78AFFFFF782FFFFF786FF75
S214020890FFF77EFF0546FFF779FF164C002B14BFC5
S2140208A01F4627460446144B781CA3FB0423E21A71
S2140208B003EB52035B0903EBC30203EB8203E41A66
S2140208C0E4B2214616F028F940B93B786E40B6B23B
S2140208D006FB03F307EB1347B879F8BD7B1D2A37EF
S2140208E001E09F4204D013F8010F8442F9D1F4E7E5
S2140208F02046F8BD6E2800204D91CFBA014B186EE7
S21402090080B2704700C001B80A4BD86800F0706029
S214020910B0F1106F0CD008D8B0F1E06F08D0B0F18B
S214020920006F14BF002001207047B0F1406FF8E757
S21402093001207047000002B80022034B1A609A801A
S214020940FF229A71704700BFBB280020064A13791F
S214020950834207D9012312688340134214BF012041
S21402096000207047002070476C210020054A03468D
S2140209701068002208B91A607047C10748BF0132E2
S2140209804008F7E76C210020F0B541EA002087B066
S21402099040F4902706200E461546F6F7B1F81AF0F0
S2140209A05CFE044640B901461A200DF089F96FF044
S2140209B08C05284607B0F0BD43684761DAB222B913
S2140209C023F0FF0343F00103436010F05EFD0002D4
S2140209D0062E1C4B40F0010060600CBF40F2011175
S2140209E04FF48071204616F0CFF8E360164B2A4685
S2140209F0236002AB1E4605F110071D4610685168BB
S214020A00083203C5BA422B46F7D1102130461AF0F7
S214020A100EFE10223146204601AB12F07DFA054644
S214020A2020B1014640F207400DF04AF91021304647
S214020A301AF00BFE204612F0F8FC20461AF00FFEC3
S214020A40B7E700BF0044400400248000102A2DE9C6
S214020A50FF4706460F46154623D800244FF00109E5
S214020A60DFF84480DFF844A0D8F8002009FA04F33F
S214020A70134213D046EA042040EA0A006A46E9B264
S214020A8080B203F069FD48B92A463946684619F02D
S214020A9031FF18B960B204B0BDE8F0870134202CEB
S214020AA0E2D14FF0FF30F6E76C2100200080FFFF16
S214020AB02DE9F3411D4E054601460622304619F041
S214020AC019FF20B996F9060002B0BDE8F0810024AD
S214020AD0A046EF1C2046FFF739FFD8B13B88CDF879
S214020AE00080ADF80330BB786946E0B28DF8053079
S214020AF01BF020F921280DD0A8B903222946684602
S214020B0019F0F8FE30B92B6860B23360AB88B0716A
S214020B10B380D9E70134202CDCD12B683360AB8854
S214020B20B380FF23B3714FF0FF30CDE7BB28002020
S214020B30034B93F90630013301D1FFF7FDBE704730
S214020B40BB280020F7B5044618F0ACFE631C58D14B
S214020B50FFF7F2FE0024624E3379A3422CD84FF4FC
S214020B6000410024084603F057FD20224FF0FF31D3
S214020B705C48346019F0E8FE204600F0D7FDFF26F8
S214020B800446594D5CBB594812F0D6F8014630B1BE
S214020B9010F1880F03D040F207400DF091F80C21B7
S214020BA04F4A43F6FF7003F0BBFC202138204D4A23
S214020BB003F0B6FC00202AE02046FFF7C7FE60B12D
S214020BC065B20521284615F0E1FF0321284615F0F7
S214020BD0DDFF0621284615F0D9FF0134BCE794F95B
S214020BE07530013305D02B7843B9132120461BF00C
S214020BF003F8204600F09AFD0446C3E784F87560C1
S214020C00F7E72046FFF7A2FE18B940F2064003B007
S214020C10F0BD6B4606220021204616F00DF800288D
S214020C2045D049238DF806304FF47F41304840EADC
S214020C300420084003F0F0FC0521204615F0A6FF2C
S214020C400321204615F0A2FF0621204615F09EFF3E
S214020C5001222349E3B29A400B6823EA02030B609F
S214020C60244B93F90630A34201D1FFF765FE00201C
S214020C7005460B791B4A013BC1B2994221DBFF268E
S214020C800020D65400F052FD0546174F002D86D0A0
S214020C9095F97530A34205D13B78EBB91321284666
S214020CA01AF0AAFF284600F041FD0546EEE76B461D
S214020CB006220121204615F0BFFF0028B4D0722379
S214020CC0B0E75656A64200D025B1551895F9015000
S214020CD0555401250130CFE785F87560E2E700BF7D
S214020CE06C2100209B280020992800203700040051
S214020CF00080FFFFBB2800202DE9FF41354C064649
S214020D0001A8FFF733FE2379019A93421ED862792F
S214020D10012A40D100274FF0FF383D4610E02368F5
S214020D20EB40D9070BD5082202AB114668B215F084
S214020D3083FF20B1039B43453CBF2F4698460135AF
S214020D4023799D42EBD378B2FFF7FCFE236813F0BB
S214020D50010529D0002501220135202D18D002FADE
S214020D6005F71F42F8D13B432360A3680C210133E9
S214020D7043F6FF70174A7361A36003F0D1FBA8B174
S214020D80236823EA07032360A368013BA360736119
S214020D904FF0FF3519E0022AFAD10F4A134413F92D
S214020DA0010D421CFBD0CFE70127DCE722790A4C73
S214020DB0013A2146D2B2601C19F0ACFD6DB2224651
S214020DC020213820257003F0ABFB284604B0BDE88E
S214020DD0F08100BF6C2100209B2800202DE9F04303
S214020DE0002489B0AF4D04213F2001AA2C7003F0E5
S214020DF0B3FB00B10194019F002F4FD00026781E4E
S214020E004742474100242C70A74D0C212A4643F640
S214020E10FF7003F0A1FBC0B10D23AB80019B2C60D9
S214020E20032BAC6011D803AC2246142143F6FF70A4
S214020E3003F092FB48B994E8070085E807002A46C3
S214020E400C2143F6FF7003F06BFB019B042B06D0CC
S214020E5004213F200DEB0102019103F061FB2021EA
S214020E603820924A03F078FB28B120224FF0FF3157
S214020E708E4819F069FD03222B795B00B3FBF2F36F
S214020E808B4A1370FFF758FDF8F7E0FD014618B1DC
S214020E9040F207400CF014FF002413E00126374608
S214020EA0B0E72B68E340D9070BD508224FFA84F83F
S214020EB01146404603AB15F0BFFE10B94046FFF799
S214020EC041FE01342B799C42EBD38EB110213720A0
S214020ED003AA03F041FB002852D10620F5F710FEC4
S214020EE01AF0BBFB044680B901461A200CF0E8FE55
S214020EF03FB13D2003F04CFB00242B799C42C0F00E
S214020F00AB80002009B0BDE8F0836A4A43684261BC
S214020F10DAB222B923F0FF0343F00103436010F074
S214020F20B4FA0002644B40F0010040F20111606026
S214020F30204615F029FEE360604B1021236003A8CB
S214020F401AF075FB102202AB03A9204611F0E4FF4B
S214020F500646102103A81AF078FB204612F065FA1E
S214020F6020461AF07CFB372003F012FB46B140F213
S214020F70074031460CF0A4FE4FF0FF30FFF7E2FDCB
S214020F80002623E03046FFF7E1FCF0B174B21022EF
S214020F900321204603AB15F04FFE1028814620D1D0
S214020FA00321204603AAFFF7EFFC8046494603A822
S214020FB01AF04BFBB8F1000F0CD040F20740414646
S214020FC00CF07EFE2046FFF7BDFD01362B799E42D1
S214020FD0D8D38DE748F2030040EA062080B203F039
S214020FE0D7FA10220521204603AB15F025FE10285D
S214020FF0814613D10521204603AAFFF7C5FC804689
S214021000494603A81AF021FBB8F1000FD5D148F2E1
S214021010050040EA062080B203F0BAFA1022062142
S214021020204603AB15F008FE10288146CDD10621D6
S214021030204603AAFFF7A8FC8046494603A81AF0F2
S21402104004FBB8F1000FB8D148F2060040EA0620C9
S21402105080B203F09DFAB8E72046FFF777FCF0B1BE
S21402106066B204220C21304602AB15F0E5FD0428D8
S2140210700AD1029B0122C3F300238DF80C300C2107
S214021080304603AB15F097FD00231022CDE903335B
S214021090CDE905330D21304603AB15F08CFD013446
S2140210A02BE700BF992800206C2100209B280020F7
S2140210B09A280020370004000044400400248000E0
S2140210C0F8B5104B044618790F4B00221D46D1B2D4
S2140210D0884204D913F9017B561CA74204D10B4B54
S2140210E01B788B4202D9F8BD3246F0E70649481C07
S2140210F019F010FC2C702021BDE8F8403820024A76
S21402110003F00EBA6C2100209B2800209A280020AB
S21402111020F00040A0F20540F8B5032817D8DFE813
S21402112000F0021728330C790F78A4F11B02534201
S21402113053414E88CD8801F108021948990015F0EE
S21402114025FF20B10771A0F80560C4710581F8BDBE
S2140211500E784D888C8801F108021248002115F09D
S21402116015FF0028F3D00671A0F80550A0F8074036
S214021170EDE70D480D784C6815F0D0FE0028E6D055
S2140211800571A0F80540E2E707480C7815F0C6FEA0
S2140211900028DCD007234371002304718371D6E74D
S2140211A078F2030074F2030070F20300002110B517
S2140211B0821D8388044608461AF024FA024648B17D
S2140211C06188208817F065F80446034815F00DFF7D
S2140211D0848010BD1A24F8E720020A1737B5B0F843
S2140211E00140C578007816F04FF968B10023214611
S2140211F02A46CDE9003317F0E2F90446034815F013
S214021200F4FE848003B030BD2524F7E720020A04EA
S21402121040F2055320F0004098422DE9F0410BD8E9
S21402122040F20153984209D840F2014398420DD049
S21402123040F20A43984214D0BDE8F081A0F203506F
S214021240022816D8DFE800F024495C000D784C88A6
S2140212502D4815F063FE0028EED00571A0F8054073
S214021260EAE72A480C7815F059FE0028E4D0047103
S214021270E2E727480F784E880D79CC8815F04EFEA7
S2140212800028D9D00771A0F80560C5710481D3E79C
S2140212908C684E880D790F7884B1B1F8068001F11A
S2140212A008021C48002115F071FE0028C4D0077100
S2140212B0A0F80560C571A0F80880BDE7234622465F
S2140212C02146144815F03BFE0028B5D00771A0F859
S2140212D00560C57104724472AEE70F4891F800804B
S2140212E04F880E79CD880C8915F018FE0028A3D0F9
S2140212F080F80480A0F80570C671058144819BE7DA
S2140213000D784C680548A4E7A0F203008CF20300AF
S2140213109CF2030098F2030094F2030090F203009A
S21402132030B587B005460C4600930749134603A816
S214021330022200F09FF828B9049B03A89D80DC8057
S21402134015F099FD07B030BDACF203007FB5064636
S2140213500D4601A80749144600F06CF838B9029BFE
S21402136001A81E71A3F80550DC7115F084FD04B0C7
S21402137070BD00BFA4F20300044A0346106810B111
S21402138002789A4200D170474069F8E77821002037
S21402139038B5074D2C784CB915F0F4FC02F0BEFDBA
S2140213A0044B1C60044B1C7001232B7038BD00BF1D
S2140213B0C328002078210020C228002070B5104ED5
S2140213C004463568B5B9B0F5006F15D20D49043438
S2140213D0084610F0ACFB20460BF0F0FB2246014616
S2140213E03060084810F0A8FB33683BB12846064B2D
S2140213F01C6070BD1220FCE72120FAE71920F8E7EE
S2140214008C210020B4F2030088210020084A1368C9
S21402141033B94178436141F0010141701060704771
S214021420197802789142FAD003F114025B69EFE769
S2140214307821002038B5044608680D4618F007FAE9
S21402144050B9094B1B6800202A68C4E900531A6089
S214021450064B1B68A36038BD2028FCD1044B1B68D2
S214021460002BF0D10920F6E78C21002088210020ED
S214021470842100202DE9F0471D460C6816464FEAE7
S2140214800429C4F3072309F4E06949EA03091B4B5C
S21402149009EB050A1B680AF104029A4280462AD81A
S2140214A00123F20093409D4225D2FFF7C3FF074671
S2140214B0C8B924F47F4424F0C70444EA1A244FEA45
S2140214C00A2AD8F804101FFA8AFA44EA0A0441F8EB
S2140214D0044B89442A464846089919F09DF9012E7C
S2140214E004D109F8015C3846BDE8F087022EFAD12D
S2140214F029F8025CF7E71D27F5E700BF88210020E0
S21402150038B50446054B00681D684068D4E90123D7
S2140215101146A8476368988838BD00BFB02B0020E4
S2140215202DE9F84F0F46884657F8041B0546144621
S21402153000203A461E4615F026FCD8F800804046A3
S21402154015F099FB20B19DB941684FEA186359B965
S2140215500F2133462246404615F097FC0D461AE008
S2140215604A799A4204D008310D68002DF8D1EFE787
S214021570DFF83490DFF83480D9F800B0D8F800A04D
S2140215803846C9F80040C8F80060A8470025C9F8E0
S21402159000B0C8F800A02246012052F8041B15F03D
S2140215A0F2FB2846BDE8F88F802100207C2100202F
S2140215B070B50D4B04020E4604F4E064C0F3072136
S2140215C01B680C43094A04349C42126809D9052B4D
S2140215D002D91D2115F059FC00231A461046336025
S2140215E070BD1060043BF9E77C21002080210020BA
S2140215F0054B186808B1C3681BB1003818BF012034
S21402160070474069F6E700BF7821002008B539B177
S214021610FFF7B2FE30B10020034B1B680B6008BD1B
S2140216202220FCE72D20FAE78821002037B50D4658
S2140216301446CAB10F4B1B688B4217D815F042FCF2
S21402164001460190A0B100232A46204619F0DAFC92
S21402165001A819F0E8FC2246022052F8041B15F0F5
S21402166092FB002003B030BD2220FBE72120F9E7E1
S2140216702D20F7E78821002070B504460D461B4A48
S21402168013686BB393F87D10586811F0040129D1E2
S21402169010608C22184693F8706019F055F90346CC
S2140216A080F870602268C0F85A20A288A0F85E20EF
S2140216B0A27980F860202868D864AA79A98883F875
S2140216C05220FF2283F8752083F8762040F6FF72B8
S2140216D0A3F86E20064AA3F85010116813605960EA
S2140216E0184670BD1A1D0346CBE700BF94210020A2
S2140216F090210020054A0346106800B97047B0F8EA
S2140217006E209A42FAD04068F7E700BF9021002088
S214021710054A0346106800B9704790F870209A424E
S214021720FAD04068F7E700BF9021002010B9024BBC
S2140217301868704740687047902100200023114ABD
S2140217402DE9F0418C2113608046024601200AF002
S214021750D5FF044620B905460B4E3060454502D3F8
S2140217602046BDE8F08101200BF02EF807468C22B9
S2140217700021013519F0E8F887F8705037603E1DF1
S214021780ECE700BF9021002094210020012310B531
S2140217908B4090F87110044621EA030149B280F8A2
S2140217A07110002949D118F061F820461AF0EDFAB6
S2140217B0102104F1180019F048FF204601F020FA23
S2140217C004F1380019F02FFC204617F03CFE214A9F
S2140217D013681BB19C42596830D11160A368590541
S2140217E00BD51A0509D443F40063A18994F8700056
S2140217F0A36004F1780202F0B7FA00232046636081
S21402180019F02BFB15F003FC4FF48072B2FBF0F2DA
S214021810424394F870300344B3FBF2F102FB1133F7
S214021820DBB2591EC9B2FD29F5D884F87030002300
S2140218306360094B1A6852B91C6010BD1A465B6891
S214021840002BCBD09C42F9D163685360C6E7131DC8
S2140218505268F0E7902100209421002090F874301E
S21402186003F00B03013BDBB20A2B9ABF014AD05CA2
S21402187000207047C2F203001FB5014690F8703090
S2140218808DF80430FFF7EAFFB1F862308DF80C00ED
S214021890ADF80630B1F8643001AAADF80A30B1F8F6
S2140218A06630054840F20311ADF8083019F0E9FA3F
S2140218B005B05DF804FB00BFA821002007B590F82C
S2140218C070308DF8051001AA40F2072103488DF802
S2140218D0043019F0D6FA03B05DF804FBA821002004
S2140218E038B50A4B04461B680D462BB143699B0765
S2140218F002D515F050FD30B12A4620680421BDE815
S214021900384017F04EBDA3699D6138BD982100206E
S214021910014B1860704700BF98210020024B1868E0
S214021920003818BF012070479821002013B50446DE
S214021930019120B901A819F076FB212012E0084691
S2140219400029FAD019F0F4FB80B20028F2D0094B35
S21402195020461B6801994BB1984728B92046019941
S21402196000F04AFC02B010BD0020FBE701F086F84A
S214021970F3E700BF9821002000487047B7210020F7
S214021980044890F8261000F10B020430012918BF13
S21402199010467047AC21002038B58379044613F010
S2140219A0280F25D00368134DC5F80B308388A5F899
S2140219B00F30837900206B740BF05AFA40B92B680B
S2140219C0032043F002032B60BDE838400BF0F6BC60
S2140219D0436A13F4404FEFD1226843F00803C0F87D
S2140219E00120A288A0F80520A2794362C271E3E72B
S2140219F0212038BDAC2100204379024A9B09D05CE5
S214021A00704700BFDDF203000B6810B503608B88D9
S214021A10FF2A0446838002D10723A37109E0032A22
S214021A2008D8054B9B5C072B837102D1FFF7E4FFB6
S214021A30A07110BD0023F0E7E1F203008379024AA9
S214021A4003F00703D05C7047D5F2030010B5827925
S214021A508B79094C02F0070203F00703A25CE35CF1
S214021A609A4206D1062218F045FFB0FA80F04009E5
S214021A7010BD0020FCE700BFCDF20300F722014BA9
S214021A801A8070476E2D002010B5044658B30068C1
S214021A90836CA3421FD1636883642246124919F0FD
S214021AA0BCF904F10C0019F0D8F904F1440019F05D
S214021AB0BAFAA06948B1143019F0B5FAA06918301C
S214021AC019F0B1FAA06919F0CAFD2046BDE8104027
S214021AD019F0C5BD1346002BDFD05A68A242F9D1D1
S214021AE062685A60D9E710BD2774030070B50546D0
S214021AF048200E4619F0B1FD044650B1FFF70EFF1E
S214021B0060B11C2019F0A9FDA06128B9204619F081
S214021B10A6FD0024204670BD00230370032128463C
S214021B2015F06DFAAB6C22466360AC64172326810F
S214021B3000266381144928462560267766640AF0E3
S214021B4045FD01F06DFF3246014604F10C000AF035
S214021B503DFD02232374FFF7E1FE18B90B4B1B78F9
S214021B60002BD7D00A4B19881729D3D9204615F04F
S214021B70D5FA0028CED11321204615F019FC636948
S214021B8043F002036361C5E727740300C4280020FC
S214021B906E2D0020F8B5054610B3002920DB114C47
S214021BA02468247E8C421BDD3F2919DC032701F0C2
S214021BB0030600EBA10191F831407600B74002F02F
S214021BC0030224EA0704B240224381F8312013B10B
S214021BD0002115F0A7FC2846BDE8F84015F0FFBC2A
S214021BE0F8BD00BFA421002070B5164600221A7068
S214021BF032800A7A0D46072A4DD8DFE802F0040939
S214021C000D111A1E304AE86830F8023B338043E072
S214021C10EB68981D5B88F9E7EB68981D9B88F5E7EB
S214021C20697B15F0CCFC02221C4B188018463280C9
S214021C3032E002231A4833802EE01A4C2B7BE889C6
S214021C4023702B88E11C013363702B8801331B122F
S214021C50A37000F0D9F90330308020461CE0124C05
S214021C60A889EB89020AA3701B0A20706270E370CF
S214021C7000F03CFA58B1C3681A88022A07D19A784B
S214021C802271DB78637106230748338004E004235D
S214021C90FAE780221A70002070BD00BFDE280020FE
S214021CA0E5F20300CB280020C5280020054A064B93
S214021CB01860136843F001031360828B034B1A808B
S214021CC0704700BF9C210020A4210020D6270020B8
S214021CD000232DE9F04FDFF8B89191B0D9F80070E3
S214021CE0054617F00807CDE90633CDE908330AD0D2
S214021CF0644B03F1100253F8041B934245F8041B8D
S214021D00F9D1002015E01022394618F01DFE0320F6
S214021D10F4F7F6FE19F0A1FC804648B10620F4F767
S214021D20EFFE19F09AFC064630B9404619F097FCC9
S214021D301A2011B0BDE8F08FCDE90477F7F786FEDA
S214021D40044668B1404619F08AFC304619F087FC12
S214021D5040F2074021460BF0B3FF40F20740E8E7A7
S214021D600FF093FB4FF4A053DFF828A10002C6E958
S214021D70023A454B7060336010223046776104ABFE
S214021D8006A911F0C9F80446A0B95246404604997D
S214021D9011F090F9044668B9BB463C4BBAB21B68D0
S214021DA0D988914227D810222946404605AB11F021
S214021DB09FF90446404611F015F9404619F04FFCCB
S214021DC0304611F032FB304619F049FC049810F008
S214021DD0B3FF002CBCD12B4B05F1100255F8041BA7
S214021DE0954243F8041BF9D1D9F8003043F00803B2
S214021DF0C9F8003085E71A68BCB2210102EB041468
S214021E002046ADF80EB00191009215F0D2FF824640
S214021E10204600F03FF930B3DDE90021AAF5205054
S214021E2080B2032802D9BAF5245F1ED1525A002086
S214021E302146ADF828200DF10D030DF10E02ADF886
S214021E402AA0FFF7D1FEBDF80E2001460BA818F017
S214021E50E3FCBDF80E20404604320AA911F02DF923
S214021E6004460028A6D1013797E70AF55640FF3008
S214021E7080B20428F7D8525AADF82AA0ADF8282026
S214021E80E7E700BFE028002000248000A42100200D
S214021E909C2100200002C003134B01461B6870B54C
S214021EA013F0040306D00022104B1C68E38990B29C
S214021EB0834209D80E4A14680022E58990B2854208
S214021EC009D84FF6FF7005E0A56835F812500132C2
S214021ED08D42ECD170BDA66836F8126001328E4291
S214021EE0ECD1034498B2F5E79C210020A021002003
S214021EF0A4210020094B1B685B070AD5084B1A6809
S214021F00D389834203D9936833F810007047C01A06
S214021F1080B2044B1B689B68F6E700BF9C2100203A
S214021F20A0210020A421002038B5046805460C2212
S214021F302046084918F0DEFC50B90222064904F190
S214021F400E0018F0D7FC18B902200C342C6038BDED
S214021F501020FCE7E8F20300F6F203002DE9F7434F
S214021F60102801910BD0022804D04FF6FF7003B060
S214021F70BDE8F083019B1888FFF78EFFF7E701A8FC
S214021F80FFF7D2FF0228F5D01028EED11B4B019F97
S214021F901E6816F0040608D00024194BD3F80080F9
S214021FA0B8F81660A5B2AE421AD80025154BD3F87B
S214021FB00080B8F81690ACB24C45D6D2D8F81000CD
S214021FC0102200EB0510394618F094FC0135002863
S214021FD0F1D1A0196FEA40406FEA504080B2C6E7DE
S214021FE0D8F81000102200EB0410394618F082FCD4
S214021FF001340028D6D145F40040B8E79C210020E1
S214022000A0210020A4210020020408B51DD5124BF1
S214022010C0F30E001B685B0713D5104B1A68D38AF1
S21402202098420CD2136903EB001000F1100350F82B
S214022030042B984241F8042BF9D1102008BDC01A8F
S21402204080B2074B1B681B69EDE7FFF753FF08706A
S214022050000A48700220F1E79C210020A0210020FF
S214022060A421002038B50446094B1B681D68A5420A
S21402207009D2204621B915F0A6FE30B1103402E08E
S21402208015F0AAFE08B1204638BD103CEFE700BFA7
S214022090A4210020437ADA0702D5C3F380007047F2
S2140220A0034BC2881B881A4214BF012000207047C7
S2140220B0D62700200A4B1B68DB0708D570B1094BF0
S2140220C01B68DB88834234BF00200120704728B19A
S2140220D0054B1B88834294BF00200120704700BF37
S2140220E09C210020A4210020D827002070B502469B
S2140220F0FFF7E0FFE8B10F4B1968CD88954209D388
S21402210002F180500B680138040103EB00101B5BE0
S21402211093420ED0002398B2854201D8002008E0F0
S2140221200E681C01345B06EB0310944203F10103B4
S214022130F1D170BDA42100202DE9F34100250E4601
S214022140A846174F01903A68ABB2D18899421DD97A
S2140221501468ABB204EB0314B4F90430002B1CDA97
S2140221602046FFF797FFC0B1E1680B889E4214D164
S21402217032460198023119F018FAE36882B21B88D7
S214022180934207D0114601A819F074F8404602B0EF
S214022190BDE8F08143441FFA83F80135D3E700BF58
S2140221A0A42100207FB5134B0E4605460446039332
S2140221B0A0B115F0A0F978B900223146204615F0F4
S2140221C0CAFA022807D18023314600932046042308
S2140221D003AA15F08DFE0DB104B070BD204615F0B1
S2140221E059F904460028F7D015F085F90028F5D1EC
S2140221F0E2E700BF0100FFFF2DE9F04F97B08346EC
S214022200099115F0BEF8099883790C33C45CC51899
S21402221018F08EFF202C0646099F26D8012C28D9B6
S214022220C74BA21ED2B2D340DA0722D5384697F859
S214022230068018F07DFFBBF80A2083B29A4228D2A5
S21402224014F0010240F0A78004F07F03522B00F046
S214022250A2801E2C00F09F80099B214600935846C0
S214022260042314F06CFF21240CE004F07F03522BAD
S214022270DCD02146062300225846009714F05FFF62
S21402228041F20614584615F081F8204617B0BDE80C
S214022290F08F47443A7B013B202A9BB246D8012A5C
S2140222A0CED9023A1E2ACBD801A151F822F000BF9D
S2140222B04D23020041220200512302004122020065
S2140222C04523020041220200392302004122020075
S2140222D04D23020041220200512302004122020045
S2140222E05523020041220200392302004122020045
S2140222F08323020041220200412202004122020000
S21402230087230200412202008B23020041220200A0
S2140223104122020041220200412202004122020022
S2140223208F2302004122020055230200522A28D09F
S214022330D22A85D10D2B06E0062B11D0142B7FF462
S2140223407FAF0DE0052B7FF67BAF09E0022BF6E7A9
S214022350042BF4E7032B7FF673AFDB073FF570AF72
S214022360022C00F00281DBF800309B689F0516D431
S2140223700BF1440018F057FE099BCBF844300024BA
S21402238080E7012BDFE7032BDDE7012BD7E7002BE6
S2140223907FF456AFE4E709A818F045FE63E71E2C63
S2140223A000F03683584615F0A6F80746002840F097
S2140223B08280584615F09AF800287CD004F07F03F5
S2140223C0522B00F0CE80082C68D1B6B2152E14BF60
S2140223D002201020691D15F074F800285ED0DBF884
S2140223E01430D8074BBF23F0010343F001033946EC
S2140223F0012158464CBFCBF81430CBF8143015F0F8
S21402240091F809980D9014F008FE0446B0F8018081
S214022410B0F803900D9818F08BFE152814BF02250D
S2140224201025053421462846FFF798FD21460390DD
S214022430284615F046F80490B8F1000F00F05281D5
S214022440C84500F24F81022109200D9A14F008FEB9
S214022450BBF80A708246023FBFB23E4640464FF085
S214022460FF354946039A15F028FB0446002800F07B
S2140224707B8115F0F8F8002800F0938101222146AE
S214022480584615F097F903468DF82E00002800F0FE
S2140224902E810D9A009222460821B2E0DBF8143013
S2140224A013F001064ED023F0010300215846CBF864
S2140224B0143015F037F8202C72D8032C75D9231F48
S2140224C01C2B72D801A252F823F000BFB9270200D3
S2140224D0AB250200AB280200AB2502000324020053
S2140224E0AB25020095290200AB250200B3290200A3
S2140224F0AB250200C9290200AB250200B72502005F
S214022500AB250200E1290200AB250200AB25020042
S214022510AB250200FD290200AB250200072A0200B5
S214022520AB250200AB250200AB250200AB2502005C
S214022530AB250200112A0200AB250200D7290200B1
S2140225405555515043F0010301215846CBF814303B
S21402255014F0E8FF1223324621465846009614F03D
S214022560EEFD09A818F05FFD09E7099DBA4C28465A
S21402257014F053FD2188B0F801602A46584614F03C
S214022580F3FD2388BBF80A10B34228BF3346172B45
S214022590B8BF17235846ABF80A3014F0DEFEEEE654
S2140225A0522C00F02482D22CDBD0099B002200930E
S2140225B02146062325E0099F384614F02EFD0546DF
S2140225C0B0F80180B0F803A0384618F0B1FD15281F
S2140225D00CBF20460220691DFFF7C0FCB5F8053087
S2140225E004900793B8F1000F07D0D04505D815F030
S2140225F0C2FB50B91023009701E001230097424620
S2140226001021584614F09BFDB9E63A4602211120E5
S21402261014F026FD44464FF0FF35BBF80A3005900D
S2140226209E1E0393063B9BB2B6B2089351462046C3
S214022630049A15F042FA814668B35146079A15F095
S21402264089FA0446484615F00EF840B94FF6FF736D
S2140226509C4201D00134A4B25445E7D91BE04FF0A6
S21402266000030DAAADF8343049460CAB584615F0B7
S2140226703EF9039ABDF83430053A9A42089A069013
S214022680D8BF1346002DADF8343009DB9D4202D187
S214022690EB1CB34208DB691C1CD10A230097AEE789
S2140226A0351F9D42A8BF1D46042211A93846ADF823
S2140226B04490ADF8464018F078FF2A463846069908
S2140226C018F073FF4FF6FF73043E761B9C42B6B2B9
S2140226D0C0D1E0E73946059B04355D705846FFF7E2
S2140226E0FFF84CE60D9B009301234246D4E6049B7A
S2140226F013B1204614F09BFF204614F0CCFFD8B14D
S214022700002D54DC0DA818F08EFC082358468BF8D2
S2140227101C3050F80C2B40F2025192F870208DF8C3
S214022720483000238DF8442011AAADF84640ADF893
S2140227304A3018F0A6FB22E6ADF844000DF12E034F
S2140227402146584611AA15F0D2F8BDF84430059035
S214022750BB4228BF3B46002DADF844300ADBAB42F5
S21402276002D16B1CB34209DB6A1C0D9B1FD100937E
S2140227700A23BAE7B51E9D42A8BF1D4602220CA92F
S2140227800D98ADF8304018F010FF2A4605990D98BE
S21402279018F00BFF4FF6FF73023E761B9C42B6B252
S2140227A0E2D0601C80B28145BFF45BAEDCE7023546
S2140227B00D998AF8015091E7DDF82490484614F006
S2140227C02CFCB0F80330B0F801800493B8F1000F87
S2140227D044D0984542D84FF6FF774A460221052054
S2140227E014F03EFC4546BA46BBF80A400590023C49
S2140227F0A4B22946584615F042FA504506464CD031
S2140228004FF400622946584614F0D4FF00283FD100
S214022810304615F0CCFA00280CBF02231023574589
S214022820039321D0304615F0C2FA0690384615F0CA
S214022830BEFA069B834203D1039B0133A34214DBF9
S214022840384615F0B4FA059B0130194658705846BA
S21402285014F05EFC93E500BF6E2D00200123CDF838
S214022860009042460421CCE637460DF1460130463A
S214022870ADF84450FFF7C8FB039B48469A1C11A9C3
S21402288018F093FE039B023CE41A5545A4B2D7D037
S214022890049B0135ADB2AB42ABD24FF6FF739F42FB
S2140228A0CED10A23CDF80090DBE7DDF82490002491
S2140228B0484614F0B2FBB0F80530B0F803A0B0F802
S2140228C0016007464846039318F032FCC51FADB2B6
S2140228D0102D0C945AD82A46F91D0DA817F09CFF05
S2140228E0002E55D0564553D84A460121072014F0EB
S2140228F0B7FBA046074633460A249A45049307D9EF
S2140229003946BBF80A0014F08EFB0328049B04D851
S214022910B8F1000F1CD0394699E7ADF84430039B56
S2140229205846ADF848300DAB139300230BAA00931C
S21402293011A90DF12E03ADF846A0ADF8505015F0D2
S21402294035F90A280446E3D0BDF82C3030B11E46CD
S214022950234632460621CDF8009052E6ADF83030D6
S214022960BDF82E300CAAADF8323039460423BBF837
S2140229700A0014F063FB4FF6FF72BDF82E30934246
S214022980C9D001334FF001089BB2B6E70424DFE753
S2140229900124DDE70A23099C8BF81C30204614F03C
S2140229A03CFB23460022B0F80110584615F070FB97
S2140229B0E5E4099C204614F030FB0C238BF81C300F
S2140229C0B0F803202346EEE75A460F210E20099B55
S2140229D015F0B7FBD3E45A4621212020099BF7E7DE
S2140229E05846099AB5F8011015F098FCC7E45846FF
S2140229F0099AB5F8011015F0ECFCC0E4584609999E
S214022A0015F026FDBBE45846697815F08CFDA8E55E
S214022A10584615F0A8FDA4E57FB5174A0646136882
S214022A2042F6052023F00803136015F081F80546E8
S214022A3050B16846FFF74CF9002014F02BFD04460F
S214022A4020B92946FFF7AEFB04B070BD10226846D7
S214022A5004F1210117F04EFF38B10121204614F08F
S214022A6061FD636923F0010363611EB131462046AE
S214022A7015F036F92046E0E79C21002037B58B7921
S214022A800A460C33CD180191C95C044611F00103C5
S214022A9029D01D290AD101211E2014F0E1FA01468F
S214022AA0204614F035FB012003B030BD032916D1B1
S214022AB00E4BB5F801201B884189934228BF134666
S214022AC0172BB8BF1723438114F047FC636940F203
S214022AD0094123F002032046636114F066FC01A854
S214022AE018F0A1FADFE71846DEE700BF6E2D0020D9
S214022AF038B5124B04461B8842898B4228BF0B46C8
S214022B00172BB8BF17231146438114F026FC6369BE
S214022B1023F002036361A3699D693DB10022294641
S214022B2020469A61BDE83840FEF7DABE40F2094117
S214022B30204614F03AFCA3691D7038BD6E2D0020A5
S214022B400148FEF7E5BE00BF552F0200014818F007
S214022B5088BA00BF0C22002040F6FF732DE9F3412D
S214022B600D46B0F86E100192994205D101A818F0F0
S214022B705AFA02B0BDE8F0811146134601229BBB09
S214022B801E4818F037FBFFF7E1FF04460028F0D096
S214022B9018F0CEFA6379074603F001086FF30003D4
S214022BA0637104212046A66818F005FC43790446A2
S214022BB068F300034371DB438179B6F86E200C316B
S214022BC0866003F001036254C2F30322084442EA19
S214022BD003124270478022463046294616F047FEC8
S214022BE02046F8F74DFFCEE75C79986024F00304A0
S214022BF014435C7100221B68C1E700BF0C22002050
S214022C0070B50546064C206800B970BD8368AB42B5
S214022C1004D1066809F046FE2660F4E70446F2E7A9
S214022C200C2200200146014818F0E4BA10220020C7
S214022C30014818F016BA00BF1022002001460148CB
S214022C4018F0D8BA08220020034BD86818B103F14E
S214022C500C0018F006BA7047FC210020044BDA6814
S214022C6022B95869003818BF012070470120704702
S214022C70FC210020014800F0C1BA00BF812C0200EE
S214022C802DE9F04F867987B00C3605900546805BB5
S214022C90C0F30B00FEF72EFD044618B905A818F07F
S214022CA0C2F94EE090F87230022BF7D1AB5B059A70
S214022CB0C3F30B0103F44053B3F5805F9060A9534E
S214022CC042D153796FF300035371836B002BE5D027
S214022CD0042105A804F1380618F0A5FA304605992D
S214022CE018F088FAA06B002301465A1CA9BBDBB277
S214022CF0012B01D918F0EFFAA06B18F019FA032885
S214022D001FD9D4F83890484699F8067018F010FA89
S214022D100C3709EB070539F80770A0F10408474598
S214022D2022D9524FD4F838A007F1100957F804BB3D
S214022D305346424629462046D8474F4510D00028DB
S214022D40F4D007B0BDE8F08F383018F06CF9059A69
S214022D50537943F001035371BAE713460968C4E78F
S214022D600028EED130469AE7A06B18F0E1F9043756
S214022D708742F7D36988A1F140033F2B0BD8042181
S214022D80304618F050FA2046A26B698816F053FBBC
S214022D900023A363D5E705290BD0062961D00429B1
S214022DA0E0D1304618F03FFAA16BA06CFEF7BEFDEC
S214022DB0EEE72946204616F03CFB02460028D1D113
S214022DC02B79122B06D0132B36D02046697916F0B3
S214022DD008FBC7E794F87330022BF6D040F67A4029
S214022DE029898B1F9BB2834224D86A89931F9BB280
S214022DF083421FD891421DD8AB89B3F5FA7F19D208
S214022E0040F6764CEF89A7F10A0080B2604511D8E9
S214022E10B4F86A000290B4F86800CDE90070204663
S214022E2000F04AFB021E18BF01222046697916F0FE
S214022E3094FA97E70122F8E794F87330012B03D14E
S214022E402046697916F0CDFAA3681A048AD523F4C7
S214022E500043A3602B89012B84D120460AF0A0FBF5
S214022E6080E72046A16B18F069FF91E7F8F20300AD
S214022E700138C0B20A289ABF014B185C002070477E
S214022E8008F303000149024817F0C3BFB42B002021
S214022E90A82100201022074B28215A826422C3E967
S214022EA005124FF6FF729A8300221A604FF4706280
S214022EB0DA847047AC21002038B5114C94F82630DD
S214022EC0EBB1226812F0010519D1201D0AF07CFF31
S214022ED0236843F00203236016F016FB78B14EF621
S214022EE0602294F827304FF48271534305482A46ED
S214022EF009F04AFB18B9236843F00103236038BD82
S214022F00AC210020A821002022F00042052A10B59C
S214022F1004D0B2F5827F0AD0002010BD0C4A1B886E
S214022F20918C00209942F8D190840120F5E7084B55
S214022F301A6893F8264022F00102012C1A60F4D196
S214022F4018F0EEFCFFF7B8FF20460AF037FAECE777
S214022F50AC21002030B5044685B00846039116F031
S214022F60DDFB830708D410F0010003D003A818F095
S214022F705AF8012005B030BD03998B7903F10C0293
S214022F8088188A5C013A202A00F21781DFE812F0DC
S214022F9021001501B1001501B4001501BD0015018F
S214022FA0C4001501CC001501D4001501DB00150183
S214022FB0E9001501F100150115011501F3001501CF
S214022FC001011501030115010C0115011501150179
S214022FD0E20003790BB103F588534278023A1E2ABF
S214022FE0C4D801A151F822F0653002006D2F02000C
S214022FF06F3002006D2F02007B3002006D2F020040
S214023000873002006D2F0200933002006D2F0200FF
S214023010B73002006D2F02009F3002006D2F0200B3
S214023020C33002006D2F0200CF3002006D2F020067
S2140230306D2F02006D2F0200D93002006D2F0200A4
S214023040E93002006D2F02006D2F02006D2F020084
S2140230506D2F02006D2F02006D2F02006D2F0200F1
S214023060AB30020017212046FFF742FD7EE7002222
S2140230702046114615F0D4FC78E71A460021204671
S21402308015F07BFD72E700222046114615F025FF5B
S2140230906CE700222046114615F0CEFD66E71A467A
S2140230A00021204615F0BBFE60E71A4600212046A6
S2140230B015F0D4FE5AE71A460021204615F092FE75
S2140230C054E700222046114615F0FAFF4EE719464D
S2140230D0204616F05EF849E70093002320461A467B
S2140230E0194616F060F841E71946204616F0ADF884
S2140230F03CE7B0F80110B6E702338B710A460023AC
S2140231004178204615F08CFC33E701330022204636
S2140231108B7115F032FD2CE702338B714278002357
S214023120204615F0DAFE24E701338B710023204691
S2140231301A4615F081FD1CE70133002220468B71EA
S21402314015F050FE15E70133002220468B7115F06C
S21402315066FE0EE70133002220468B7115F07EFED6
S21402316007E702338B7142780023204615F0A8FF4A
S214023170FFE60021ACE705338B710023B0F803208D
S214023180B0F8010000930B460146204616F00BF8F5
S214023190EFE60021A9E703338B710A46B0F8011067
S2140231A0204616F071F8E4E603338B710A46B0F84F
S2140231B00110204616F071F8DBE60020DAE600BFC2
S2140231C007B5837801916A46082104488DF80030D5
S2140231D017F057FE03B05DF804FB00BFA8210020DD
S2140231E00022054BC3E90322C3E905221A70DA61FD
S2140231F04FF6FF725A847047FC210020014B18607C
S214023200704700BFF821002082780D4B13B55A6034
S214023210B0F8032091B2102910D040F60344A14220
S2140232200CD041795B8C8DF80210ADF80420052194
S2140232306A460448ADF8003017F023FE02B010BD0F
S214023240FC210020A821002073B5837901900C335D
S214023250C418C35C132B0ED8042B12D9053B0E2BB5
S2140232600FD8DFE803F0200E0E200E0E0E0E0E18FC
S2140232701C0E0E0E25003E2B1FD0FF2B1DD0302B12
S21402328011D0F8F7C7FB019B834202D001A817F0C2
S214023290CAFE02B070BD2046FFF7B6FFF1E7E2783D
S2140232A00E4B5A60EDE7204601A90AF089F9E8E7D5
S2140232B0204601A916F0D6FAE3E70025084E019B40
S2140232C03BB1204656F8043B01A901359847102D1C
S2140232D0F5D101A817F0A7FED3E700BFFC21002016
S2140232E014F3030007B5FFF7A3FC20B103B05DF8A3
S2140232F004EBFFF7A9BFFFF7A7FC019018B1054B37
S2140233001B681BB1984703B05DF804FB01A817F0D1
S2140233108AFEF8E7F8210020024B1A78024B53F88F
S21402332022301847FC21002054F3030010B504464F
S2140233300120FFF7F1FF034B00201C70BDE8104090
S214023340FFF7EABFFC21002010B50446062142F230
S214023350050015F0C2FF2368C0F80330A388A0F862
S21402336007300648F8F778FB15F0E5FF407918B104
S214023370BDE8104016F027BA10BD00BFC1BA010062
S21402338010B5044606214FF6284015F0A6FF23681E
S214023390C0F80330A388A0F807300648F8F75CFBAD
S2140233A015F0C9FF407918B1BDE8104016F00BBA07
S2140233B010BD00BFFDBB010038B505460C4669B915
S2140233C0022142F21B0015F088FFB5F86E30A0F815
S2140233D003300D48BDE83840F8F73EBB122142F2F2
S2140233E01A0015F07AFF2146B5F86E30053020F83F
S2140233F0023C04F1100351F8042B994240F8042BC6
S214023400F9D10248E6E700BF435103007F510300AB
S21402341008B5002142F20E0015F05FFFBDE8084035
S2140234200148F8F719BB00BFB152030038B590F84F
S21402343072300446032B154606D1FFF7E9FF012337
S214023440002084F8723019E0C9B9012B2DD9032166
S21402345040F2064015F041FFB4F86E304571A0F810
S21402346003301348F8F7F8FA15F065FF8378002B57
S214023470E5D015F060FF807840F4805038BDA3B1E7
S21402348002214FF6044015F028FFB4F86E30A0F87B
S21402349003300848F8F7E0FA15F04DFF4379002BA1
S2140234A0CDD015F048FF4079E6E70220E6E700BFF8
S2140234B0C5510300FB510300F8B507460E4642F21B
S2140234C013000E2115461C4615F007FFB7F86E309E
S2140234D0A0F80560A0F80330BDF81830A0F8075031
S2140234E0A0F80B30BDF81C30A0F80940A0F80D304B
S2140234F0BDF82030A0F80F300648F8F7ADFA15F000
S2140235001AFF807820B115F016FF807840F48050BC
S214023510F8BD00BF3D520300F8B507460D4642F21D
S21402352019001C211C46164615F0D7FEB7F86E3059
S2140235300F3020F80C3C2B6804F1100240F80A3CCD
S2140235406B6820F8026C40F8063C234653F8041BCE
S214023550934240F8041BF9D10648F8F77DFA15F0B5
S214023560EAFE807820B115F0E6FE807840F48050BE
S214023570F8BD00BFED50030070B506460D4642F298
S2140235807A000421144615F0A8FEA0F803604571DF
S21402359084710648F8F760FA15F0CDFE407918B146
S2140235A0BDE8704016F026B970BD00BF4356030052
S2140235B010B50446022142F2300015F08EFEB4F831
S2140235C06E30A0F803300F48F8F746FA15F0B3FE4F
S2140235D0437963B915F0AFFEC088FEF78BF8044650
S2140235E028B115F0A8FE017A2046FEF767F915F015
S2140235F0A2FE407920B115F09EFE407940F480503C
S21402360010BD00BFB1BE010038B5FEF7B5F90446DD
S214023610FEF714FA0546064813F0E7FC002303718A
S21402362043712368C0F80630A3880573438138BD0A
S2140236302009020513B5C37A0093B0F80930D0F812
S2140236400520D0F80110007818F095F904460348D2
S21402365013F0CBFC848002B010BD00BF200204032E
S214023660FF2337B50DF107008DF8073009F03EFD50
S214023670044604489DF8075013F0B7FC8480857111
S21402368003B030BD200304014B7937B55B0705460E
S2140236900C460CD420461421064A16F0E9F801A876
S2140236A0019413F034FC10B9A3791C44257403B0BA
S2140236B030BD00BF7CF30300837810B5132B0C4695
S2140236C008D1054B1B6803B198472046BDE8104059
S2140236D017F0A9BC10BD00BF2022002010B50021A3
S2140236E00446007816F090F848B16178207818F011
S2140236F02FF90446034813F078FC848010BD022498
S214023700F8E700BF2002560110B54178007818F09D
S214023710A3F90446024813F068FC848010BD00BF7B
S214023720200256020020024B1870024B1870704797
S214023730F1280020F028002010B5B0F80110B0F8EB
S21402374003200023007809F079FD0446024813F0AE
S2140237504CFC848010BD00BF2002050610B54178DF
S214023760007809F0FFFD044618B9044B1A78044B9A
S2140237701A70044813F039FC848010BDF12800202A
S214023780F028002020020503F0B583780D460D2BA5
S21402379091B04DD1821C09AC00F11A03264610687E
S2140237A05168083203C69A423446F7D113881C2160
S2140237B03380284617F037FDBDF826402E6814F0F1
S2140237C00C043CD1304617F0B3FC871EA7420DDA34
S2140237D04FF0FF3400239C428DF81C301EDB012282
S2140237E03146A31C07A817F00DFC17E0631C012244
S2140237F0314605A817F006FC9DF81430012BE9D0D7
S21402380023460122314607A817F0FCFB9DF81C3020
S21402381013B101331C44D9E78DF81C3009F026FD9C
S214023820012807D0022834D048B9284617F0FBFBF7
S21402383011B0F0BD9DF81C3013F0010FF5D09DF8C5
S2140238402F0000F0B7FB04469DF8300000F0B2FBF4
S21402385007AF9DF828200DF12901064605A8FEF7B8
S214023860D3F838469DF836200DF13701FEF7CCF82E
S2140238700C4B1B78DB0711D405A813F0D6F9CDE95B
S214023880010532462146009705AB09A800F00CF860
S214023890CBE79DF81C3013F0030FCFE74FF0FF3055
S2140238A0EDE700BFF02800202DE9F74FB0F802C080
S2140238B006461CF0100F1C460C9F9DF934A0DDF83E
S2140238C038B033D05FFA8CF51CF0080F184614BFD8
S2140238D005F0080505F00F0518F0A6F981463846EA
S2140238E018F0A2F996F90F3080465A46042113487A
S2140238F00193767813F04AFB019BA0B1057122680A
S214023900C0F80520A28880F80B90A0F8092080F85D
S2140239100CA0437386733B68C0F80F30BB8880F8F0
S2140239201580A0F8133003B0BDE8F08FCDE90DABDB
S2140239300C9703B0BDE8F04F15F07BBFA0F3030071
S21402394010461946F8B522F0004340F20A42934266
S2140239500ED8B3F5806F59D96FF480621344092BE1
S21402396054D8DFE803F00D101F3050505050530D5E
S21402397040F20152934234D0A3F20253032B45D8AD
S214023980FDF746FC0CE00D784C688A6901F10803E5
S2140239901F48002113F0D3FA10B10571C0F8054094
S2140239A00120F8BD0E784D880C798A6901F108036A
S2140239B01848002113F0C3FA0028F1D00671A0F8C7
S2140239C00550C471ECE70D784C884A690B1D124805
S2140239D0002113F0B4FA0028E2D00571A0F80540E1
S2140239E0DEE70F784E880D79CC8801F108020B4885
S2140239F0002113F0CBFA0028D2D00771A0F8056098
S214023A00C5710481CCE7FDF783FBC9E70020C8E750
S214023A10B0F30300ACF30300A8F30300A4F303001F
S214023A20004870474139020030B5124B0D469942A4
S214023A30144689B01BD1930011D505A906A808F033
S214023A4043FE062300220393059BE1B20293069BE4
S214023A502846CDE9003241F0005117F0AFF906488A
S214023A6013F05CFA00B10471012009B030BD0020E9
S214023A70FBE700BF24220020D4F3030022F000421A
S214023A80B2F1A04F08B504D1034813F047FA01205B
S214023A9008BD0020FCE700BFD8F3030010B5047F82
S214023AA0D4B1102C28BF102417F002FA621C81B27F
S214023AB000230620D2B208F021FE044650B9074978
S214023AC0074817F0A6F90748074917F0A2F907486A
S214023AD009F048F8204610BD0424E5E7CC2B002068
S214023AE02822002024220020DC2B0020C42B0020C9
S214023AF022F00042B2F5887F2DE9F0471C4600F01E
S214023B00E2800ED840F203139A423CD040F20913E8
S214023B109A4200F0C2800E2A00F0B3800020BDE870
S214023B20F08740F207239A4247D0B2F5037F56D079
S214023B3040F206239A42F1D120684C30FDF77EFF10
S214023B4025680746644895F8736095F870A095F95D
S214023B50759095F87680A48813F0E0F90028DDD0F9
S214023B60EB6C4360B5F8503087720381731E5E4279
S214023B705E41C67280F80CA080F80D9080F80E8028
S214023B80A0F80F40CAE72078FDF7C2FD0028C5D08E
S214023B90524894F800806788A688E588247A13F04D
S214023BA0BDF90028BAD080F80480A0F80570A0F805
S214023BB00760A0F80950C472B0E72078FDF7A8FDA8
S214023BC00028ABD060782578FFF752F904464448BF
S214023BD013F0A4F90028A1D0057144719EE7A578D8
S214023BE0012D1ED0022D2DD0CDB9E37894F8008099
S214023BF0023BDBB2022B8CBF01253A4A94F90470D1
S214023C00667998BFD55C94F90640374813F086F972
S214023C1028B180F8048045718771C671047201204C
S214023C207DE7E37894F80080023BDBB2022B98BF74
S214023C302C4A94F90470667998BFD55C94F90640CC
S214023C402A48E3E7E3782A48023BDBB2022B94BF1A
S214023C50244A012594F80180277898BFD55C94F908
S214023C600490667994F9064013F058F90028D6D0E5
S214023C70A0F804808771C57180F808904672847235
S214023C80CDE723460822002113F8014B194813F00A
S214023C9056F90028C3D00471C1E7174894F800808B
S214023CA06788A688E588248913F038F90028B6D0F4
S214023CB080F80480A0F80570A0F80760A0F8095004
S214023CC0A0F80B40ABE70D481C7813F027F9002844
S214023CD03FF424AF047121E714F4030010F4030048
S214023CE008F40300DCF3030000F40300FCF3030013
S214023CF004F40300F8F30300F4F303000CF40300E7
S214023D000022084B10B51A609A8002681A6018786A
S214023D1017F070FF044618B90349044817F079F8FB
S214023D20204610BDDA270020EC2B0020A821002018
S214023D3008B5034B588809F05BFB002008BD00BF9E
S214023D40DA27002010B50078FDF7E2FC40B1132117
S214023D5017F052FF0446034813F047F9848010BD5B
S214023D602524F8E72002060573B5144606460D46D6
S214023D7020461421094A15F07BFD01A8019413F090
S214023D80C6F848B9A3790C331C44054BA6711B79B7
S214023D90A5800BB115F059FD02B070BDF0F303001B
S214023DA0DA27002022F000420D2A73B51C460ED0F8
S214023DB06FF4C0631A440B2A12D80B2A10D8DFE815
S214023DC002F03B12242C370F46505F84878E042263
S214023DD0002153F8044B444813F0B1F800B1848034
S214023DE0002002B070BD2078FDF792FC0028F7D0C4
S214023DF03E48267894F90150A47813F08FF80028EC
S214023E00EED0067145718471EAE72478384813F0DB
S214023E1085F80028E4D00471E2E72578354864681E
S214023E2013F07CF80028DBD00571C0F80540D7E710
S214023E30257831486468F3E730482578646813F0DB
S214023E406DF80028CCD00571A0F80540C8E72C48CC
S214023E502578646813F062F80028C1D005714471B1
S214023E60BEE7637827480D2B96BF274A0125D55C07
S214023E70247813F053F80028B2D004714571AFE7E6
S214023E80637800210D2B98BF1F4A204898BFD55C47
S214023E906368A27888BF0125267813F050F808B127
S214023EA0067145716378012B9AD88DF80730012286
S214023EB0002116480DF10703247813F040F8002875
S214023EC08ED00123047143718AE7247810489EE756
S214023ED00021636822780F4813F031F880E70E4815
S214023EE013F01CF87CE700BF58F4030044F4030008
S214023EF04CF4030050F4030048F4030040F40300BB
S214023F003CF4030038F4030018F4030034F403000E
S214023F1030F4030028F403002CF4030014220021DA
S214023F20014816F011BD00BF2C22002073B50546CD
S214023F301AF05AFB1D4C064663795B070ED42046E0
S214023F4014211B4A15F094FC01A8019412F0DFFF1D
S214023F5020B130461AF043FB02B070BDA3790C3391
S214023F60234455B91A79FF2A01D001321A71304614
S214023F7002B0BDE870401AF032BB012D05D15A7965
S214023F80FF2AF4D001325A71F1E7022D05D19A794F
S214023F90FF2AECD001329A71E9E7032DE7D1DA79EC
S214023FA0FF2A1CBF0132DA71E1E700BF2C22002093
S214023FB054F40300042828BF0020014B185C704705
S214023FC05CF4030030B585B005460A4901A8FDF742
S214023FD031FA044650B901A8FDF792FA044615B123
S214023FE0029B9B792B7001A812F041FF204605B078
S214023FF030BD00BF68F403002DE9FF4180460F463E
S21402400001A80C4916461D46FDF714FA70B9029C23
S2140240109DF8283084F80480C4F80570C4F8096056
S214024020A4F80D50E37301A812F025FF04B0BDE812
S214024030F08100BF60F4030030B585B005460C463B
S21402404001A80649FDF7F6F928B9029B01A81D71D9
S2140240505C7112F010FF05B030BD00BF78F40300AB
S21402406030B585B005460C4601A80649FDF7E2F9CB
S21402407028B9029B01A81D715C7112F0FCFE05B006
S21402408030BD00BF70F403001FB50446054901A801
S214024090FDF7D0F920B9029B01A81C7112F0EBFEC5
S2140240A004B010BD80F403007FB505460E4601A895
S2140240B00C49FDF7BFF9044680B901A8FDF720FABE
S2140240C0029B044625B1D3F806202A605A89AA80A4
S2140240D00EB11B7B337001A812F0C9FE204604B055
S2140240E070BD00BF88F403007FB506460D4601A8E2
S2140240F007491446FDF79EF940B9029B01A81E71B6
S214024100A3F80550A3F8074012F0B5FE04B070BD40
S21402411098F4030030B585B005460C4601A806495A
S214024120FDF788F928B9029B01A81D715C7112F08F
S214024130A2FE05B030BD00BF90F4030010B50F4CD0
S21402414088B0206008F008FD2168684615F0C8FBB4
S2140241506846F9F7E7FD044660B90A20084A0949A5
S21402416008F0F4F9044628B908F04EF80CF0DCFA28
S214024170FEF790FE204608B010BD00BF6822002061
S214024180CB980300BDE1030070B58EB00EF06CF85C
S214024190002302AD29460DF107008DF80E308DF88A
S2140241A00730F4F753FD00286BD1284615F09FF927
S2140241B0002866D0302864D09DF80730012B17D12E
S2140241C072238DF80E30F2F77BFBCDE90601030C65
S2140241D08DF81230BDF81D30ADF81000ADF8133072
S2140241E09DF81F308DF8153049238DF816300AE0F9
S2140241F049238DF80E3095E80300ADF81410090C2B
S21402420004908DF816109DF80E3013F0280F07D183
S214024210DDE90401ADF80C10090C02908DF80E10C1
S214024220274E33681869002830D133685A690AB9AC
S214024230244A126824490A609A690AB9234A12680B
S21402424023490A6093F82220D20727D404A815F03F
S2140242509FFB0446F8B9316806A815F041FB06A88C
S214024260F4F794FC0446B0B9BDF92E0015F00CF92B
S21402427015F093FB2846FDF78FFB164808F060F909
S21402428009E09DF80E3019079DD5B4E714F052FAEE
S21402429004460028C9D020460EB070BD93F82320ED
S2140242A000234FF0FF3006A9CDE906338DF81A2019
S2140242B015F05FFC0028C9D040F20C44EBE700BFC3
S2140242C06822002068F003004422002064F0030005
S2140242D040220020654302002DE9F041114812F009
S2140242E0BFFDE8B919F06AFF05460E460D4F07F105
S2140242F00C082846314615F0B4F807F0C1FF04460C
S214024300384612F0A9FD10B9404616F08CFEFDF7AD
S2140243106FF908B9002CECD1BDE8F04115F096BA59
S214024320BDE8F0817822002008B5054B1B782BB932
S21402433015F014FBB0FA80F0400908BD0020FCE737
S214024340F2280020012310B5044C2370044B1B688E
S21402435003B198470023237010BD00BFF228002047
S2140243604022002050EA010337B504460D4604D128
S21402437003B0BDE83040FFF7E5BFB1F1FF3F08BF2D
S214024380B0F1FF3F13D019F019FF221845EB0103D5
S21402439008490948C1E9002300239D420CBF214673
S2140243A04FF0FF31CDE90033044A1AF05CFA03B04D
S2140243B030BD00BF700B002048220020C14302001F
S2140243C0D3B51AF011F9044619F0F8FE0B46104A56
S2140243D0D2E90067B04273EB070107D3FFF7B2FFDB
S2140243E0204602B0BDE8D0401AF0F9B8D2E900671C
S2140243F00022311A67EB03039342CDE900221346EB
S21402440018BF4FF0FF31034A03481AF02CFAE7E7C9
S214024410700B0020C1430200482200200023044AF9
S21402442052E8000F42E800310029F9D1FAF7BABD86
S2140244306C220020054A52E8003F034342E800315E
S2140244400029F8D1024B1B68184700BF6C220020D7
S2140244504422002037B51C68E10705D514F0F4FFA6
S2140244601649174816F0D5FCA20723D5FEF7F6FB29
S214024470D0B9144D01901AF0B7F80446284616F043
S214024480F0FD019020461AF0AAF8019890B14379FF
S2140244909B070CD401A8022116F0C5FE0198FEF770
S2140244A0CDFB15F0A1F9E6E715F09EF9DEE7FEF77B
S2140244B0B9FBF6E7002003B030BD00BFFC2B00209E
S2140244C0A82100207022002008B5054807F0A8FEA3
S2140244D0044B01211870BDE8084007F0B1BE00BFCA
S2140244E00C2C0020F328002038B5044648B11AF0F8
S2140244F07BF805462146084816F07CFE28461AF048
S2140245006EF8064B022193F9000007F099FEBDE80B
S2140245103840FFF717BF00BF70220020F3280020A4
S2140245202DE9F0410A4B0B4F04460E4638681968CF
S2140245301546F0F779FA40B933462A46386844F405
S2140245408021BDE8F041F0F791BCBDE8F08100BFE4
S214024550742B0020942B00202DE9F0410A4B0B4FC0
S21402456004460E46386819681546F0F75DFA40B9F3
S21402457033462A46386844F48021BDE8F041F0F715
S21402458021BBBDE8F08100BF742B0020942B0020D5
S21402459038B5084D084B044619682868F0F744FAFF
S2140245A030B9286844F48021BDE83840F0F7A2BC50
S2140245B038BD00BF942B0020742B00202DE9F04359
S2140245C0134B0E461968134B05468DB018681746EE
S2140245D0F0F72AFA80B933460A222846009702A93B
S2140245E00CF0EEFC4FF0000804460DF108094445B5
S2140245F005D1002CEFD120460DB0BDE8F083284649
S21402460059F8041BF0F776FC08F10108EFE700BF43
S214024610742B0020942B0020F8B50B4B0B4F06464C
S2140246200C4638681968F0F7FFF9054648B9E243C0
S21402463016FA82F2386842F4802246F48021FFF7A6
S214024640BDFF2846F8BD00BF742B0020942B002027
S214024650F8B50E46074630B329B300F03FF80446D5
S214024660F8B9124D01461822284616F06DF9202395
S2140246702B7033692E616B607369AB6008F098FA31
S214024680FCF786FEBE6A002E08BF4FF480763046E0
S214024690FCF794FE044620B9054B28461E60FCF73C
S2140246A0B5FE2046F8BD2124FBE700BF7822002095
S2140246B074220020014812F095BB00BF7822002029
S2140246C010B5054812F0A6FB044618B900F018F813
S2140246D016F0CAFF204610BD78220020074BDA6982
S2140246E0D20407D51B6A40F2044013F0010F18BF2C
S2140246F00020704740F20440704700BF0080E00F81
S21402470030B5002485B002A8F2F7C4F801A8BDF8B7
S214024710085001940DF099FD00B101940F48019CD8
S21402472012F0FCFBB8B100234371C371437283726B
S214024730C3726FF04F030A2283743E230271C3745E
S214024740012272238271037502226FF0160302722F
S214024750C4600582437505B030BD00BFA0F40300F7
S2140247601046044A1368591E033102D8002111600C
S214024770184770471C2C0020034B1868034B002870
S21402478008BF1846704700BF9022002050F503006D
S214024790014815F061BB00BF9822002013B50B4CF0
S2140247A00229226005D10A4815F056FB002002B005
S2140247B010BD0A4600930146064B054815F02EFB2F
S2140247C0003818BF01204000F1E700BF1C2C002073
S2140247D09822002061470200014815F04EBB00BF38
S2140247E0982200200021014815F069BB982200207B
S2140247F008B5064B1B68013305D0FFF7EDFF80F0C6
S2140248000100C0B208BD0020FCE700BF1C2C00203F
S214024810F0B50D4604468BB018B9002420460BB0FE
S214024820F0BD1A4E3768002FF7D12022394602A86B
S21402483016F08AF8236801A80193154B1B88ADF879
S2140248401430144B1B68079300F0BEF80446002889
S214024850E3D0306000F0DEF82046394615F0A3F9C2
S214024860204615F0F3F838B10020306000F0D2F898
S214024870204615F0E6F8D0E7204600F041FA002878
S214024880F2D1002DCAD02046A847C7E794220020BE
S21402489084F5030088F50300024B1868003818BF39
S2140248A0012070479422002038B50C4601F07CFFA8
S2140248B0A3780B4A13705A1E55425541A8420CD093
S2140248C0012B04D02846BDE8384001F04FBF2046F1
S2140248D001F01EFF0028F5D038BD0020FCE700BF1F
S2140248E0F4280020002108B5024B08465B6898476A
S2140248F0002008BD302C002010B5FFF73DFF0D4B01
S2140249000C461A1A534253418B4201D1002010BD65
S214024910094B1B683BB9094A064B002C08BF1346D5
S214024920074A1360F2E715F0D1FB0028F3D0022005
S214024930EDE700BF28F503009422002050F503009F
S21402494090220020431E033306D8044B984228BF09
S2140249501846642838BF6420704700BF40420F00E4
S21402496038B505460C4641B10B6833B11B680133B6
S21402497003D0CB680BB18B684BB902F0E5FE002082
S2140249804FF4C172412100F0EFF9212038BD0846EC
S21402499002F04AFF00230A4A85F83031C5E9374358
S2140249A0C2E9003363694BB1064A422110684FF4EC
S2140249B0D272C31A5842584100F0D6F90020E5E7F1
S2140249C0202B002044250020F8B5044619F003FEEB
S2140249D0002607460E4B1B6893B19E68AEB196F84A
S2140249E02420D20711D435460FCC0FC50FCC0FC5E5
S2140249F023682B6096F8243043F0010386F82430AF
S214024A00384619F0E3FD3046F8BD1B68E4E700BF00
S214024A10242C002010B5044618B9054B054A13602D
S214024A2010BD00F043FED4F8E830002BF6D1F4E7D0
S214024A302B9A0300202C002008B502460868FFF7D0
S214024A4081FF08604868FFF77DFF48608868FFF7C7
S214024A5079FF8860C868FFF775FF0B69C860581C45
S214024A6003D00B48834228BF03460B614B69581C90
S214024A7003D00748834228BF034688694B61FFF785
S214024A8061FFBDE808408861104601F0C1BD00BF65
S214024A9040420F00D0F8E0302DE9F04105460C46C2
S214024AA013B1838D8B424CD0D5F8DC30002B4BD023
S214024AB09E68002E48D0D868002845D0013800B23B
S214024AC000281ADB002106E0128A591CA24217D2DD
S214024AD009B2884211DB0B1803EBD3735B1003EBAE
S214024AE0C30206EB8202B2F80EC003F1FF3EA445F3
S214024AF0EAD90FFA8EF08842EDDA2120BDE8F0817D
S214024B004FF6FF7299B29142F7D09BB203EBC30302
S214024B1006EB83062846B6F9122095F82411D5F836
S214024B20F080F1F7E5FE0746B8F1000F04D0002347
S214024B30324628461946C047AC85C5F8E06085F877
S214024B402D710020BDE8F0810E20BDE8F08100BF87
S214024B502DE9F04782B004460F46164601F084FF60
S214024B60002864D1444D2B68D4F8DC90D4F8E08059
S214024B700BB14B455FD04FF0000AAF6001F0C8FFA3
S214024B800128074604D001210022084600F0D6FD7F
S214024B902B68D9F80010D8F8002013B1186888429C
S214024BA054D0204615F0AEFBC5E90098D4F8F05074
S214024BB08DF80760002D50D00022204611460DF1D8
S214024BC00703A847204601F05DF90546BAF1000F33
S214024BD010D07EB9D4F8883013BB012F06D0002D32
S214024BE047D0264B002103205B689847284602B030
S214024BF0BDE8F087B5FA85F040F2FA423321400963
S214024C0000F0B2F83146204601F072FB1C4B054616
S214024C101B68414620469847D4F88830002BDCD0E3
S214024C2000224FF40073204600F050FDD5E7002323
S214024C30114D6B6097E76B68002B9CD043459AD169
S214024C40AB689F4215D04FF0010A96E7696811B12A
S214024C5009689142A8D05968A3E794F8281094F8F6
S214024C602D313246994228BF1946204601F05CF89B
S214024C70A8E70025BAE700BF202B0020302C002032
S214024C80202C0020F8B50E46054619F0A4FC314645
S214024C9007462846FFF7FEFE044620B1384619F0BE
S214024CA095FC2046F8BD01F0B7FE2246314628465E
S214024CB0FFF74EFF0446384619F088FC2046F8BD3A
S214024CC013B50446694615F03EF8204615F026FA56
S214024CD0FF28024606D020469DF80010F1F786FE11
S214024CE002B010BD0048FBE70080FFFF0029034B1F
S214024CF008BF0023C0F8F03000207047BD9B0300B9
S214024D004FF4007307B50A490DF10602ADF80630F6
S214024D1015F050F8BDF80630B3F5007F05D102282D
S214024D2008BF002003B05DF804FB2120FAE700BFAD
S214024D30B0220020024B1860024B1960FEE700BF4B
S214024D40B0240020282C002038B5044D044C054B16
S214024D50286021601A60FFF7EDFF38BDB0240020FE
S214024D60282C0020B424002010B550B90548064B64
S214024D700160064802601868054B18601868FFF75D
S214024D80E3FF10BD282C002094220020B42400202B
S214024D90B0240020054B1B680BB9184670478342A7
S214024DA001D01B69F8E70120704700BFBC24002031
S214024DB0094A13680BB918467047834207D11B6924
S214024DC001201360054A1368013B1360704703F124
S214024DD010021B69EEE700BFBC240020B8240020A6
S214024DE02DE9F74F064619F0FFFBDFF8288101236D
S214024DF098F800B0DFF820910190BBF1000F06D0C2
S214024E0089F8003003B0BDE8F04F19F0E8BB3F4F19
S214024E1088F8003089F800B015F09FF808B115F050
S214024E209AF83D683A495DB9DFF8F0A0DAF8002052
S214024E300024AA423B682FD84FF0FF3134483BE0AB
S214024E406B7D8BB12B68B34202D09A1B8A420BD978
S214024E506A6813442B60AB68003A18BF0122003B15
S214024E6018BF01236A75AB752D69DCE7907D20B10A
S214024E70107D88429CBF014614461269002AF5D16D
S214024E80002CD9D0D4E90001A275411AD4E9023225
S214024E90204698470135C9E71A46FF21EEE75A7DB4
S214024EA04AB11A68B24224D0921B824221D8914259
S214024EB001D311461C461B69002BF0D15CB120467B
S214024EC0FFF776FF38B13B683C602361DAF80030C2
S214024ED00133CAF800303B685A7D6AB915F039F8D2
S214024EE0064699F80030002B94D1019888F80030D5
S214024EF088E71C460021DEE7186800F0D3F804466F
S214024F0015F027F80646002C84D1EAE7BC240020D8
S214024F10FCFFFFBFF6280020F5280020B82400205A
S214024F2038B5054608B31822002115F00DFD19F014
S214024F305BFB02462846FFF72DFF20B1104619F00C
S214024F404EFB022038BD0A4B1C6854B909491D6045
S214024F500B68104601332C610B6019F040FB2046AB
S214024F60F0E704F110032469EFE72120EAE700BF27
S214024F70BC240020B824002038B50446FFF70AFFF8
S214024F8019F032FB05462046FFF704FF637D23B97E
S214024F90284619F024FB0E2038BD00236375064B05
S214024FA01B68A34203D114F0D4FFFFF719FF28466B
S214024FB019F015FB0020EFE7BC2400202DE9F84F7E
S214024FC0DDF82890984604460D469246FFF7E2FE24
S214024FD0DDF830B019F008FB074614F0BAFF0646B3
S214024FE02046FFF7D7FE637D23B12046FFF7C4FFB6
S214024FF00023A375BAF1010F23D175B9B8F1000FDA
S21402500021D1B9F1000F03D05A4631462046C8478F
S214025010384619F0E4FA002019E035440D4BAA1B75
S2140250209A4210D8012363759DF82C303046C4E9A5
S2140250300058C4F808902375C4F80CB0FFF7D0FEE9
S214025040E6E7AE42EAD1384619F0C9FA2120BDE8B1
S214025050F88F00BFFCFFFFBF2DE9F04107468846E8
S214025060FFF798FE19F0C0FA3D68064614F071FF85
S2140250707B7D7BB185420DD0094B2C1A9C4209D808
S214025080304619F0ACFAB8F1010F08BF254628469B
S214025090BDE8F081304619F0A2FA0025F7E700BF16
S2140250A0FCFFFFBF0023024A194600F017BD00BFEF
S2140250B01D9F03000C232DE9F74F06460F461446A4
S2140250C000254FF00609DFF854801370EBB209FB97
S2140250D003F3D8F80010CA185079012804D92378A7
S2140250E00C2B14D1212013E031F903B01179B2F957
S2140250F002A030460022019114F0F4FE58B1019944
S2140251002170B7F900305B4505DB534503DC002010
S21402511003B0BDE8F08F0135D8E700BF2C2C002085
S214025120014914F01CBF00BF556D0200014914F07E
S21402513016BF00BF296D020070B5164E032804463E
S2140251400D4633781ED023FA04F202F00102AA4278
S2140251501DD053B10122A240A54023EA02032B43ED
S214025160DBB233704BB1012070BD2DB10A4B01206A
S2140251701B6898473378EDE73570074B00201B68AD
S2140251809847F0E79A07DED003F0FC03E9E7002031
S21402519070BD00BFF8280020FC240020F8B50546A4
S2140251A00C4619F018FA104F06463B7833B1012D1B
S2140251B004D01CB90D4818F087FF3C7021462846DB
S2140251C0FFF7BAFF0A4B04461B783BB93B782BB96C
S2140251D015F0CDF810B1074B1B689847304619F00A
S2140251E0F5F92046F8BD00BFF9280020D02400209B
S2140251F0F8280020302C0020054A0B46117831B1E1
S21402520000211170034A012152681878104770472E
S214025210F9280020302C002038B5074D04462B789C
S214025220834207D001F05EFC20462C70BDE8384071
S214025230F3F7CCBA38BD00BFF728002038B50446CD
S21402524080B119F0C8F901210446084618F0AAFBF5
S21402525001210B4A08460CF0B7FF2046BDE838404D
S21402526019F0B4B919F0B7F905462146012018F02D
S21402527099FB01202146024A0CF0A6FF2846EDE7DC
S2140252809EF503001B4B022910B5187002D00329A5
S21402529004D010BD184B1B78002BFAD1FFF7FCFA8E
S2140252A00028F6D04FF00052144BC3F88020BFF30C
S2140252B04F8FBFF36F8F01F0EDFB0028E9D001F0AE
S2140252C037FA0028E5D10E4B1C6834B1236898479C
S2140252D0BDE81040002001F0F9BB14F09BFD094B1D
S2140252E0186019F044FB084B1860204601F0DAFB00
S2140252F0EEE700BF912D0020F728002000E100E035
S21402530020250020F8240020F424002038B5044686
S2140253100D46FFF7C1FA80B14FF00052124B1A60E9
S21402532001F0B8FB48B9012D07D8012001F0CEFBE9
S2140253300E4B1B6823B15B6898470D4B1C7038BD3B
S21402534019F015FB0B4B1A68801A186018F074FFD8
S2140253504FF47A72084B1B6802FB003014F05CFDB7
S214025360012001F09FFBE8E700E100E02025002095
S214025370912D0020F4240020F8240020F0B585B0FA
S21402538019F029F9344D04462B7823B1334818F026
S2140253909BFE002852D118F02BFF02AA03A914F094
S2140253A0D0FF0346002838D014F0DFFF029B984255
S2140253B01CD100202A4B03991B682A4E9942307052
S2140253C020D90027C91A012324482B70264A3346BF
S2140253D0CDE9007719F082FA002837D1234A1378EC
S2140253E0D90701D53178F9B1204611E014F0BBFF98
S2140253F0029B984228D0002318461949194A096880
S214025400137003910121FFF797FE002320462B70AD
S21402541019F0DCF8002005B0F0BD20462B7019F01C
S214025420D5F8212005B0F0BD03F0FE031370002B63
S214025430DAD10F4B1B6898472046E9E7204619F059
S214025440C5F80E2005B0F0BD0220B3E703232046C0
S2140254502F703370F3E700BFF9280020D024002015
S214025460F0240020902D0020F9510200F828002098
S214025470FC24002070B519F0AEF8184D04462B78BF
S21402548023BB174A17491370174B184A18481A6055
S214025490184A194E5A60F3F743F918491848F3F7B1
S2140254A03FF9184B80203360F0F74CFA052804BF0A
S2140254B0154B3360154B5B6F03F44073B3F5007FF7
S2140254C002BF0222124B1A6001232B70F3F78EFAE8
S2140254D0204619F07BF8002070BD00BFFA28002095
S2140254E0F9280020A4F50300302C00207D5302008A
S2140254F0C02400209D510200FC240020ACF50300CD
S214025500C8240020195202003D52020000400050FA
S214025510F024002037B50C46234D59B90A4601211E
S21402552005F0C4FF214BEC645C6003B0BDE830407C
S21402553005F0DABF0122114605F0B8FF07221C4B20
S2140255400121DA60237901A885F84C30637901934A
S21402555015F04EF9019BC2B2D34000F00F0040EAAC
S214025560031085F84D00A27985F84E20E27985F879
S2140255704F202068286501939BB1012102888B4247
S21402558008D82379013B13440A4A136205F0ACFF9C
S21402559003B030BD30F811500131AA4228BF2A4666
S2140255A0EDE71A46EDE700BF003F00B04C3F00B003
S2140255B0006000B8004000B810B5054C237823B14F
S2140255C003F028FC0020207010BD0E20FCE700BF70
S2140255D0FC28002008B503F0EBFB0122014B00205B
S2140255E01A7008BDFC280020431C07D06FF0FF028B
S2140255F0034B10405A62A3F580535862704700BFAF
S21402560000E000B810B504234FF03A4101240A4ADC
S214025610D1F81801C2F81831C2F814314C634FF4AD
S21402562000511163410742BFC2F81431A2F58052FD
S214025630C2F8183110BD00BF002000BAF8B5044603
S2140256400F46164618F0C7FF0546A047044620B187
S214025650284618F0BBFF2046F8BD05F0E7F80422FE
S2140256600549D1F8F03E23EA07033343C1F8F03E7A
S214025670024B1A64ECE700BF003000B0002002B80C
S21402568000F01803182B0AD003070AD440F20113BD
S21402569010F0100018BF1846034BD867704700205A
S2140256A0FAE70120F8E700BF003F00B038B1036810
S2140256B0044A002B08BF1346034A13607047014B87
S2140256C0FAE700BF1FA003003C2C002010B4D0E96C
S2140256D0524122400B4052EA030104D003495DF8CE
S2140256E0044B096808475DF8044B70473C2C0020C1
S2140256F00F2938B505460C460ED801F009FA0128DE
S2140257000CD1074A2846936E23F00F032343936671
S21402571014F04DFE002038BD2120FCE70220FAE7F7
S214025720003F00B0014BD86E704700BF003F00B08C
S214025730014B0020D9667047003F00B003282DE9D0
S214025740F74F0C46914678D83D4B13F800A03D4BD8
S2140257501E5C3D4B13F800B018F03DFF804604F087
S21402576079FE074640B100230022CDE9003301202E
S2140257700023002104F09AFC04F074FE48B10023D2
S2140257800022CDE90033002000234FF4004104F04C
S2140257908DFC002E44D02D4BDD6C05F008050AEB7F
S2140257A006002B4B23305844DD64C0B202F074FB73
S2140257B03146504605F098F85A463146504605F0AE
S2140257C021F9244BDD646FB1234B1868D0F8901092
S2140257D0F83003F0E7F821490868FFF705FF4FF0B5
S2140257E0FF330B60B9F1000F04D01D4B00210320DC
S2140257F05B689847B4B14FF480621A4B1D6F03F58D
S2140258000053C5F380251A67404618F0DFFE01F004
S2140258107FF9012808D15DB9002003B0BDE8F08FFA
S2140258203546BCE72546EFE7002CF0D10520F4E725
S2140258304FF480620C4B1A67EEE72120EDE700BFBB
S214025840BCF50300B8F50300B4F50300004000B849
S214025850006000B8005000B894220020382C0020C7
S214025860302C002000C001B800D001B80F4A136CDB
S21402587013F0A00F15D1506C10F0040013D10C4B8E
S214025880D3F8F03E23F07F4323F0FF035BB1D368E7
S214025890C3F30362092A07D0B2F10C0018BF012035
S2140258A07047002070470120704700BF000002B812
S2140258B0003000B070B50D46064620B91A4B1B687C
S2140258C0A3B10E2011E001F023F9012829D1174BCC
S2140258D093F90040C4F12704641BC4F11C03002B97
S2140258E0B8BF5B42232B0CDD212070BDA1F10B0358
S2140258F0002BB8BF5B42232BF6DC0C4B1970002042
S214025900F3E786F8265018F066FE094AE402136AA0
S21402591004F4FF2423F4FF231C43146218F056FEFB
S214025920EDE70220E1E700BF94220020FB280020DA
S21402593000C000B8094B08465A6A91020BD4D3F845
S2140259400021D20708D4D3F8803013F4706F14BF46
S2140259500120002070470120704700BF004001B8B8
S214025960F8B50D46D0F8903002EA010423EA0103A6
S2140259702343C0F890303D4A01F00B0323EA0401AA
S214025980D1642340A2F580526F070646D36410D531
S2140259900121FFF7CFFF60B104F048FF4FF4007318
S2140259A014F0040F14BF324A324A53620422324BB6
S2140259B01A64E90606D514F0100F14BF00221B2243
S2140259C02E4B5A652A061DD5230616D54FF400120D
S2140259D0274B1A62012203F58053C3F8002118F000
S2140259E0FAFD0E210746032002F064FF40F2012270
S2140259F0224B3846DA6218F0E9FD214606F1F80035
S214025A0002F0D0FFEF0503D5E00529D502F040FFEE
S214025A10A90503D5A20526D502F046FF15F0600FAC
S214025A2009D0D6F8E410304614F0FAFA8022144B65
S214025A309867144B1A612B0510D504F0F7FE124A2C
S214025A4014F4006FD2F8F03E14BF43F0006323F064
S214025A500063C2F8F03E0422074B1A640020F8BD29
S214025A6002F010FFD4E702F019FFD7E7006000B893
S214025A70005001B8006001B8002002B8004000B82B
S214025A80003F00B0000002B8003000B0014B1868BA
S214025A90704700BF1025002037B518F09CFD002483
S214025AA001230022CDE9003400230546194610469C
S214025AB004F0FCFA022002F0B9FA064B21461C60FA
S214025AC0054B02205B689847284618F07FFD204663
S214025AD003B030BD18250020302C00202DE9FF41F0
S214025AE002290D4616469846039004D1FFF7D4FFC6
S214025AF004B0BDE8F08118F06EFD1E4F04463B6808
S214025B003BB1B34205D018F061FD002321203B6073
S214025B10EEE7194B0022C3F800803E600023012600
S214025B204FF0000810461946CDE9006604F0BEFAAA
S214025B30124B022083F8008002F078FA43462A4687
S214025B40022003A902F090FA0D4B039A1A6008B9D4
S214025B502046D8E70B4D2B689847212804D02046CC
S214025B6018F034FD0020C3E731466B6802209847E0
S214025B70F5E700BF1825002014250020FE28002087
S214025B8010250020302C0020044B5B6E5B054EBFB8
S214025B900120034B187800F00100704700C001B8DE
S214025BA0FE28002090F825305A1F012A01D9082B1A
S214025BB005D14B7C2BB1012B05D0022B05D014F05E
S214025BC088BA03487047034870470348704700BFC7
S214025BD020A1070048E8010040420F000A78022A86
S214025BE011D0101F4242424152004B781201022B42
S214025BF00BD0191F4B424B415B000549054842EA50
S214025C008312FFF71BBD0122EFE70123F5E700BF72
S214025C10F0FFFF00596B02000B78022B10D0181F02
S214025C20434243415B004A78022A0BD0111F4A4284
S214025C304A4152000F21044843EA8202FFF7FEBCA3
S214025C400123F0E70122F5E7856B02002DE9F84310
S214025C500E780446042E0D4690F824810BD10027B8
S214025C605FFA87F9484601F04DFE08B14E4602E05B
S214025C700137042FF4D1304601F044FE002849D003
S214025C8094F82431B34209D1AA88D4F8A4309A42AF
S214025C9004D16A88B4F826319A4238D084F824614E
S214025CA0AB883046A4F828316B88A4F82631AB8836
S214025CB004F59275C4F8A430FF2384F8293014F052
S214025CC014FC84F82800284601F0DCFD18BB2846A0
S214025CD001F00EFEF8B9D4F8E03053B194F824116E
S214025CE0414506D02046B3F91220F0F701FE84F8AB
S214025CF02D01204601F04AFE0949A4F82801012395
S214025D00084AD1F8FC1004F1F80003F0A5FF0020C1
S214025D10BDE8F88321200C2384F82431F8E700BF7D
S214025D20004F00B0A43F00B070B5054690F82401BD
S214025D300C460C281FD0FF2901D1212070BD1AB1B4
S214025D404FF0FF320D4B1A6014F0CFFB064695F863
S214025D50240101F00DFE844228BF0446E4B2B44298
S214025D6038BF3446E0B285F8290001F00BFFFF2861
S214025D70E3D00020E2E70220E0E700BF402C00204C
S214025D8010B590F8243104460C2B44D0D0F8E030FD
S214025D9080F82810DBB3D0F8F020D2B990F82D3175
S214025DA08B421CD300222046FFF7BEFF48BB1B4B8C
S214025DB01B7813F0FD0F23D1204601F0E7FD1849AA
S214025DC00123184AD1F8FC1004F1F80003F044FF4E
S214025DD016E0B0F94020B3F912309A42E2DD002212
S214025DE0204694F82D11FFF79FFF50B9C4F8E00043
S214025DF0204613F08CFE4FF6FF739842014601D1FF
S214025E00002010BD2046BDE81040FEF73BBFFF2332
S214025E1080F82930F4E70220F3E700BF722D002055
S214025E20004F00B0A43F00B0F0B51D46144B044628
S214025E301B780F46164685B05BB1D0F8E030E3B16A
S214025E4002AAB3F91230009200220BF016FB05B03C
S214025E50F0BD02A913F077FF9DF808103A462046D7
S214025E60F0F746FD014626B92A462046FFF75CFFB4
S214025E70EDE72046FFF784FFE9E71846E7E700BFAD
S214025E80C2EE0300D0F89830012B01D100207047F3
S214025E9070B5054650498EB014F081FBD5F8E06027
S214025EA00146AC8DC5F8E40026B1336813B15B68D1
S214025EB0002B6BD118F08FFB18F088FB0123D5F866
S214025EC0E4108DF80E30B389D6E90120E31A9BB2AE
S214025ED000FB03224148ADF80C3003680292994257
S214025EE007D0284614F09CF880223D493D4B88672F
S214025EF01A613D4C3B4E00F00BFE0128FBD1236C91
S214025F00D907F8D4336CDA01F5D4D5F8E41028466C
S214025F100D919DF80E20029908AB03F049FB00286C
S214025F2031D100F0F5FD0128FBD12E4A2E49136C23
S214025F30DB01FCD40B6CDE07F9D408A901A803F038
S214025F4059FD00BBAA8D294B5A6495F8243060F39C
S214025F50410385F8243014F04EFAD5F8E0300246B4
S214025F605B691968431EDBB2FD2B049114D9CC1C65
S214025F7012D91F4B01311B6815D0D81C10D82846E1
S214025F8004A904930AE002200EB070BD1A68032A20
S214025F9090D99B6A5B0E94E7284604A914F013FA7C
S214025FA000200EB070BDD91C04D8284604A904935C
S214025FB014F009FAD5F84C319B0506D495F824302E
S214025FC043F0020385F82430EAE728464FF480318E
S214025FD013F0BDFEE4E700BFFC4F00B0042500202E
S214025FE0003F00B0000002B800C002B8008001B84E
S214025FF04C2C002038B590F830510446002D37D08E
S21402600018F0E9FA1F221B4B013D5A621540A3F510
S21402601080535D62D4F83421A3F580539A66D4F88F
S2140260203821DA66D3F80031DB071AD5D4F8E43023
S214026030DBB11A68122A18D9196D4FF0FF332029DE
S2140260400A4628BF202219B1C2F120029340DB4340
S214026050084AC2F80431D4F89C201340064AC2F813
S2140260600431BDE8384018F0B1BA4FF0FF33EFE71D
S21402607038BD00BF006001B8005001B82DE9F84FE6
S214026080074615460B4611B92120BDE8F88F002AAF
S214026090FAD0032905D8002201F0A4FA0346002804
S2140260A0F2D01C889A78B4F5804F02F0070180F08F
S2140260B0CE80A1F1070C187993F805B0DE88DCF1E2
S2140260C0000343EB0C0305292B7394BF0023C2F392
S2140260D00013C2F3801C6B73930985F810C003F09B
S2140260E00203C2F3C00C43EA0C03C2F34012E87484
S2140260F06B74AA74D7F89030AE82D80600F19380FB
S2140261000639012900F28F80B7F81290D7F81C8062
S21402611009F1FF394F4B083C04EA09045B6D18F895
S21402612004300021802B0CBF6FF07F03323B04F15A
S214026130010418BF5BB204EA0904AB73631D03EAE9
S21402614009035A1CA96002EA090218F8022018F884
S214026150036097F825A046EA022636B2BAF1000F87
S2140261605FD1F10456D5D7F8E43013B11B68022B81
S21402617005D841F2D3724C210020FEF7F5FDD7F880
S214026180E420C6F30B0392F82420DB000AB1B3FB2B
S214026190F2F39B4508D83BB1CBEB0B2BBBFBF3FBD7
S2140261A06FEA0B0B5FFA8BFAD7F8EC3023B1504646
S2140261B095F90E1098478246013485F80FA004EA36
S2140261C0090418F80410013404EA090418F8043023
S2140261D0013404EA090441EA032118F804300134C0
S2140261E004EA090441EA034118F8043041EA03616B
S2140261F016F4804305D0184BDB6EB3FA83F35B09C3
S2140262005B0038466A7C03F0EFFD06232860AB711C
S21402621000203AE718F804A04FEA4A0A5FFA8AFA18
S214026220C2E78A46C8E700230020EB730B4BDA6905
S214026230C2F30723120448BF63F0FF035AB212F1F7
S214026240800F1CBF323B5AB2AA730346DEE7022017
S2140262501BE700BF004000B8003F00B000C000B817
S214026260F8B507460D4614468BB1FFF7CBF929461B
S2140262703846BE8A00F06AFEB44228BF3446A4B24C
S21402628022462946044800F07DFF2046F8BD13F05A
S2140262908EFF0646F0E700BF0C0000BA70B54FF05E
S2140262A03A434FF480640A4DD3F818610020C5F8CB
S2140262B01841C5F8144104F07DFB4FF400532B67D8
S2140262C0730542BF034BC5F81441C3F8184170BDAD
S2140262D0002000BA001000BA082310B1024A136464
S2140262E07047024AFBE700BF001002B8002002B85F
S2140262F0F8B504460E4619B990F824305A0647D423
S2140263004FF6FF73218ED4F8E470994204D0354BD1
S2140263101B680BB120469847334D2B68BB4255D0BD
S214026320324B1B683BB11FB13A68002A50D0BF6897
S2140263303946204698470727204601F027FB002EBD
S2140263403AD005F0D1F80620294B94F9262093F985
S21402635000302849C3F127039B1A0A6ADB0222F49B
S214026360FF2203F4FF2313430B62D4F8E420224BEC
S2140263702A60986701F06EFC002501211F4A204B17
S2140263801170204683F8845014F011F82846F8BDA0
S2140263904FF6FF71144DD0F8E4702A6866F3861340
S2140263A09742018680F8243017D0104B1B68002BCA
S2140263B0B9D101F0EBFA072712493B46124AD1F847
S2140263C0FC1004F1F80003F047FCBAE70127B3E734
S2140263D01746204639469847ADE701F0D7FA012717
S2140263E0EAE700BF0C25002004250020082500202F
S2140263F0FB28002000C000B8006000B8FD2800207E
S214026400003F00B0004F00B0A43F00B0054A12683B
S2140264101AB190F81E1119B91047084602F05CBA74
S214026420014870470025002000FEFFFF334B2DE990
S214026430F7431C6801F4007900F00103174653EA9B
S214026440090206460D4632D04FF0000823B3002359
S214026450002201200021CDE9008803F027FE4146F4
S2140264602046FFF7D3FF01224146E085104613F08F
S21402647028FBD4F8901004F1F80002F093FA2049B1
S2140264800868FFF7B1F84FF0FF330B6094F824303A
S21402649043F0040384F82430B9F1000F07D0012139
S2140264A0204613F054FC25F4007506430D432B4694
S2140264B032462046FFF70AF9FB070FD51149124A62
S2140264C008680021136811600121104A117003B197
S2140264D098470F4B002102205B68984717F00E0F73
S2140264E008D04FF409723B21002003B0BDE8F04308
S2140264F0FEF73ABC03B0BDE8F08300BF942200204A
S214026500382C00201425002018250020FE28002004
S214026510302C002008B558220021064814F014FA40
S2140265201022FF21044814F00FFA04F0DDFF0020C9
S21402653008BD00BFF43E00B0383F00B073B574210A
S2140265400C236D22A0F81411822180F824314FF614
S214026550FF734FF0FF35C0E941120026C0F8002154
S21402656064220446838580F82A301E4BC0E9432203
S214026570C36300F1480343641B4B80F82660C0E9FE
S2140265800C35C0F8A450058503F074FF2046FFF7CB
S214026590C1FF94F926102046FFF78CF96023134AB0
S2140265A040F6FF71D3644FF03A4211631167104A06
S2140265B02946D36440220F4B20461A64D4F8902012
S2140265C0FFF7CEF90E230022CDE9003340F2022374
S2140265D01046194603F06AFD01F0A8F9304602B0EB
S2140265E070BD00BF0700FFFFFFFF4000004000B87D
S2140265F0005000B8002002B8044BD3F8F03E13F067
S214026600806F14BF23200020704700BF003000B008
S2140266100246F8B5B0F8284100F1F805FFF7ECFF9E
S2140266200B688E68013304BFD2F800310B604B68EA
S214026630013304BFD2F80C314B60771C3BD1D2F841
S2140266400831CF688B607E1C3CD1D2F804610F699A
S214026650CE60013704BFD2F8F8700F614F69013778
S21402666004BFD2F8FC704F618F69013704BFD2F8BD
S21402667010718F618F6967BBC0F1640408688C6112
S21402668010B16D2838BF6D20C2F808314B68C2E9D8
S2140266904006C2E943340B692846C2F8F8304B6913
S2140266A00F49C2F8FC30D1F8FC1007230D4A03F05C
S2140266B0D3FA0020F8BD04F16D031B1AB34238BFAB
S2140266C03346BEE704F17406361ABE4238BF3E466B
S2140266D0BDE76D34241ABC4238BF3C46CEE700BF45
S2140266E0004F00B0A43F00B038B50446074D21461F
S2140266F02868621C003818BF012002F021FB2B68B4
S2140267000020003B18BF0123A37038BD1C250020C3
S21402671038B5054C054B417800782568236002F0B1
S21402672051FA00B1256038BD1C250020C8F50300CB
S21402673070B517F050FF05460B4E00F0E9F9012838
S21402674005D0284617F042FF0224204670BDF368A3
S21402675013F0706FF1D1F46814F08054EDD128462E
S21402676017F034FFF1E700BF000002B80A4B10B57D
S2140267701B68044673B1094B48B10121084A1A60E6
S214026780022003F0A3F90020064B1C7010BD014640
S2140267901860F5E70220F9E71C25002020250020D6
S2140267A0C0F50300FF280020014B1878704700BF91
S2140267B0FF28002038B517F00EFF4FF6FF710A4A81
S2140267C013888B4203D117F001FF0E2038BD074C09
S2140267D0074D1B046566A4F580546366118017F0A6
S2140267E0F5FE0020F2E700BF702D0020006001B821
S2140267F00000FFFF2DE9F74304460F4615461E46E6
S214026800FFF734F838B3A38A2BB3204613F0E8FA1E
S21402681078B9744BD3F8F02E1EB10E2003B0BDE843
S214026820F08302F03003102BF7D002F0C002402AA9
S214026830F3D0DFF8E08103F035F9D8F81430DE073C
S214026840EBD517F0C8FE0646032001F0EDFC20B19A
S214026850304617F0BBFE0220E0E7D8F8142012F00C
S2140268600608F5D1304617F0B1FE5E4B4FF40061D4
S2140268702046D3F8F09ED3F8D06E04F02BFE40B13B
S2140268804FF400720121584B08461A64424613F030
S21402689018F939462046FEF7F5F9524BC3F8F09E32
S2140268A0C3F8D06E0028B9D194F82430980601D4E3
S2140268B0002D57D0C5F3400003F07EFF022315F4E7
S2140268C0807F1FBF494A002113644FF03A420BBF34
S2140268D0454A91611364536303F0A8FF4FF4806343
S2140268E015F0040F14BF424A424A15F0400F536295
S2140268F04FF004023C4B28461A644FF0400314BF84
S2140269003D4A3E4AC2F88830FEF7BAFE204613F0E9
S2140269100DFC38B14FF4807315F0010F14BF334AE3
S214026920314A1364A90647D54FF6FF72E38F9342A6
S2140269300FD0334A3349526E100CC2F301120132A1
S214026940B3FBF2F308802A4A2A492F481B044866FA
S2140269505366003D18BF012594F8243065F34513AD
S21402696084F82430204613F01FFDF0B1204613F0C1
S214026970DDFBD0B14FF40031204604F0ABFD431CE2
S21402698003229BB2214801A913F075FD9DF804204D
S21402699002F00703052B9DF8053016D112070ED418
S2140269A043F480731A4AC2F8D83040F2366003B015
S2140269B0BDE8F04300F016BFFFF7FCFEC9E713F090
S2140269C0040F09D19DF80630EAE703F03002202AC8
S2140269D005D113F0010FF4E74FF48073E2E79DF858
S2140269E00630DFE7003000B0002002B8001002B820
S2140269F0005001B8006001B800D000B800E000B84E
S214026A00004001B8702D00200000FFFF0C0000BA05
S214026A10003E00B000C001B808B50F4BD3F84C21B9
S214026A20531C17D012F0804214D10C4B1B78012B4A
S214026A3010D9082B0ED00A4B1B681BB11146032037
S214026A40FEF77CFE4FF08062064BDA6401225A6142
S214026A5002229A6208BD00BF0080E00F922D00203D
S214026A6094220020001002B84FF40022034B186C48
S214026A7003F500531A64C0F3C0407047000002B822
S214026A80024B034A00201A60704700BF0825002008
S214026A9015550200024B586900F00100704700BF0E
S214026AA000C001B8084B5A69D10707D508B901F0EA
S214026AB099BA5B69DA0706D401F086BA5B69DB0726
S214026AC001D40028F8D1704700C001B84FF08063A7
S214026AD010B1024A53617047014AFBE7001002B840
S214026AE0002002B8202350B1064AC2F8F433064BFF
S214026AF0196C11F0010104D1032002F0E7BF034A2A
S214026B00F3E77047001002B800C002B8002002B8CF
S214026B100F4BDB68C3F30363013B0B2B0FD8DFE895
S214026B2003F006060C06060606080A0808080220EF
S214026B307047042070470520704703207047054BB6
S214026B405B6913F0060F0CBF01200420704700BFDC
S214026B50000002B800C001B8094AD368C3F3036351
S214026B600B2B08D06FF49050184100F0010080F013
S214026B70010040007047106C10F48030EDD1704771
S214026B80000002B80C4AD368C3F30363062B07D887
S214026B90042BD8B20BD8C31E584258414000704747
S214026BA0072B06D1D2F844010028ECD17047022008
S214026BB070470020704700BF000002B8094BDB6830
S214026BC0C3F303639A1E012A8CBF00220122012B03
S214026BD002701EBF4FF4026222FA03F303F00103AF
S214026BE00B707047000002B8F0B5CF072CD5002A0C
S214026BF014BFAA2555250E461E24154F01F0030381
S214026C0083F001033B449B7806F0070C17F80CC090
S214026C10013C63444FEA5606F6D10E4E73436FF4B8
S214026C2081769B0C33448AB991FAA1F195FAA5F5BF
S214026C304A082D0F490042EAC57201F0020480F8A4
S214026C402740C0E92723F0BDAA25D4E7024AF6E783
S214026C50E0F5030036FC1000B756351230B547F69D
S214026C60FE74174BC3F83042D0F8A05004EA45042D
S214026C70144DC5F830420F245C66CC071ED5EAB91F
S214026C8001246C664FF0FF34C3F80441D0F89C50E0
S214026C900C4CC4F804514FF0F045C3F8105190F86C
S214026CA02730DB062B40C4F8103132B1436C022287
S214026CB019604FF03A43C3F8F42030BD0224E0E7EF
S214026CC0006001B8005001B813B590F825300446AC
S214026CD0033BDBB2072B96BF104A0021D15CFEF7BE
S214026CE027FD012001F0E4F84FF4F0620C4BDA6461
S214026CF04FF40072A3F58053DA6494F82530053B0E
S214026D00012B08D80421074B01229B6E0DEB0100D4
S214026D10019300F0FDFA02B010BD00BFD8F50300E3
S214026D20006000B8004001B8012310B580F81631A3
S214026D302823C0F8FC300423044680F82530044B90
S214026D40196812F0C0FE2046FFF7BEFF002010BDF5
S214026D5024F60300012310B580F816312823C0F864
S214026D60FC300223044680F82530044B196812F0E2
S214026D70AAFE2046FFF7A8FF002010BD28F6030053
S214026D80012910B5044604D90239012915D90E2065
S214026D9012E00C4B19680523012284F816214FF4E1
S214026DA0BC7284F82530C4F8FC20204612F08BFE14
S214026DB02046FFF789FF002010BD034B1968062303
S214026DC0EAE700BF20F603001CF60300012310B515
S214026DD080F816314FF4BC73C0F8FC300823044622
S214026DE080F82530044B196812F06DFE2046FFF736
S214026DF06BFF002010BD00BF18F6030038B5184B15
S214026E0004461D6845B1EB6833B1286801F07EFC84
S214026E10AB68186801F07AFC124B1B682BB1DA6873
S214026E201AB19B68186801F071FC0F4B1B682BB1F6
S214026E30DA681AB19B68186801F068FC0B4B1B688D
S214026E402BB1DA681AB19B68186801F05FFC20461D
S214026E50FFF780FF2046BDE83840FFF735BF00BF8A
S214026E6028F6030024F6030020F603001CF60300AF
S214026E70F8B5D0F8343104468B420D46164603D197
S214026E8090F83031202B0ED0324629462046FFF7A6
S214026E90ABFE202384F830310023C4F83451C4F802
S214026EA03831FFF7A7F84FF00077074B32461F64DA
S214026EB029462046FFF7D2FE8022044B1A6103F5CC
S214026EC000531F64F8BD00BF001002B8000002B8ED
S214026ED010B50724144BDC6331B94FF48041A3F597
S214026EE08053C3F8041115E04421104B596310492E
S214026EF0096891F8251007291CBF40F040009863E6
S214026F0001230C484FF48041C363074B002AE8D0A4
S214026F10C0F804114FF48042C3F80821C3F80C21CC
S214026F20C3F8102110BD00BF006000B8004000B8D2
S214026F3094220020005000B8034BD3F8F80780F0E4
S214026F400070C0F340607047000002B810B590F8B9
S214026F502500A0B1304BD3F8BC2012F0060F01D0AA
S214026F6004280DD94FF470622C4BDA604FF480720D
S214026F70A3F58053DA600022274BC3F8B82010BD71
S214026F8002F0020412F0040202D00B789B0637D4F9
S214026F90002C39D00B7803F00F03072B34D14B7833
S214026FA0022B31D98B7813F03E0F2DD0CC7814F00B
S214026FB0040F29D014F0010F0CBF04230A23A407E0
S214026FC048BF0633CB5CFBB1002A14BF0222012263
S214026FD0042840F6FF7003F01F0108BF490001397C
S214026FE040EA01310E4801654FF470600B49120207
S214026FF0C860A1F58051CA60074AC2F8B830BEE739
S214027000002CC7D18B7823B90023054A13650122C9
S214027010EAE70222DCE700BF003E00B0006000B8EC
S214027020004000B80A68064B12F0802F1CBF42F2DE
S2140270300101C3F82812C3F88822C3F88C227047CD
S214027040004001B8F0B585B06C460E460B4B0746BD
S21402705015460FCB84E80F00094BD3F8482200925E
S21402706026B16B1EDBB2FD2B88BF32602A46214654
S214027070384613F0A8F905B0F0BD00BFE8F50300E6
S2140270800080E00F30B50823054685B080B9094A6E
S214027090C2F8FC3351B96C46074B0FCB84E80F009D
S2140270A0064B2A4621461868FFF7CCFF05B030BDCE
S2140270B0034AEDE7001002B8F8F503009422002018
S2140270C0002002B84FF03A43D3F81421D2031ED55B
S2140270D04FF480320E49C1F81421A1F58051C1F84F
S2140270E018215A6DD1B2C2F30722C3F8A410C3F80E
S2140270F0A4200422C3F8A4200022C3F8A420C3F8C4
S214027100A420C3F8A420C3F8A420C3F8A420704780
S214027110002000BAF0220B4B01219A64A022A3F5AC
S21402712080539A644FF03A43426CC3F8F410FC2141
S214027130C3F8CC10C3F8D0204FF40052C3F8F020A6
S214027140704700BF006000B8F8B50D464FF03A44ED
S2140271501746064617F03FFA01230421074A6363DF
S214027160E76026616561C2F81411054AC2F88431E7
S21402717017F02CFA0DB102236363F8BD002000BAA3
S21402718000E100E02DE9F04105460124006800F028
S2140271900700063004FA00F3A868EC685E1EA042F8
S2140271A062D000EA060E6C6810441E430640A3EB4B
S2140271B00E000EEB040C8242644618D9D31A0EEB6C
S2140271C0030298B1431E052B04D94B1CACEB0303F8
S2140271D0022B59D80B460844ACEB010E03EB0E010A
S2140271E013F8014B83420C70F8D101466C688AB1E1
S2140271F0531E052B01F1010302D9E01A022812D808
S2140272000A44611E00E0013313F8010C934201F8B0
S214027210010FF8D117F0DFF90223AE60AB62BDE8CA
S214027220F04117F0D3B90B46204622F0030E8E44E7
S21402723053F804CB734540F804CBF9D122F003038C
S214027240D01A920701EB030C04EB0307E2D0CA5CE8
S2140272500128E254DED09CF8013002287B70D9D097
S2140272609CF80230BB70D5E7042A35D90878043A70
S214027270A86148780431A86111F8020CA86111F8D7
S214027280010CA861A8688CE70B4620F003070F44A0
S214027290ACEB010E1C684EF803400433BB42F9D136
S2140272A020F0030310F0030F01EB030EA0EB030420
S2140272B00CEB030728D011F80380012C0CF803808E
S2140272C022D09EF80130022C7B7018BF9EF8023046
S2140272D0084418BFBB7088E7013A032A12D8DFE8D1
S2140272E002F00F1507020B4613F8012B1946AA6186
S2140272F00A4612F8013BAB61114611F8013BAB613D
S2140273000B78AB61BDE8F08108446EE70A46F3E706
S21402731038B50B46154601464FF03A4468B101228D
S2140273201048C4F8F4201A46FFF72CFF25B14FF098
S2140273303A430422C3F8F42038BD73B1D4F8D820F7
S2140273409A4284BF0122C4F8F4204FF03A42C2F8AF
S214027350D4300223C2F8F430E8E70123C4F8F4304C
S214027360E4E700BFCC0000BA38B5044617F033F99C
S2140273704FF03A420121238F054651674BB3B3FAC9
S21402738083F3C3F11903DBB2A069C2F8B410C2F8E2
S2140273908C300723C2F89000C2F8B0304FF4A02316
S2140273A002F50052C2F81431A2F58052C2F8183122
S2140273B000220C4B1A600C4B1B6C5B0209D54FF477
S2140273C080020A4B04F1F8001A64D4F8901001F017
S2140273D0E9FA0023638707232846A387BDE83840D7
S2140273E017F0F4B824250020000002B8002002B8E6
S2140273F02DE9F84305460C46B1B1D0F81880078F40
S21402740017F0E9F8B5F83AC0791E01EA0C0323F042
S2140274100702032C0646DFF8F8E042445ED1DEF8A7
S214027420004024B917F0D2F80E20BDE8F88324F005
S2140274300104DEF8000020F00100A04253D1002330
S214027440CEF80030238894426FEA43436FEA5343F0
S21402745023803ED1AB8F08EB07091846083880B266
S21402746002F108044C4528BF4446082804D9B4F85B
S21402747000E0BEF5804F40D263440F431B1A3B40E8
S2140274809BB26B87A887947811884FF03A42C1F373
S2140274900C019165C2F89830C2F8B0004FF4802211
S2140274A0174B04F00704C3F814210122154BC3F846
S2140274B08421FFF707FE042C0BD14FF48002124BF7
S2140274C005F1F8001B6C114B1A64D5F8901001F008
S2140274D069FA304617F07AF80020A6E7601E0128FF
S2140274E098BF1446A5E7A88F4344E31A48BFDB19A2
S2140274F008389842A6DC304694E72246AEE700BF3C
S214027500002000BA00E100E0000002B8002002B845
S21402751024250020154B10B519688A8F4B8F088FCB
S21402752013440138073B8C69034023F007031C44CD
S21402753002F108034FF03A429BB28B87C2F8B03092
S2140275404FF480220A4BC3F814210122094BC3F8D8
S2140275508421A07800F00700042803D1064AD368E5
S2140275601B03FCD4054B1C6010BD00BF94220020F8
S214027570002000BA00E100E0000002B82425002046
S21402758010B5064C216839B1CB0703D4044B1868F2
S214027590FFF72EFF0023236010BD00BF2425002026
S2140275A0942200204FF480320C4B0D49C3F8182168
S2140275B04FF03A43C1F81421D3F8AC10D3F88C201C
S2140275C0012302F0070206329340C1F30C01083B86
S2140275D0994201D8FFF776BD704700BF002000BA77
S2140275E0001000BA2DE9F04780460C461646876919
S2140275F0058F16F0F0FFB8F83A2005F1FF3C02EAD4
S2140276000C0323F00701032C82463944B8F83C00E9
S21402761019D14A4C24689CB90244073A02EA0C0281
S21402762022F00702BC183B44E31A48BF5B198342A8
S21402763010DB504616F0CAFF00242046BDE8F0874D
S21402764024F00104EFE7012C02D0022CEBD108381B
S2140276500C46E8E7002E3FD08C4241D14FF03A422A
S214027660D2F858904FF03A41D1F8AC20B8F81270E0
S214027670C2F30C02934247DA2588B5F5804FD8D27A
S214027680A378C5F30C0503F007037A1EA5EB0905DC
S2140276903A43052B337005EA02052DD82DB2E8438E
S2140276A040F241420421C00FFDF75EFB7580E3788D
S2140276B03374D8F81C207B1E03EA0903D118B16084
S2140276C0A9B213FA85F5AF422FBF0023FF1AB7807F
S2140276D0F26024BFB180F360504616F077FFACE745
S2140276E0A4F10802974284BFED0802EBC502B2F885
S2140276F00090C9F30C09B5E7114B5B6D003B18BF50
S2140277000123A5EBC305C9E74B6D7A1EA3EB09035C
S2140277103A431A400B4915B2002DCB680BDCC3F373
S2140277200363D81E43424341DB0033708B6C728086
S2140277301B0A3374BDE70823F7E700BF24250020A1
S214027740004000B8000002B81022024B1A70FFF781
S21402775063B900BF922D0020054A1378102B04D07F
S21402776018B123EA010313707047FFF7EDBF00BF9D
S214027770922D002008B5134B1349D3F84C215B68B1
S21402778023F0404323F440031B0C1B048B4216D108
S2140277900E4B13400E4A93420CD10E4A0E4B9042A9
S2140277A008BF13461B1A584258410121FFF7D4FF5F
S2140277B0002008BD094A934201D1094AEEE7064B6A
S2140277C0F0E700BF0080E00F00001602007FF01F07
S2140277D000026000E17DF95F690345EC0004600089
S2140277E09839F49608B550B1064B1A88824206D2EA
S2140277F0002018800421FFF7AFFF002008BD0120FB
S214027800F8E700BFE027002010B5044612F087FF15
S21402781000B1A08A034BBDE8104018800020FFF795
S214027820E1BF00BFE027002010B5104CD4F84C3161
S2140278305B0004D401F038FE0221FFF78DFFD4F876
S2140278404C31591C0FD05A000DD4094B1878012818
S21402785009D9A0F1080358425841A822BDE81040B1
S2140278603121FDF781BA0120F7E700BF0080E00F63
S214027870922D0020024A137843F0080313707047D3
S214027880922D002038B5134D0446297819B92022C6
S214027890114813F059F86188104A23785180002164
S2140278A013700F4A022BC2F8CC104FF0FF010D4A9C
S2140278B00D4B11704FF007010C4A4FF00000C2F852
S2140278C0FC130CBF04220122C3F8FC2301232B70F5
S2140278D038BD00BF00290020E03F00B0722D002016
S2140278E0004001B8952D0020001002B8002002B812
S2140278F0034B1A6802609B8883800020704700BF93
S214027900722D002010B5044600F012FE064BD3F886
S214027910F83724B983F40033C3F3404010BDA31EE6
S21402792058425841FAE700BF000002B84FF63F72CD
S2140279300A4BD3F8FC37934206D0094AC3F3011325
S2140279401370E022074B1A7041F66A02064B1B6858
S214027950B3FBF2F3054A1360704700BF000002B89B
S214027960962D0020972D0020442500202825002053
S21402797020B1022804D1034B18787047024BFBE76C
S21402798000207047962D0020972D00202DE9F74FF6
S214027990D0F8A4204C21022A38BF0222064690F8CC
S2140279A024B16B48013A036AD0F8CC506948C3F355
S2140279B08213D9400368DFF8C0A19342DFF8BC9176
S2140279C0654BDFF8BC8101F0010116D11C788C42B0
S2140279D013D19AF800405C450FD1D6F8A84064B19E
S2140279E0AC420AD196F8295099F80040A54204D133
S2140279F0B8F8040003B0BDE8F08F98F800400260C3
S214027A0020461970FFF7B4FF002900F0888004238F
S214027A104FF07F4000255149C1F8B830504BC3F8AB
S214027A20B80096F829301B06C1F8B8304FF08051DE
S214027A304A4B2C04C3F8B41040F27121494B1B6820
S214027A40B3FBF1F319215343182BB3FBF1F173D8AF
S214027A50002C7BD0B4FA84F2C2F12002C2F10F03EA
S214027A60012B38BF0123D440A14201D2013B640856
S214027A706A1C03F01F0152008A403B4F121B9208F9
S214027A80C7F8B0201A0242EA03121343019305EB29
S214027A90052305EB0325354B40F6970218682B2184
S214027AA0003818BF0120FDF75FF9FA222F4B02FBC0
S214027AB004F01B6840F6FF72B0FBF3F00A2358434B
S214027AC02B4B00F57A74C3F8C420019AA3F58053B1
S214027AD0C3F8C420A3F58053C3F8CC50D3F8CC30F7
S214027AE000F58C50C7F8FC30C6F8A850214D14306B
S214027AF02C6002F03BF84FF47A72C7F8A400C7F87D
S214027B00F8002B68B4FBF2F0B3FBF2F3A8F80430EB
S214027B1096F829308AF800B089F800306AE7002C17
S214027B2014BF1025202596F82930834294BFED18FD
S214027B302D1805F0FF0579E7B1FA81F234B1B4FAEF
S214027B4084F3D21A002A89DC0F238DE70F238FE7EE
S214027B50004001B8402C002001290020001002B885
S214027B60002002B844250020003F00B0282500204F
S214027B70006001B82C250020942D0020932D0020B3
S214027B80722D002010B5114B01461B78104C0C2BA1
S214027B9002D1FF20207010BD184612F0A6FC024645
S214027BA01846FFF7E5FE884228BF0846C0B2904254
S214027BB038BF10462378C0B28342ECD0054B207003
S214027BC01868FFF7E3FE2078E5E700BF722D002075
S214027BD0952D00209422002010B50446FCF75CFE8A
S214027BE078B1154B1B786BB964B1144B1B784BB14B
S214027BF0134B1B78013B012B04D84FF40042114B68
S214027C00DA6410BD104BDB6C1B04FAD416F0E3FCEE
S214027C10044602F00BFE4FF400420C4B2046BDE831
S214027C201040DA6402220A4BC3F87C240422054B75
S214027C301A6416F0CBBC00BF0229002003290020DC
S214027C4030250020002002B8000002B8001002B85A
S214027C5000D003504FF48022014B9A64704700BF55
S214027C60005000B8F7B50646544C00F061FC0121FE
S214027C703A20EDF703FD524B2578524F1E7085BB16
S214027C802846FFF7A9FF2378013B012B19D8E37B8F
S214027C9001A88DF80430237C8DF80530EBF786FCBE
S214027CA0C7F87C544FF6FF72474BC3F88420F8227D
S214027CB0A3F58053C3F884200022424BC3F87C24E9
S214027CC00DE04FF6FF72404BC7F87C54C3F8842091
S214027CD0F822A3F58053C3F88420C7F87C543B4BA4
S214027CE05BE00020FFF778FF2378013B012B08D8E2
S214027CF0E37B01A88DF80430237C8DF80530EBF782
S214027D0055FC0023C7F87C34002ECBD062685AB3E9
S214027D102F4B1B6803EB5203B3FBF2F3013B1B0230
S214027D2043F0F80326782849022E2A4A1ED0032E4C
S214027D304FF6FF75234826D0012E38D143F00203B2
S214027D40C1F88450C2F884300723C0F87C34E37B41
S214027D5001A88DF80430237C8DF80530EBF7FAFB8A
S214027D600120FFF739FF17E0F823DBE74FF6FF7035
S214027D7043F00103C1F88400C2F884300622114B96
S214027D80C3F87C24E3E743F00503C1F88450C2F845
S214027D9084300423C0F87C340F4B4FF0804200201E
S214027DA0DA644FF480220B4B9A6403B0F0BDC1F83C
S214027DB08450C2F884300023ECE700BF3025002050
S214027DC00329002000C00350006000B8002002B85B
S214027DD044250020005000B8001002B8F0B52B4F22
S214027DE006463D4604460FCE0FC5336885B02B6067
S214027DF000F09EFB01213A20EDF740FC0022244BC6
S214027E00C3F87C24A17A627A42EA0142C3F8882443
S214027E10217CE27B42EA0142C3F88424217B627B16
S214027E2041EA0240C3F880043B78032B2AD8DFE8F5
S214027E3003F022020C178DF8041004218DF8052099
S214027E400DEB01000022EBF751FBE37B00228DF8DD
S214027E500830237C042102A88DF80930EBF746FB94
S214027E60637A01228DF80C30A37A042103A88DF8D8
S214027E700D30EBF73BFB074B187805B0BDE8F0403A
S214027E80FFF7F0BE212005B0F0BD00BF3025002070
S214027E9000C0035003290020034BDB6C002BBCBF41
S214027EA0024BC3F888007047000002B8004000B8D2
S214027EB04FF0006338B1064AD364064B4FF40032E3
S214027EC0C3F884207047044AD364044BF6E700BF25
S214027ED0001002B8005000B8002002B8006000B8D7
S214027EE02DE9F04700F07EFB4FF47A762D4BB0FB7F
S214027EF0F6F618604FF4FA73734307462A48190ECB
S214027F001B021818294A4FF0000341F1000103F042
S214027F1033FB274BA0F5807205461A6320B9482228
S214027F202B21FCF721FF01254FF47A724FF0000A4D
S214027F306A4353465008310203F01EFB1C4B1D4A8F
S214027F40B7F57A7F9A601C4B4FEA056819601B4B9F
S214027F508946044618604FEA152505D29B222B2136
S214027F605046FCF701FF01264FF47A73A8FB030183
S214027F7003FB05117308C01841F1000100233246C5
S214027F8003F0FAFA0E4B023419600E4B49F100095F
S214027F90A408186044EA8974054B013C9C63BDE85A
S214027FA0F08700BF4425002020A1070040420F00B2
S214027FB000C001B8021101005425002050250020FF
S214027FC04C250020482500201022044BC3F88421AB
S214027FD05A600122024BDA60704700BF00E100E0FF
S214027FE000C001B81022064BC3F88421C3F88420CF
S214027FF0BFF34F8FBFF36F8F0422024BDA607047D6
S21402800000E100E000C001B810B50446A242A2EBAF
S2140280100000A3EB010104D2034B01399B6B013331
S214028020184401F0030110BD00C001B838B501259F
S2140280300A4B02019D504FF480730446084A83405F
S214028040536616F0C8FA074AA540137823EA0503D2
S2140280501370BDE8384016F0B9BA00BF00E101B8A7
S21402806000E001B80C2900202DE9F84F1646054617
S2140280708A461F4616F0AFFA022E00F0918080461E
S21402808016F0B2FA5A4B5B4AD3F8209092F8914017
S2140280905A6EE4B2520744BFD3F82090013404F07B
S2140280A0030416F09CFA4846214600F013F984466B
S2140280B0DAF80000012E04BF01306044ACEB000C7D
S2140280C008BFCAF80000BCF1804F7DD300F014F957
S2140280D08145A1EB040188BF454BDFF838C188BF54
S2140280E001F1FF3101F0030188BF9B6BA0EB090E83
S2140280F00CF80510A1B1F90742BF41F61F723E4BBC
S2140281005A67BA0742BF3C4B3C4A5A677B0742BF94
S2140281100022374B9A673C0742BF0022344B9A65CF
S21402812011244FF0010A324B05F11002120103EB43
S214028130051BCBF80C0132499C501A6A0AFA05F460
S214028140586E0B78A2EB0902E4B2234372450B7019
S21402815025D34FF48073AB40034220D11CF8052090
S214028160002A40D10EB3274AF807536607D541F6D0
S2140281701F7140F20110204B596750675967B907C3
S21402818006D51D4B1D4A1F491F485A6748675A673E
S2140281907A0742BF01221D4B1A613B071AD440469A
S2140281A016F014FA0120BDE8F88F194A2D0142F89C
S2140281B005A042F89C3C16F00EFA11490B7823EA09
S2140281C004030B7016F002FA404616F0FFF9002080
S2140281D0BDE8F88F2120FFF75FFE4FF48032044B94
S2140281E04046DA60DCE7074A40465366D8E700BFF7
S2140281F000C001B8003E00B000E001B800001F1F3A
S2140282000C29002000D001B800000101000002B8CD
S21402821000E101B804290020024B1878003818BF84
S214028220012070470C290020034B1030000118581B
S21402823000F00100704700BF00C001B870B50646E6
S214028240FEF728FC044608B1FFF7CCFE00230A4DD1
S2140282503046AB61EB612B6200F04EF8074BC9B2B9
S21402826083F8911028622CB1FFF7AEFE4FF08062C1
S214028270034B1A64002070BD00C001B8003E00B077
S214028280002002B838B516F0AFF9084B084A1D6A46
S21402829092F891405A6EE4B2520744BF1D6A013406
S2140282A016F09DF9284604F0030138BD00C001B857
S2140282B0003E00B00346064A103302EB00111B01D3
S2140282C0D1F80C01D158C1F3400112F02CB900BF0D
S2140282D000C001B8064B1B68434303EB8171054B94
S2140282E01B68A3FB003013F1004341EB000070470C
S2140282F04C250020482500200C4A20F04043014629
S21402830010B5002014684FF00042E4FB0320084A30
S214028310890F126802FB0300064B9B6B984204D936
S21402832001330131C01A01F0030110BD50250020AF
S2140283305425002000C001B8044B01F0F071103043
S21402834041F0030100011950704700BF00C001B898
S21402835008B52220FFF7A0FD4FF48022014BDA6019
S21402836008BD00BF00C001B870B51646054600B38A
S214028370F9B1F2B14268104B006803321B689208EA
S21402838000F130409847044688B9EA68A868033284
S2140283903146920800F1304012F0E5F8044630B952
S2140283A0D5E90402214600F1304012F0CDFA20460B
S2140283B070BD2124FBE700BF482C002070B50C6876
S2140283C0651C15D0C4F302669E42C4F3074530D13D
S2140283D0A4B294422DD804EB8506B24229D2141BCD
S2140283E0A50824F003040E59340F04D0012C08D03B
S2140283F00022212402E06B1C51F82320C0E900244D
S21402840070BD0E4C34F8133042EA03431A686B1CF4
S21402841051F8234001EB83014B6822405E4036F060
S214028420704404D11B0F032B04BF8B681A4300242D
S214028430E4E7013501EB8501C1E700BF10F6030052
S21402844007B501A8EEF7D4F89DF80530022B02BF57
S21402845040220B4BC3F8FC23C8220A4B5A650A4B30
S2140284600A4AD3F86032DBB2FF2B08BF03239B0015
S21402847043F47F53C2F8F83303B05DF804FB00BF41
S214028480001002B8008001B80080E00F000002B8B9
S2140284900022012108B51E4B1A645A649A641D4ACA
S2140284A0516102219162DA68C2F303620D2A01D099
S2140284B0002AF8D1112218499A631848184AFFF779
S2140284C053FF01F0ADFC174A93685BB9164A9368EE
S2140284D09BB94FF080620F4B5A61012203F580531D
S2140284E05A6108BD1149D268096803F13043032A6C
S2140284F0ECD943F8041B043AF9E70C49D268096838
S21402850003F13043032AE4D943F8041B043AF9E79B
S214028510000002B8001002B890F6030074F60300DA
S2140285208CF603005CF6030044F603005C2C002085
S214028530012341F6FF710D4AC2F8803291660C4A59
S21402854053600C4A53600C4A5360A2F58042536053
S214028550A2F54042536002F5C032536002F58042F3
S2140285605360A2F500425360704700BF009000506F
S21402857000D000B8001000BA005001B838B5032485
S214028580FFF7D6FF114A124B124DDA64FFF758FF77
S214028590114BC3F8E0400123EB6401F083FA4FF479
S2140285A060736B614FF40073EB6411F024FF0021DB
S2140285B0FEF768FD8022094B1C64A3F580535C64B9
S2140285C0074BC3F884215A6038BD00BF0048F0004C
S2140285D0000002B8001002B8005001B800A002B8AD
S2140285E000E100E008B514F0C1FE044B1B6FC3F3B4
S2140285F000430133B0FBF3F008BD00BF008000501B
S2140286002DE9F04F044687B00290894659F8043B9C
S2140286105A1C06D12360029BE01A801007B0BDE800
S214028620F08F3748C3F301615FEA137B30F811001D
S21402863008BFC3F307429BB218BF012243EA0040B9
S21402864011F09AFF4FEAC20A05460AF104032D48C2
S214028650234483421BD807230127C846CB4003F096
S214028660010301939300049307FA0BF705EB8203C9
S214028670039307F0940304F108060593039B08F19D
S2140286800408AB4208D1049954444944BDE71E4B42
S2140286909C42E0D80020C1E7059B53B917F0420F71
S2140286A019D117F0280F0BD146F8085C58F8042C9D
S2140286B021E04FF4206232210020FCF755FBF3E75D
S2140286C040F6042232210198FCF74EFB05F5805253
S2140286D046F8082CEAE740F60D2232210198FCF70C
S2140286E043FB05F50052BBF1010F46F8082CDDD11D
S2140286F058F8042CD24346F8042C04350836BDE755
S21402870008F60300DF4F00B0E04F00B0F8B50646AB
S214028710E0B10024144B25461F46144953F8042B97
S214028720AAB91348314600EB8500FFF769FF30B956
S21402873040F6AE323621BDE8F840FCF715BB0D4BCD
S2140287400135281847F8246023F81400F8BDB24211
S214028750FCD001340C2C02D031F81450DEE740F67F
S214028760C83236210020E6E758250020E027002000
S214028770404000B0E227002070B5044698B1B1B17F
S2140287803A4A52F8043B834213D10023384A116C0A
S214028790C907FCD4374800EB830011F0EDFE364BD8
S2140287A0106001221A6470BD01330C2B02D1334DC6
S2140287B02CE0012352F8041BA142F5D1304A32F8CC
S2140287C01330E3E7C2F3016335F81300110C93B2DA
S2140287D011F0FE0F43EA0043606820D00434CAB2A8
S2140287E0022A216808D9D4E90160033AC3E90016CF
S2140287F098600C340C33F3E704D16268C3E90012C4
S214028800083403E0012A01D1043419602268531C9B
S214028810D8D10022164B1A6003F58053C1E7120F17
S214028820072AEDD8DFE802F00704090D1013181D19
S214028830C04303F500531860E2E71A6842401A6024
S214028840DEE703F58053F6E711F062FED8E7012271
S21402885003F580538240F2E7012203F5005382407B
S214028860EDE71A6830EA0202FBD1C9E75825002074
S21402887000C002B8404000B000D002B810F60300B4
S214028880E02700200122014BDA647047001002B88C
S2140288900122014BDA647047002002B84022014BE5
S2140288A0DA647047002002B84022014BDA6470474F
S2140288B0001002B8064BDB68C3F30363984206D186
S2140288C0044A936E23F0F00343EA0111916670475F
S2140288D0000002B8003F00B02DE9F743064611F04B
S2140288E010FE00248046DFF8909015F074FE0DF11D
S2140288F0070105460DF10600FEF760F99DF8063001
S2140289008BB9721C29D011F0FCFDA0EB0804284696
S21402891015F05CFE9DF8063013B99DF807303BB3A0
S214028920A642E2D824E0D9F80C3013F4603FE8D02F
S214028930D9F8180011F073FE731C074603D011F025
S214028940E0FDA0EB0804284615F040FE17F5007F70
S214028950E0D0384603B0BDE8F083284615F036FE70
S2140289609DF80630002BC0D19DF80730002BBCD1F5
S214028970004FEEE700FEFFFF00C000B80122024BE8
S21402898098611A61704700BF000001B8044BD3F823
S214028990AC3010B1C3F30332027003F00F0070471D
S2140289A0000002B8094B01F080011B6C03F480033F
S2140289B00B4309D14FF40012054B1A62837F1BB199
S2140289C00122044BC3F80021704700BF000002B822
S2140289D0006001B8005001B810B515F0FCFD084B58
S2140289E004461B683BB1984728B1002200204FF48A
S2140289F0806101F035FB2046BDE8104015F0E6BD6B
S214028A00882500204FF604014FF60502044B01208C
S214028A101B6C9BB28B4208BF1346024A1366704712
S214028A200080E00F00C001B8074BD3F8483203F0CD
S214028A300303012B03D0022B03D00020704715F04E
S214028A40BFBD14F0D7BC00BF008000502DE9F74F21
S214028A5081460F464FF0FF35FFF714FC00260190C3
S214028A608A462C463046DFF8D8B006F110031B01C2
S214028A705BF8033003F00308B8F1010F15D1304656
S214028A80FFF718FC02460B4601985146FFF7BCFA60
S214028A90DBF8643006F10802D340DB0739D5002F35
S214028AA040D000252C463E6040460136082EDCD1DA
S214028AB060B3234A0027D2F808C0916B0CF4403307
S214028AC00131A4FB0141641941F10001B3F5003FF5
S214028AD030D1536B0CF4405C013347F10006BCF511
S214028AE0805F22D1156B15F5807505FB06F647F1FA
S214028AF0000203FB0266A5FB03323244594304FB21
S214028B000212A3FB04341444C9E9003403B0BDE8DE
S214028B10F08FA84271EB0403C6D207B13E60054649
S214028B200C46C1E73D463C46BEE7320242EA1362C5
S214028B301B02E3E7136B13F5807347F10002DDE7D0
S214028B4000C001B8F8B5062011F0FEFC044611F08C
S214028B50D8FC42F21073041B9C42054618D94FF00B
S214028B6080624F240B4B1A6441F26F770A4E0BE079
S214028B7011F0C7FC401BB8424FF4837221468CBFEB
S214028B8000200120FCF7F0F8336C5B01F0D5F8BD4D
S214028B901A24E9E7002002B8000002B808B511F06E
S214028BA052FD0122054B93F88D3002335B00DBB297
S214028BB002FA03F3024A536108BD00BF003E00B04A
S214028BC0002000B8FF2870B505D1FF2931D0072054
S214028BD001292CD804E0FF2927D10B2827D8012108
S214028BE04D4B83F88C0083F88D104C4B5B689D05CB
S214028BF0C3F340223BD44FF038435A60484A506E83
S214028C00440205D5474B5B6803F00303022B13D1DE
S214028C1010F4001077D140F237121B21FCF7A4F8AB
S214028C2001223F4BC3F8482209E00B28D0D9212065
S214028C3068E001210720D3E70223C2F84832012266
S214028C40394B9A604FF038435A60DA60996A0807DF
S214028C50FCD11969C907F8D540F2FF32334B9A6145
S214028C605A614FF400722D4BC3F884215A602A4C85
S214028C7001213B20ECF702FD94F88D3094F88C200D
S214028C802B4943F44023063243F4106341F8223062
S214028C90284B1D68FFF7C8FE6E08ED070246002344
S214028CA02846314602F068FC090241EA1061C0F328
S214028CB0C05040EA4100204BE067186B10F5807008
S214028CC005D14FF4D6722B21FCF74EF8022002464D
S214028CD000230020012102F04FFCC4F88000FFF7B9
S214028CE0A3FE40F649435843000DFF2828BFFF2045
S214028CF0022838BF0220002184F89000012000F0EC
S214028D00E5FE002070BD0D4B586800F003000238E7
S214028D1018BF01207FE700BF003E00B000E100E080
S214028D200080005000000250001000B8002000B87A
S214028D30008003504425002000C001B800400250C5
S214028D4038B1064B93F88C00087093F88D30137088
S214028D50704707230B700123F9E700BF003E00B0FF
S214028D602DE9F34105460F4668461146FFF76EFEAB
S214028D700646B0B1AFB1DDE900321B0A43EA026330
S214028D80A5FB0384094B120A05FB02441A6812B9B2
S214028D90FFF728FC024600234046214602F0ECFB81
S214028DA03860304602B0BDE8F08100BF442500209E
S214028DB070B5FFF7C7FE0021022000F087FE11F013
S214028DC0A0FB04460F4D104ED5F8F4331B070BD507
S214028DD015F001FCBDE8704002220C4BDA6001225D
S214028DE00B4B1A7015F0F2BB11F08BFB001BB04256
S214028DF04FF405724FF045018CBF00200120FBF7AF
S214028E00B3FFE1E7000002B83F420F0000C001B81E
S214028E100D290020244938B50B78002B42D00122B8
S214028E20224C234894F88D3002335B0002FA03F595
S214028E30DBB29A40856142614FF400721D4BC3F863
S214028E40842100230B701C4B40F2C322186C39217C
S214028E50C0F38060FBF788FF4FF48041174B184A37
S214028E60C3F894100C2194F88D304B4303F1384329
S214028E705B6BD4F88410994202BFD2F86C31C4F806
S214028E808830D2F86431D4F8880008BFA4F892304B
S214028E90B4F8921000F0DCF8BDE838400121022058
S214028EA000F014BE38BD00BF0D290020003E00B001
S214028EB0002000B800E100E0000002B800E001B8BF
S214028EC000C001B810B50446FFF7AEFD6043044B80
S214028ED000F5F42000F59070B0FBF3F010BD00BF73
S214028EE040420F002DE9F74FFFF7ECFF0446FFF76D
S214028EF029FE15F070FB0021DFF84881054668461A
S214028F0088F80010FFF7A2FD4FF038431E6A03F5FB
S214028F100033DB68074613F0706F1BD1444B5B6966
S214028F2013F0060A16D1D8B1424B611D1868A1FB90
S214028F3000B9FFF779FD534602464946584602F005
S214028F401BFB009B090241EA106100029842019B4A
S214028F50994105D3284603B0BDE8F04F15F036BB5D
S214028F600021022000F0B2FD11F0CBFA8146DFF8B4
S214028F70D8B0DFF8D8A0DBF8F4331B0742D5002FB1
S214028F804FD0DDE90079FFF74FFD390A41EA096162
S214028F904FEA1923A0FB019700FB0377254B1A68BB
S214028FA012B9FFF71FFB024600233946484602F075
S214028FB0E3FA4FF00C0E844601211F4B013493F85E
S214028FC08D20361B931C0EFB02F25B00DFB21B48A1
S214028FD0664402F1384201FA07F747615663184EB3
S214028FE001FA03F3B3614FF03846366A526BA4EBCC
S214028FF00C04B21AA24214D283614761022000F026
S21402900065FDA7E711F07DFAA0EB0900504540F296
S2140290106A224FF045018CBF00200120FBF7A4FE18
S214029020A9E70222024BDA60012388F8003091E7B2
S21402903000C001B844250020003E00B0002000B861
S214029040001000B80D290020000002B83F420F00B1
S2140290502DE9F04F4FF00C0A0027B54A054692F864
S2140290608D4088460AFB04F303F138431F6392F8E7
S2140290708C20B04B87B0C3F8B4204FF40032AE4B0E
S21402908046461A610222A3F58053DA604FF038434F
S214029090AA4A1B6A92F82413AB46C9B2059192F803
S2140290A029130134C9B20491012104F0010482F8A3
S2140290B0247382F82973A21C0AFB04F4500001FAF6
S2140290C000F003F1FF390290019004F13844A3EB5B
S2140290D00903002B40F3FE800137022F63D9F422E6
S2140290E00D210020FBF740FE4FF080539449934A2F
S2140290F04B66059B934C03F0F00382F82433049BE3
S21402910003F0F00382F82933894A4FF40033C4F897
S2140291106CB1C2E9219BC4F86461A2F89260002691
S2140291200B61844BC3F8B4600C2392F88D205A432B
S21402913002F13842166315F04EFA334632464FF4C1
S214029140807E276AD4F864C003F1100109016158D1
S21402915001F00301012910D10EFA03F111EA0C0FF6
S2140291600BD104EB0316BD42D6F80C6100F2D9808F
S214029170B54202D2B74280F0D7800133082BE3D142
S214029180714D2C68012C40F2E5803AB16849B1F87D
S2140291908E301343A1F88E30674B5A6607B0BDE88F
S2140291A0F04F15F013BA4FF0000B614E96F88D3063
S2140291B00AFB03F303F13843C3F830B015F00BFA99
S2140291C04FF080515E4B039059664FF0384396F845
S2140291D08D201B6A00920AFB02F203F1010902F1DA
S2140291E03842C2F83490544A02331167C4F830B099
S2140291F0029A6363554B53485A61019AA3F580530A
S2140292009A61016B8368DB0340F18880D6F884306C
S214029210F26FA9EB0303A3FB022CD6F8803001F50C
S2140292208071ACFB0360A2FB03E39B19A1FB03E680
S21402923040F1000001FB0066B2EB0E026CEB060684
S214029240120A42EA06624244B2EB112F4FEA112694
S21402925003D3013340F10000921B043E964228BF1E
S21402926016463849324A8E6192F89120D1F820C0CB
S214029270EB18D2B2896B40F10000654584BF02F15B
S214029280FF32D2B2B1F1FF3F0ED04FF0000E01F125
S214029290010C99427EEB000B08D20132B3EB0C03B1
S2140292A0D2B260F10000F4E70244D2B29B462049F3
S2140292B0244B02F0030281F89120C3F820B0022268
S2140292C0009B03980AFB03F303F138431A632263F5
S2140292D015F07CF94FF038431B6A009315F07BF9C2
S2140292E01B490A6922F004020A6130BF4FF080511E
S2140292F0019B164A936102F5E032116700221021A3
S21402930022630E4AC2F8841115F060F90D4A009BDA
S214029310526E12F0805F3FF4DAAEE5E64646AB46A2
S214029320CDE7B542BFF426AF11438AB225E700BFA8
S214029330003E00B00080035000D001B800E100E01B
S21402934000E001B800C001B8F0240020002000B8F8
S21402935000ED00E011490B78142B01BF0023104EDC
S2140293600B7033700B7801330B70002A3FF416AF84
S2140293700C4EB6F88E301343A6F88E300A4B5A6659
S214029380074A13780133DBB2022B13707FF406AF61
S214029390002301342C600B701370FFE60F290020A7
S2140293A00E290020003E00B000D001B84FF0005257
S2140293B0014B1A60704700BF00E100E04FF0005218
S2140293C0034BC3F88020BFF34F8FBFF36F8F7047F6
S2140293D000E100E037B50446FFF7AAF801213A207B
S2140293E0ECF74CF9E17822791B4841EA0243C0F8CF
S2140293F0DC34E579A37943EA0543C0F8E034237800
S2140294004BB18DF8041004218DF805200DEB0100F8
S2140294100022EAF76BF863785BB10421A379002295
S2140294208DF80430E3790DEB01008DF80530EAF78C
S2140294305DF8227801235AB1084AC2F8D834627815
S21402944002233AB1054A0020C2F8D83403B030BD30
S214029450034AF2E7024AF6E700C0035000D0035080
S21402946000E003500C4A10B5D2F84C3154680B4A4F
S2140294700B49944201EA030106D103F4FE43B3F515
S214029480807F08BF41F4A061064811F0E5F8214646
S214029490BDE8104011F0E0B80080E00F140015019E
S2140294A0E0FFF01FCF13468B2DE9F84F044610B9A4
S2140294B00020BDE8F88F00F11703B3F5002FF7D2AE
S2140294C01E4A002390461E4F3D789D4218D800261D
S2140294D04FF0240AFFF7C6FF216811F0E3F861682F
S2140294E011F0E0F8D4F80C90B14511D1236983420B
S2140294F0DED1062D08D048F8254001353D7003E040
S21402950052F8041BA14201D10120D2E70133DCE765
S2140295100AFB06F3A26812EB030B0CD00BF1230135
S214029520B1F5002F07D2D15811F0BCF804220BEB8C
S214029530020111F0ACF80136D6E700BF8C250020F8
S21402954010290020F8B50B46002213F8044B94426B
S21402955025D91D68854224D106245A791D79124BD5
S21402956088181E6804FB0503104F33F8063C7B433D
S214029570B3420ED900238A5A7A43964202D804FB93
S2140295800300F8BD9D42FAD9013304FB03F2825A66
S214029590F2E740F244423D210020FBF7E5FB0020C3
S2140295A0EFE708330132D2E7A425002040420F003D
S2140295B000202DE9F84FA2FB018BC74EC74F18EBD0
S2140295C0060699466BF10003B74270EB030307D217
S2140295D040F23E220E21FBF7C7FB0220BDE8F88FC1
S2140295E0D9F814A00C461546BAF1000F04D0DAF8E2
S2140295F00030032B00F21B81B94BBA4A9F6BA3F5CE
S2140296008043D3F8EC30C7F314075E00B64B48BF6E
S21402961047F400171B6ED2F8FCA058074EBF4FF453
S21402962040039B0503F0E0731F43B04BD3F8E430CE
S214029630990748BF47F0807747EA456713F0D0FEA0
S214029640012D0646C9D10028C7D0A94B984200F082
S214029650FD8003F5122303F5F863984200F05A8161
S214029660A44B984200F0A781002502462B46002014
S2140296704FF0007101F080FF2B46013008FB03F328
S214029680C7F3130100FB0B33A1FB0662A8FB0080A5
S21402969001FB0522034420339B09C9F80030F60C6F
S2140296A0954B46EA4236FA021C6058BF7642934B06
S2140296B0934D34441E602C60BAF1000F00F008810E
S2140296C0FB014FF000038F49C7F381528A5C1946AB
S2140296D048BF6408002EB8BF764292066008C2FBF6
S2140296E00601224601F048FFDAF800100E2908D9D2
S2140296F07D4B7B4A926BDE69D3F80C31F60600F19D
S2140297002881C0F3130017F40017C9F8040014BF29
S214029710C42040F207107C4ADAF81860A2FB04C2A2
S2140297204FEA521200FB02F24FF4FA73B2FBF6F261
S21402973018BF002702FB03F3A4FB00C0FA33A3FB07
S214029740063604FB07006345864138BF0132D2B2B3
S21402975042F4006CC9F808C0002A00F0BB80DAF8B0
S2140297601C70A2FB070624B1B4FA84F30E2B40F356
S214029770D880E303002E40F0D180B3FBF0F67000F1
S21402978000FB0220A0FB07834FEA044EC6454FEAC1
S214029790144474EB030309D352001044A7FB00835E
S2140297A0C64574EB030306F10106F6D2C6F30E03B2
S2140297B04CEA033C4CF000630629C9F8083049D944
S2140297C0DAF83030002B45D00023C9F80C30C9F83F
S2140297D0103013F005FEDAF83010FFF7B3FE044639
S2140297E018B18378002B40F0CC8013F0B9FDDAF87C
S2140297F03010FFF7A7FE0446002869D08378002BB6
S21402980066D040794FF4AE62003818BF01203D2181
S214029810FBF7AAFA207940F2715200384FF03D0168
S21402982018BF0120FBF7A0FA237962794BE0042BDC
S214029830DAF828707FF402AFFB014CBF4FF4400306
S21402984007F0E07327F0E0771F43F7E600232F4880
S2140298501D4613E713F0C4FD2C68002C00F0AF8001
S214029860B4FA84F3D3F1020358BFDC40284B9C427F
S21402987088BF6408002875D0B4FBF0F3642100FBAF
S214029880134201FB02F2904203F1FF3200F2A6807D
S2140298905D085308013D1B0243EA0515C9F80C5042
S2140298A013F064FD002800F09080B4FBF0F264210F
S2140298B000FB124401FB04F4A04200F28D80531E0A
S2140298C052085B08013A1B0243EA0213C9F8103039
S2140298D0002083E6212081E6006CCA88807C814ACB
S2140298E0008001B8004F00B0004001B8000002B886
S2140298F000F04902005A6202AC250020A82500208A
S214029900A42500202CF60300D34D62100A3BB2DFDA
S2140299103FBE4025002335481D46AFE610460026CA
S21402992030E7C3F10F0E03F1110806FA08F820FA21
S2140299300EF040EA0800AEF1200826FA08F840EADF
S214029940080026FA0EFE013004FA03F34EF1000672
S21402995010E702F4801203F400131A4308BFC0F59E
S2140299608010CEE6631EA51E5B086D08013B2D0225
S21402997045EA031540F2C2422B210020FBF7F4F918
S2140299808CE7407940F25552003818BF01203D213D
S214029990FBF7EAF9207940F25652003818BF012048
S2140299A03D21FBF7E1F9237962791B0243EA0213B0
S2140299B0C9F80C3019E700230D481D465EE66FF025
S2140299C01F0500287FF46AAFD4E740F2E5422B2158
S2140299D0FBF7CAF9621E72E71446FBE79D1E6D0886
S2140299E05308013B2D0245EA031557E7313641DCA1
S2140299F0D694BFD610B5044686B059B9214B4168F5
S214029A00D3F8FC30827A2048059300686B46FFF74D
S214029A10CFFD69461D4B0A685A631A4BD3F8FC30D1
S214029A2033B34B6843B11A4B1A4AC3F80C214A683F
S214029A30A3F58053C3F80C218B6843B1144B164A26
S214029A40C3F8EC208A68A3F58053C3F8EC20134AC7
S214029A50C868D2F8743123F4EE630343C2F8743153
S214029A60D2F86C31096923F4EE630B43C2F86C3109
S214029A70002022890A4B9A6203F5A033186406B0C6
S214029A8010BD00BF004F00B094220020008001B835
S214029A90006001B8FFFF0F00FFF8FF0F000002B8DA
S214029AA0004000B8064B9A6E920607D55B6E002BF6
S214029AB04FF48043B4BF034A034AD364002070477E
S214029AC000800050002002B8001002B8064B1A6C44
S214029AD09207FCD4022240EA01205860034B1A6423
S214029AE00122034B1A70704700C002B800D002B8B9
S214029AF01129002040B10368012B05D90069034BE8
S214029B00002808BF184670470048704734F603001E
S214029B1010B590B10468012C0FD902696AB11168B8
S214029B20094B102C196051685960916888BFD26839
S214029B30996094BFD960DA6010BD102200210248F5
S214029B4010F002FFF8E700BFB4250020064B586E5F
S214029B505B6AC0F30112000C02FB000003F01F0355
S214029B6001331844704700BF004001B8084BC117C4
S214029B701A68A2FB000302FB013310F1807043F166
S214029B800003400E40EAC310803820EAE0707047B7
S214029B90C42500200722194B70B5DA63184B194A00
S214029BA01D68194BEC08E005C0184FEA153141F163
S214029BB00001002301F0E0FC144B154E1860154816
S214029BC0FFF7D4FF4042C6F8DC0049F65800FFF71C
S214029BD0CDFFC6F8A8001048FEF78EFB024660B11D
S214029BE0E301500818184FEA15714FF0000341F1CF
S214029BF0000101F0C1FCC6F8B40070BD000002B856
S214029C004425002065CD1D00B2E60E00C4250020C6
S214029C10003F00B07011010040420F0010B504462C
S214029C2098B10B4BD3F8FC00FFF772FF4FF47A7330
S214029C3003FB04F0074BA0F57A60DA689B681044D1
S214029C40C01ABDE81040FFF791BF49F64040F8E75A
S214029C50004F00B0B42500202DE9F843054608461B
S214029C6014461E46FFF754FF05B306F0020716F029
S214029C7004061DD1D7B14FF47A706B685843002B97
S214029C8040F08C80FFF772FF20636B69002B00F0B8
S214029C908C804A4AD0684FF47A7202FB0300A0F521
S214029CA0FA50FFF763FFE062002E58D1BDE8F88352
S214029CB02869002869D04FF47A7358433F4BA0F5C1
S214029CC07A609B68C01AFFF751FFA062A88B002833
S214029CD05ED04FF47A735843384BA0F57A609B688F
S214029CE0C01AFFF743FFE061354BE968D3F80080FE
S214029CF0002950D04FF47A735943304BA1F57A615C
S214029D009A685B68891AC91A2E4BC8171A68DFF850
S214029D10BC90A2FB011302FB003311F1807143F1E8
S214029D200003490E41EAC3118039274B2162D3F85A
S214029D30C4306362D9F8003053B1404610F034FBA9
S214029D4030B12246D9F800301C49D8F8D8009847D6
S214029D500021A869FFF762FF6063002F8BD1A86815
S214029D6030BB47F23050FFF701FF60614FF47A7064
S214029D702B6858432BB1114B1B6803F51C53103349
S214029D801844FFF7F3FEA06190E749F640409AE7D1
S214029D9049F64040A5E749F64041B5E7074B1B6840
S214029DA003F51C53103318446CE747F2305078E73B
S214029DB04FF47A735843A0F5FA50D4E7B42500203E
S214029DC094220020C4250020003F00B0B0250020C9
S214029DD008B9FFF7BBBE034881420CBF2F20BC2048
S214029DE0704700BF48E8010038B5054608461C46DD
S214029DF010F0B1FB0246D5F8E400FFF77BFE43689D
S214029E00A018002B044AA8BF4FF4FA721A44034B58
S214029E1092FBF3F2104438BD0CFEFFFF18FCFFFF66
S214029E2070B588B06D46124C0FCC0FC594E80F0083
S214029E3085E80F00D82200210E4810F085FDAC22DE
S214029E4000210D4810F080FD202200210B4810F062
S214029E507BFD10F0BDFC0A4B1B783BB16D46044EF1
S214029E600FCD0FC695E80F0084E80F0008B070BD4E
S214029E70E03F00B07C3E00B0543F00B0E04F00B080
S214029E8000290020084BD3F84C31591C0AD05A003E
S214029E9008D4064B1878012804D9A0F108035842C2
S214029EA058417047012070470080E00F922D002035
S214029EB008B514F090FB0E4B1A78A2B90D4A126838
S214029EC012F4843F0FD10C4A1021D1641B7863B977
S214029ED0084B1B68DB0508D4074B2022DA64BDE872
S214029EE0084014F073BB054AEEE7044BF5E700BFE3
S214029EF017290020A00D0020002002B8001002B88A
S214029F000A4B197801F0FF0229B10021197008499D
S214029F109202C1F80421597801F0FF0229B100210A
S214029F2059709302024AC2F808317047122900207B
S214029F30005000B8064BD3F8F00E064B5B6C1A01C5
S214029F4003D4054B9B6E1B0401D500F58070704749
S214029F50003000B0000002B8004000B810B514F09F
S214029F603AFB0E2104460320FEF7A4FC40F201222F
S214029F70034B2046BDE81040DA6214F027BB00BF50
S214029F80004000B838B514F026FB4FF00043244CCE
S214029F900546C4F88030BFF34F8FBFF36F8F01239F
S214029FA0C4F88430BFF34F8FBFF36F8F0223C4F819
S214029FB08430BFF34F8FBFF36F8F0423C4F884300F
S214029FC0BFF34F8FBFF36F8F0823C4F88430BFF3FD
S214029FD04F8FBFF36F8FFFF7F1F91023C4F8843069
S214029FE0BFF34F8FBFF36F8F2023C4F88430BFF3C5
S214029FF04F8FBFF36F8F4023C4F88430BFF34F8F69
S21402A000BFF36F8F4FF48063C4F88430BFF34F8F73
S21402A010BFF36F8F2846BDE8384014F0D7BA00BFAA
S21402A02000E100E038B514F0D6FA05464FF00043DA
S21402A0300A4C236001236360042363600823636081
S21402A040FFF7B4F910236360202363604023636044
S21402A0502846BDE8384014F0B9BA00BF00E100E077
S21402A060012370B5074C2370074B1E68074B32401E
S21402A070D3E9005319402840FCF7D8F9002323708F
S21402A08070BD00BF15290020CC250020A00D0020A1
S21402A0900022044B1A70044B197811B11A70FFF79C
S21402A0A007BF704716290020172900202DE9F04720
S21402A0B0DDF820A003EA0108099B06460D4602EADF
S21402A0C0000703EA0A09BAF1000F40F05281031FA3
S21402A0D00B4300F01281052871F1000380F0E8803E
S21402A0E050EA010300F07881431E0B4300F02881FA
S21402A0F0FFF748FFB94AD2E9004323EA050324EAF8
S21402A10006043C4343EA0807B54BC2E900471E680B
S21402A11026EA0A0646EA09061E60FFF7C9FE14F09A
S21402A1202A4F14BF48F202034FF40043AD4AB00769
S21402A130D26EAD4848BF43F4005383EA020122EAD6
S21402A1400302C266A94A0B408166D366C4F3804204
S21402A1501203210348BF42F48072E30648BF42F46A
S21402A1600052A34BA50648BF42F400726006D3F81D
S21402A1700C3248BF42F48062210648BF42F40062B5
S21402A1809C4882EA030123EA0203C0F80C329A4B87
S21402A1900A4017F4007FC0F80812C3F80C22974B47
S21402A1A007F4007200F0048101224FF4802583F840
S21402A1B08820E30448BF45F48035A00348BF45F431
S21402A1C08015A10748BF45F4001514F4001FDFF8F8
S21402A1D0688206D0D8F8000010F01CFB08B945F4D7
S21402A1E00025E20248BF45F40035FB06844B48BF13
S21402A1F045F480051A6A834985EA020323F00103BF
S21402A2001A400A621D40CB617F4B16F0010F1D6299
S21402A2107E4B7F4A18BF1A467E4B7D071B6F48BF90
S21402A22042F000627C4882EA030123EA02030367E3
S21402A2307A4B0A4041661A67794A04F00103926C27
S21402A240A0F5803083EA020122EA03028264754A9C
S21402A2500B4041649364D8F80020200248BF724B3A
S21402A26092F8F62058BF714B610748BF43F48063EB
S21402A27022B114F4C06F18BF43F4807332074FF054
S21402A2803A42BDE8F047D2F8181148BF43F00043FF
S21402A29083EA010222F4A02265481140C0F8181190
S21402A2A01340C0F81421634AC2F81831FFF7BABE49
S21402A2B0A0F580630B4306D020F48063A3F50073F9
S21402A2C00B437FF415AF14F086F94449D1E9003206
S21402A2D023EA060322EA050242EA08023B43C1E9F0
S21402A2E00032554A126892F8F610514A09B313F42E
S21402A2F0C06F1ED04FF4807311E014F06CF9374A29
S21402A300D2E9003123F004033B4341EA080157EA4D
S21402A3100807C2E900314FF48063454A0BD0C2F801
S21402A3201431A2F58052C2F81831BDE8F04714F095
S21402A3304DB94FF48073C2F81831C2F81431F4E7FD
S21402A34014F049F9254AD2E9003123F001033B43D0
S21402A35041EA0801C2E900310123384A57EA0807F0
S21402A3601BBF5364A2F580529364936408BF536480
S21402A370DBE750EA01037FF4BBAEBAF1010F7FF4CC
S21402A380B7AE14F028F9164A136823F0010343EA1D
S21402A390090313604FF480631F4AB9F1000F04D01B
S21402A3A05366A2F580521367BFE713675366BCE78E
S21402A3B093F8881071B183F88820214BD3F8A41043
S21402A3C003F50053C3F8A410C3F8A0104FF05023AF
S21402A3D0C3F8A4200025ECE6BDE8F087A00D002017
S21402A3E0CC250020004000B8006000B8005000B83D
S21402A3F0004001B8006001B8005001B8003F00B04C
S21402A400000002B8002002B8001002B8041C0003C4
S21402A4100418000300C001B800E001B800D001B87B
S21402A42000C000B800D000B80D0A0A09090A0A09D5
S21402A430002000BA001000BA9422002000E000B803
S21402A44000400050024B5868C0F3C000704700BF7F
S21402A450A00D0020024B186800F00100704700BFF4
S21402A460A00D0020024B5868C0F3C030704700BFF2
S21402A470A00D002010B50446FEF780F8FFF782FD17
S21402A4802046FCF747FEFEF703F8FDF729FDFDF729
S21402A4909BFDFFF77FFB13490723134AD1F8FC10F5
S21402A4A004F1F800FFF7D8FB4FF080710020FDF7AB
S21402A4B043FF4FF000720D4B4FF400110120C3F81A
S21402A4C00021FDF739FFFEF79DFA20B940F29232DD
S21402A4D01421FAF749FC10F079F9BDE81040012082
S21402A4E0FDF7C0BB004F00B0A43F00B000D001B8DB
S21402A4F08023074A1364082340B11364054AD2F83E
S21402A500C83E23F02003C2F8C83E7047024AF4E76A
S21402A510001002B8003000B0002002B810B514F0E7
S21402A5205AF8012104460020FFF7E2FF044B1961A6
S21402A530044B5B6898472046BDE8104014F046B8C6
S21402A540000002B8302C00202DE9F04182B01446FB
S21402A5500646FFF7A7FAFCF79DFA002800F0B5803A
S21402A5605E4B5D6915F0060540F0AF8014F033F8D7
S21402A57023790095022B05464ED1237B022B39D038
S21402A5800320FDF751FE20B9554BDB685B0440F112
S21402A5909E80A37B94F80C80003B18BF0123A26820
S21402A5A05049B8F1010F01920B7074D000234E4A45
S21402A5B04E4E13703278002A79D10420FDF736FD0C
S21402A5C00420464F42467B6F0DEB000123F0F85302
S21402A5D023F4F81343F0506343F480337B6702237B
S21402A5E0FDF742FD0446002865D001213022404B8B
S21402A5F03170DA643F4E336898472128044604D106
S21402A60001210020736898470024284613F0DEFFD5
S21402A610204602B0BDE8F0810320FDF705FE0028C3
S21402A62055D12279D6F80031012A226830D0D01AC4
S21402A63000900020294B304A30495A679867637B5E
S21402A6402F4A23F040000028C3F380130B700CBF80
S21402A6500123002313702B4B2A4AD3F8C83E4FF02F
S21402A66003000CBF43F0200323F02003C2F8C83EC9
S21402A670FDF7DCFC194B244A03205A67694601237E
S21402A6802279FDF7F1FC20B30122204B1A7074E701
S21402A6909A42CDD3CBE72379022B87D0009BD6F8FC
S21402A6A000114FF000080B44134401937EE7337009
S21402A6B0FFF7FEFB81E70320FDF7B8FC28460E4AAB
S21402A6C0124B7A671C7013F081FF0E24A0E728460F
S21402A6D0F9E7284613F07AFF212499E700C001B86B
S21402A6E0000002B81A290020162900201729002087
S21402A6F0001002B8302C00200000010118290020AA
S21402A70019290020003000B0010C01001429002095
S21402A7102DE9F3410D460024074613F05CFF214B5A
S21402A72006462046DFF88C801C70FFF7E1FE1E4BC3
S21402A730C8F87430C8F878406879431E58425841C1
S21402A740FBF7CAFD40F60143C8F878302A79296833
S21402A750012AD7F8083101D1994200D3CC1A042332
S21402A76003200DEB03010194FDF77EFC50B988220D
S21402A7700E4B30461A6413F029FF2124204602B0FD
S21402A780BDE8F0810A4D2B6898472128044604D17B
S21402A790012100206B6898470024304613F016FF0C
S21402A7A0ECE700BF1429002000000101002002B8D7
S21402A7B0302C002000C001B8F8B5194C05462078A8
S21402A7C040F2E442B0FA80F03E214009FAF7CCFAB1
S21402A7D055B9607840F2E442BDE8F840B0FA80F03D
S21402A7E03E214009FAF7C0BA4FF440660D4F0E4DAF
S21402A7F0D7F8043140F2E442C3F381232370C5F84C
S21402A800046160783E21B0FA80F04009FAF7ACFAAB
S21402A810D7F80831C3F381236370C5F80861F8BD21
S21402A82012290020004000B8006000B8F8B5084CB5
S21402A830084D236C0423084F2B64236C5B0300D45F
S21402A840F8BD042602203E640FF062FE2E64F4E792
S21402A850000002B8001002B8002002B8A82238B5DC
S21402A8601A4B1D6C03F500531A6410229A60A3F566
S21402A870804302F100521A675A66FFF741FB144BF7
S21402A8801B7813B90320FDF7D1FB0024114B9C67FC
S21402A890FFF7CCFF104A114BD2F8F01E0B40C2F85D
S21402A8A0F03E04220E4B1A640E4BAA06C3F8D040A2
S21402A8B008D503F580739B6FB3F5817F22BF802294
S21402A8C0024B1A61BDE83840FBF774BF000002B8BD
S21402A8D01429002000C001B8003000B0DF0000FFDD
S21402A8E0002002B8003E00B010B551B920B3154B97
S21402A8F0DB681B0E13F00E0F1ED1134B1B6CD90711
S21402A9001AD4FFF72BFB0F4C0020FEF73FF8032864
S21402A91001D0092805D1A36ADA07F5D4636CDB03F4
S21402A920F2D4FFF783FF0122084B5A6102229A6291
S21402A930042203F580531A644FF4C062044BDA62B1
S21402A94010BD00BF000002B800C002B8001002B876
S21402A950006001B808B503210920FDF7ABFF2022ED
S21402A960014B1A6108BD00BF000002B80D4A10B5BF
S21402A970D2F8A030D2F8A4100B40B3F1804F0CD31B
S21402A9804FF040400849094CC1F8A400D467C1F80A
S21402A990A0004FF48021064AD161034AC2F8A030D3
S21402A9A010BD00BF00400050006000500000FF01D4
S21402A9B0001002B838B5054613F00DFE0E4B0446DD
S21402A9C01868FCF7D1FC35B1FFF762FB2046BDE8FC
S21402A9D0384013F0FBBD094B1B78002BF6D0084B12
S21402A9E01D78002DF2D1FFF753FB2A464FF4804024
S21402A9F00021FFF735FBE9E7942200201629002004
S21402AA00152900202DE9F84F584B06460D461446E8
S21402AA101B6C002A40F0A68013F0A00F14BF4FF064
S21402AA2001094FF00009FBF7C5FEA0234FF0000A0C
S21402AA30DFF858810320C8F84030FDF7F7FA042003
S21402AA40FDF7F4FA4A4FFFF723FB4A4B4FF0040B8D
S21402AA507B67C7F878A0FFF7E9FE474B4FF4807193
S21402AA60D3F8C82E42F02002C3F8C82EFF22C8F838
S21402AA7008203E4A1161D3F8F02E40491140C3F82F
S21402AA80F01EC8F840B0C3F8D0AE7B6913F0060FCC
S21402AA9004D0FDF75DFC5846FDF7C8FAB9F1000F81
S21402AAA008D04FF40062364B1A644FF40042A3F506
S21402AAB0E0339A6666B1334BDB6C190701D4FFF7B5
S21402AAC04DFAFFF747FF0420FDF7B0FAFFF718FA32
S21402AAD0264B5A69D20743D5DA6812F0706FFBD15B
S21402AAE0294B2A4E2A4A3364936E23F0F003936668
S21402AAF015B12046FFF75EFFFFF7C4F908B1012340
S21402AB0073616CB31F4BDA6E03F500539A6603F556
S21402AB10D0331B6A1D4A23F00103D3611D4BD3F8C1
S21402AB200C1203F50053C3F8081203F50053D3F8CA
S21402AB30841003F5005399674FF03A43D3F818117F
S21402AB4003F50053C3F81411134B996C03F5005325
S21402AB505964124903F5803359664FF60843136465
S21402AB60BDE8F88F4FF000095DE700BF000002B8AD
S21402AB7000C001B800000101003000B0DF0000FF95
S21402AB80001002B8004000B810003000002002B8E2
S21402AB90003F00B0004001B800C000B85000002FCF
S21402ABA09D4B2DE9F04F9F6EDB6E85B01F409B4B91
S21402ABB09F664FF03A43D3F81451D3F818311D402C
S21402ABC0974BC3F81451974BD3F80822D3F80C329C
S21402ABD002EA0309944BC3F8089203F52043DA69A4
S21402ABE01B6A02EA0308914B08F47702DA61904B7B
S21402ABF0D3F80422D20605D4D3F80431C3F30016E0
S21402AC00DB0653D513F0E7FC8A4B5A695E6E1B6F60
S21402AC1012F0060F06EA0306874A26F0007314BFF0
S21402AC204FF0010A4FF0000A23F4006374075366DC
S21402AC3006D5824A92F891300133DBB282F891301F
S21402AC4013F0C4FC002F00F0E48017F4004300F079
S21402AC50D58013F0C0FC0146FFF76CF90446784B2A
S21402AC60D3F800B0DBF80020DBF800309A42FBD0C5
S21402AC70DBF800209A42FBD0FFF75CF9A04217D11E
S21402AC80084613F0A3FC6F4B1C606F4BD3F840B022
S21402AC901BF4E0520ED124F07F4424F0DF040CB9FA
S21402ACA0FFF7DCFD4FF0807B002414E0B246C9E7D4
S21402ACB00446D7E70192FFF7D1FD5C4B019A1BF4DD
S21402ACC080541A6440F09C801BF4806F0CBF4FF0D7
S21402ACD0805B4FF0806BB80715D55B4A5348126C01
S21402ACE002F460410164002900F08D80110400F135
S21402ACF08D8012F4005F0CBF4FF000524FF00062DE
S21402AD0000244BEA020BC7F340377F004F4A2A4023
S21402AD10002A4BD015F4206F0AD040F6A312062163
S21402AD200020FAF721F80020FFF744FE25F48025DC
S21402AD30EB0506D5FF213D4A4BF4C06B9160FFF749
S21402AD400DF915F0090F0BD040F6B81208210020B5
S21402AD50FAF70AF8FFF7FEFD4FF03A420121516377
S21402AD6015F0106F0CD040F6C11209210020F9F739
S21402AD70FBFFFFF7EFFD002211461046FCF7C8FA6C
S21402AD8015F4202F0AD040F6C91207210020F9F741
S21402AD90EBFF0020FFF70EFE25F48025E80301D521
S21402ADA0FCF700FC002DB8BF47F0080769070ED570
S21402ADB04FF03A42126B12F4005F4FF4005217BF84
S21402ADC0174923490A634BF4000B08BF0A636A0556
S21402ADD048BF4BF0040B15F48023019300F0A480C7
S21402ADE0FCF798FB0138062834D8DFE810F01A0181
S21402ADF01D011A0120012301260126019B4653E765
S21402AE004FF0804B50E74FF0007279E74FF0004268
S21402AE1076E7BB463C4679E7004000B8006000B8DB
S21402AE20002000BA004001B8006001B8002002B855
S21402AE3000E100E000C001B800E001B8003E00B04A
S21402AE40D4F50300C8250020000002B8090B0B89C0
S21402AE50001000BA40F6FA1203210020F9F784FF28
S21402AE604FF03A400121D0F88C20D0F8AC3002F0F6
S21402AE700702063201FA02F2C3F30C0CA2EB0C0232
S21402AE8092B2072A12D9774A126C53020ED4764B24
S21402AE90C26CC06E5B6D5BB102F007020632914077
S21402AEA0C0F30C00091A89B2072901D84BF4007BBB
S21402AEB06E4A1278002A37D04FF03A42D2F814215E
S21402AEC012F4A02F30D16A4A6A4912789AB9F2046B
S21402AED011D40A787AB14FEADB02674842EA447232
S21402AEE082F00102D0F8F00E02F00102520020FABF
S21402AEF002F2930718D10420FDF798F85F4A6048DB
S21402AF005067FFF7C5F85B490A784AB95D4A127876
S21402AF1032B15D4A5D4912680BEA02020A4201D169
S21402AF204BF4804B26F48056B9F1000F1DD019F46D
S21402AF30805F18BF4BF4802B19F4807F18BF4BF448
S21402AF40002B19F4005F18BF4BF0100B19F4007FAA
S21402AF5018BF4BF0200B19F4806F18BF4BF0400B54
S21402AF6019F4006F18BF4BF0800BB8F1000F3AD0FF
S21402AF7018F4802F18BF44F4007418F4803F18BFEA
S21402AF804BF4805B18F4801F18BF4BF4003B18F498
S21402AF90001F18BF4BF0020B18F4003F18BF4BF40B
S21402AFA0801B18F4800F18BF44F0100418F4002F0A
S21402AFB019D0314AD2F8C82E12F0C00F13D0294940
S21402AFC0CA68C2F30362032A01D0072A05D14A6C73
S21402AFD0D00602D48A6C110732D54FF400212C4ACF
S21402AFE028F40028D161002E00F01881320540F1C5
S21402AFF08A802848DFF88490C2782749002A51D0F0
S21402B0004FF40063013AD2B24B66C27032B9234A99
S21402B0101278C2B140F60141214A5167002200214E
S21402B0206EE04BF4803B1BE74BF4006B18E74BF4E7
S21402B030806B15E74BF4807B12E74BF0080B0FE7AB
S21402B0404BF4001BCFE7D9F8782012F4A05F15BFA7
S21402B0504FF4807240F60142C9F85820C9F87820A9
S21402B060DCE700BF000002B8004000B81729002045
S21402B0701629002019290020003000B000C001B8AF
S21402B0800000010118290020A00D0020088D0100F3
S21402B090002002B80429002000E001B8142900208C
S21402B0A000D001B80320FCF7C1FFD9F81420A34B47
S21402B0B012F0060F04BF41F61F72A149A14808BF4D
S21402B0C04A674FF400619E4A5166D9F8142012F07E
S21402B0D0060208BFC9F87820B3F88E2012F4006181
S21402B0E05DD022F40062A3F88E20027802F0FF09F7
S21402B0F0002A58D1FDF72CF9FFF7B0FB4A4620216B
S21402B1004BEA020B0C43B30009D52E20FCF7C4FE13
S21402B1104FF000518A4A44F0080411675166F0065F
S21402B12006D52B20FCF7B8FE1021854A116751661A
S21402B13016F0306F05D1F1045DD5BAF1000F00F0BC
S21402B140A780320111D52920FCF7A6FEFFF77AF96F
S21402B15048B17D4A7D487A494A66026700F5405002
S21402B160C068430422D444F0040416F0007A28D0BF
S21402B1700420FCF75BFF2720FCF78EFEFFF76EFB32
S21402B1804FF000716E4A5166714AD2F8F01E4906B7
S21402B19078D4704A0221916044F0020428E00278D2
S21402B1A04FF40052ACE74FF4004238E70A6720201B
S21402B1B04A66FCF771FE2D2044F00C04FCF76CFE88
S21402B1C0D3E716F0807FDFF8909146D00420FCF794
S21402B1D02DFF2820FCF760FED9F87820002A39D106
S21402B1E0FFF73CFB564A584944F001041167516682
S21402B1F00021594A9165320405D5584A126890478B
S21402B2004BEA000B0C43730508D555498A78002A89
S21402B21000F08E80013A8A70002217433A4658465A
S21402B2202146FEF71DFF019B0BB1FCF7A9F901228F
S21402B2304C4B05F00435C3F814514B4B18F4002F51
S21402B240C3F884211EBF4FF40022424BDA6105B0D8
S21402B250BDE8F08FC9F878A0C4E7F004C8D504208A
S21402B260FCF7E4FE414AC9F87420FDF771F8D9F8F4
S21402B270642012F0407FBBD12A20FCF70DFEFFF7B8
S21402B280EDFA81E7D2F8C82E930685D4384A81E7CC
S21402B29033490A7952B1013AD2B20A7112B92B4A2B
S21402B2A03449516700224BEA020BA4E70420FCF75C
S21402B2B0BDFE0320FCF7BAFE274A2C49516713F05D
S21402B2C08AF981460DF10F00FDF760FB2A4A824695
S21402B2D012780AB1FEF742FEBAF1030F0ED1DFF87A
S21402B2E0A0A00020FDF752FB032807D1DAF8282099
S21402B2F0D007F6D4DAF84420D103F2D49DF80F2012
S21402B300032A06D101211D4A4846117013F05EF940
S21402B310C8E74FF03A42D2F8142112F4A02FF1D126
S21402B320FEF7B6FE484613F051F94FF48042BAE7EC
S21402B3300220FCF77BFE01226FE700BF003E00B052
S21402B34000E001B8142900201000002000D001B847
S21402B350003000B0002002B800C001B8442C002023
S21402B36004290020002000BA00E100E000000101EC
S21402B370001002B80000010D1A290020162900202C
S21402B380000002B80122024B1A62DA61704700BF5F
S21402B390002002B8094A08B5D369116A0B40084969
S21402B3A023F47F00DB07C86106D5D1684FF0FF3073
S21402B3B0C1F303610FF015FA08BD00BF000002B822
S21402B3C0002002B80C4A08B5536C926C13400B4A24
S21402B3D05364DB070FD50A4B40F6634218781221F6
S21402B3E000F00100F9F7C0FCBDE808400022012089
S21402B3F00021FEF735BE08BD00C000B800E000B868
S21402B400A00D002070B5174D2C6C6B6C1C40164BB3
S21402B41024F00202E1071A6405D540F6CA4200206B
S21402B4202968F9F7A1FCA2071AD502220E4B1A6464
S21402B4306B68DBB2A3B9FCF725FF04460D460B4E3C
S21402B440D6F8F433DB060BD5FCF71CFF02460B4698
S21402B45020462946FCF7D8FD652871F10001EFD396
S21402B46070BD00BF008002B800A002B8000002B89B
S21402B47038B50B4C0B4DD4F88430DB0706D4A36FDB
S21402B480D4F884201340084A936738BDD5F80431AF
S21402B4901A06F0D5FFF7B6FF8023C5F88431EAE72F
S21402B4A0008001B800E100E000A001B838B51446FB
S21402B4B00D4613F090F8064BD3F8C82E54402C4095
S21402B4C05440C3F8C84EBDE8384013F07FB800BFFA
S21402B4D0003000B0034BD3F8C83E99430CBF01209E
S21402B4E000207047003000B01E4BD3F8C83E13F061
S21402B4F001001ED01C4B93F84C001C4A40F080738F
S21402B500C2F8CC304FF480131949C1F8B430A1F513
S21402B5108051C1F8B830D2F80C31DBB2FF2B1FD005
S21402B520984294BF0020012040F621623C21F9F7A0
S21402B5301BBC1A06E1D40F4A92F84B1121B1DB0666
S21402B54002D592F84801D8E74FF480120020084B43
S21402B5500649C3F8B820C1F8CC00C3F8B420704737
S21402B5600120E1E7003000B0003F00B0004000B824
S21402B570006000B8003E00B053B94AB9002908BFBF
S21402B58000281CBF4FF0FF314FF0FF3000F082B9A9
S21402B590ADF1080C6DE904CE00F006F8DDF804E023
S21402B5A0DDE9022304B070472DE9F04F099D0C46F1
S21402B5B0002B4DD18A420F4684469646B2FA82F353
S21402B5C060D94BB102FA03FEC3F120029F4000FA93
S21402B5D003FC20FA02F217434FEA1E461FFA8EF4C5
S21402B5E04FEA1C42B7FBF6F106FB117701FB04F0AB
S21402B5F042EA0742904208D91EEB020201F1FF37E7
S21402B60002D2904200F231813946121A1FFA8CFC9D
S21402B610B2FBF6F006FB102200FB04F44CEA024CE6
S21402B620644508D91EEB0C0C00F1FF3202D26445C9
S21402B63000F21E81104640EA0140ACEB040C0021E9
S21402B64025B12CFA03F30022C5E90032BDE8F08FDB
S21402B6508B4205D90DB1C5E9000100210846F5E780
S21402B660B3FA83F100294DD1A342C0F0F380904291
S21402B67080F0F080064623460846002DE6D0C5E94F
S21402B6800063E3E7002B40F0A3808A1A4FEA1E47C6
S21402B6901FFA8EF60121B2FBF7F407FB14204FEADD
S21402B6A01C4242EA004206FB04F090420FD91EEB0F
S21402B6B0020204F1FF382CBF4FF001094FF00009D7
S21402B6C0904203D9B9F1000F00F0CC804446121A1A
S21402B6D01FFA8CFCB2FBF7F007FB102200FB06F603
S21402B6E04CEA024C664508D91EEB0C0C00F1FF3200
S21402B6F002D2664500F2B3801046ACEB060C40EA76
S21402B70004409DE7C1F120068B4004FA01FE22FAAE
S21402B71006F720FA06FCF4408A401F434EEA0C0362
S21402B72000FA01FE4FEA17484FEA13491FFA87FC50
S21402B730B4FBF8F008FB104449EA044400FB0CF999
S21402B740A1450ED93C1900F1FF3A2CBF4FF0010B70
S21402B7504FF0000BA14503D9BBF1000F00F08B8020
S21402B7605046A4EB09041FFA83F9B4FBF8F308FB6E
S21402B770134403FB0CFC49EA0444A44506D93C19CD
S21402B78003F1FF3801D2A4457BD8434643EA004082
S21402B790A4EB0C04A0FB02984445CC46434602D3D5
S21402B7A006D1CE4504D20138B9EB020C68EB07038A
S21402B7B0002D6CD0BEEB0C0264EB030422FA01F3FC
S21402B7C004FA06F6CC4000211E43C5E900643DE7B4
S21402B7D002FA03FEC3F1200104FA03F200FA03FCA4
S21402B7E0CC404FEA1E4720FA01F11FFA8EF6B4FB50
S21402B7F0F7F00A4307FB1044110C41EA044100FB30
S21402B80006F48C420ED91EEB010100F1FF382CBF64
S21402B8104FF001094FF000098C4202D9B9F1000F2E
S21402B8202CD04046091B92B2B1FBF7F407FB141169
S21402B83042EA014204FB06F1914207D91EEB0202DC
S21402B84004F1FF3801D291421ED84446521A44EA05
S21402B850004120E7861A64EB030301200DE7F44457
S21402B86002384AE7023C724431E702397244CCE6B7
S21402B870F4440238DFE602383C4472E70238714488
S21402B880D0E7023B3C4481E7023C7244DEE72946AD
S21402B890DCE600BF704700BF08B5064B044613B18E
S21402B8A00021AFF30080044B1B6803B19847204683
S21402B8B005F0E8FE000000000827002070B50D4DD8
S21402B8C000260D4C641BA410A64209D10B4D00267F
S21402B8D00B4C13F075F8641BA410A64205D170BD7C
S21402B8E055F8043B01369847EEE755F8043B013617
S21402B8F09847F2E7982D0020982D0020982D0020DA
S21402B9009C2D00200B46034902460868816800F019
S21402B9106DB900BF602C0020002310B5044683607A
S21402B920818119464366C28108228361C0E90033D9
S21402B930C0E904335C300FF007F80D4B24626362F3
S21402B9400C4BA3620C4BE3620C4B23630C4B9C42E6
S21402B95006D003F16802944202D0D0339C4205D14D
S21402B96004F15800BDE810400EF0F6BF10BD00BF4F
S21402B97033A8030055A803008DA80300B1A803004E
S21402B980D0250020024A034903480EF095BF00BFA7
S21402B990B02C0020D9AC0300642C002041680C4B6C
S21402B9A0994210B5044601D00FF096F9A168094BEA
S21402B9B0994202D020460FF08FF9E168064B994271
S21402B9C004D02046BDE810400FF086B910BD00BF77
S21402B9D0D025002038260020A026002010B50B4BCC
S21402B9E004210B4C0B4A20461A600022FFF794FFF4
S21402B9F004F1680001220921FFF78EFF04F1D0004E
S21402BA0002221221BDE81040FFF786BF0827002059
S21402BA10D025002085B9020001480EF09EBF00BF67
S21402BA201B29002001480EF099BF00BF1B290020E9
S21402BA3010B50446FFF7F0FF236A1BB1BDE81040BD
S21402BA40FFF7F0BF044B2362044B1B68002BF5D1B3
S21402BA50FFF7C4FFF2E700BF9DB9020008270020E7
S21402BA602DE9F7431D46574B04460E461F6890467F
S21402BA7027B13B6A13B93846FFF7DAFFB8F1020F6F
S21402BA8006D0B8F1010F00F29980002DC0F2968020
S21402BA90636ED90705D4A3899A0502D4A06D0EF069
S21402BAA05CFF214638460FF017F9616B41B104F18D
S21402BAB04403994202D0384606F0A4FA0023636390
S21402BAC00023A3616360A3891B0603D52169384658
S21402BAD006F098FAA389B8F1020F23F44A6323F01A
S21402BAE00303A38160D001AB6A46214638460EF0B6
S21402BAF036FFA3891843A0812DBB009D284600F07F
S21402BB001FFB0646002851D1DDF80090A9453FD11B
S21402BB104FF0FF35B4F90C3043F00202A281002246
S21402BB20A26004F147022260226101226261626E13
S21402BB30D60704D4980502D4A06D0EF00FFF28464F
S21402BB4003B0BDE8F083002ED8D03B6A13B938465E
S21402BB50FFF76EFFB8F1010F266002BFA38943F01C
S21402BB600103A381B4F90C3013F00802C4E904659A
S21402BB701ED0D90745BF00226D42A560A26048BF0D
S21402BB80A561626ED20701D49B0513D50025D6E7C0
S21402BB90484600F0D5FA06460028B9D0A3894D4695
S21402BBA043F08003A381D0E70025B3E7A946F5E773
S21402BBB0A260E6E7A06D0EF0D1FEE7E74FF0FF3594
S21402BBC0BDE700BF602C002038B50446064D084687
S21402BBD0114600222A601A4605F06CFD431C02D16B
S21402BBE02B6803B1236038BD0C2700202DE9F04FE7
S21402BBF00D469DB014469846064618B1036A0BB920
S21402BC00FFF716FF6B6ED90705D4AB899A0502D4E7
S21402BC10A86D0EF0A2FEAB891B0701D52B699BB956
S21402BC202946304600F0FAF870B16B6EDC0704D590
S21402BC304FF0FF301DB0BDE8F08FAB899805F7D402
S21402BC40A86D0EF08BFEF3E70023CDF80C804FF0C4
S21402BC500109DFF8B481099320238DF829303023B7
S21402BC608DF82A3023469A4613F8012B0AB1252A64
S21402BC70F9D1BAEB040B0BD05B4622462946304676
S21402BC800EF0E5FE013000F0A780099A5A440992A8
S21402BC909AF80030002B00F09F8000234FF0FF320E
S21402BCA00AF1010A049307938DF853301A93CDE9EB
S21402BCB0052354460522544814F8011B0FF034F8A5
S21402BCC0049AD8B9D10644BF20238DF853301307FF
S21402BCD044BF2B238DF853309AF800302A2B15D008
S21402BCE0079A544600204FF00A0C214611F8013BF1
S21402BCF0303B092B4BD9B0B1079214E0A0EB0803F6
S21402BD00A24609FA03F313430493D2E7039B191DD1
S21402BD101B68002B0391BBBF5B4242F002020793F3
S21402BD200793B8BF049223782E2B0AD163782A2B66
S21402BD3032D1039B02341A1D1B6843EAE373039253
S21402BD400593DFF8D4A00322217850460EF0ECFFCC
S21402BD5038B1A0EB0A004022049B01348240134310
S21402BD60049314F8011B062228488DF828100EF0BA
S21402BD70DBFF00283FD0264B1BBB039B073323F079
S21402BD80070308330393099B3B4409936AE70CFBBA
S21402BD9002320C460120A8E7002301344FF00A0CB9
S21402BDA019460593204610F8012B303A092A03D982
S21402BDB0002BC6D00591C4E70CFB012104460123E3
S21402BDC0F0E703AB2A4604A930460093114BAFF3C3
S21402BDD000800746781CD6D16B6ED90705D4AB898E
S21402BDE09A0502D4A86D0EF0B9FDAB895B063FF545
S21402BDF01FAF09981EE703AB2A4604A930460093F4
S21402BE00044B00F061F8E4E7902504009A2504004C
S21402BE10000000004FAA03009625040038B5294BFF
S21402BE2005460C46186818B1036A0BB9FFF700FE00
S21402BE30B4F90C30190722D4DA0607D409222A608C
S21402BE4043F040034FF0FF30A38133E0580712D58A
S21402BE50616B41B104F14403994202D0284606F0D0
S21402BE60D1F800236363A38923F02403A38100236C
S21402BE70636023692360A38943F00803A3812369CF
S21402BE804BB9A38903F42073B3F5007F03D0214690
S21402BE9028460EF089FDB4F90C3013F001020AD0E0
S21402BEA00022A26062695242A261226942B913F07C
S21402BEB08000C5D138BD990758BF6269A260F4E711
S21402BEC00020F7E7602C00202DE9FF470F7E914601
S21402BED080460C46782F9A460C9E01F1430207D8FC
S21402BEE0622F0AD8002F00F0DD80582F00F0C380A2
S21402BEF004F1420684F842703AE0A7F16303152B78
S21402BF00F6D801A151F823F061BF020075BF020006
S21402BF10F1BE0200F1BE0200F1BE0200F1BE020056
S21402BF2075BF0200F1BE0200F1BE0200F1BE0200C1
S21402BF30F1BE02008BC0020003C0020043C0020032
S21402BF40F1BE0200F1BE0200ADC00200F1BE020068
S21402BF5003C00200F1BE0200F1BE02004BC00200A6
S21402BF6033681A1D1B68326004F1420684F84230B8
S21402BF700123A8E031682368081D30601E0601D53B
S21402BF800D6803E05D06FBD5B1F90050002D61682F
S21402BF9078DA2D200029A16084F843002DDA6D425C
S21402BFA05D480A231646B5FBF3F103FB1157C75D3E
S21402BFB006F8017D2F460D46BB42F4D9082B0BD15D
S21402BFC02368DF0708D5236961689942DEBF3023FC
S21402BFD006F8013C06F1FF36921B22614B4603AA85
S21402BFE021464046CDF800A00EF081FD01306FD10B
S21402BFF04FF0FF3004B0BDE8F08723F0040323605F
S21402C000CDE721683368080653F8045B02D4490674
S21402C01048BFADB26F2F33603F4814BF0A230823D0
S21402C020002184F843106668002EA660BADB2168F9
S21402C03021F004012160002DB4D1002EB2D11646A3
S21402C040BCE7236843F0200323607827334823683D
S21402C05084F845701F06316851F8045B02D45F0607
S21402C06048BFADB23160D90744BF43F02003236016
S21402C0701DB11023D4E72848E9E7236823F02003FC
S21402C0802360F6E724480A23CDE733682568181D9F
S21402C090616930602E061B6801D5196002E06806E9
S21402C0A0FBD5198000231646236197E733680021E3
S21402C0B01A1D32601E68626830460EF035FE08B100
S21402C0C0801B606063682361002384F8433085E741
S21402C0D02369324649464046D047013088D0236815
S21402C0E09B0714D4E068039B9842B8BF184681E7C2
S21402C0F00123324649464046D04701303FF478AFE6
S21402C1000135E36803995B1AAB42F1DCEAE70025E6
S21402C11004F11906F5E700BFA1250400B2250400C4
S21402C12038B50023054D044608462B6005F0A8FAEC
S21402C130431C02D12B6803B1236038BD0C270020B4
S21402C140024B0146186805F05ABF00BF602C00205B
S21402C15038B50023064D0446084611462B6005F006
S21402C16092FA431C02D12B6803B1236038BD00BF8C
S21402C1700C27002038B50023054D044608462B60E0
S21402C18005F086FA431C02D12B6803B1236038BD42
S21402C1900C27002038B50446064D084611460022F4
S21402C1A02A601A4605F076FA431C02D12B6803B1C0
S21402C1B0236038BD0C27002038B50446064D0846D5
S21402C1C0114600222A601A4605F066FA431C02D17E
S21402C1D02B6803B1236038BD0C270020094A51683A
S21402C1E0C84390FAA0F048B1B0FA80F0042805DC03
S21402C1F0012383400B43536040B270474FF0FF3039
S21402C200704700BF382700200021034B282203482E
S21402C210C3E900110EF098BB382700201027002033
S21402C22038B50546FFF7DAFF04460448294600EB10
S21402C230C4000EF0EEFD204638BD00BF10270020D9
S21402C240C3B2042B10B515D804230B4A03EBC00364
S21402C250134453E8002F0A4343E80024002CF8D185
S21402C26001220649824051E8003F134341E800306C
S21402C2700028F8D110BD00BF102700203827002064
S21402C280F7B54FF0040C01260827184A1849194D2D
S21402C290106800B30B7806FA03F420421DD0E04380
S21402C2A052E8004F044042E8004EBEF1000FF7D1BC
S21402C2B017FB03C32B4453E8000F43E800E4002CAB
S21402C2C0F9D1019048B1087801AA0B4905EBC000E4
S21402C2D00EF0D7FD012003B0F0BD0B785068834204
S21402C2E02EBF00230133DBB20B70D1E738270020C4
S21402C2F01C2900201027002078563412024B18689A
S21402C300003818BF012070473827002038B5054688
S21402C3100C4612F069F9084B1B6853B1D3E90423A3
S21402C32095429C412CBF0124002412F058F9204665
S21402C33038BD1C46F9E700BF502700202DE9F04122
S21402C3404FF0FF3425460746884612F04DF9144B47
S21402C3501E68A6B912F043F9B5F1FF3F08BFB4F163
S21402C360FF3F08D0BC4275EB080316D3E71B65EB0C
S21402C37008083C46454620462946BDE8F0817269D3
S21402C380D6E903315B1842F10002A34272EB0501C3
S21402C3903CBF1C4615467668DBE734463546EAE778
S21402C3A0502700202DE9F74F109F0E46DDE90CA915
S21402C3B015469DF83CB008B1026882B93FB12946DD
S21402C3C03046B84740F2034003B0BDE8F08F002D78
S21402C3D0F8D0002EF6DB28460FF041F9F2E701907E
S21402C3E012F002F98046584600F0EEF9044640463E
S21402C3F012F0F5F8019B8CB947B129463046B8478A
S21402C4000320314600F0C4FB1A20DDE7002DF7D0EA
S21402C410002EF5DB28460FF022F9F1E7256200250B
S21402C4202360DFF880800E9BC4E906A9A660E3605D
S21402C430A762D8F8003084F824B0656098471AEBF3
S21402C440000649EB010912F0CFF8144B0746D3F861
S21402C45000E0C4E9046972462AB1D2E904018642C0
S21402C46079EB010111D2A5B9C4F804E01C600C4BAB
S21402C4701C682CB1D8F800309847FFF75FFFA0473A
S21402C480384612F0ACF800209EE7516815460A4678
S21402C490E2E76A6862606C60E9E700BF5027002046
S21402C4A040270020482700202DE9F74F4FF00008CC
S21402C4B081460D4692461E4612F096F84746DFF82B
S21402C4C07CB00190DBF800408CB9B8F1000F08D0C0
S21402C4D0184B1C682CB1184B1B689847FFF72EFFA9
S21402C4E0A047019803B0BDE8F04F12F078B8226872
S21402C4F04A4511D12DB1A268296822F000428A422B
S21402C5000AD126B9626857B9CBF8002008E051462E
S21402C510206AB0470028F5D027466468D4E77A60D8
S21402C520D4F8048020460EF020FC44464FF0010862
S21402C530CAE700BF402700204827002050270020D7
S21402C540014B1860704700BF4027002070B50E46AA
S21402C550094904460846154605F0E9FA0023074A43
S21402C56030211360064A05201660064A15602246E8
S21402C570BDE8704000F0C2B8C32504005027002072
S21402C580482700204427002070B504461646184661
S21402C5900022002386B0CDE904230B4B0D461B6810
S21402C5A013B9212006B070BD04A998470028F8D117
S21402C5B0DDE904230290CDE90023294632462046CF
S21402C5C00EF00DFCEEE700BF44270020F8B5054646
S21402C5D010200F46164600F0F1FA044601461022D5
S21402C5E0074805F0A9FA44B101230020E3602B684E
S21402C5F0C4E9017623602C60F8BD1A20FCE700BF70
S21402C600C32504002DE9F84F814688460027DFF847
S21402C610B4A0294E48464146FFF778FED8B911F035
S21402C620E3FF264B06461B689847FFF787FE05463C
S21402C6300C464FB1B1F1FF3F08BFB0F1FF3F03D048
S21402C6401F4B1B6803B19847304611F0C8FF2846B7
S21402C6502146BDE8F88F11F0C7FFDAF8004084B132
S21402C6606368CAF8003011F0BAFFA368346033F08A
S21402C67000430AD130680EF078FB002301273360AE
S21402C680C8E711F0ACFF3460C4E72368002BF1D092
S21402C6901D68002DEED0A26832F00043EAD0D5E93C
S21402C6A0007B236A2168A868D8470028E2D1002FB9
S21402C6B0E0D03D46EFE700BF4C2700204827002089
S21402C6C04027002050270020F8B504460D4611F0FA
S21402C6D08BFF094B1B684BB1D3E90667C4E90067B9
S21402C6E0DB682B60BDE8F84011F079BF0026002712
S21402C6F0C4E90067F5E700BF4C2700202DE9F047A4
S21402C7004FF6FC78002416461B4F03311B4B07EBF3
S21402C710001501EA08084FEA001A1B686A8081467B
S21402C72027F80A8002FB08F0EC60984718FB06F32D
S21402C7309BB2024668602B81D8B11149284651F84F
S21402C740291005F0F6F921462A8968680EF0FCF8E9
S21402C750214623469E4204DC002057447E80BDE8E4
S21402C760F0876A68E868541850500133EC60414418
S21402C770F0E71A20F3E700BF401C002054270020F1
S21402C7808426040038B5094C04EB00156B682BB1FF
S21402C790284605F0D0F968680EF061FF2846BDE825
S21402C7A03840102200210EF0CFB800BF401C0020F7
S21402C7B0034B0201C3E90010002102480EF0C4B880
S21402C7C054270020401C002038B5094B020103EB19
S21402C7D00015EC68284621469A5A05F0ADF924B1B0
S21402C7E02368EB606B88013B6B80204638BD00BF38
S21402C7F0401C0020024B03EB00139878704700BFE2
S21402C800401C002030B4064C04EB0013DD685A8846
S21402C8100D600132184630BCD9605A8005F08DB9D9
S21402C820401C0020044A010102EB0013505A10B1CA
S21402C8301B89B3FBF0F07047401C00200020124B0F
S21402C84010B51870114B124C1860124B20601870FD
S21402C8506060A060FFF7E6FF80B2A0F10E0363807F
S21402C860A0F11403013060810B49201DE38005F01E
S21402C8705EF92046094905F05AF904F1080008490C
S21402C880BDE8104005F053B91E2900207427002089
S21402C890FA2700201D290020B8260400C12604001D
S21402C8A0CB26040070B5044680B311F09DFE637972
S21402C8B005466FF382036371237913F0100605D0E1
S21402C8C010232371BDE8704011F089BE104903F0B1
S21402C8D0030331F823203046013A21F8232021466B
S21402C8E0FFF790FF0B4B0C4E1C681CB90A4B2846F0
S21402C8F01C70E7E7237A1BB933781BB92468F4E780
S21402C900012BFBD1204663689847F7E770BD00BF4E
S21402C910FA270020742700201E29002010B504469E
S21402C92011F062FE034B1A6822601C60BDE81040DC
S21402C93011F055BE7427002010B5064B00F0E0003B
S21402C9401A78541C1C70044B03F8320003EBC20323
S21402C950596010BD1D2900205C2700200022F8B572
S21402C9600E4C0F492378934214D951F83260551C65
S21402C97086424FEAC2070ED15E1E0A48B21AD2009B
S21402C98007F1080101449D4288BF002238440DF099
S21402C990C1FF2670F8BD2A46E5E700BF1D29002024
S21402C9A0602700205C2700202DE9F04F044646074A
S21402C9B089B048BF00F0F7040492029111F014FE09
S21402C9C0604E04F0030706EB870336F827205B88E1
S21402C9D081469A4204F0EF0A4FEA870830D20020D6
S21402C9E0FFF7F2FE054638B336F8273048460133DD
S21402C9F026F8273011F0F3FD28460EF0CCFC029BF9
S21402CA00029AAB71049B85F804A01344EB7111F0F3
S21402CA10EBFD80464C4B1C68002C40F08B80404659
S21402CA2011F0DDFD06EB87004522294605F084F865
S21402CA30284609B0BDE8F08F01224846434B1A70DB
S21402CA4011F0CDFD25071DD51F2C1BD904F0E003E0
S21402CA50B044039311F0C8FDB8F8023036F82790B8
S21402CA604FF0000B99452CBF00230123DFF8E4802A
S21402CA70019311F0B4FD06EB87030593344B1B7844
S21402CA809B4508D384F004005146C0F3800000F0B2
S21402CA907FF80025C6E798F80030039A1A4204D0B9
S21402CAA0D8F80490D9F8003023B90BF1010B08F13D
S21402CAB00808E3E707935A79D00708D51A79510789
S21402CAC005D5019941B98AEA0202920704D099462D
S21402CAD01B68002BEFD1E5E748460EF0C2FA05794F
S21402CAE0079007A80EF09FFA2946002000F050F89B
S21402CAF011F07AFD059B36F827205B8805469A4298
S21402CB0034BF01230023019309D20020FFF75CFE05
S21402CB10079058B136F82730013326F827302846D2
S21402CB2011F05DFD079D002DBCD065E70122074B85
S21402CB301A70F4E7237A012B02D1204663689847DD
S21402CB40246869E7FA270020742700201E2900209F
S21402CB501D2900205C2700200022014B1A60704726
S21402CB607827002010B5044611F03EFD074A1368E8
S21402CB702BB914602360BDE8104011F030BDA3420B
S21402CB8002D01A461B68F3E710BD00BF78270020C4
S21402CB9070B505460E46054B1C6804B970BD636841
S21402CBA03146284698472468F7E700BF78270020D2
S21402CBB00149084604F0BBBFD8260400012838BF46
S21402CBC0012038B5C41C24F00304204605F0E0F822
S21402CBD0054601462246084804F0AEFF2DB9214616
S21402CBE00220FFF7D5FF284638BD224600212846F8
S21402CBF00DF0AAFEF7E700BFD826040010B5064CD3
S21402CC00237823B9ECF722FF18B9012323700020FA
S21402CC1010BD40F20740FBE71F29002038B50B4B3A
S21402CC2004461B780D464BB12146284606F019FBF2
S21402CC30002840F2074008BF002038BD04490548D6
S21402CC40FFF7DCFF0028EFD0F7E700BF1F29002020
S21402CC50EFBEADDEBEBAFECA436A70B559040446DC
S21402CC6016D4154A03F4004392F82620012A10D15E
S21402CC70826A92040DD4002B00F101010CBF5320EE
S21402CC8014200AF033FB18B9636A43F008036362A0
S21402CC9070BD002BFCD1094D661C29463046F4F7C0
S21402CCA0D5FE0028F4D12B68C4F80130AB88A4F86E
S21402CCB00530AB79E371E7E7AC210020B72100200D
S21402CCC02DE9F0411E4E3071C0B333460022482192
S21402CCD0EBF70CFC38B905464FF04808074633799F
S21402CCE0AB4202DC0020BDE8F0813468002108FB7C
S21402CCF005441422A76104F134000DF025FEA0229B
S21402CD004FF4A073C4E90723072304F1100084F844
S21402CD103130E773E7710EF086F904F114000EF075
S21402CD2082F920460EF0A1FC40F20113E3857F2330
S21402CD30A76284F8323067620135D0E73060D1E707
S21402CD407C270020084A03461179814209D91068D7
S21402CD5040B103EBC30300EBC300406A00F00100DE
S21402CD6070470020704700BF7C27002038B5044675
S21402CD700D46FFF7E7FF034640B10020044B04EBE5
S21402CD80C4041B6803EBC4032B6038BD2120FBE7F9
S21402CD907C2700202DE9F04F0446344A93B01068F1
S21402CDA051680FAB03C3906812AA1860E37B94F82D
S21402CDB02E7002EB430333F80C1C636A94F82F6060
S21402CDC0DA0444D40126374641F0100194F80E8066
S21402CDD0C3F340495B0348BF49F002098BB288F0AF
S21402CDE00808012F94F800A094F831500B9304F130
S21402CDF0080BD4E90723C8F3C00894F9324005D0DB
S21402CE00022F03D0042F14BF00270327012E05D0BC
S21402CE10022E03D0042E14BF002603265046CDE968
S21402CE200C230EF0C6FCDDE90C230121CDE90760D8
S21402CE30CDE900515046CDE90547CDE903B90B9936
S21402CE40CDF8088000F06CFD13B0BDE8F08FA26A42
S21402CE50950648BF41F02001500648BF41F0400108
S21402CE60DA0348BF41F00401B0E700BFE22604003F
S21402CE7037B5044648B104782046FFF763FF10B979
S21402CE80002003B030BD0134E4B2074D2B79A34233
S21402CE90F6D9204601A9FFF769FF08B90198F0E71D
S21402CEA00134E4B2F2E700BF7C2700202DE9F04F00
S21402CEB0054600F1100A87B0504605F1140B0C46E1
S21402CEC017460EF0B0F858460EF0ADF800200EF0F9
S21402CED06EFA0646002800F00381012F40F27268BF
S21402CEE018BF4FF01F08012C60D0022C0CBF06247E
S21402CEF00424022130460EF0C2FB012130460EF019
S21402CF00BEFB214630460EF0BAFB30460EF010F954
S21402CF10012384B2A8EB04010A22009389B242F6E6
S21402CF20072330460EF0FBFB04230444A4B2A8EB0E
S21402CF3004010093122242F60423304689B20EF010
S21402CF40EEFB0719BFB2A8EB0709B9F1010F049669
S21402CF502EDC0024644F97F82630002B00F0A080C9
S21402CF6050460EF060F86B6A2E6143F080026A62E9
S21402CF70DB0400F1A78097F82600002840F0A28084
S21402CF800EF015FA0590002800F09C8041460EF03F
S21402CF9081FB002800F0A0805846059C0EF043F85E
S21402CFA06B6A6C6143F480736B628BE00524A0E7C6
S21402CFB000200EF0FCF905900028CAD00221F5F7F1
S21402CFC0BBF8A8F10204E41BA4B28442074611D2BD
S21402CFD024F001018BB2411A05A803930EF04AF918
S21402CFE0039B1F4602233FB90598E0B905A80EF039
S21402CFF01AF8AEE70323F6E7791C0498C9B203933E
S21402D0000EF03DFB039B049819460EF038FB05997B
S21402D01004A80EF0A8F900200EF0C9F90590002821
S21402D02032D0E41BA4B2022C38BF0224A31E9BB249
S21402D0300F2B30D910210393F5F77EF8039B044695
S21402D04083421ED223F00F018BB2411A05A8039326
S21402D0500EF010F9039B1C460623611C0498C9B205
S21402D06003930EF00CFB039B049819460EF007FB85
S21402D070059904A80EF077F9BB1C1C44A4B23FB96C
S21402D08068E740B10723E8E705A80DF0CCFF3C4669
S21402D0900234A4B25EE705A80DF0C5FF3C46EEE7F3
S21402D0A0A9EB040189B230460EF0F4FA0446504663
S21402D0B00DF0B9FF6B6A2E6143F080026A62002CA3
S21402D0C03FF456AF686A10F010000AD0284607B040
S21402D0D0BDE8F04F0EF0A8BB05A80DF0A4FFF1E7DF
S21402D0E01A2007B0BDE8F08FAC21002070B5144BB3
S21402D0F00546197918680023994201DC1A201AE0BD
S21402D100426AD60718D490F83940640714D4DCB2C1
S21402D11003460C4903F8014BD1F80B6042F00902B2
S21402D120C0F80160B1F80F60497C9E809971426236
S21402D130FFF730FE2C7070BD01334830DCE700BFCD
S21402D1407C270020AC2100208378F7B5122B0D46F1
S21402D15032D10B6801A99A790C3213441E79DF7812
S21402D1603046FFF703FE88B9019C636A23F010037A
S21402D17063628FB93146A069621C104B00F0DAF97F
S21402D180222239460D48A7610DF0DEFB284603B081
S21402D190BDE8F0400DF047BF20460EF066FA636A1F
S21402D1A05A0603D523F040036362EFE7304604F1E4
S21402D1B03401F6F769FAE9E703B0F0BDD42100209E
S21402D1C073B5144D144C2A68236802F0400103F02C
S21402D1D002030B431BD093064CBF0126A67AF4F734
S21402D1E0CFFB0196837983F00803C3F3C003009351
S21402D1F0E388A288217A607A00F04EFB40B9236861
S21402D20023F0020323602B6823F040032B600020E8
S21402D21002B070BDAC21002084270020012100202E
S21402D220054BA3F10802C3E9000043F8081C4FF0BF
S21402D23010135172536070478C270020032910B5D3
S21402D24010D9032A0ED991420CD301280AD8064CCB
S21402D25020720020A3722368A18043F00203E280BA
S21402D260236010BD2120FCE784270020014B187B99
S21402D270704700BF84270020024BD87A003818BFB8
S21402D280012070478427002070B51F4D2B68590770
S21402D29007D50021084600F025FB2B6823F004037F
S21402D2A02B601A4E2B68326803F0080302F0020263
S21402D2B0134310D0F4F764FB83791A071FD5F6F7E9
S21402D2C05FF80446C8B92B6823F008032B6033685E
S21402D2D023F002033360FFF773FF044668B9EB7A64
S21402D2E05BB12B685B0708D40121084600F0FAFA06
S21402D2F040B92B6843F004032B60204670BDF6F756
S21402D30023F8DEE70446F8E784270020AC21002055
S21402D31070B5124C257B637B22689D42B8BF1D46C2
S21402D3209207E37AEEB201D4B34215D01BB10023C2
S21402D330E372FFF7A9FFE67275B1094B93F8263040
S21402D340012B05D1236843F002032360F5F7B4FDF1
S21402D350BDE87040FFF798BF002070BD842700200C
S21402D360AC210020022938B504460D4601D92120F9
S21402D37038BD0EF0B3FB0028F9D00E4B1A7BB2B9BB
S21402D3801A68D10742BF22F0010242F002021A6076
S21402D390094A525D1A735A7AA2421FBF1A685C7211
S21402D3A042F002021A60BDE83840FFF7B1BF022021
S21402D3B0DEE700BF84270020EE260400032805D1FE
S21402D3C00A4A136843F00803136008E0012808D1EC
S21402D3D0064BDA7A42B11A6842F008021A60FFF780
S21402D3E053BF10F0FD0FEBD00020704784270020BB
S21402D3F0A0F11B03E02B10B5044618D8042142F214
S21402D40024000BF06AFF6FF06F0343714223A0F80B
S21402D410034083710748EEF71FFB0BF08CFF407941
S21402D42020B10BF088FF407940F4805010BD2120D7
S21402D430FCE700BFE152030037B504460D460EF086
S21402D44086FB6988204609F0D7FD6A7E2B7E204639
S21402D45043EA0223A4F862306A7F2B7F43EA022360
S21402D460A4F86430EA7EAB7E43EA0223A4F8663070
S21402D4701B23A4F86C302D4B5A8B9B8BA4F8682088
S21402D480A4F86A30022384F872300CF0EEF92046D3
S21402D4900EF056FC94F87330022B15D100F06CFB9C
S21402D4A070B194F9753001330AD105212046A3687C
S21402D4B043F48053A36003B0BDE830400EF09CBB3B
S21402D4C00021204609F09BFD00212046F4F70EFBC2
S21402D4D04FF6FF73288C984225D000F0C7F90094C7
S21402D4E000F0B2F96A46ADF8040040F20621104890
S21402D4F00DF0C7FC002240F2022120460DF07DFC12
S21402D5002046F4F7B9F920460EF026FC2046F6F738
S21402D5104FF8A368012123F480432046A3600EF04F
S21402D5206FFB03B030BD0020D9E700BFAC2100205E
S21402D530A8210020F7B504460F46164668465A79D3
S21402D540991D1D46F4F760FA2CB969463046F4F781
S21402D55093F80446A0B140F2032384F87670A4F848
S21402D560723033682946C4F85A30B3882046A4F885
S21402D5705E30B37984F86030FFF75EFF03B0F0BD2B
S21402D580032140F206400BF0A8FE6B88A0F8033099
S21402D5900D2343710148EEF75FFAEFE7C55103002A
S21402D5A007B590F870304FF4887101AA03488DF8D9
S21402D5B004300DF066FC03B05DF804FBA8210020E1
S21402D5C02DE9FF4103780446302B0E4639D006D8A3
S21402D5D0052B25D0082B41D004B0BDE8F0813E2BA8
S21402D5E0FAD183780C2B4BD8022BF5D9033B092BA7
S21402D5F0F2D801A252F823F091D60200D1D7020047
S21402D600D9D50200D9D5020069D70200D9D50200C1
S21402D610D9D50200D9D50200D9D50200BDD702005D
S21402D620B0F80300F4F766F828B1617909B141F45D
S21402D63080510EF065FA304604B0BDE8F0410DF0B8
S21402D640F2BCB0F80300F4F755F80028F3D0A1783E
S21402D65009B141F480510EF0ACFAECE7B0F80300E1
S21402D660F4F748F80028E6D0627990F8743022B1D0
S21402D67043F0010380F87430E9E703F0FE03F9E7AC
S21402D680212B00F0BA80292B1FD0202BD3D0A3E762
S21402D6908088F4F72FF80028CDD0E278002ACAD185
S21402D6A0E179A27942EA0122A0F86220E17AA27A1E
S21402D6B042EA0122A0F86420227A617A42EA012232
S21402D6C0A0F86620F4F7D8F8B5E7C778851C3C2F93
S21402D6D002D10EF0E7F9AEE790F80680B8F1000F37
S21402D6E023D1564A146AC2F82080CFB12946204672
S21402D6F047F480570EF02BFAE76084F8728040F207
S21402D7000121204601AACDE901470DF0BAFBA36824
S21402D710414643F480632046A360F4F737F88AE76D
S21402D72029462046FFF788FE85E74FF6FF73408CB2
S21402D73098420BD000F09AF840B1F4F721F92B4644
S21402D7400246FF210020FFF7F5FE74E72B463C4A0F
S21402D7502234154618685968083303C5A3422A4678
S21402D760F7D11B882B8066E7B0F80300F3F7C2FFF9
S21402D77000283FF460AF40F20911B4F8053090F883
S21402D7807020A0F86C308DF80420ADF80630227AAE
S21402D790E37943EA0223ADF80830A27A637A43EAD1
S21402D7A00223ADF80A30227BE37A43EA0223ADF87D
S21402D7B00C3001AA23480DF064FB3CE78088F3F79F
S21402D7C099FF00283FF437AFA179F4F777F832E7EC
S21402D7D08088F3F78FFF00283FF42DAF90F8703063
S21402D7E00E218DF80430D4F8063001AACDF80530A3
S21402D7F0D4F80A30CDF80930DCE78088F3F77AFFF0
S21402D80000283FF418AF90F870304FF403718DF88B
S21402D8100430E37801AA8DF80530A3798DF8063036
S21402D820E3798DF80730237A8DF80830637A8DF81D
S21402D8300930A37A8DF80A30BCE700BFAC2100207D
S21402D840D4210020A821002050B11422064B1B68C8
S21402D850C31AB3FBF2F3007C40EA032080B270479F
S21402D8604FF6FF70704700BFBC2C002002460949E5
S21402D8700B7A0968FF2B01D10020704703EB830364
S21402D88001EB830031F82330C3F30B039342F4D049
S21402D890437CEFE7BC2C0020F8B507460E4642F262
S21402D8A04100082115461C460BF017FD9DF818305E
S21402D8B04771C3709DF81C3086710371A0F807503B
S21402D8C0A0F809400648EEF7C7F80BF034FD407999
S21402D8D020B10BF030FD407940F48050F8BD00BF17
S21402D8E059BB010038B505460C4642F242000621F5
S21402D8F00BF0F3FC0023C57043718371C37103728E
S21402D90004710648EEF7A8F80BF015FD407920B131
S21402D9100BF011FD407940F4805038BDC1BB0100C8
S21402D9202DE9F041154606460F4642F23600192109
S21402D9301C46DDF824800BF0D0FC2B0AC371230AA8
S21402D94083729DF81830857103739DF81C304472FB
S21402D95043739DF820302D0C240CC6708780057208
S21402D960C4728373D8F80030C0F80F30B8F80430A9
S21402D9708676A0F813309DF8283043759DF92C3032
S21402D98083759DF83030C375002303769DF83430D6
S21402D99043769DF83830C3760648EEF75DF80BF00E
S21402D9A0CAFC407920B10BF0C6FC407940F48050A6
S21402D9B0BDE8F08161BC010038B505460C464FF65D
S21402D9C0194005210BF089FCC57044600548EEF746
S21402D9D043F80BF0B0FC407918B1BDE838400EF0C1
S21402D9E030B938BDED4E030038B505460C464FF645
S21402D9F01A4005210BF071FCC57044600548EEF72D
S21402DA002BF80BF098FC407918B1BDE838400EF0C0
S21402DA1018B938BD1D4F030070B50D4606460121E4
S21402DA20DAB1FFF7C9FF0446A8B9072142F235006A
S21402DA300BF053FCC6702B684360AB880381084822
S21402DA40EEF70AF80BF077FC437923B10BF073FC80
S21402DA50447944F48054204670BDFFF7C5FFE2E7E0
S21402DA60595003000A4610B50421044642F2370014
S21402DA700BF03EFC032303710023C47043718371D1
S21402DA800548EDF7E9FF0BF056FC407918B1BDE802
S21402DA9010400EF0D6B810BD4D4F03000A4610B522
S21402DAA00421044642F238000BF022FC03230371E1
S21402DAB00023C470437183710548EDF7CDFF0BF068
S21402DAC03AFC407918B1BDE810400EF0BAB810BD65
S21402DAD0994F0300F8B506460F4642F23900062172
S21402DAE014461D460BF0F9FB01238471240A0371C8
S21402DAF0C7704671C47105720548EDF7ADFF0BF0AD
S21402DB001AFC407918B1BDE8F8400EF09AB8F8BD94
S21402DB10E54F03000C4B01461A789AB95B689B07DF
S21402DB2010D490F97520013218BF012291F85230B4
S21402DB3013F0400005D091F8600010F0400018BFC6
S21402DB40D0B270470122F1E794270020024B5868B2
S21402DB5000F00200704700BF94270020024B58686E
S21402DB6000F00800704700BF94270020014B1B6896
S21402DB70184700BFC82C002008B509F01AF801287B
S21402DB8009BF034B0020586800F0100008BD00BF14
S21402DB909427002007B502460846042802F0010131
S21402DBA013D9B1B903200C4B5A6002F080030193DB
S21402DBB002F04003009302F0200302F0040200F099
S21402DBC0ABFB002003B05DF804FB0029EBD0032872
S21402DBD0E9D12120F6E700BF9427002038B50D4989
S21402DBE00D48FFF70BF80446054688B90B4B0C4A5E
S21402DBF01A600C4A5A600C4A9A600C4ADA6000F0C4
S21402DC00F7FB032104462846FFF7C4FF084B1D70A6
S21402DC10204638BDEFBEADDEBEBAFECAC82C002016
S21402DC200DE3020017C1030059E3020069FB02007C
S21402DC309427002038B504460320FEF7BFFF0546AA
S21402DC40D0B194F87030037094F875304370204663
S21402DC50F3F704FE2A46A87040F2026107480DF068
S21402DC60CCF8074B2046DB680121984794F97500EB
S21402DC70BDE83840F2F75CBF38BD00BFA8210020DF
S21402DC80C82C002070B5054608200E46FEF796FF03
S21402DC90044680B195F8703000210370064B46604A
S21402DCA0DB68284698472246BDE8704040F201618C
S21402DCB002480DF0A2B870BDC82C0020A821002092
S21402DCC038B5054608200C46FEF778FF024638B1FE
S21402DCD0C0E90054BDE838400D2102480DF08DB869
S21402DCE038BD00BFA821002038B5054608200C46DE
S21402DCF0FEF764FF024650B195F8703040F20561B7
S21402DD00037044600248BDE838400DF076B838BD6E
S21402DD10A821002013B504460191114612B301A9A9
S21402DD200420FEF77BFF019B104A2046B3FBF2F16C
S21402DD3002FB113345F218020021019301AB0EF0EB
S21402DD4055F90820FEF73AFF024648B194F87030BB
S21402DD5040F204610370019B436005480DF04DF8E4
S21402DD6002B010BD45F2180201ABE8E740420F00D0
S21402DD70A821002010B504460120FEF71FFF024628
S21402DD8048B194F8703040F203610370BDE8104069
S21402DD9001480DF032B810BDA821002038B505465E
S21402DDA008200C46FEF70AFF024650B195F870307E
S21402DDB040F20761037044600248BDE838400DF047
S21402DDC01CB838BDA8210020014B5B68184700BF6D
S21402DDD0C82C002010B50F4C2368D3B10022D3F80C
S21402DDE0A0001A7783F83D2083F85E2004F0A4FF93
S21402DDF02068442160300DF028FC206821211D3067
S21402DE000DF023FC20682121BDE810403E300DF0C5
S21402DE101CBC10BDA0270020F0B5062087B0E8F78E
S21402DE206FFE0DF01AFC054640B901461A20FFF7B0
S21402DE3047FF6FF08C04204607B0F0BD2F4E3068C7
S21402DE4004F07AFF044640B110F1880F05D001466F
S21402DE5040F20740FFF734FFEDE708F0AAFE03287A
S21402DE60074622D10024346003F00FFB00026860EC
S21402DE706C6140F2011128460DF0B5FF204B694651
S21402DE80EB60204B2B6000230093EBF7ABFD0446C0
S21402DE90E0B1014640F20740FFF712FF284605F0C0
S21402DEA0C4FA28460DF0DBFBC5E732686B686A6188
S21402DEB0DAB222B923F0FF0343F001036B6003F0EA
S21402DEC0E4FA000240F001006860D2E7032FE5D1D1
S21402DED001AB102202A9009804F099FF1021044613
S21402DEE002A80DF0A4FB02A910200DF0BBFB102126
S21402DEF002A80DF0AAFB009B3360CFE79C27002008
S21402DF000044400400248000FF282DE9F84316BF91
S21402DF101C4D1D4B45EA002581464FF006008846FB
S21402DF20174608BF1D68E8F7EBFD0DF096FB0646A0
S21402DF3018B30146284604F024FF0446304605F08E
S21402DF4074FA30460DF08BFB14F1880F0FD1B9F13D
S21402DF50FF0F0ED1FFF760FF044660B90A4B1D683B
S21402DF600020C8F8005007B13C60BDE8F883002CDA
S21402DF70F6D02120F7E70025F2E71A206FF08C048E
S21402DF80F1E700BF068004009C2700202DE9F0413F
S21402DF908AB006AC884615460346264600F11007A8
S21402DFA0224618685968083303C2BB421446F7D1A2
S21402DFB0102130460DF03BFB002306200593E8F7C0
S21402DFC09FFD0DF04AFB044610B310274FF48071F4
S21402DFD00DF009FF194B1A49036005ABC1603246C2
S21402DFE028460293CDE900873B46EBF757FC0546E9
S21402DFF0F0B9394640460DF01AFB394630460DF068
S21402E00024FB204605F011FA20460DF028FB0BE013
S21402E0106FF08C0140F20740FFF752FE10213046A7
S21402E0200DF013FB6FF08C0528460AB0BDE8F081B0
S21402E030014640F20740FFF743FEDEE70024800079
S21402E040004440042DE9FF41054606208846164650
S21402E050E8F756FD0DF001FB044648B901461A20C2
S21402E060FFF72EFE6FF08C05284604B0BDE8F0815F
S21402E07003F00BFA2A466D4600232F460002606024
S21402E0806361204606F580710DF0ADFE144BE36029
S21402E090144B236002F110032E46106851680832B2
S21402E0A003C69A423546F7D1102138460DF0BFFA1C
S21402E0B0434610223946204604F02EFF054620B17C
S21402E0C0014640F20740FFF7FBFD102138460DF0EF
S21402E0D0BCFA204605F0A9F920460DF0C0FAC3E7BF
S21402E0E000444004002480002DE9F0434FF000096C
S21402E0F087B0044606200E4617469846CDE9049990
S21402E100E8F7FEFC0DF0A9FA054670B303F0BDF978
S21402E11000024FF480516860C5F8149028460DF04E
S21402E12062FEDFF874901B4B21462B601022C5F866
S21402E1300C9004AB04F0F0FE044628BB05AB029339
S21402E14010233246CDE9008349463B46049805F043
S21402E1500EF80446C0B9049804F0EEFD284605F011
S21402E16064F928460DF07BFA0AE06FF08C0140F263
S21402E1700740FFF7A5FD049804F0DEFD6FF08C045F
S21402E180204607B0BDE8F083214640F20740FFF77D
S21402E19097FDE0E7002480000002C003F0B50E46BB
S21402E1A00446154693B02022304643490CF0A2FBA3
S21402E1B068B92022284641490CF09CFB38B9404BEE
S21402E1C01B681B7D002B64D040F203401BE0246CCE
S21402E1D02022304604F151010CF08CFB38B9202283
S21402E1E0284604F171010CF085FB0028ECD00620CD
S21402E1F0E8F786FC0DF031FA044630B901461A20DB
S21402E200FFF75EFD1A2013B0F0BD0027009703F05B
S21402E2103CF9000260604FF48041204667610DF0D1
S21402E220E2FD284B3046E360274B06F120022360CE
S21402E23004238DF804300DF1050350F8041B9042B8
S21402E24043F8041BF9D10DF1050020210DF0EFF97A
S21402E25028460DF1250305F1200250F8041B9042D2
S21402E26043F8041BF9D120210DF125000DF0DFF94A
S21402E27001A96B464122204604F04EFE014650B9E3
S21402E280204605F0D2F820460DF0E9F9009804F091
S21402E29053FD0020B7E710F1870F03D040F2074086
S21402E2A0FFF70EFD204605F0C0F820460DF0D7F920
S21402E2B0009804F041FD87E704280400E4270400E0
S21402E2C0A0270020000002091241000100F0C0034E
S21402E2D0402B07D1094B1B6873B100F03F0053F87F
S21402E2E020007047802B01D1054BF4E7054A06480B
S21402E2F0C02B08BF1046704703487047A827002067
S21402E300A427002019C20300FDE70200014B1B6888
S21402E310187A7047A0270020003918BF0121003B59
S21402E32018BF012310B50B4C003A246818BF01220F
S21402E330A3749DF808302070003B18BF0123E374D5
S21402E3409DF80C302174003B18BF012362742375BC
S21402E35010BD00BFA027002001280AD002280ED038
S21402E36098B90B4B1A68936943F001030020936136
S21402E3707047074B1A68936943F00203F6E7044BAB
S21402E3801A68936943F00403F0E72120704700BF40
S21402E390A027002038B5094D2C6854B9A4200DF0EA
S21402E3A05CF9286038B1224605490648FEF70EF9A0
S21402E3B038BD0020FCE71A20FAE700BFA02700209D
S21402E3C035BE0300AC270020024B034A00201A6029
S21402E3D0704700BFA8270020A0270400024B034A6C
S21402E3E000201A60704700BFA42700207827040088
S21402E3F010B5144CFFF7EEFC2068A4210DF025F9A9
S21402E40003224FF0FF3123681A70D96000221021D0
S21402E4101A7783F83D2083F85E201A829A7419725E
S21402E4209A61EBF713FB044648B908F0C2FB0328CF
S21402E430054B08BF00232046044A136010BD40F275
S21402E4400740FBE7A0270020370004009C27002097
S21402E4502DE9F04383680446590687B040F1B1803F
S21402E46023F0400383600DF086FD802802D040280A
S21402E47040F0AA8094F9758004F13409B8F1FF3FA0
S21402E4801DD108F096FB012871D1636B04201A880F
S21402E4908DF808201A4632F8021B090A8DF8091070
S21402E4A0D3F8023002A9CDF80A3053680A22CDF812
S21402E4B00E30F2F7CBFAB0F1FF3F804657D0A56890
S21402E4C015F4807553D10620E8F71AFB0DF0C5F84F
S21402E4D0074698B901461A20FFF7F2FB204641F29A
S21402E4E00601FFF7CFFB20460021F4F765FF04F193
S21402E4F0340007B0BDE8F0430DF08DBD20460DF0A8
S21402E5003AFD802828D1494D394645EA082528464D
S21402E51004F037FC0646384604F087FF16F1880FEB
S21402E5201BD1434D394645EA0825284604F029FC06
S21402E5300646384604F079FF38460DF090F896B94C
S21402E540606B2A4602A90A30FFF720FD70B310213D
S21402E55002A80DF07AF8C1E72E4620460DF00BFD14
S21402E5604028E9D1DDE7314640F20740B4E794F8A7
S21402E5707430DA0702D4A368DB05AFD5002201A9FE
S21402E58004F118000192FFF75DFD18B1019804F03E
S21402E590D3FBA3E7606B019A02A90A30FFF7F6FCE9
S21402E5A00546019804F0C8FB002DD0D1204602A9EA
S21402E5B0F4F702FF02A810210DF047F848460DF0C6
S21402E5C02AFD07B0BDE8F083636B1A88002A85D15E
S21402E5D0882801D04B2881D10021013313F8012F5E
S21402E5E0002A7FF47BAF01310829F7D1206C01A9FC
S21402E5F000F598700192FFF725FD0028C6D1606BE2
S21402E600019A02A90A30FFF7C1FC0546019804F0F8
S21402E61093FB002D9BD1204602A9F4F7CDFE02A85B
S21402E62010210DF012F804F13400C8E7058004004A
S21402E630038004002DE9F043804693B006200F467F
S21402E64016469946E8F75CFA0DF007F8044648B90C
S21402E65001461A20FFF734FB6FF08C05284613B0EC
S21402E660BDE8F08302F011FF0023000260606361E0
S21402E6704FF4804120460DF0B6FB5A4BE3605A4BEE
S21402E68023605A4B1A68137F022B21D102F16003D2
S21402E69002F1800153F8040B8B4247F8040BF9D1C0
S21402E6A002F1A00153F8040B8B4246F8040BF9D191
S21402E6B0D2F8A0302046C9F8003004F0B6FE204654
S21402E6C00CF0CDFFB8F1000F40F085800025C5E7BD
S21402E6D09369DB072DD5464B03F1200253F8041B42
S21402E6E0934247F8041BF9D1424B03F1200253F838
S21402E6F0041B934246F8041BF9D14B4620223E499E
S21402E700204604F009FC0546204604F08EFE20460C
S21402E7100CF0A5FF002DD5D0294640F20740FFF7A2
S21402E720CFFAB8F1000F99D0082140460DF052FDFD
S21402E73094E74946EBF756F9054690B1014640F292
S21402E7400740FFF7BDFAB8F1000F03D00821404694
S21402E7500DF040FD204604F068FE20460CF07FFFD8
S21402E7607CE76B46412201A9D9F8000004F0A9FB18
S21402E7700546204604F059FE20460CF070FF4DB1C7
S21402E780294640F20740FFF79BFAD9F8000004F04A
S21402E790D3FAC6E73A460DF105030DF1250153F803
S21402E7A0040B8B4242F8040BF9D132460DF14501B7
S21402E7B053F8040B8B4242F8040BF9D101A841210D
S21402E7C00CF043FF384620210CF031FF2021304662
S21402E7D00CF02DFF76E7002245F2160140460DF0BA
S21402E7E0F5FB73E70000020912710001A027002062
S21402E7F0F1260400122704002428040045F206032A
S21402E800994210B5044637D01FD840F203239942E6
S21402E81007D045F2020399423FD040F201239942C3
S21402E8201FD1244894F870100CF0BEFA94F8733096
S21402E8304FF4A041012B14BF80204020FFF746FD75
S21402E84000220346204698470BE045F217039942FA
S21402E8502ED045F21A03994205D045F20C0399428E
S21402E8601FD0482007E0C0210DF095FB0721204667
S21402E870FFF708FA002010BD93791A44517C41F440
S21402E8809051FFF7FFF994F873302046012B14BF1E
S21402E890802140210DF07FFBECE705210DF09AFC6C
S21402E8A0E8E70DF068FB4128E4D005212046F5E7AD
S21402E8B00220E0E7AC270020B1F5A04F2DE9F04199
S21402E8C00446164600F01481A1F5A043DD1F042D70
S21402E8D000F215819279083B0C321644026C92F8CB
S21402E8E05021032B05D8DFE813F043009B00B90044
S21402E8F00001D10719D5771D1022394682480BF040
S21402E900F9FF002862D008F054F90128206C0ED1D5
S21402E91003213A4690F95E01F2F736F810210546D1
S21402E92038460CF092FE002D4CD100276BE03B4699
S21402E9301022032190F95E0108F03DF994F8733035
S21402E9400546012B0DD13B4604F11802153653F845
S21402E950041BB34242F8041BF9D1A36843F4807344
S21402E960A360102138460CF070FE002DDDD011E0B9
S21402E97012F00107D9D008F01CF901282DD1236C1A
S21402E980062093F95E81E8F7BBF80CF066FE0546B2
S21402E99018B91A250021284612E001465B4840EACB
S21402E9A0082004F0EEF98046284604F03EFD28468C
S21402E9B00CF055FEB8F1000F0FD0414640F207406A
S21402E9C0FFF77EF9082120460DF004FC20460821B8
S21402E9D00DF000FC40F2034020E0206C06F1050832
S21402E9E043460A22022190F95E0108F0E4F8D6F8BE
S21402E9F005300546A362D6F80930E362B6F80D3054
S21402EA0023860028C6D1226C92F8503123EA0703E7
S21402EA1082F8503120460DF09BFC0020BDE8F081C4
S21402EA20920782D508F0C5F8012806F10506206C83
S21402EA3009D10621324690F95E01F1F7A5FF1021B1
S21402EA40054630466DE706213346102290F95E01F0
S21402EA5008F0B1F810210546304684E793077FF5A3
S21402EA6064AF08F0A6F801281AD1236C062093F9A1
S21402EA705E71E8F745F80CF0F0FD0546002888D0F0
S21402EA800146234840EA072004F07BF90746284659
S21402EA9004F0CBFC28460CF0E2FD0FB139468DE7B8
S21402EAA0717989B90A46731D13F8010F60B90132EC
S21402EAB0062AF9D194F85210206C81F0080104F16C
S21402EAC04C03C1F3C00106E000394FF0060218BF3E
S21402EAD00121206CB31D90F95E0108F06CF8054622
S21402EAE000287FF457AF02278DE702F004078AE773
S21402EAF00DF0ADF90022236C83F85C218AE7BDE8AD
S21402EB00F041FFF77BBE00BFD42704000380040059
S21402EB1006800400F0B5B1F5A04F05468DB008D0CA
S21402EB2045F21304A14244D00DB0BDE8F040FFF711
S21402EB3065BE0023046CCDE90833CDE90A3394F8A8
S21402EB405D310DF1200C042B2CD11F4B1B6893F862
S21402EB505E205AB1674603F13E024E333E461068C7
S21402EB605168083203C69A423746F7D104F58473D1
S21402EB70069305F15303059305F15A03049323798B
S21402EB8028460393637904F1C8020293A37904F139
S21402EB90F801CDE900C304F1B8030DF050FE0020E1
S21402EBA00DB0F0BD013B022B9CBFD4F82C3108936C
S21402EBB0DCE7016C01F584710DF065F94A212846FF
S21402EBC00DF0E9F9EBE700BFA0270020F0B545F20B
S21402EBD00E06B142044613468DB00BD045F213031F
S21402EBE0994260D0B1F5A04F77D10DF030F90020F0
S21402EBF00DB0F0BD9979026C0C310B44591D02F52B
S21402EC008C72153351F8040B994242F8040BF9D171
S21402EC10256C102205F58C7105F584700BF06AFEE2
S21402EC2020B90B2120460DF0D5FAE0E70023CDE906
S21402EC300833CDE90A3395F85D310DF1200C042B2B
S21402EC402AD1284B1B6893F83D205AB1674603F138
S21402EC501D022D333E4610685168083203C69A429A
S21402EC603746F7D105F5A073069304F15A030593C8
S21402EC7004F153030493EB7A204603932B7B05F1AE
S21402EC80B80202936B7B05F1F801CDE900C305F1EA
S21402EC90C8030DF0D4FDAAE7013B022B9CBFD5F8B2
S21402ECA02C310893DEE7056C102205F5A07105F5F8
S21402ECB08C700BF01FFE0028B3D1D5F858314B21CB
S21402ECC09B0748BF94F87430204644BF43F00203C3
S21402ECD084F874300DF05FF989E70DB0BDE8F040B6
S21402ECE0FFF78CBDA027002073B545F21406B1428B
S21402ECF004461AD045F21906B14221D0B1F5A04F0A
S21402ED0028D10DF0A4F8216C204601F594730193E6
S21402ED1001F1B803009301F1110201F1C803513168
S21402ED200DF02EFE002002B070BD036CD3F8282131
S21402ED300B4BB2FBF3F103FB1121FEF7D5FFF1E714
S21402ED4013781BB90C210DF045FAEBE749210DF0BB
S21402ED5022F9E7E702B0BDE87040FFF74FBD00BFFB
S21402ED6040420F002DE9F04F97B01546DDE9209896
S21402ED7004AA06468C4692461C46524B229F03F134
S21402ED80100B9646186859680833AEE803005B45D0
S21402ED907246F6D16B46202261465046FFF7A4F92A
S21402EDA08346002871D1484B05F11002089365236B
S21402EDB08DF824300DF12503184655F8041B9542AC
S21402EDC043F8041BF9D110210CF031FC0DF1350388
S21402EDD0184604F1100254F8041B944243F8041B2C
S21402EDE0F9D110210CF023FC99F80630062183F0A5
S21402EDF00803C3F3C0038DF84530D9F800300DF18F
S21402EE004600CDF84630B9F804300124ADF84A3051
S21402EE100CF00DFC98F80630062183F00803C3F3C5
S21402EE20C0038DF84C30D8F800300DF14D00CDF807
S21402EE304D30B8F80430ADF851300CF0F8FB002332
S21402EE4035228DF854306846239B08A98DF8534026
S21402EE50FFF74AF98346C0B9102123980CF0E7FB66
S21402EE603B463522684608A98DF82040FFF73CF954
S21402EE70834650B9B27C0146C2F1100238460BF006
S21402EE8063FD102138460CF0D2FB102168460CF0C8
S21402EE90DCFB352108A80CF0D8FB102150460CF0FC
S21402EEA0D4FBBBF1000F06D0082130460DF092F9D4
S21402EEB017B0BDE8F08F5A4645F2120130460DF003
S21402EEC085F8F5E7332704000062746C70B51E46B9
S21402EED00423054696B014468DF8143001F120023C
S21402EEE00DF1150351F8040B914243F8040BF9D1C6
S21402EEF020210DF115000CF09AFB22460DF1350388
S21402EF0004F1200152F8040B8A4243F8040BF9D1AB
S21402EF1020210DF135000CF08AFB04AB029320236E
S21402EF2001931A9B314600930E48412305AA04F02A
S21402EF3031F90446412105A80CF087FB54B121465D
S21402EF4040F20740FEF7BCFE082128460DF042F9C3
S21402EF5016B070BD224645F2150128460DF036F869
S21402EF60F6E700BF0000020945F20D039942F7B525
S21402EF70044627D00DD8B1F5A04F1DD045F20403A4
S21402EF80994200F08F80204603B0BDE8F040FFF7BC
S21402EF9035BC45F21103994200F0A68045F21503EE
S21402EFA09942F0D1006C90F85D31052B06D8DFE867
S21402EFB003F0503A423A55500CF049FF00273846C3
S21402EFC003B0F0BD93790C331A44561D02F12505A1
S21402EFD02A463146FFF7E2F8074620B10B212046C3
S21402EFE00DF0F8F8EBE73146236C113351F8042B99
S21402EFF0A94243F8042BF9D1236C01F120023133E4
S21402F00051F8040B914243F8040BF9D1216C2046C7
S21402F01001F1D8030093D1F8943001F13102113195
S21402F020FFF754FFCAE7204645210CF0B4FF2046FE
S21402F030FEF7A0FEC2E7204645210CF0ACFF364B99
S21402F04020461B68D9684B1C5A425A41FEF762FE9C
S21402F050B4E7462120460CF09EFFAFE72E4B1B6816
S21402F06093F85E5065B1002100F1110200F5A07020
S21402F07001900091204611463E330DF0F9F89DE7C7
S21402F0801021C8300CF0BDFF00283DD008212046D4
S21402F0900DF0A0F8294640F20740FEF711FE40F2B6
S21402F0A007478CE79179036C0C310A44511DA8334B
S21402F0B0153251F8040B914243F8040BF9D1256C32
S21402F0C0102205F1A80105F198000BF013FC20B9F7
S21402F0D0042120460DF07EF870E7D5F8583143F04B
S21402F0E00103C5F8583169E70B4B056C1968102205
S21402F0F04E3105F5A0700BF0FDFB0028E8D110217B
S21402F10005F1C8000CF07DFF216C2046C8310CF0DA
S21402F110D6FE47219EE700BFA027002045F2160331
S21402F1209942F7B5044600F0B0810CD8B1F5A04F6D
S21402F1300FD045F20303994210D0204603B0BDE833
S21402F140F040FFF75BBB45F217039942F5D1022068
S21402F15002E00CF07CFE002003B0F0BD9379056C53
S21402F1600C33D618F379DF070CD4FEF7EFFC18B988
S21402F17094F97530013305D0052120460DF02AF8A2
S21402F1802120E9E7A24F337A3A68127A9A4202D8E5
S21402F190A27C9A4201D90621EFE7D6F80530C5F8D7
S21402F1A00B30B6F80930A5F80F300223AB7294F98B
S21402F1B0523094F85210002BB2BF012381F008039C
S21402F1C0C3F3C003AB7094F8603083F00803C3F354
S21402F1D0C0036B70337A102B28BF1023A374F37905
S21402F1E0D8072BD5AB79DA0728D5737A2A7A134053
S21402F1F085F85131B37A6A7A134085F8503195F919
S21402F2005E3101331ED0206C90F850319B0719D422
S21402F21081F00801062290F95E0104F14C03C1F365
S21402F220C00107F0C8FC68B140F21B412046FEF759
S21402F23029FDA3685907A3D508219EE7002385F870
S21402F2405131DAE73B68F079597C00F0080229B1BF
S21402F25012B1AA79120703D403218EE7002A73D0CB
S21402F260AA79110770D5D5F8581141F00401C5F8EE
S21402F2705811B5F8501121F4807121F00101A5F85A
S21402F280501193F81CC0B179BCF1020F03D00029CB
S21402F29037D0022171E729B3012283F83D20DA7CB8
S21402F2A052BB042385F85D3194F91330022B03D147
S21402F2B0D5F858315B07CFD507F07BFC01285CD127
S21402F2C094F97500461C58D0002201A9C0B2FEF778
S21402F2D01BFE002851D1236C93F85021900748D486
S21402F2E00A214AE793F85E20002AD2D083F83D101E
S21402F2F0DB7C002BCDD1D4E793F85E30002BD0D147
S21402F300C7E7024312F0040209D185F85D211B7C8F
S21402F310002BA1D194F8743098079DD4C4E7727973
S21402F3201878052A28BF03223A4902EB82020A44C9
S21402F330125C85F85D211B7C1BB994F87430990722
S21402F340B2D5002AB0D187E71A7F012A02D1B27954
S21402F350002AA6D1420703D4AA7912F00402D4D016
S21402F36072791878052A28BF03222B4902EB8202FB
S21402F370DDE793F851319907B2D594F97500421C2E
S21402F38018D0226C0821D2F8583143F04003C2F854
S21402F390583107F027FC052194F9750007F0F6FBB3
S21402F3A0032194F9750007F0F1FB062194F9750024
S21402F3B007F0ECFB95F85D31206C042B00F5987095
S21402F3C021D13B6803F11D022D3352F8041B9A42E9
S21402F3D040F8041BF9D1D5F8583195F85D2103F0B1
S21402F3E00401DAB923F00203C5F85831E2740029A1
S21402F3F046D0216C204601F1940301F1710251318D
S21402F400FFF718F9A7E6102200210BF09DFAE2E7B3
S21402F410A0270020442704005D27040043F00203CF
S21402F420C5F8583149B90123013AE374032A3FF675
S21402F43092AEDFE802F010181025A37C0F2B89BFCE
S21402F44094F87430012343F0080384F8743088BFBC
S21402F4500223E374CDE7204645210CF09CFD2046AE
S21402F460FEF788FC77E6204645210CF094FD3B68C3
S21402F4702046D9684B1C5A425A41FEF74BFC6AE6B4
S21402F480432120460CF087FD65E60CF050FD422134
S21402F490F7E700BFF8B50446FEF73CFB266C0546C8
S21402F4A028B394F975305F1C0BD086F85E31FEF7F0
S21402F4B04DFB072101200CF0DAFC024638BB1A216C
S21402F4C011E02046F1F718FC86F85E01236C93F9EA
S21402F4D05E310133EBD1FEF739FB60B1A3685D07FD
S21402F4E00FD441F205212046FEF7CCFB0DE0FF23A8
S21402F4F086F85E31EFE794F975300133EED10025D8
S21402F500D7E7052120460CF065FE0020F8BD3249FB
S21402F510867909680C3691F800C0831983F801C011
S21402F52091F81CE0281E18BF0120BEF1010F0DD174
S21402F53083F802E0D870487C00B3D87800071DD460
S21402F540A3685B07DDD441F20321CCE78F69BEF1E5
S21402F550020F07F002070ED191F85EE0BEF1000F2F
S21402F56009D04FF0010E83F802E0D870002FE2D1E6
S21402F57040F00800DEE74FF0000EF4E7BCF1030FA0
S21402F58007D0096911F0FF1F1EBFD97841F00401A8
S21402F590D97094F874108F0708D5D978480705D41F
S21402F5A0BCF1030FCFD041F00401D970002D18BF73
S21402F5B0032510215D7119719D71216C9059C1F856
S21402F5C003009888A1F807009B7920464B72062113
S21402F5D009F0E7FE012099E7A0270020F0B545F2E2
S21402F5E00E06B142044615468DB00ED045F21306FD
S21402F5F0B1425CD0B1F5A04F40F0BD800CF027FCC4
S21402F600236CD3F85831190757D5236CD3F85821F1
S21402F61012070CD4AA7903F584730C3215446A1DBA
S21402F620153552F8041BAA4243F8041BF9D10023ED
S21402F630256CCDE90833CDE90A3385F85C3195F8B7
S21402F6405D310DF1200C042B2AD14D4B1B6893F82B
S21402F6503D205AB1674603F11D022D333E4610681F
S21402F6605168083203C69A423746F7D105F5A073A9
S21402F670069304F15A03059304F1530304932B797A
S21402F68005F1C80203936B790293AB79CDE900C307
S21402F69005F1B803204605F1F8010DF0D0F80CE0AC
S21402F6A0013B022B9CBFD5F82C310893DEE7056C94
S21402F6B095F85C3123B1012B54D000200DB0F0BD7B
S21402F6C0102205F5A07105F584700BF013F920B130
S21402F6D00B2120460CF07EFDEFE7D5F858310DF1F0
S21402F6E0200C9B0742BF94F8743043F0020384F860
S21402F6F07430012385F85C310023CDE90833CDE967
S21402F7000A3395F85D31042B25D11D4B1B6893F8FF
S21402F7105E205AB1674603F13E024E333E461068FB
S21402F7205168083203C69A423746F7D105F58C73FC
S21402F730069304F15303059304F15A030493EB7AF8
S21402F74005F1B80203932B7B02936B7BCDE900C3D2
S21402F75005F1C8039EE7013B022B9CBFD5F82C316E
S21402F7600893E3E705F58C710CF08DFB88212046A3
S21402F7700CF011FCA1E70DB0BDE8F040FFF73EB873
S21402F780A027002045F21403994213B504462BD055
S21402F7900CD8B1F5A04F13D045F20E03994232D0E1
S21402F7A0204602B0BDE81040FFF728B845F219031C
S21402F7B09942F5D1137813BB0C210CF00BFD10E027
S21402F7C00CF045FB216C204601F59473019301F180
S21402F7D0B803009301F1510201F1C80311310DF093
S21402F7E0CFF8002002B010BD036CD3F82821114BCD
S21402F7F0B2FBF3F103FB1121FEF776FAF1E787215C
S21402F8000CF0C9FBEDE79179036C0C310A44511DEB
S21402F81003F58473153251F8040B914243F8040B36
S21402F820F9D1226CD2F8583143F00803C2F85831A5
S21402F830D7E700BF40420F0045F2100330B59942A9
S21402F840044685B000F0A6800CD8B1F5A04F27D0AC
S21402F85045F20503994228D0204605B0BDE830405F
S21402F860FEF7CCBF45F21103994200F0B08045F294
S21402F87012039942F0D1016C91F85D3113B1043B49
S21402F880012B03D82046B8310CF019FB236C93F8F1
S21402F8905D31042B40F2DF80052B03D1862192E0F6
S21402F8A00CF0D5FA002005B030BD9179036C0C310E
S21402F8B00A44511DC833153251F8040B914243F8DD
S21402F8C0040BF9D1206CD0F8583113F0040354D04D
S21402F8D090F85D31042B22D1604B1B6893F85E5082
S21402F8E065B1002100F111020091114600F5A070E9
S21402F8F001903E3320460CF0BBFCD3E71021B83013
S21402F9000CF07FFB58B1082120460CF063FC40F255
S21402F91007402946FEF7D4F940F20740C3E7216CB8
S21402F92091F85D3101F1C80213B1043B012B12D8E4
S21402F93001F1F803039301F59873029304F15A0355
S21402F940019304F15303009301F1B8032046D83122
S21402F950FFF708FAA6E701F5A073019391F85C0198
S21402F960D1F82C31C34003F0010343F08003009327
S21402F970134601F151021131BCE780F85C3100F107
S21402F980C802009300F5987100F5A07320460DF0AA
S21402F9906BF887E7056C102205F1980105F5A07053
S21402F9A00AF0A8FF20B1042120460CF013FC79E7E8
S21402F9B08821D5F858319B0742BF94F8743043F03B
S21402F9C0020384F8743020460CF0E5FA6AE7056C08
S21402F9D095F85D3105F5A070042B1ED11F4B102241
S21402F9E019684E310AF086FF0028DCD1102105F195
S21402F9F0B8000CF006FB216C01F1F803039301F545
S21402FA009873029304F15A03019304F1530300938B
S21402FA1001F1C80201F1B80398E70146102205F188
S21402FA2098000AF067FF0028BDD105F1B80120460C
S21402FA300CF045FA216C91F85C310133DBB2142BE1
S21402FA4081F85C31D8D0D1F8583123F00103C1F8DF
S21402FA5058318421B7E78721B5E700BFA0270020E9
S21402FA6045F215039942F7B5044651D00CD8B1F5C4
S21402FA70A04F19D045F20D0399421BD0204603B081
S21402FA80BDE8F040FEF7BABE45F216039942F5D13C
S21402FA90016C01F1D8030093D1F8943001F13102E0
S21402FAA01131FFF713FA01E00CF0D1F900273846BE
S21402FAB003B0F0BD93790C331A44551D02F12506A6
S21402FAC032462946FEF76AFB074620B10B2120463E
S21402FAD00CF080FBEBE72946236C113351F8042B1C
S21402FAE0B14243F8042BF9D1236C01F120023133E1
S21402FAF051F8040B914243F8040BF9D1216C2046CD
S21402FB0001F1940301F171025131FEF793FDCDE745
S21402FB100CF00DFA236C93F85D31052BC6D8DFE89E
S21402FB2003F0190311111E19204682210CF033FA34
S21402FB300C4B20461B68D9684B1C5A425A41FEF7AA
S21402FB40E9F8B3E7204682210CF025FA2046FEF7B4
S21402FB5011F9ABE7832120460CF01DFAA6E78521B2
S21402FB60F9E700BFA0270020204B10B51B6804460B
S21402FB709B6913F0040310D141B180F8773090F8F6
S21402FB807010BDE810401A480BF00EB990F87330AA
S21402FB90012B03D18368580705D410BD022B02D16E
S21402FBA083685907F9D494F9772094F87730002AB5
S21402FBB0F3DBB3B9012384F8773094F877305B0827
S21402FBC0EBD04FF47A7294F8701053430848002230
S21402FBD0FCF7DAFC94F8773063F07F0384F877302A
S21402FBE0DBE75A06E9D45B00E5E700BFA027002062
S21402FBF0AC27002045F21E0330B59942044615464E
S21402FC0089B010D845F21603994213D845F201037B
S21402FC10994200F0828145F20C03994222D0B1F556
S21402FC20A04F00F080812A46204609B0BDE8304049
S21402FC30FEF7E4BDA1F5A043173B072BF3D801A2BC
S21402FC4052F823F029FD020027FC020027FC0200DE
S21402FC5027FC0200D5FE020027FC0200A1FE0200DD
S21402FC6015FD020090F97730002B02DB82685307FD
S21402FC7007D5204609210CF0ADFA41F2092009B059
S21402FC8030BDAB792B44914D5B7C2D6803F00801A7
S21402FC906D7CD5B121B903210CF09CFA2120EEE748
S21402FCA013F0040F03F0010308D042F0080282604A
S21402FCB093B9A36843F02003A36013E0002BF8D0A7
S21402FCC0836843F010038360F3E7580744BF42F0AB
S21402FCD00802A260DB0703D5A36843F01003A36003
S21402FCE00029E6D1A368224643F00403A3607849BC
S21402FCF02046FCF76BFC0221204607F080F947F20B
S21402FD003053002245F21A012046FCF73DFCA36858
S21402FD109D054AD5A368580747D594F8700009B0E0
S21402FD20BDE830400BF0A1BF90F87430D90745D536
S21402FD3090F9753001333AD094F9131001291DDC7D
S21402FD40A26893060DD5614B15071B6801D4187C73
S21402FD5038B1187F10B91878032802D09B69980723
S21402FD602CD501290AD0594B11071B6801D41A7CDD
S21402FD7022B11A7F12BB1B78032B1FD10023CDE9B9
S21402FD800433CDE9063306F014FF012801AB2DD06B
S21402FD90A06AE16A228E03C31A802046BDF80420B8
S21402FDA004AB0DF10601F3F7B7FB002067E78368A3
S21402FDB0DA0616D4FDF7CAFE0028BDD0434B1B68F0
S21402FDC0197F022929D1DA7C3AB393F85E3023BB35
S21402FDD0A3685A0717D520460CF0FCF941F2022018
S21402FDE04DE7FDF797FE0028E4D0E7E70A22022156
S21402FDF094F9750006F020FF0028CED1CDE9010067
S21402FE00ADF80C00C9E7204641F20221FDF73AFFA1
S21402FE1001212046FFF7A8FEE0E720460BF0E9FFA7
S21402FE20A56860B96B0705D5082120460CF0D2F903
S21402FE301A2024E71A212046FDF724FFF8E715F0DA
S21402FE40040508D0FDF78AFEC8B1204694F975105D
S21402FE50FDF7A4FFA9E722461D492046FCF7B6FB9C
S21402FE600221204607F0CBF847F230532A4645F2E5
S21402FE701A012046FCF788FBA3685D07E2D4226CD1
S21402FE80D2F8583143F020032046C2F85831FFF723
S21402FE9001FB002889D0412120460CF07CF884E73B
S21402FEA0FDF75CFE002868D0226C002A65D0A368A5
S21402FEB0580762D5D2F8583199065ED429780029B7
S21402FEC0E0D1052120460CF085F96EE7A027002038
S21402FED0EDBF030090F87430D80707D440212046BF
S21402FEE00CF059F829462046FDF7CCFEA3685907C0
S21402FEF07FF55BAF204645F21A010AF055FF204611
S21402FF0022461F490AF089FFA368022123F03C0318
S21402FF102046A360F1F73AFC47E70246184919481B
S21402FF20FCF754FB41E745F21A010AF03DFFA368CD
S21402FF3023F03E03A360236C6BB193F95E01421C6F
S21402FF4009D094F97520013203D0D3F858315B06F4
S21402FF5001D5F0F7F7FD2246204609490AF05DFF73
S21402FF602246074907480AF058FF20460221F1F7C1
S21402FF700DFC20460CF08EF817E702207FE600BF45
S21402FF80EDBF0300A821002045F21E0399422DE989
S21402FF90F3410446154611D845F21603994214D881
S21402FFA045F20103994200F0438345F20203994267
S21402FFB000F09C80B1F5A04F00F040832A46204610
S21402FFC002B0BDE8F041FEF719BCA1F5A043173B0D
S21402FFD0072BF3D801A252F823F000BFFDFF020060
S21402FFE0BDFF0200BDFF0200BDFF0200EB050300DD
S21402FFF0BDFF0200BD01030083010300874E336884
S2140300001A7F022A11D1DA7C7AB193F85E3063B98B
S21403001041F20221FDF736FE20460121FFF7A4FD3B
S21403002041F2022002B0BDE8F081A368590701D56A
S2140300300220F7E72046FDF76DFD3368051E1A78A4
S21403004018BF0125032A07D019696AB211F0FF1FEA
S21403005028D042F0040503E094F87420920729D4CC
S2140300609A69960723D41A7F012A20D045F00805FB
S21403007002210B200BF0FBFE024600B383790344F8
S2140300805D7394F97530013303D094F87430DD074B
S21403009003D5A36843F00203A3600621204609F0B4
S2140300A080F90CE094F874108F07D2D4D8E75B7C01
S2140300B0002BDDD041F203212046FDF7E3FDA368C4
S2140300C0224643F00403A36055492046FCF77EFA14
S2140300D00221204606F093FF47F23053002245F2F2
S2140300E01A012046FCF750FA00209BE7836858075E
S2140300F003D494F97730002B05DB236C53B1D3F884
S2140301005831D90606D5204609210CF063F841F28A
S214030110092087E720460BF06CFE28B90821204605
S2140301200CF058F821207DE7206CD0F8583143F0C6
S2140301301003C0F85831AB790C332B445A68C0F817
S21403014003201A89A0F8072001229B7A4372236CA6
S214030150DA70A26812F0040610D12246304920460F
S214030160FCF734FA0221204606F049FF47F23053E3
S214030170324645F21A012046FCF706FAA3689A05AA
S214030180B2D5236C002BAFD0D3F85831DB06ABD5F2
S214030190FDF7E4FC94F9751030B1A3689F0703D408
S2140301A02046FDF7FBFD9FE70846F0F7CFFB28B197
S2140301B094F87430DE0701D40521B0E7236C002BD6
S2140301C03FF436AFD3F85831D8067FF531AF9906EA
S2140301D03FF52EAFFDF7C2FC48B1A3689A0706D4D5
S2140301E02B7823B9052120460BF0F4FF7CE7A368A0
S2140301F0256C23F00203A360D5F85831074F43F06C
S2140302002003C5F858313B68EA791B7A934202D833
S214030210A37C934206D9062181E700BFA0270020CE
S214030220EDBF030094F9521094F852300029B2BF80
S214030230012383F00803C3F3C003102A28BF102248
S2140302406B7094F86030204683F00803C3F3C00352
S214030250AB70A274AE79FDF75DFC90B3F30730D5AF
S21403026094F97530D4F84080581C20D088F85E3155
S21403027006F00D063B689A69910704D41A7F012A93
S21403028001D0320701D406F0F7061A78032A1BD0EA
S2140302901B6913F0FF1F01D046F004060721022056
S2140302A00BF0E5FD0190A8B940F20340BAE62046FC
S2140302B0F0F722FD88F85E01236C93F95E31013373
S2140302C0D6D106F00C06D5E71B7F002BE6D106F049
S2140302D0FB06E3E790F806C03A680CF10C0C1378BB
S2140302E000EB0C014B70137F012B06D0022B45D17C
S2140302F092F85E30003B18BF01238B701023CE703C
S21403030016F0010608BF32460B711FBF2B7A6A7AB6
S21403031003F003034B71236C14BF02F003024E7108
S2140303208A7183F851214A7983F8502150F80C20BA
S214030330C3F80A208A88DA818A791A7406B3206C8D
S21403034090F8501111F002061AD194F852100622B2
S21403035081F0080190F95E0104F14C03C1F3C0017A
S21403036006F029FC60B13146FDF7AAFC20460821B9
S2140303700BF030FF01A80AF056FE95E70023BCE712
S214030380019E002E90D0FDF7E1FB95F806C018B944
S21403039094F9753001330FD01CF0010F04D0236C91
S2140303A093F95E31013307D1052120460BF012FF86
S2140303B03046FCF777FAB5E63B680CF00802597C42
S2140303C029B112B16A7B100703D40321EDE7002A93
S2140303D070D06A7B11076DD5D5F8581141F004012A
S2140303E0C5F85811B5F8501121F4807121F00101B8
S2140303F0A5F85011187F697902280FD091B942EAFF
S2140304000C0212F0040240D185F85D211B7C002B00
S214030410DBD194F874309807D7D40DE021B993F85C
S2140304205E203ABB0221C0E7012283F83D20DA7C36
S21403043032BB042385F85D3194F91330022B03D1C4
S214030440D5F858315A07C0D506F0B3FB01284DD16D
S21403045094F97500431C49D0002201A9C0B2FDF7E8
S21403046053FD002842D1236C93F85021910737D4CB
S2140304700A219AE783F83D10DB7C002BD2D1D8E71C
S21403048093F85E30002BD4D1CCE72A791978052A65
S21403049028BF03227C4801EB810101448A5C85F86E
S2140304A05D211B7C1BB994F874309907C4D5002AC8
S2140304B0C2D18AE71A7F012A02D16A79002AB8D103
S2140304C01CF0040F03D16A7B12F004029CD02A7935
S2140304D01978052A28BF03226C4801EB8101DCE763
S2140304E093F851319A0701D40A2118E694F9750056
S2140304F0431C18D0226C0821D2F8583143F040032D
S214030500C2F8583106F06EFB052194F9750006F023
S2140305103DFB032194F9750006F038FB062194F998
S214030520750006F033FB32460621204608F039FFF5
S21403053095F85D31206C042B1DD13B6800F598704F
S21403054003F11D022D3352F8041B9A4240F8041B94
S214030550F9D1D5F8583195F85D2103F004018AB92D
S21403056023F00203C5F85831E274B9B1812120465D
S2140305700BF011FDB8E51022002100F598700AF083
S214030580E3F9E6E743F00203C5F8583141B901231E
S214030590032AE37412D9042A7FF4A6AD8421E6E77E
S2140305A0A37C0F2B89BF94F87430012343F0080310
S2140305B084F8743088BF0223E374D7E7012A07D090
S2140305C0204682210BF0E7FC2046FDF7D3FB8BE5A4
S2140305D0204682210BF0DFFC3B682046D9684D1C81
S2140305E06A426A41FDF796FB7EE590F87430D807B9
S2140305F007D4802120460BF0CEFC29462046FDF783
S21403060041FBA36859077FF56FAD45F21A012046F3
S2140306100AF0CAFB224620461D490AF0FEFBA368E1
S21403062023F00403A36002212046F1F7AFF85BE54D
S214030630024617491748FBF7C9FF55E545F21A0165
S2140306400AF0B2FBA36823F03E03A360236C6BB1EE
S21403065093F95E01421C09D094F97520013203D048
S214030660D3F858315B0601D5F0F76CFA22462046DC
S21403067007490AF0D2FB2246054906480AF0CDFB95
S21403068020460BF007FDCEE7442704005D27040051
S214030690EDBF0300A821002007B506480AF0E1FCD9
S2140306A0042101900DEB01000AF0BDFD019803B093
S2140306B05DF804FBB0270020F7B5186810F00200B9
S2140306C003D0164E316811B9012003B0F0BD0024E3
S2140306D0042223460DEB020001940AF093FCBDF8B6
S2140306E00630DB0702D4FFF7D7FF044600250C4F7E
S2140306F057F8043B23B12146BDF80400984748B198
S2140307003368002BE0D0074B022193F90000FBF778
S21403071097FDD9E70135062DEAD1F1E7B02700208A
S214030720B42700202029002010B50948FBF778FDE0
S2140307300024084B0849187020200C60FCF7FCF8CE
S214030740064BC3E90044C3E90244C3E9044410BDAD
S214030750D82C002020290020B0270020B427002012
S2140307607047E2F7A3B808B5E8F746F9FFF7F8FFCE
S21403077001F04BFDFFF7F5FF0DF06CF9F8E710B548
S2140307800446E2F79BFA2046E2F7A0F82046E1F794
S2140307906BFE10BD0120704700B5C3B0F3F79CFD98
S2140307A009F0D2F848B1FFF7F5FF30B101A809F018
S2140307B07EF810B901A8FFF7E2FF43B05DF804FB2B
S2140307C0704770477047E8F72BBA704708B5E2F7EB
S2140307D0C3FC00F0EDFEE2F7B5FCE2F779FDBDE8F9
S2140307E00840E4F72BBCE2F75BB808B5E2F7ACFDCC
S2140307F0E2F760FEBDE80840E2F7B4BC08B500F0D7
S21403080034F8E7F753FA00F03EFEE9F71FF900F075
S21403081038FE00F03CFE00F0C6FE0DF062FFE2F785
S21403082025FABDE80840E2F76BB908B5E6F740F9E4
S21403083000F025FEE6F74CF900F01EFEBDE8084082
S21403084001F0FFBCE2F710BB7047E2F737BCFFF7D7
S214030850A3BF7047E2F718BA82B002AB03E90300FE
S214030860012002B07047704770470F20704770B57D
S214030870002506462C46052C20D8DFE804F003079F
S2140308800B0F13175B210820E2F7C4FD0C21082089
S214030890E2F7C0FDD1210820E2F7BCFD8021082045
S2140308A0E2F7B8FD00210820E2F7B4FD6C1C2946E8
S2140308B0E4B208202546E2F7ADFD0624A4F10E03B4
S2140308C0012B05D85A210820E2F7A4FD0134D2E70C
S2140308D0102C05D1BDE870405D210820E2F79ABDD3
S2140308E0B31F195DEFE7012307B520F07F4040EA09
S2140308F08170019068460093FFF7B9FF03B05DF877
S21403090004FBFEE700239A4200D1704710B550F867
S214030910234041F8234001339A42F8D110BD002307
S2140309200360704703680B6001607047036813B980
S2140309300B60016070471846F8E70346006818B175
S21403094002681A600023036070474FF06042012379
S214030950D2F8001E83400B430020C2F8003E7047C7
S2140309604FF060410122D1F8003E824023EA0203A1
S2140309700020C1F8003E704710B588B004460E98B4
S214030980009207900D98224606909DF83000059039
S2140309900B9804909DF8280003900020CDE90130C1
S2140309A00B460121E2F74EFE08B010BD4369426CC8
S2140309B0D91C143AB1FBF2F103EBC1000330B0FBD0
S2140309C0F2F00230704738B505460C46FFF7EEFFE7
S2140309D06A6CE31D143AB3FBF2F3013304EBC3046E
S2140309E002FB004038BD38B5054644692146FFF78B
S2140309F0EAFF6A6CE31D143AB3FBF2F3013304EB2C
S214030A00C304204438BD73B506460D460024F36B75
S214030A1001225B6901A928199847019B013309D173
S214030A20736C043462196A405B421A42EFD0204664
S214030A3002B070BD0024FAE770B505460C46E4F72D
S214030A4007FBEB6B2046BDE87040DB68184770B5C4
S214030A500025044686B00562E369AB4202D8206AE5
S214030A6006B070BD666C2068E36B05225B6901A95E
S214030A7006FB0500984701A800F030FC00F053FC85
S214030A8010B1236A013323620135E5E738B504461E
S214030A90456C006804F1400305FB0101E06B00F0C0
S214030AA04FFC05462046FFF7D2FF284638BDF0B573
S214030AB00546002687B0EC69013CB44203D80C46D1
S214030AC0204607B0F0BD01B14C1E6F6C2868EB6B77
S214030AD005225B6901A907FB0400984701A800F0FB
S214030AE0FDFB00F020FC0028EAD121460136E2E7B0
S214030AF0F0B504460D46466CE36B006887B00522E6
S214030B005B6901A906FB0500984701A800F0E6FB10
S214030B1000F009FC20B101A800F0B7FB07B0F0BD58
S214030B2029462046FFF7C3FF0646676C2068E36B3B
S214030B3005225B6901A907FB0600984701A800F098
S214030B40A4FB431CEAD0B54238BF0130E6E72DE9E3
S214030B50F0434FF6FF79D0F8248004460E46C84586
S214030B6014BF45460025002787B0E369BB4202D879
S214030B7007B0BDE8F083E26B2368606CD2F814C05C
S214030B8000FB0530052201A9E04701A800F0A6FBFB
S214030B90022806D0C8450CD1721C29462046FFF70A
S214030BA075FFE3690135B5FBF3F2013703FB125515
S214030BB0DBE729462046FFF79BFFB0F1FF3F14BF54
S214030BC0024632460132E8E70368F0B5CC1A436CB6
S214030BD00646B4FBF3F4002587B0F36937685A1E5C
S214030BE09542706C08D3706C336800FB043007B012
S214030BF0BDE8F04000F0A2BB0134B4FBF3F203FB04
S214030C001244F36B05225B6901A900FB0470984745
S214030C1001A800F063FB00F086FB0028E3D1013552
S214030C20DBE710B423F0030422449B070A44436C17
S214030C3018BF04325B4282EA0104234203D05DF804
S214030C40044BFFF7C1BF10465DF8044B70472DE910
S214030C50F041D0E90A369E42044686B028D11422D3
S214030C60C369456802FB1355284606B0BDE8F08104
S214030C702068676C331AB3FBF7F3E26B07FB0300DA
S214030C80D2F8148001A90522C04701A800F026FB6C
S214030C90012804D0636C1D44013B3340ED1A3146F2
S214030CA02046FFF791FF0646A36AB342E0D1DBE78F
S214030CB00025F9E708B508301346D1E90012E4F732
S214030CC04DF9012008BD13B50C460021217600938B
S214030CD0616813462246E2F7BFFE18B1E37D03B10F
S214030CE0A07EA075A07D02B010BD73B5164600F1B8
S214030CF008050C46284609680DF1070200F0A1F91D
S214030D00032E06D16368834203D12846216800F088
S214030D107FF9012002B070BDD01E009B42424241C3
S214030D20187E824211D11A688A420ED85A688A42BD
S214030D300BD35A6901325A61D3E9030282423FBF99
S214030D40986840F8221001321A610120704710B5E6
S214030D50032A029C07D1A26A5340626C5242134292
S214030D6001D100F055F9012010BD08B5C368002075
S214030D709847BDE80840E4F773B9012814BF042078
S214030D80022070B5002442431C70CC7D101D02F077
S214030D9002024CB91AB1012220F003001A7000F1C6
S214030DA008034868184470BD1AB1012220F00300F6
S214030DB01A7000230C7E01F12005DAB2944201D8A2
S214030DC00020F0E735F833205E1C824206D901EB9B
S214030DD0C30300F10802D8691044E4E73346801AD7
S214030DE0EBE773B5054690F842601C4630460DF1B6
S214030DF00303FFF7C2FFEB6B012E5B690DD132468F
S214030E0001A998479DF8033013B1BDF80630019346
S214030E10BDF80430236002B070BD0122214602B043
S214030E20BDE870401847F0B5054600244868EB6BEC
S214030E3087B00E4601225B69029402A908309847E0
S214030E40274695F84230012B40F08480632C02D964
S214030E50029807B0F0BD612C08D805AB2246314690
S214030E602846FFF7BEFF9DF814301BB305AB22469A
S214030E70314628468DF81070FFF7B3FF95F84230D9
S214030E80012B059B55D14FF6FF72934200F09680D7
S214030E90082205A904A800F06DFA059B9DF810101A
S214030EA0C3F30722914240F08980DBB2029A1A44C8
S214030EB0029283E095F84230012B30D12246314628
S214030EC0284603ABFFF78DFF3146284604AB621C6A
S214030ED0FFF787FF3146284605ABA21CFFF781FFC5
S214030EE0102208230DEB02010DF107008DF80730E1
S214030EF000F040FA102205A90DF1070000F03AFAB7
S214030F00039BDAB2002A52D19DF80720B2EB132FC7
S214030F104DD1DDE9043203EB0243029347E0302C64
S214030F202BD944E09DF80720B2EB134F3FD1049B27
S214030F30F3E7013342D0102205A90DEB020000F0BF
S214030F4019FA059B9DF81010C3F30742914235D159
S214030F509BB2ABE7312C3FF67BAF87D005AB22467F
S214030F6031462846FFF73DFFBDF81430002B7FF4CB
S214030F707DAF95F84230012BA0D022463146284655
S214030F8003ABFFF72EFF3146284604AB621CFFF780
S214030F9028FF102320220DEB03010DF107008DF827
S214030FA0073000F0E7F9039B9AB2002ABAD095F807
S214030FB04230012B14BF012302231C44013440E7B3
S214030FC013B500240194049C0094E3F72BFA02B0B3
S214030FD010BD13B501240194049C0094E3F722FA90
S214030FE002B010BD00234FF0FF3230B544689C4278
S214030FF002D10023037230BD016801EBC30541F83B
S21403100033206A600133F2E7C0E90012FFF7EABF54
S2140310100023F0B545689D4210D00468DF0054F8FD
S214031020332004EBC306B2F1FF3F08D0C2F313022A
S214031030914204D14FF0FF33E3517360F0BD0133A7
S214031040E9E70023F0B545689D4202D14FF0FF3033
S2140310500EE00468DE0054F83340671C09D0C4F37E
S2140310601307B94205D1240D147003683344586836
S214031070F0BD0133E8E7704770B594002246054695
S2140310800E460DF0B1FC431C0AD058B92246314631
S214031090284609F02FFC002814BF3D20002070BD11
S2140310A06E20FCE77120FAE713B5044601A8E5F7BE
S2140310B09FFA9DF8063023804FF480736380E5F72C
S2140310C0B7FA6060002002B010BDE5F717BA08B59E
S2140310D0E5F704FA002008BD10B5044644EA010308
S2140310E013F00303084609D1934201D1002010BD33
S2140310F054F8231040F823100133F5E721469200F5
S21403110009F08AFBF2E710B504460DF069FC431CB0
S21403111010D088B9E5F78CFA234620F00300204464
S214031120984201D1002010BD53F8042B0132F7D0AA
S2140311303E20F8E76E20F6E77120F4E70A46013909
S2140311400144E7F763BA13B50023044601461B229E
S2140311500DF107008DF8073000F00CF922689DF8B2
S2140311600730B3EBD26F0CBF0120002002B010BDD6
S21403117013B500230446014620220DF107008DF81F
S214031180073000F0F7F80DF107001A22211D00F0D2
S214031190F1F862689DF80730B3EB926F0CBF01203D
S2140311A0002002B010BD0068431C584258417047E7
S2140311B0006810F07E0F0CBFC0F3C16000207047BC
S2140311C00068C0F3D3107047006800F07F00012862
S2140311D08CBF002001207047036813F07E0F14BFF6
S2140311E0042008207047036813F07E0F03D140687D
S2140311F020F07C40704713F078001CBF03F07F0399
S214031200D81F7047006800F07F007047032809D096
S214031210022803D1C1F10201C8B2704700290CBFEE
S21403122007200020704737B5054601F10C044369D3
S2140312306946012220469847BDF8003001220193F3
S2140312402046AB6901A9984703B030BD37B501F115
S2140312500C044369012269460546204698474FF623
S214031260FF72009B99B291420DD11B0C1B0443F4F1
S214031270254343F0A503019301222046AB6901A948
S214031280984703B030BD0020FBE737B5044600257A
S2140312901B22011D0DF107008DF8075000F06AF8B8
S2140312A060689DF80720B2EBD06F03D120F078403A
S2140312B003B030BD0DF107001B2204F108018DF8C1
S2140312C0075000F057F8A0689DF80730B3EBD06FCF
S2140312D001D1C043EAE74FF0FF30E9E74BF29A2229
S2140312E0036810B5B2EB134F044613D19BB2012B20
S2140312F013D1FFF7CAFF01300CD04FF6FF72E06838
S214031300B2EB104F4FEA104309D180B2C01A18BF90
S214031310012010BD2368013303D00420F9E702201F
S214031320F7E70320F5E701288CBF0020012070476C
S214031330033801288CBF0020012070471430704703
S2140313402DE9F04105469846036908460E461746BA
S2140313509847044638B943463A4631462846E3F7A3
S214031360EFFE044618B131462846FFF75CFF2046D9
S214031370BDE8F0811F2A0B689EBF4FF0FF319140F6
S2140313808B43590801F055315B1A03F033319B0840
S21403139003F033330B44017803EB13130A444FF083
S2140313A0013103F00F334B43A2EB13620270704715
S2140313B008B50CF00DF8BDE808400021E4F738B98D
S2140313C00029CCBF01210021E4F732B902214FF4F2
S2140313D02070E4F7BFBC704770470020E4F7CEBD2B
S2140313E00120E4F7CBBD704770B5054614460E469C
S2140313F00DF0F1F82B685C4034405C402C60BDE88F
S21403140070400DF0E3B84FF0B0435A6812B19A6AD1
S214031410002AFAD17047012200F580535A60CB4365
S214031420934003F00A034361416111B900F500508C
S2140314304260704783695B06FCD5C163704770B52D
S214031440054614460E460DF0C6F82B685C4034403D
S2140314505C402C60BDE870400DF0B8B801224178BE
S21403146003788A4030214B4342F2100103F1A04334
S21403147003F570335A507047704700207047F3F7F0
S214031480F9BF00207047FFF7FCBF0020704700201D
S214031490704770B506460D4614468CB0CAB1102286
S2140314A0002108A809F050FA002207AB029305AB07
S2140314B0019306AB00933046294608ABCDE90522D7
S2140314C0E5F788FB18B9099B6360059B23600CB09E
S2140314D070BD6FF08600FAE71FB504A800E90E009A
S2140314E011460198E5F7B2FD30B1E7F7F5FE05B012
S2140314F05DF804EB00F067B805B05DF804FB70B563
S21403150005460E46E5F704FB044648B93146284629
S214031510E5F79CFD044628B1E7F7DEFEE5F704FB96
S214031520204670BDBDE87040E5F7FEBA10B5436AC5
S2140315308AB0041DCDE901430023CDE9052310221B
S2140315403C30CDE90331CDE908230790E5F7E0FA0F
S21403155060B907AB1A4604A901A8E7F73BFD0446A2
S214031560E5F7E2FA002C18BF6FF092000AB010BD40
S214031570E6F7FEB808B528B14C22002109F0E4F9D5
S214031580002008BD6FF08600FBE70020704738B5E3
S2140315901C4600230846236011461546FFF7AFFF97
S2140315A000B9256038BD08B50DF09BF8002008BDCE
S2140315B000F005B809B1E6F7B1B92220704700205C
S2140315C07047E6F7F3B9E1F7ADBE40B2E6F7EABA1D
S2140315D070B50C46154610B9E6F75CFB38B14368A0
S2140315E02BB12A462146BDE87040006818472320E1
S2140315F070BDF7B50D4616461C4648B103B901AC97
S214031600C7685FB12346324629460068B84706E0F6
S214031610E6F740FB04B901AC0028F1D1232003B060
S214031620F0BDF8B50C461546064658B9E6F732FB44
S21403163020462946FAF766F90446002CD4BF37201D
S2140316400020F8BDE6F726FB86420746F0D0304674
S214031650E6F714FB29462046FAF754F904463846BB
S214031660E6F70CFBE9E70EB403B503AA52F8041B2E
S2140316700192FFF7D6FF02B05DF804EB03B07047A4
S21403168000207047FEE74FF4005300204B6070477E
S214031690012070470020704707B5002001AB01907A
S2140316A0FFF7A7FF0198002808BF4FF0FF3003B0ED
S2140316B05DF804FB10B514460020FFF789FF2046AB
S2140316C010BD80F89910704790F89900704790F80D
S2140316D09600704713B504460DF10701007D0BF025
S2140316E0B9FE9DF8073043B1236DD4E912020244D4
S2140316F0934218BF184602B010BD3022237D5343D1
S21403170003F1A04303F58023DB6EEEE70023506965
S21403171010B5903000F8043C1446FFF70EF908B1F4
S214031720E6F730FB63681BB100212046A2689847A2
S214031730002010BD90F8943070B505460C46C3B132
S2140317400B69B3F5006F16D80CF04EFF95F88C3086
S214031750064665614BB1214605F19000FFF7E6F8B2
S21403176030460CF03CFF002070BD2046E6F70AFB2F
S214031770F6E70E20F8E72120F6E792F8543037B55F
S214031780144633B1936D0BB1D06D9847002384F89C
S214031790543094F89A301BB32046E6F791FAF8B122
S2140317A0236E132120465B6898471025236E204638
S2140317B01B680DF10701984778B99DF8073003F0C9
S2140317C0FD02112A05D1A3F111025342534184F8B5
S2140317D0A030013D15F0FF05E8D12046E6F700FBF3
S2140317E0002084F8540003B030BD2DE9F04790F88C
S2140317F0949004460D461646B9F1000F40F08B80D0
S21403180090F899800CF0F0FE94F89530074673B183
S21403181094F898305BB184F895900CF0DCFE0121C7
S214031820814608460CF0BEF848460CF0CFFE384614
S2140318300CF0D5FE2E44B54205D1236E0121204679
S2140318409B68984754E094F89A30002B3DD0207D4F
S214031850E2F788F82046E6F751FA0746207DE2F7D6
S214031860A1F897BB0CF0C0FE0746207DE2F77AF896
S2140318702046FFF72FFFA26C00F1FF39914538BFD2
S214031880E36C94F854A038BF03F1FF33207D38BFD0
S21403189002EB0309E2F786F8BAF1000F12D14B46C2
S2140318A0D4F89C108B420BD013F80129112A01D0CF
S2140318B0132A20D1A2F111035A425A4184F8A020D8
S2140318C0C4F89C9038460CF08AFE94F8A030002B9F
S2140318D0B1D0236E2F462A785B68B8F1000F12D179
S2140318E0236E20465B683978013598470028A2D0D6
S2140318F00020BDE8F087A26C9A4282BFE36C03F136
S214031900FF339B18CEE70A2AEAD10D2120469847D3
S2140319100028E5D0ECE70E20EBE7F8B504460D46C5
S2140319200CF062FE94F896300646ADB17BB994F897
S214031930983063B10CF04FFE0121054608460CF0C3
S21403194031F828460CF042FE012384F896303046E0
S214031950BDE8F8400CF043BE002BF8D00CF03BFE7D
S2140319600746294601200CF01DF838460CF02EFEDB
S21403197084F89650EBE738B548B1002405680CF0B8
S21403198033FEC5E916440CF02AFE204638BD222055
S214031990FCE770B50468054694F8946086BBFFF7C9
S2140319A0EAFFE6F777F9854202D13046E6F766F9AD
S2140319B0236E93F91000E6F753F9236E93F910009C
S2140319C0E6F720F9236E93F91100E6F749F9236E3B
S2140319D093F91100E6F716F9207D0BF01BFD207D29
S2140319E0E1F740FFE1F71CFF0023C5E90033C5E933
S2140319F00533EB60236E2046BDE87040DB6818476E
S214031A000F2070BD0068E6F7EBB92DE9F0410446F8
S214031A100CF0EAFD94F89530054603F0FF08A3B9E9
S214031A200127236E41469B682046984784F89570A5
S214031A300CF0D1FD0646414638460BF0B3FF304660
S214031A400CF0C4FD022384F8A1302846BDE8F0411B
S214031A500CF0C5BDD0F8A4309A69120643BF5B6A82
S214031A6000200B701B20704710B50446D0F8A42046
S214031A7093695906FCD5002394F8AD101A4694F8DA
S214031A80AC00E4F70FFC002394F8AF101A4694F862
S214031A90AE00E4F707FC94F8B430DA0707D5002362
S214031AA094F8B1101A4694F8B000E4F7FBFB94F8E8
S214031AB0B4309B0707D5002394F8B3101A4694F85E
S214031AC0B200E4F7EFFB0122D4F8A400002100F5EE
S214031AD00053DA64FFF79FFCD4F8A8000021E3F76D
S214031AE0CDFD002010BD08B5D0F8A400FFF7A2FC7A
S214031AF0002008BD0122D0F8A43019B103F58053A5
S214031B00DA64704703F50053DA649A647047006832
S214031B10D0F8A4309A6CD20708D5012103F50052F9
S214031B2091649B699B0601D5FFF76FBF70470E2034
S214031B3070470E207047704770477047F8B50C46DD
S214031B408D18073552421540A5F108070646384654
S214031B5000F05BFAA0883B1B618800EBE30080B2D1
S214031B60A1EBE30125F8040C25F8061CA188DA107E
S214031B70D1B1A4EBC101B1F802C0C88002EB0C00DE
S214031B804880E188B9B18A1A92B204EBC10125F8FC
S214031B90022C8A80A2888AB9B2681344F268B360BA
S214031BA0934288BFF3600EE015F8081C41F002016B
S214031BB005F8081CE5E725F8021CEBE7A4EBC204CE
S214031BC02278D207E8D43846F8BD2DE9F04F4FF017
S214031BD0000887B09946531C109B0546174614BF4A
S214031BE014460824CDF81480002B00F0C980C3F8EF
S214031BF00080002900F0C68042688A4240F2C28014
S214031C00073121F007060CF0EFFC05AACDE90082A8
S214031C1082463A464B463146284600F0FAF9059F77
S214031C20834607B130B950460CF0D9FC192007B0EB
S214031C30BDE8F08FB7F8028029694FEAC802C0EB07
S214031C40C8080139B8F1270F29617ED9B9F1000F09
S214031C5055D1864206F108084CD022463946284616
S214031C60FFF76CFF04460590059B9844404600F03A
S214031C70CCF9059906F10F004A88C308A2EBD002F7
S214031C80A8F80220CA88A8F80430002A34D0D31A49
S214031C909BB201EBC202A8F8063093808B88F60845
S214031CA0A380B8F804303A46E3804146002328462A
S214031CB0668000F01BFAAB68EA6808339342AB60B1
S214031CC088BFEB60237843F0010323702B6901334D
S214031CD02B616288AB68504603EBC203EA68AB60CD
S214031CE0934288BFEB600CF07AFC109B083400200C
S214031CF01C609CE73C46B7E7A8F80620CEE707EB50
S214031D0008042046039200F080F90BF10703DB0872
S214031D100599638008F10703DB08A380CB8893B19A
S214031D20DB00039AD81D821A5A44C2F3CF020B442F
S214031D30E2809A80A38808F1FF384FEAD808A1F812
S214031D400280CB80B7E7E380F4E7B9F1010F1BD13C
S214031D5007F10803B3FBF4F204FB1233B3B12246D4
S214031D6039462846FFF7EAFE044623783A4643F008
S214031D700103237021460123284600F0B7F9A8E79C
S214031D80222054E7212052E78642E8D13C46ECE77E
S214031D9007B500224FF0FF3101AB0192E6F798FB3F
S214031DA0019803B05DF804FB07B5009313464FF0A4
S214031DB0FF32FFF70AFF03B05DF804FB2DE9F04F8F
S214031DC005460C4685B0002900F0E680D0E9056894
S214031DD00CF00AFC14F808EC34F806CC1EF0010FDD
S214031DE0019002D0BCF1000F06D101980CF0F7FB6E
S214031DF0012005B0BDE8F08FA968D5F810B034F817
S214031E00049CA1EBCC010BF10103A4F108070CF130
S214031E100102A9602B61B9F1000F43D04FEAC90351
S214031E200293A7EBC903D888B3F802A003901878E7
S214031E300EF0020EC00725D4BEF1000F25D103987D
S214031E40A0EB0A0EBEF1010F2CD10CF102020839E9
S214031E505244C5F810B0A96034F802ECBEF1000F86
S214031E6022D114F8081C24F806EC6EF3000104F8DB
S214031E70081C013A5A801A786EF300021A70002280
S214031E80DA8045E0BEF1000F0CD002984A44091AE6
S214031E90A96014F8081C6FF3410104F8081C00211C
S214031EA09980D9E73B46D7E707EBCE0AD5E900107A
S214031EB001EB0009CA450ED314F8081C013A6FF368
S214031EC0000104F8081C002124F8061C5A801A781E
S214031ED061F30002D2E717F83E70514617F0010788
S214031EE02FD014F8087C013A6FF3000704F8087C37
S214031EF0002792B224F8067C5A801A7867F3000209
S214031F001A70C3F107020A44C2F3CF02DA808A804A
S214031F10002E3FD0B3423DD37288002A08BF1E4628
S214031F20B8F1000F06D0434504D8B8F80220002ABB
S214031F3018BF43460198C5E905630CF050FB002023
S214031F4057E7AEEB0C0EBEF1010FCAD1BAF802C0CA
S214031F50AAF802709444BAF80620CAB10AEBC20182
S214031F6000272A69013A2A61AA68083AAA6014F87F
S214031F70082C24F8067C6FF3000204F8082C1A7861
S214031F80A3F802C067F300021A700029B9D176E7F6
S214031F901146E5E71E46C3E722202AE710B50446A6
S214031FA0E6F7BCFA2146BDE81040FFF707BFFFF788
S214031FB0F5BF70B5049E15461A4696B100233360E6
S214031FC08DB181B14D4333462946FFF7EDFE0446F6
S214031FD028B9306818B12A46214608F0B5FC2046D1
S214031FE070BD2224FBE72124F9E707B5002201ABE5
S214031FF00192E6F77BFA019803B05DF804FB084606
S214032000FFF7C6BE0846FFF7D2BF00230360436050
S2140320107047F0B5D0E90540551C08BF0822002BD1
S2140320204FF0000518BF0446DDF818C0CCF8005082
S214032030002C37D09DF814706588FF0007EBC505A4
S214032040C2F1000E2078C00708D51BBBE088A0B1FC
S21403205004EBC004658807EBC505F3E78D42F4D3AC
S21403206063B904F10806B6FBF2F002FB10667018BB
S2140320700EB1A842EAD8CCF80040F0BD082A0FD02B
S2140320806088013004EBC000461A06EA0E06801B81
S2140320908542F0D2A0880028EFD0A4EBC004D9E78D
S2140320A00846E8E72046E8E7034610461A69DAB129
S2140320B008B921B918680378DB0702D47047986912
S2140320C0F9E739B9C3887BB100EBC3000378DA07B5
S2140320D0F8D47047012907D183882BB1A0EBC3003E
S2140320E00378DB07F8D47047002070472DE9F041EA
S2140320F0D0E90545074688461646F3B194420FD005
S21403210042B1954215D1424601213846FFF7CCFF2E
S21403211005460EE00A463146FFF7C6FF0446F2E7D9
S2140321200A460021FFF7C0FFB5420446EBD0002E57
S214032130E9D0C7E90545BDE8F081944208D08C4252
S21403214028BF0C46B54205D0454538BF4546F0E79F
S2140321500C46F7E74546ECE738B51C46C3E90001ED
S2140321600023C4E90500C4E90233236122776362CE
S214032170FFF74BFF23690139C90801334180236107
S214032180A368E268083393424FF00000A36088BF59
S214032190E36038BD08B5E6F7B1FA08BD002307B516
S2140321A0684600938DF80430E3F77AFF03B05DF8D2
S2140321B004FB10B50CF00FFA04460BF095FB204613
S2140321C0BDE810400CF002BA70474FF4C870E6F74B
S2140321D025BB7047704708B5FEF7F8FAFEF705FB10
S2140321E0FEF70CFBFEF721FBBDE80840FEF72ABB13
S2140321F0704708B5FEF7E5FAFEF7E4FAFEF7E3FAEA
S214032200FEF7E3FAFFF7F4FF08BD08B5FEF71CFB7D
S214032210FEF71BFBFEF71BFBBDE80840FEF719BBEA
S21403222000F000B807B512200DF10601FFF7C2F95A
S214032230BDF8060003B05DF804FB70477047E1F78E
S21403224067B8F2F73DBAF2F7E9B830B5002485B0BF
S214032250054601A8CDE901440394E1F723F8204697
S214032260029B2B6005B030BD704713B51AB100242E
S214032270009400F0F4F802B010BDF0B58DB005ACD4
S21403228084E807001C46A1420D4628BF2546129B3C
S2140322900DB304B311462846002603F53813CDE9DB
S2140322A00A468DE8030003F241135F02C5EB43239E
S2140322B0099302950CAA059B12E90700069500F000
S2140322C057FAA54207D23146621B381B0DB0BDE84C
S2140322D0F04000F04BBA0DB0F0BD30B591B001AC94
S2140322E084E807001C461346DA0049BF029A6200D8
S2140322F0033222F00302014604A8FFF7B6FF04A840
S21403230000F0C2F81499224601F5381101F2411182
S2140323104D0208A8C4EB41210023FFF7A6FF05F5ED
S214032320007100232246091B0CA8FFF79EFF0CA88A
S21403233000F0AAF808A904A800F086F811B030BD8A
S21403234070B590B001AC84E807001C461499164695
S21403235001F5381101F2411122464D0208A8C4EBDB
S21403236041210023FFF781FF05F500712246002374
S214032370091B0CA8FFF779FF0CA800F085F8F300FB
S21403238048BF029A334648BF033201994CBF22F036
S2140323900302620004A8FFF768FF04A800F074F8BD
S2140323A004A908A800F050F810B070BD10B58CB0A2
S2140323B005AC84E807000E9ADDE9060102F538123B
S2140323C002F5A0725202CDE9092300228DE803002C
S2140323D00B9202930CAA059B12E9070000F0C8F9BA
S2140323E00CB010BD2DE9F04B4FF000089946074698
S2140323F0164645468AB003AC84E8070002F0805BC5
S21403240007AC049A424502D80AB0BDE8F08B139B8A
S21403241013B9AA1E012A0AD9129BCDE90779099690
S21403242000955BB194E807004B46FFF726FFBBF128
S214032430000F00D14F440135C844E2E74B4694E809
S2140324400700FFF7B3FFF2E708B5E6F7FBFCE6F78E
S2140324502FFDE6F737FDBDE80840E6F747BD10B5A4
S214032460044622F07042103060602160A26039B1E9
S214032470A26803F070431343A360029BE36010BD9E
S214032480A36843F08043F7E701234360C36843F040
S2140324902003C360836843F000538360704737B5F7
S2140324A015464A6804463AB18C680093096845EABB
S2140324B00403FFF7D4FF0446204603B030BD2DE9DE
S2140324C0F04FD3B0CDE90123DDE95D7BDDE95FA9FC
S2140324D000230390042003ACCDE9050307C907AB2B
S2140324E083E8070021461846619E0494E6F712FD2A
S2140324F08046002840F0B3805C9A0AAB07CADBF834
S214032500045083E80700DAF804304C421D44D9F837
S21403251004306D425B420093BB6805F00F05DA009A
S21403252048BF7B6804F00F0442BF033323F0030362
S2140325307B60B368DB0041BF7368033323F0030398
S21403254073600023DBF80400DAF80420CDE91533C2
S21403255081182944CDE90E1379680D93494201F099
S2140325600F01CDE9103171681293494201F00F0152
S214032570CDE91331CDE9173319935C9B5B684BB9EF
S214032580D9F804301343184301BF1024CDE90B4098
S21403259016AB0A9311234FF0005204A932A8FFF793
S2140325A07EFF40F611034FF0005207A9FFF777FFAF
S2140325B042F611034FF000520299FFF770FF44F6FC
S2140325C011034FF000520199FFF769FF41230022E0
S2140325D05946FFF764FF2B024FF00052514643F073
S2140325E04103FFF75CFF23024FF0005243F0010361
S2140325F00AA9FFF754FF009B4FF000521B0203F497
S2140326007063494643F00103FFF749FF1038FFF7AD
S2140326103BFF00230DA91A461AA8FFF740FF002325
S21403262039461A46FFF73BFF002310A91A46FFF761
S21403263036FF002331461A46FFF731FF002313A95E
S2140326401A46FFF72CFF002362991A46FFF727FF67
S2140326501038FFF719FF1AA932A8FFF7F5FE404610
S21403266053B0BDE8F08F084611461A465B68102B38
S21403267001D1E6F7D7BC0720704782B000B589B012
S2140326800DF1200C20290CE907000B9312D8DDE985
S2140326900E0102AB83E803005CE902018DE8030048
S2140326A00BAA059B07CA00F0EAF809B05DF804EB2D
S2140326B002B070470120F8E782B070B586B00B937E
S2140326C0119B03AD202B85E807003CD80C9AB2EB90
S2140326D0430F3AD10F9EB34237D106225A438A425A
S2140326E003D003EB83038B422FD1012231462220F2
S2140326F0129BE6F7E9FA0446F8B90123CDE900335D
S21403270095E807000E253346FFF76CFE00950EAAE4
S21403271007CA3346FFF7B1FD2346062229460220A1
S214032720E6F7BEFAE6F7ECFA0623044678B9009312
S2140327300BAA334607CAFFF703FE204606B0BDE8DA
S214032740704002B070470124F7E70724F5E71C46FC
S214032750F3E7034610461944CA1A012A00D5704700
S21403276011F8012D02440A701012F5E708F0ECB8D0
S21403277082B02DE9F0438BB005AE86E80700079DCF
S2140327801F4615F0804513938046DDE914328946CB
S214032790169C16D18C4228BF0C46D20016D584B19F
S2140327A00F2C1AD8A9EB0502042A3B6828BF04227B
S2140327B008EB050009A90435099308F02DF8AC4287
S2140327C0F0D80BB0BDE8F04302B070479C4228BF78
S2140327D01C46002CF5D00F2C13D9DDE914018DE827
S2140327E003000294139B96E80700E6F733FBE6F72D
S2140327F05FFBE6F767FB0BB0BDE8F04302B0E6F716
S21403280075BB224639460BB0BDE8F04302B008F06C
S21403281003B882B070B586B00E9E0B930C9B03ADC7
S214032820B3EB460F85E8070027D101223146262061
S2140328300F9BE6F749FA0446C8B90123CDE90033EE
S21403284095E8070006253346FFF7CCFD00950BAA4F
S21403285007CA3346FFF741FD23462246214628464C
S214032860E6F71EFAE6F74CFA041E18BF05242046C0
S21403287006B0BDE8704002B070470724F7E782B0A1
S2140328802DE9F04F89B01D461393149B01AC8B4280
S21403289084E8070006460C4605D0072009B0BDE8C5
S2140328A0F04F02B070476B1813F8013CDB07F4D502
S2140328B00027EB5DB3B34FF0FF084FEA480111EA78
S2140328C0030A5FFA81F8F8D13A46514606EB070940
S2140328D03046E71B08F038F804F1FF3BCDE9067AEB
S2140328E0CDF814900DF1140A9AE80E00DDE91607E8
S2140328F0B847002101278C46084699F8003023EA9A
S214032900080389F80030A1420ED1BCF1000FC4D0F1
S2140329100028E9D1002FE7D101223046FFF719FF3F
S2140329203846BBE70137C4E76A5C735C8B4508BF70
S21403293002F0FE02A2EB030E5FEA1E2E07F0010E64
S21403294008BF4FF0000E5340013B1B0A07F0010778
S21403295040EA0E0008BF00270131002A18BF4CF0DA
S214032960010CD0E708B5E6F7E5F910F00E03FAD048
S214032970022BF8D010F4806018BF062008BD10B5EF
S2140329800446E6F7FBF92046E6F744FC18B9BDE82B
S2140329901040E6F7ABBC10BD10B5044608B1E6F729
S2140329A0C9FC2046BDE81040FFF701BB00F4E04039
S2140329B0B0F5805F04D0A0F50053584258417047E5
S2140329C001207047F0B51F4600F0FE43B3F1106FC9
S2140329D0164687B015D120F01F6424F4702484B9FA
S2140329E0D1E908234C68240A0BD10E9C0096049464
S2140329F00D9C03940C9CCDE90174E4F7FFFB07B030
S214032A00F0BD6FF08500FAE73AB1002918BF00233E
S214032A102121D21A184407F097BF704738B50379B7
S214032A2004460D464BB9636900202B60237E012BB9
S214032A300AD028606FF0960005E0D0E9081200F08F
S214032A40DAFD0028EFD038BD02232376FBE72DE915
S214032A50F04F9B46002389B08DF81B30159B91469B
S214032A60DDE912A7002B0E460B460CBF4FF400629F
S214032A704FF4806207A9DDF85080E6F7DDFD0446D3
S214032A8000BB079D304629880DF11B02E6F742FE80
S214032A900446B8B99DF81B30BB4225D8D5E90812C1
S214032AA06868000A23D1CDE9033828463346CDE9C2
S214032AB001BACDF80090E4F7F3FD10F1860F044653
S214032AC000D008B1C8F800703A4621465046D8F8F8
S214032AD00030FFF799FF079800F05CFD002C18BF45
S214032AE0204609B0BDE8F08F6FF08904EAE76FF07F
S214032AF08604E7E700232DE9F3414668D0F81480FF
S214032B0004460F4630461146136000F045FD054661
S214032B1088B9304600F042FD054660B9F6B276B98C
S214032B20B8F1000F05D1A06820F47F4020F0030021
S214032B3060B16FF08605284602B0BDE8F081014615
S214032B40606900F001FD0028EDD1F2E74FF6F87357
S214032B5062889A4219D894F80480B8F1000F00D11D
S214032B6001A83946E7F704F805460028E3D10FCC59
S214032B703F683E460FC694E8030086E80300B8F1B4
S214032B80000FD8D1019B7B61D5E76FF08505D2E7AF
S214032B9041F2052398421AD8B0F5905F09D241F264
S214032BA0010398420CD0B0F5885F09D06FF085001A
S214032BB070472923A0F5905080B2C340DB07F5D5B4
S214032BC011F0070F0CBF00206FF086007047B0F5BA
S214032BD0105FEBD121F04003802B06D0B1F5807F48
S214032BE00CBF00206FF0860070470020704770B55A
S214032BF0046A05460E463CB90120FFF7F6F928623B
S214032C0028B120466E6270BD6FF08A00FBE76FF056
S214032C108C00F8E7F8B50F46114606461546FFF74B
S214032C20E6FF044620B92A463946306A07F0F4FD23
S214032C302046F8BD2DE9F041089D88461F460488C6
S214032C4002B32046FFF7B2FEE0B12B680BB9D30000
S214032C502B6020462968FFF79BFF044678B9CE1DF4
S214032C60B2EBD60F11D1069B9A4211D8414638468D
S214032C7007F0D2FD2B68079A0733DB08136020465C
S214032C80BDE8F0816FF08504F9E76FF08604F6E798
S214032C906FF08904F3E72DE9F04F476885B03F0AE4
S214032CA00446DDE90E9A0D4616469846DDF840B012
S214032CB015D1CDE901ABCDF80090E4F729FC10F16E
S214032CC0860F0ED14346324629462046CDE90FAB42
S214032CD0CDF8389005B0BDE8F04FFFF7ABBF6FF007
S214032CE0860005B0BDE8F08F10B50446006A10B143
S214032CF0616AFFF751FE0020C4E9080010BD38B52D
S214032D000546FFF7F1FF2B7E0446012B0ED0023B50
S214032D10012B0ED8EB69012B18BF6FF096042822FF
S214032D200021284607F010FE204638BDEB69002B2D
S214032D30F2E76FF09604F2E713B50446C0B101A9B3
S214032D40E6F756FF044698B9019B1A7E022A12D16B
S214032D5003221A761A79FF2A10D01AB1586900F09E
S214032D602FFC0446019800F000FC002818BF044618
S214032D70204602B010BD6FF09604F3E76FF08404AC
S214032D80F0E773B5054608460C4600F04EFB0023F5
S214032D9028461A4601A9E6F74FFC50B9019E354668
S214032DA00FCD0FC495E8030084E80300304600F017
S214032DB0F1FB02B070BD70B5144602881D4610467E
S214032DC0049EFFF7F3FD68B944F2010322F4405072
S214032DD0984207D002F44F42B2F5824F02D0B2F5C2
S214032DE0844F0ED1B4420FD82246284607F014FD6E
S214032DF00021321B281907F0A7FD0020059B1C6045
S214032E0070BD6FF08500FBE76FF08900F8E72DE9EA
S214032E10FF4188461F46164622B3002301223B6025
S214032E2003A9E6F709FC044650B9039D6B68D5E988
S214032E3008121B0A08D0284600F0ACFB6FF0860485
S214032E40204604B0BDE8F08143462846CDE9006736
S214032E50FFF7B1FF0446284600F09CFB002C08BF92
S214032E600446EDE76FF08904EAE770B51446028876
S214032E70049D02F4E040B0F5804F1CD144F20100FB
S214032E8022F44056864207D002F44F42B2F5824FF0
S214032E9002D0B2F5844F0ED1AC420FD81846224664
S214032EA007F0BAFC00212A1B204407F04DFD002042
S214032EB0059B1C6070BD6FF08500FBE76FF0890013
S214032EC0F8E7F0B50F461E46154685B00AB300234D
S214032ED003A91A463360E6F7AFFB044638B90398EE
S214032EE003885B0406D400F055FB6FF08604204687
S214032EF005B0F0BDCDE900563B46D0E9081200F018
S214032F00F4FA0446039800F045FB002C08BF044679
S214032F10EDE76FF08904EAE72DE9F0411F46002349
S214032F2088B0054688461646CDE905333B60002A39
S214032F3052D0B2F1005F52D206AA05A9FFF7DAFD16
S214032F400446A0B90598036AB3B1059B41465A885F
S214032F502846079207AA029203F1240201925A6AAC
S214032F6000921B6A3246FFF796FE044688B1059820
S214032F7040B3FFF7C4FE25E06B681B0A02D06FF070
S214032F808604F4E73146FFF732FE04460028DCD019
S214032F90EDE70598079B4288C2B943804FF6F8725F
S214032FA0934216D82B8813B102889A42E7D16B88CE
S214032FB013B142889A42E2D13946FFF72FFD044601
S214032FC00028D4D1204608B0BDE8F0819A42D6D175
S214032FD0E4E76FF08504CAE76FF08604F2E76FF064
S214032FE08504EFE710B50446006868B106280CD1DF
S214032FF004F10800FEF7BEFA00232360A38823F437
S214033000FF7323F00103A38010BD6FF08600F3E780
S2140330102DE9FF4105469846002303932B6808468F
S2140330201746002B3AD1B8F1000F134603A914BF75
S2140330304FF480624FF40062E6F7FEFA044678BB6C
S214033040039E384631882A1DE6F764FB044638BBE0
S2140330506B7968F300036B717168D6E90823090A74
S214033060B8F1000F12D011BB3146009705F10800E6
S214033070E4F77EFB044698B9062303982B6000F01A
S21403308089FA0446204604B0BDE8F08179B9314692
S214033090009705F10800FEF76BFAEBE76FF088047C
S2140330A02846FFF79FFF039800F074FAEAE76FF0ED
S2140330B08604F5E70123FFF7ABBF38B5054600687E
S2140330C098B112B90024204638BD06280AD105F166
S2140330D00800E4F77FFB04460028F3D02846FFF7F2
S2140330E081FFF0E76FF08604F8E76FF08804EAE7FD
S2140330F02DE9F041054600680E4617469846C8B1C6
S2140331006A79D20716D52A79A2B1BA4215D8062803
S21403311016D105F10800E4F7ADFB044698B1002389
S214033120C8F800702B71A6B92846FFF75BFF204648
S214033130BDE8F0816FF08804F1E76FF08904EEE7ED
S2140331406FF08604EBE726B92846BDE8F041FFF7A3
S21403315049BF21463A463046D8F80030FFF754FCBC
S2140331602846FFF73FFF002C08BF0446DFE71FB5DE
S21403317001240394089C0294079C0194069C0094E3
S214033180FFF765FC04B010BD036819430CBF0120AC
S214033190002070472DE9F04707469A46002386B07D
S2140331A0059307F0FE43B3F1106F0846DDE90E58AA
S2140331B09146109E0BD0002D48D12846356000F06E
S2140331C0E9F96FF08604204606B0BDE8F0873B4673
S2140331D04FF4804205A9E6F72FFA044628B175BBDB
S2140331E03560059800F0D6F9EDE705990B8823F0CE
S2140331F0FF03B3F5E24F02D0B3F5E44F0CD14B888F
S2140332000733B8EBD30F07D21DBB0846356000F073
S214033210C1F96FF08904D6E753464A463846CDE9E6
S21403322001860095FFF7CEFB04463DB90598356049
S21403323000F0B0F9002C08BF0446C4E760B141466D
S2140332402846E6F7DBF9C6F80080CAE76FF086047F
S214033250F5E76FF08904F2E7059800F09BF904465A
S214033260B1E7E6F7CBB908B50088DDE90221FFF739
S2140332709DFB20B1BDE808401046E6F7BFB96FF0E6
S214033280850008BD2DE9F04F1F46002389B0904600
S214033290129ACDE905331360438805460E46002B84
S2140332A000F0C080038803F4E043B3F5804F00F0DA
S2140332B0B98039463046FFF767FF002800F0B28032
S2140332C0284606AA05A9FFF715FC044600287DD163
S2140332D0059A6B68126A72B1059B9A46D3F820B0BA
S2140332E06B685AF8249F1B0A75D06FF086040598FE
S2140332F0FFF7FAFC6AE01A0A61D1B5F800A06988FC
S2140333005046FFF753FB80B15046FFF741FC044697
S21403331000285BD10AF4E043B3F5805F02D0B3F52F
S214033320005F0AD10731CA0817E02AF0FF03B3F596
S214033330E24F37D06FF0850448E00AF44F43B3F505
S214033340844FEFD047F201039A450FD14908013164
S214033350C90801EBC10101F13B02079207990598E1
S214033360FFF745FC04460028B6D02FE044F20103DD
S2140333709A4503D1C90801F11002EEE747F20203AA
S2140333809A4505D1C90801EB410101F15A02E4E768
S21403339044F202039A4505D1C90801EB410101F144
S2140333A04A02DAE72AF0FF00B0F5E24FBAD0B0F5EA
S2140333B0824F01BFCC1DE4086400621CCDE728469B
S2140333C007A900F036F804460028C7D00598D0B100
S2140333D0FFF795FC17E02B885B0418D43B46424660
S2140333E031462846CDE9019ACDF800B0FFF73BFFFA
S2140333F004460598002C7FF47AAF1299FFF70EFB6C
S21403340004460028E2D1204609B0BDE8F08F5346B3
S2140334104A4659462846E3F79DFF10F1860F0446B1
S214033420E7D1DBE76FF08604EDE71822002107F00B
S2140334308BBA028843884068000A51D102F4E04000
S214033440B0F5805F02D0B0F5005F05D10733DB0827
S21403345040D16FF08500704702F44F40B0F5844FBB
S21403346003D10733DB080AD1F3E747F201008242B0
S21403347008D15B080133DB0803EBC3033B330020AF
S2140334800B60704744F20100824202D1DB0810331E
S214033490F5E747F20200824204D1DB0803EB43035D
S2140334A05A33ECE744F20200824204D1DB0803EB12
S2140334B043034A33E3E722F0FF02B2F5E24FD0D0EC
S2140334C0B2F5824FC5D10733DB085B000133012B0E
S2140334D0D5D1BEE722F0FF02B2F5824FCFD1F6E791
S2140334E000236FF086000B6070472DE9F3474768AB
S2140334F00446DDE90A9A3F0A0D461646984611D158
S214033500CDE9009AE3F790FF10F1860F0CD14346FE
S214033510324629462046CDE90A9A02B0BDE8F0476E
S214033520FFF7A3BC6FF0860002B0BDE8F087037E0A
S214033530022B06D1C3695A1C03D00133C361002092
S21403354070476FF09600704703466FF04042084698
S214033550591E914207D338B103F1404393428CBFBF
S21403356000200120704701207047034668B1017EA2
S2140335708A1E012A0BD80329C26903D1012A01D165
S214033580FFF7BDBB1AB1013ADA61002070476FF04E
S21403359096007047FFF7E9BF00207047C0B2FF28C8
S2140335A00CBF6FF086000020704707B500216A46FF
S2140335B0FDF76FFF8C3018BF012003B05DF804FBE6
S2140335C013B500216A460446FDF763FF8C3002D12B
S2140335D0002002B010BD00212046E3F7EFFC0146B1
S2140335E010B16FF09800F4E76A462046FDF751FFE6
S2140335F08C30EDD0F5E72DE9FF41074614468846A3
S21403360000293FD0002A3DD0B2F5005F3DD202F13B
S214033610240631460120FEF7E8FC0546C0B3034600
S2140336203A4621464046E6F741FB7F690024384682
S214033630FFF7BBFF01281FD021462B4632463846EC
S2140336400094E3F7F5FB0146C8B9384602AAFDF72E
S21403365020FF044620B9029B9E4205D06FF09804D3
S21403366038460021E3F7AAFC31462846FFF794F9CB
S214033670204604B0BDE8F0816FF08A04F4E76FF0EB
S2140336809804F1E76FF08604F2E76FF08D04EFE736
S2140336906FF08C04ECE7FFF77FB92DE9F047D0F81D
S2140336A014A086B08146884617465046002104AAD1
S2140336B0FDF7EFFE044610BB049E01203146FEF7DD
S2140336C094FC0546002837D02146504604AA0394A6
S2140336D0FDF7DFFE044670B903AB02462146CDE98B
S2140336E0005350463346E3F713FC039B04469E42BF
S2140336F009D06FF0980431462846FFF74DF9204667
S21403370006B0BDE8F0870028F5D13B464246314671
S2140337102846CDF80090E6F7E7FA04460028EAD1F3
S214033720D8F800302BB13B68002B08BF6FF091042C
S214033730E1E76FF09104DEE76FF08C04DFE78B6957
S214033740184700207047704770474FF000007047D7
S214033750002070477047704700207047002070476E
S214033760002070470020704700207047704770475E
S214033770002070477047112070470020704770473D
S214033780704750E8003F0B4340E80032002AF8D168
S2140337907047C94350E8003F0B4040E80032002A18
S2140337A0F8D17047431E032B06D8DFE803F0020464
S2140337B002040320704704207047704700207047B8
S2140337C000207047704770470020704700207047FE
S2140337D07047704770477047002070470020704757
S2140337E07047704770470020704700207047704747
S2140337F0002070470020704770474FF0FF30704737
S21403380000207047704770470020704700207047BD
S2140338104FF0FF307047112070470020704701209B
S214033820704700207047002070470020704770479D
S2140338307047704701F059BB38B504460AF0D4FE0A
S214033840D4E90A1205462046E6F798FAB4F84C106F
S214033850B4F84E20E060521A40F2712101FB0203D5
S21403386003F59C53083328462361BDE838400AF025
S214033870B6BE08B52030FFF784FFBDE808404FF01A
S2140338808050F0F7D7BD38B50D4604460830E8F744
S2140338901FF885F001010025204602F0C4FEE06B08
S2140338A0A56110B1E7F720FBE56304F14000BDE82E
S2140338B0384007F0B8BB10B5044619B390F8562045
S2140338C08AB190F857300133DBB29A4280F857300A
S2140338D009D10121FFF7D7FF4FF080712046BDE8DD
S2140338E01040FFF7C6BF236ADA030BD5636A626824
S2140338F09B1A002B06DA01212046FFF7C4FF4FF080
S2140339008061EBE7236A1B0424D402F0F6FF11233D
S214033910B0FBF3F394F9682003EB0313C01A83B2E6
S21403392012FA80F0102888BFC3F110035BB2083A7E
S2140339301A4484F8682040F27121B4F84C202046DB
S2140339401A44636801FB023301216360BDE810403B
S21403395002F07ABE0023EEE72DE9F74F16461D4622
S21403396082699DF85830044688460E9F9DF840901D
S2140339709DF848B09DF850A00193002A40F0D280ED
S21403398005F01C021C2A04BF0626B046EB0600F10F
S214033990A98005F00302032A08BF05F0FD0505F01C
S2140339A0F70505F01402142A40F0A080A80600F1DB
S2140339B0AA80BDF844209DF85C00A4F85420FFF7C5
S2140339C0F1FE00221BF0020F84F86900A26740F0A4
S2140339D09D801BF0040F00F09B8000F0FD00012883
S2140339E014BF0323042384F874309DF86000FFF7A4
S2140339F0D9FE00231AF0020F84F88E00C4F888302C
S214033A0040F088801AF0040F00F0868000F0FD0076
S214033A10012814BF03210421606C84F88410FFF787
S214033A20A9FE49F6FF7104F12000FFF7B2FEFF235B
S214033A3084F85A30019B1BB1236A43F480532362F4
S214033A4005F01803182B02BF236A43F400432362CE
S214033A50236A6A0723F4C04323620CD419F0010FC8
S214033A601CBF43F400532362236A19F0020F1CBFE2
S214033A7043F480432362236AA4F850502B43236203
S214033A8004F16203002F49D03A68C4F86220BA886A
S214033A909A809DF83430012B03D14FF48061FFF7F1
S214033AA070FE236A9DF8302023F4407343EA022312
S214033AB0236202F022FF9DF85430C0F30B0040EA65
S214033AC003309DF83C30A4F88C00A4F84C802046C4
S214033AD0A4F84E6084F85830FFF7AEFE002003B01B
S214033AE0BDE8F08F4FF0010AD3465AE7002220467E
S214033AF0A16AE6F743F940F2712272438242BFF4A9
S214033B0055AF4520EBE705F0FC0552E702236AE7CD
S214033B10012368E702217FE701217DE7C4F862708D
S214033B209F80BEE70C20DAE72DE9F7438946174660
S214033B300446019330B901A807F075FA422003B092
S214033B40BDE8F083012920D0022910D089B9836902
S214033B50C3B900F128054FF40036236AD9061ED5EB
S214033B605A0726D501A807F05EFA0020E7E7406C5F
S214033B7020B901A807F057FA0C20E0E71946FFF72B
S214033B80FAFDDCE700F13005E5E7836923B900F1C8
S214033B902C054FF48026E0E700F13405F9E79B0790
S214033BA007D5B9F1000F04D101A807F03CFA12209B
S214033BB0C5E704F1200840463146FFF7EAFDF8075B
S214033BC002D5284607F02FFA019921B1284607F0B7
S214033BD011FB00230193286807F0AAFA236AD90683
S214033BE005D51F2801DC032F16D02846DDE740F253
S214033BF07262904204DD284607F015FA07209EE716
S214033C00B9F1000F08D1BF2806DD9A0704D028466D
S214033C1007F009FA452092E72046D4E90C12E6F7A6
S214033C20ADF8A36983B140F27122B4F84C30534324
S214033C30984209D9B4F84E308342E8D300F51C7095
S214033C40B0FBF2F0A4F84C000AF0CEFCA3690546DC
S214033C507BB1BB070DD531464046FFF792FD63683F
S214033C60C3F57A7602F08AFEF04202D52046EAF7DA
S214033C701DF828460AF0B3FC77E708B548B1CB072A
S214033C8001D4002008BD4FF480112030FFF779FDE2
S214033C90F7E74220F6E708B548B1CB0701D4002082
S214033CA008BD4FF480112030FFF773FDF7E742207D
S214033CB0F6E7E6F74BBB38B5836904460D463BB1DA
S214033CC0036A13F0010011D194F85930FE2B0CD07F
S214033CD004F120004FF40011FFF753FD01202B6879
S214033CE0C4F85B30AB88A4F85F3038BD0020FCE72F
S214033CF0036A10B5044613F4602025D09A0307D54B
S214033D0004F1280007F08FF9236BA36200232363D3
S214033D10236A5B0307D504F12C0007F084F9636B71
S214033D20E362002363634FF4602104F12000FFF78E
S214033D3030FD2046FFF780FD0120B4F88C305A1C76
S214033D4062F30B03A4F88C3010BD10B50446403064
S214033D5007F050FA2046BDE810404FF00071FFF719
S214033D6088BD012313B54189009304468389C2891C
S214033D70084601F01DFDE0B1E279531E072B1AD861
S214033D806389934217D922899A4214D8237C43B96C
S214033D90637C33B9A37C23B9E07C10B9237D0F2B56
S214033DA007D9607D1B3000F01F000B288CBF002056
S214033DB0012002B010BD0020FBE7F8B58D790C4654
S214033DC00C354B5D4F1903F0400343F004034B558A
S214033DD00623B91C7B70164600F00FF8635D002EB1
S214033DE060F386136355A3797A7803F102031344C9
S214033DF0E371A4BF06367E70F8BD37B50246136A74
S214033E00084603F4007403F48015DB0505D47CB977
S214033E1002F0FDFC204603B030BD4CB9B5FA85F47C
S214033E20D2F85B1064090160B2F85F208280F1E784
S214033E30019092F95A30B5FA85F4009300231A4696
S214033E4019461846FFF7E7FC6409E3E750E8003F26
S214033E500B4340E80032002AF8D17047C94350E8C4
S214033E60003F0B4040E80032002AF8D1704738B5CF
S214033E7005460C4602F064FE20B149F640439C42D8
S214033E8028BF1C46EA68A2420BD240F27121B5F85D
S214033E907A304B43934238BF1346A34228BF234688
S214033EA01A462A6138BD03469A6A4430920404D5FA
S214033EB0D3F82821998FECF7D7BC93F86F10ECF75B
S214033EC0C9BC002070470120704700207047704728
S214033ED0002070470020704701207047C8207047B5
S214033EE000207047002070477047704711207047C6
S214033EF07047704700207047704700207047704730
S214033F00012070477047704790F8852010B5531C02
S214033F1003F00F03072B28BF0023044663F30302B3
S214033F20034480F8852083F87E1090F885306F2B45
S214033F304FEA13129EBF013262F3071380F88530EF
S214033F40FFF7E1FF204694F83011FFF7CEFF10BDD0
S214033F5070477047704710B101F1B000704701F128
S214033F60D4007047F8307047806A70472830FFF7F0
S214033F706DBF2830FFF772BFC06A70472C30FFF75B
S214033F8065BF2C30FFF76ABF00F59C70704708B515
S214033F900B79DB0702D4FFF7DBFF08BD91F90510A9
S214033FA0BDE80840FFF7B0BF70B540F2712606FBC8
S214033FB001F345685643826A1D441207044645606A
S214033FC00ED500F14005294600F13402E7F79CFFC1
S214033FD0334629462046BDE87040012201F0DEBB89
S214033FE005EB5605456070BD836A590505D4D0F8C0
S214033FF0A03013B15B799A0708D4D0F8A40000B9AF
S214034000704743799B0701D40068F8E7012070479F
S21403401080F87710704738B504460D46E6F758FC27
S21403402080B2FFF7CDFB78B14288022DA08F11D066
S214034030032D0BD0012D06D1238F626B1B01B3FB1F
S214034040F2F3184480B238BD0122EEE74FF47A4308
S214034050626BF4E7638F5B00073313FB0200F1E741
S21403406038B5044601F085FD04F1A40006F0DBFF35
S21403407004F1A80006F0D7FF04F1AC0006F0D3FF66
S21403408004F1A00006F0CFFF2046E6F721FCC4B2F9
S2140340902046FFF761FB05462046FFF75FFB014618
S2140340A02846FFF758FB38BD38B5836A04461B0716
S2140340B013D50246B0F87C3052F8341F4B4340F217
S2140340C071214B4300F14001E7F71EFF236C2046A6
S2140340D09D08E6F755FB2844E06040F27125616BC6
S2140340E0204601396943FFF7C2FE636BB4F87C20B0
S2140340F020465A436368012105FB02336360BDE82B
S214034100384002F0A1BA38B5D0F83431044600F589
S214034110947543B3B3F90030A4F832312046E6F77A
S214034120D7FBC0B2FFF7DAFE94F8303194F83121AA
S21403413004F1440102F0FDFC01462846ECF73AF987
S214034140D4F83431B4F9322183B1B3F900309A424A
S2140341500FD0A36A9B030CD52046BDE838404FF426
S2140341600041E6F7CBBB47F6FF73D5E747F6FF7389
S214034170EDE738BDFFF7C7BF836A0A4600F144017F
S214034180C3F34030ECF71CBB38B504460D463AB9CA
S2140341904FF4C0212830FFF761FE9DB9002038BDDB
S2140341A0FFF7A8FE98B128344FF4C0212046FFF746
S2140341B055FE1DB14FF40031FFF748FE4FF4802142
S2140341C0204601E04FF40031FFF740FEE6E71120FA
S2140341D0E5E72DE9FF41836A04469B032CD5D0F817
S2140341E0343163B3B3F900500020B4F93281EBF7EE
S2140341F0A3FFA842B4BF0026012602F09FFCC822F4
S21403420094F83011EBF7A6FF07462046E6F760FB67
S214034210AF42CCBF00270127A5EB08080FFA88F3A7
S2140342200293002346EA4706CDE900561A4694F859
S214034230301180B200F00BFE04B0BDE8F08147F603
S214034240FF75D1E7FFF7C5BF86307047F8B504465C
S2140342500E4600295AD040F27123476B30465F431F
S214034260A7F28A277F08394602F016FA94F88E30AA
S214034270851FADB29D4239463046A8BF1D4602F0A3
S2140342800BFA94F88F20831F9BB29342A8BF134662
S214034290F21E012AB4F88610B4F888202BD8B1F59C
S2140342A0296F44F29020B8BF4FF429618142A8BF1A
S2140342B00146B2F5296FB8BF4FF429628242A8BF00
S2140342C002461B2DB8BF1B251B2BB8BF1B2330462E
S2140342D084F8913084F89050A4F88A10A4F88C20BF
S2140342E002F0DAF9831F9BB2AB42A8BF2B46DBB2C0
S2140342F084F89230F8BDB1F5A47FB8BF4FF4A4712B
S214034300B2F5A47FB8BF4FF4A472DAE71B23EFE736
S2140343102DE9F341476B490089B28F42044616469E
S2140343201D4639D040F271224368416302FB0733CE
S21403433002FB11334360E6F7CBFA4FF0000887B26F
S21403434033464246012138460195CDF80080FFF7F3
S2140343503FFA3846FFF744FA41463846FFF739FA3C
S2140343600123618F228FB14218D09542668700D011
S2140343702587238F626B1B01B3FBF2F3204694F869
S2140343803011A4F89C30FFF761FF0421204602B0E9
S214034390BDE8F041E6F7B2BA0023E2E79542E7D17B
S2140343A0A26A1207E5D5002BE3D102B0BDE8F0817F
S2140343B0F0B585B004460E466A4600F1860300F162
S2140343C08E07154618685968083303C5BB422A4644
S2140343D0F7D11868314628609B882046AB80FFF7E4
S2140343E035FF9DF80B2094F891309A4211D1BDF811
S2140343F00620B4F88C309A420BD19DF80A2094F824
S21403440090309A4205D1BDF80420B4F88A309A4217
S21403441007D04FF48141204605B0BDE8F040E6F7EB
S2140344206DBA05B0F0BD37B5044694F88E50BDF8A6
S21403443018008D420BD1B4F88650954207D194F8F4
S2140344408F509D4203D1B4F8885085421BD08DF817
S2140344500610ADF80420019D84F88E1084F88F3082
S214034460A4F8880094F830112046C4F84051A4F804
S2140344708620FFF79DFFB4F88A30A4F88630B4F898
S2140344808C30A4F8883003B030BD70B504461646A9
S2140344900D4690F83031B1B1994214D00122FFF79E
S2140344A027FD294600222046FFF720FD2946204601
S2140344B084F83051FFF77CFF2046BDE870404FF488
S2140344C08441E6F71BBA19462046FFF771FF002E14
S2140344D0F2D170BDF8B51D46C36A04465B070F46A6
S2140344E0164610D404212C30FFF7B0FC84F89A70DB
S2140344F02046A4F89660A4F898504FF40061BDE8EF
S214034500F840E6F7FBB9F8BD10B511B190F89A403C
S2140345100C7012B1B0F89610118013B1B0F8982051
S2140345201A80C06AC0F3800010BD4FF400412830E3
S214034530FFF78CBC00F5A270704790F83001704707
S214034540F8B504460AF050F86568064602F016FA0F
S2140345502B1AB3F5FA7304D53046BDE8F8400AF0D3
S2140345603EB840F27122616B94F870505143B3FB2E
S214034570F1F3A28F98B2121AA28794F86F2000FB69
S2140345801522252592FBF5F705FB1722002AB8BF4F
S214034590521984F86F20B4F89C20121AA4F89C20B1
S2140345A0626800FB112200212046626002F04CF88C
S2140345B0D2E700232DE9F3474E790446B20758BFE6
S2140345C006F00106084648BF0326ADF8043058BF78
S2140345D001360D46FFF7B9F8074607F01F03002B11
S2140345E0E36A15BF4FF001084FF000084FF00309C8
S2140345F04FF002099B050CD59DF80430294666F357
S214034600010368F345138DF804302046019A00F041
S21403461019FB284606F08CFD82464946284606F0D6
S21403462042FD9DF80430AA7966F3010368F3451347
S2140346308DF804308DF805A0BDF804300C32AB526B
S2140346409DF80430A91898066B7948BF8F7043F01D
S21403465001036B7109F0C8FF06462046294650F849
S214034660A47F06F0C7FD94F846312046013384F84C
S2140346704631E6F72DF980B2FFF7A2F880B14388FA
S214034680A26A12070ED5B4F87C209A4202D92046B5
S214034690FFF756FF304602B0BDE8F04709F09FBF6C
S2140346A00123EDE7656802F069F98046E9F7F8FA51
S2140346B08442EFD1A5EB0805B5F57A7FEADD1FB195
S2140346C0D4F8A030002BE5D1E9F754FEE2E7F0B5C5
S2140346D0036B0446990790F8775087B001D5FFF728
S2140346E0BFFC236BDA0733D5A76A3B0723D517F43A
S2140346F0002F14BF032601262046E6F7E9F894F8B0
S2140347009B30314605930023049394F83E30C7F359
S21403471080020393238F80B20293638F0193636BAC
S214034720C3F34F03009304F1710300F010FE30B996
S214034730002007B0F0BDBE0C06F00206DCE7012140
S21403474004F13000FFF78AFB4FF40051FFF77EFBBE
S214034750236B980410D52046E6F7BAF8A16AC0B2D0
S214034760C1F3403100F058FB0028E1D04FF400516C
S21403477004F13000FFF772FB236BD90409D500213F
S2140347802046E6F7C7FD4FF4805104F13000FFF7EB
S21403479065FB236B5A0512D52046E6F799F80023E6
S2140347A094F89B60C2B21946304600F073FC0028AA
S2140347B0BED04FF4806104F13000FFF74FFB236B4C
S2140347C05B0711D52046E6F783F8616B238F628F6C
S2140347D0C1F34F0180B200F09AFD0028A8D004214F
S2140347E004F13000FFF73AFB236B1F0709D5204679
S2140347F001F0AEFB00289BD0082104F13000FFF740
S2140348002DFB236BDE0618D52046E6F761F8E16A32
S21403481080B211F4805100F0DB80002100F00CFE22
S214034820002885D04FF4805104F12C00FFF716FBC7
S214034830102104F13000FFF711FB236B580613D544
S2140348402046E6F745F894F8773080B20093D4E92B
S214034850082300F0D4FD00283FF46AAF402104F19A
S2140348603000FFF7FBFA0025236B190516D5204603
S214034870E6F72EF800230093B4F89830B4F89620A1
S21403488094F89A1080B200F07AFA00283FF450AFFA
S2140348904FF4006104F13000FFF7E0FA236B13F4E2
S2140348A080462FD19A0513D52046E6F711F83346EE
S2140348B0324694F8301180B2E7F7D2FA00283FF474
S2140348C037AF4FF4007104F13000FFF7C7FA3546EF
S2140348D0236B1B0616D52046E5F7FAFFB4F88C3093
S2140348E080B2009394F89130B4F88A2094F890102C
S2140348F000F0D4FD00283FF41BAF802104F1300004
S214034900FFF7ACFA236B9F0610D52046E5F7E0FFCA
S21403491094F8771080B200F0A6FD00283FF408AFA5
S214034920202104F13000FFF799FA0025236BDE05FA
S21403493008D504F130004FF48071FFF78FFA204654
S21403494001F031F9236B180408D504F130004FF455
S2140349500041FFF783FA2046FFF774FC236BD90365
S21403496008D504F130004FF48031FFF777FA20467C
S214034970FFF7BAFA236B9A0308D504F130004FF415
S2140349800031FFF76BFA2046FFF7BCFA236B9B0751
S2140349901AD5002220461146FFF7B2FA2046FFF743
S2140349A0B1FA2046E5F794FF94F8771080B200F04A
S2140349B010FE00283FF4BCAE04F130000221FFF7DE
S2140349C04DFA2046E6F790FA012084F87750B0E6D1
S2140349D000F049FD24E708B5022006F0E8FC10B114
S2140349E000F0DDFD012008BD10B504464FF440710C
S2140349F02830FFF733FA2046BDE810400021E6F7DB
S214034A0089BC012310B5A1F12002C1F1200423FAC9
S214034A1004F403FA02F222438B40D0E90841234010
S214034A200A40134314BF0120002010BDC36A10B50B
S214034A30044613F0080012D00123A1F12002C1F1AD
S214034A40200023FA00F003FA02F202438B40D4E973
S214034A50080103400A40134314BF0120002010BD81
S214034A6010B50C46C9B2FFF7E1FF70B1EAF7A4FB35
S214034A70C4F12002A4F12003E04001FA02F210433D
S214034A8021FA03F3184300F0010010BD70B5044685
S214034A900E46E7F791FB09F0A7FD054602212046DF
S214034AA084F87760E5F72AFF2046012101F0BBFD75
S214034AB02846BDE8704009F092BD70B504460D4621
S214034AC009F092FD0646E9F7EBF8844201D1E9F7CF
S214034AD031FC304609F083FD29462046BDE8704088
S214034AE0FFF7D4BF0B68C0F84031704738B540F6BF
S214034AF04805D0F840310C460B609BB2AB4204D954
S214034B000B21FFF7ADFF08B9258038BD44F290238B
S214034B102380FAE708B5E6F799F800F0DDFA00F027
S214034B2008F8E7F749FAE8F76DF8BDE80840E8F74C
S214034B30E9B8704770B515460E461C46FFF712FADD
S214034B402B684EB103606B6843602368C0F825305A
S214034B502368C0F8153070BD83606B68C360236834
S214034B60C0F829302368C0F81930F4E770B5054655
S214034B70FFF7F8F9044609F037FD06464FF480714F
S214034B802846FFF7F3F94FF400612846FFF7F6F9D6
S214034B90304609F024FD002328462361237523624B
S214034BA084F82430FFF7E0F9802310F0080F14BFD1
S214034BB0237584F8243070BD10B50446FFF714FF40
S214034BC02046BDE810401021E5F798BE10B5044610
S214034BD04FF46061FFF7D5F92046BDE81040FFF7B4
S214034BE003BF7FB506460C46FFF7BCF94FF4C0611A
S214034BF005463046FFF7C2F94FF400613046FFF72B
S214034C00C0F94FF48060EAF751FA224670B9694654
S214034C102846EBF70FFD6B4605F1100213F8011B50
S214034C2002F8011DAA42F9D104B070BD6C4602F128
S214034C301006234610685168083203C3B2421C4666
S214034C40F7D1E8E737B50D46ADF80420FFF78AF944
S214034C50044600F12003024601992846EBF71AFCA6
S214034C60236A0133236223B994F82430013384F88A
S214034C70243003B030BD37B50D46ADF80420FFF73A
S214034C8071F901990446024600F110032846EBF732
S214034C9065FC30B123690133236113B9237D0133E6
S214034CA0237503B030BD41F0004141F4E0210160BB
S214034CB0704707B501A8019106F0B5F9002003B0C7
S214034CC05DF804FB704770470020704710B5DC1D85
S214034CD0043383734379C47123F0030343F003035C
S214034CE00E244371012344738371C3730182827458
S214034CF010BDD31CC371FF2343734379827323F020
S214034D00030343F0030343710123C17383717047A5
S214034D10D31CC3713E2343734379827323F0030387
S214034D2043F0030343710123C173837170470F2359
S214034D304373042383734379A0F8111023F003030A
S214034D4043F00303437140F20173C3800123C2732C
S214034D5003747047D31CC3714379417323F0030371
S214034D6043F003034371012382738371704708B5CD
S214034D700023FFF7ABFFBDE80840E6F70BBE2DE9BF
S214034D80F84380460220894617461E4606F00FFB68
S214034D90D0B10C2343730823837340F6013345795C
S214034DA0C38025F003059DF8203045F003054571C3
S214034DB0A0F8108080F81290A0F81370A0F8156081
S214034DC0C373E6F7E7FD0120BDE8F88308B50220C4
S214034DD006F0EDFA30B101221121FFF799FFE6F74D
S214034DE0D9FD012008BDF8B504460F461646132123
S214034DF01D460922FFF78CFF83790C331C44A170F0
S214034E00E77026712B68C4F80530AB88A4F8093020
S214034E10BDE8F840E6F7BEBD70B5064602200D466F
S214034E2006F0C5FA044668B114210422FFF770FFA2
S214034E3083790C331C44A170A4F803606571E6F70C
S214034E40A9FD012070BD08B504F0A9FD08BD2DE934
S214034E50F041074602200D4690461E4606F0A7FA86
S214034E600446E0B109222121FFF752FF0A22837983
S214034E700C331C44BDF9183084F8038093FBF2F31B
S214034E8023729DF81C30A7806372BDF92030A6718B
S214034E9093FBF2F3E571A372E6F77CFD0120BDE810
S214034EA0F08137B5044606F043F93E22A379C0B233
S214034EB00C33E518E254831E6B700D23AB70AB798D
S214034EC01C38012BE8768DF8073009D10023E91D3D
S214034ED01A460DF10700FEF795FC9DF80730AB71F7
S214034EE02046E6F757FD03B030BD704710B5E6F72A
S214034EF08BFD837900210C33C418E078E4F7ACFF0C
S214034F006168FEF7BAFE0446E6F784FD2246BDE86E
S214034F10104000234FF61941FFF7D8BE10B5E6F749
S214034F2073FD837900210C33C418E078E4F794FF0B
S214034F306168FEF7B0FE0446E6F76CFD2246BDE860
S214034F40104000234FF61A41FFF7C0BE2DE9F0418B
S214034F50E6F75AFD837900250C33C418E678E6F79E
S214034F6053FD0768E6F750FDA6F1FE035942594183
S214034F7005603046E4F770FF3B4629462279FEF784
S214034F80D3FD0446E6F746FD2B462246BDE8F04130
S214034F9042F23701FFF79ABE2DE9F041E6F734FDFA
S214034FA0837900250C33C418E678E6F72DFD0768E9
S214034FB0E6F72AFDA6F1FE0359425941056030463D
S214034FC0E4F74AFF3B4622790121FEF7ADFD04468E
S214034FD0E6F720FD2B462246BDE8F04142F23801B3
S214034FE0FFF774BE2DE9F047E6F70EFD83790C3321
S214034FF0C418277994F8038027B9B8F1010F27D08E
S214035000E5F78CF900260534BE420ADB0025E6F7F1
S21403501001FD2A46BDE8F047002342F23901FFF7B7
S21403502055BE2078B4F80150A0F1FE035942594109
S21403503094F803900434E4F70FFF58B12A464B461E
S2140350404146E5F765F805460028E0D10136DBE77B
S2140350501225DCE74225DAE710B5E6F7D5FC8379B7
S21403506000210C33C418E078E4F7F6FE80B1211D66
S214035070FEF721FE00280CBF0C240024E6F7CAFC2A
S2140350802246BDE81040002342F23501FFF71EBE5C
S2140350904224F3E7FE282DE9F84306468946904660
S2140350A01F4616D0022006F082F9044690B1062267
S2140350B01221FFF72DFE1223A57920460C35254431
S2140350C0AB7085F803902E71A5F80580EF71E6F7AF
S2140350D061FC0120BDE8F883704710B5E8F724F8B3
S2140350E00446FEF787FB2043C0B210BD38B5E6F78B
S2140350F08BFC8379C17903F10C020244CB1A02209C
S2140351000021B2F8035006F07DFA044640B9E6F7EC
S21403511081FC0722BDE8384042F21901FFF707BEBB
S2140351202846E5F7C1FB38B12146E7F77FFD04467D
S214035130E6F770FC2246EDE72046F7F7B3FB0224BA
S214035140F6E770B5E6F760FC83791844B0F80F60AD
S214035150B0B2E5F7A9FB80B1002100F0A1FE054639
S214035160E6F758FC044602232A4642F21B01FFF7E1
S214035170ADFDA3791C44668270BD0225F0E770B5C9
S214035180E6F742FC83790C33C418B4F80350284678
S214035190E5F78AFBA0B1611D00F082FE0646E6F73E
S2140351A039FC04460223324642F21A01FFF78EFD0B
S2140351B0E37923449D72E3792D0A1C44E57270BD9E
S2140351C00226ECE710B5E6F71FFC83790C33184488
S2140351D04479B0F80300E5F767FB60B12146E7F7CB
S2140351E001FB0446E6F716FCE2B240F20641BDE8D0
S2140351F01040FFF79CBD0224F4E770B5E6F704FC05
S21403520083791844B0F80F5009F0EEF9044628469F
S214035210E5F74AFB80B11621FFF74FFC0025204631
S21403522009F0DDF9E6F7F6FB2A46BDE870400023F1
S2140352304FF60441FFF74ABD0225F0E7F8B5E6F757
S214035240E3FB847905460C340444B4F80300E5F71D
S2140352502BFB064640B9E6F7DDFB0222BDE8F84025
S21403526042F21301FFF763BDAB79E97903F10C0250
S2140352700220CB1A2A44002106F0C4F9014618B9C5
S214035280E6F7C8FB0722E9E78379033383713046E1
S214035290B4F80D50B4F80F70E7F74AFA04463A46E6
S2140352A029463046E5F76CFEE6F7B4FB2246D5E71B
S2140352B038B509F099F90446FFF70FFF00280CBF2D
S2140352C00C250025E6F7A6FB2A4642F20E01FFF759
S2140352D04EFDE8F7A5FA2046BDE8384009F07FB949
S2140352E010B5E6F791FB83790C330344B3F8030058
S2140352F0B3F80510C0B2E5F7A5FEE6F78BFBBDE8ED
S2140353001040002342F224011A46FFF7DFBC2DE9C2
S214035310F84381460220884617461E4606F047F89D
S214035320044690B10A220321FFF7F2FC0023A57975
S21403533020460C352544EB70A5F80490A5F80680A6
S2140353402F816E81E6F726FB0120BDE8F8832DE961
S214035350F043814685B002200E461F469DF84480E2
S2140353608DF80F2006F023F80546002844D02222A5
S2140353702921FFF7CDFC0022AC7930460C342C44AF
S21403538004F10E0304F11401C4F80E209A8062613E
S214035390228300913A460DF10F01FEF734FA9DF889
S2140353A04030A4F80490E37006F00103A3719DF85F
S2140353B00F3016F0FD0FE3713B68A360BB88A38133
S2140353C04FF6FF7304D0032E08BF43464FF0FF0883
S2140353D0BDF8302028466283BDF8342084F8218047
S2140353E0A283BDF838206384E2839DF83C2084F8CA
S2140353F02020E6F7CFFA012005B0BDE8F083F8B524
S2140354000746022016461D4605F0D1FF044690B116
S2140354100C220421FFF77CFCA1799DF818300C318F
S214035420214420468F80C1F80660C1F80A50CB702D
S214035430E6F7B0FA0120F8BD70B5064602200D4621
S21403544005F0B5FF044668B103223021FFF782FC5E
S214035450A37920460C332344A3F803609D70E6F734
S21403546099FA012070BD70B5064602200D4605F078
S2140354709EFF044688B104220821FFF76BFCB5FAA9
S21403548085F2A37952090C3323442046A3F803601C
S2140354905A719D70E6F77EFA012070BD2DE9F84338
S2140354A081460220884617461E4605F080FF0446BE
S2140354B0B0B10B220721FFF72BFCA579BDF82030EE
S2140354C00C3525442046A5F80390A5F80580A5F8D5
S2140354D00770A5F80960A5F80B30E6F75BFA01201C
S2140354E0BDE8F883F8B5074602200E46154605F0D4
S2140354F05EFF0446A0B10D220521FFF709FCA37940
S21403550020460C332344A3F80370A3F80D602A68DF
S214035510C3F805206A68C3F80920E6F73BFA0120BA
S214035520F8BD2DE9FF4116466A4680460F461546E6
S2140355300A9C03F1100E9446186859680833ACE8C1
S214035540030073456246F6D124B9022005F02FFF07
S214035550044608B31D22ED212046FFF7CAFBA379B4
S2140355600C332344A3F80380A3F80D702EB13268DE
S214035570C3F805207268C3F809200F3304AE2A4621
S21403558003CAB24218605960154603F10803F6D100
S2140355902046E6F7FFF9012004B0BDE8F08113B515
S2140355A01321827901900C32841881544FF440728F
S2140355B0C280E5F7DFFFA07020B901A805F033FD30
S2140355C002B010BD8000013060700198E6F7E2F982
S2140355D0F6E770B5064602200D4605F0E8FE0446DB
S2140355E078B104220521FFF7B5FB0022A3792046F4
S2140355F00C332344A3F803605D719A70E6F7CAF987
S214035600012070BD13B5837901900C33C418C05CB8
S214035610E5F74AF920B901A805F005FD02B010BD6B
S2140356206378019913F0300F0CBF012200228B79A7
S21403563004338B714B7962F300034B71E5F76AFE13
S214035640ECE72DE9F041E6F7DFF983790C33C4186C
S214035650B4F803801FFA88F0E5F726F9054600B389
S214035660A2796179FEF790FD0646E6F7D3F9074679
S2140356700223324642F27A01FFF728FBBB7938460B
S2140356803B44A3F81280E6F785F946B9A37933B10C
S2140356902846FEF752FF01462846FEF72DFCBDE8D6
S2140356A0F0810226E1E700F0B2BE704738B5044643
S2140356B001F044FA054658B9C820EAF79DFEC82209
S2140356C002212846EAF746FD8442A8BF044624B2D0
S2140356D02046EAF791FE01F031FABDE83840C822C9
S2140356E00221EAF737BDB0F90020B1F900302DE901
S2140356F0F0479A4204460D4648DC08F075FF80469C
S214035700E5F788FB00283ED1EAF716FD824601F04E
S21403571015FAC8220221EAF71DFD47F6FF73B5F90D
S214035720002081469A4202D1EAF730FD288047F6E8
S214035730FF73B4F900209A4202D1EAF71FFD2080D6
S214035740B5F90000FFF7B2FFB4F90030074683420D
S214035750C8BF2080B4F90000EAF738FEFEF7C0FBA6
S214035760064658B15046EAF731FE4846EAF744FE85
S214035770404608F034FF3046BDE8F087EAF7DCFC25
S21403578020802F80F4E741F20C06F1E72126F2E7AA
S2140357904368143B4360A0230B6070471AB9426802
S2140357A0A2EB530242600A6802EB83020A60704768
S2140357B0884210B51BD8052819D9B1F5486F16D8F5
S2140357C0B3F5FA7F13D240F67644A2F10A0080B20C
S2140357D0A0420CD8BDF8080001339BB243434B43A9
S2140357E05B00B3EBC20F94BF0120002010BD002066
S2140357F0FCE7C94350E8003F0B4040E80032002A6C
S214035800F8D17047002070472DE9F04104460E4654
S21403581000250127214685F00100FEF79CFB4FF487
S2140358208051FFF7E6FF8368804633B938460DB1EB
S214035830BDE8F08101250746ECE7028AB24206D1AD
S21403584000220121204698470028EFD1EFE702689F
S214035850D10502D500221146F4E79307E6D5204684
S214035860FEF7C2FB02460028E0D10521D8F808302F
S214035870E8E708B5FEF788FB00230380436008BD0E
S21403588070B506460C4608F0AFFE05463046FEF7F2
S2140358907BFB30B103781C4304704FF40070EEF7C3
S2140358A0C9FD2846BDE8704008F099BEE5F732BD4D
S2140358B007B542798DF8071022F0030242F003027F
S2140358C0427140F203320DF10701C280012205F056
S2140358D086FB03B05DF804FB70B50C46054607214E
S2140358E020461646FFF7E4FF2046E6F7D5FB21469B
S2140358F046702846BDE87040E5F70CBD38B50C4643
S21403590000210546FEF787FB47F6FE73241AA4B26A
S2140359109C4205D928462821FFF7B8F8002038BD51
S2140359200120FCE738B504460D4601460020FEF785
S21403593012FB03689B0505D429462046BDE838407C
S214035940FFF7DCBF002038BD2DE9F04115461F46A2
S2140359509DF81880FEF7FFFA044608F045FEB8F1F6
S214035960010F064623D154E8003F43F4807344E80E
S2140359700032002AF7D105B354E8002F42F4007230
S21403598044E80023002BF7D1FF212046FFF731FF21
S21403599054E8002F48EA020244E80023002BF7D11C
S2140359A03046A5602782BDE8F04108F018BE4FF4E4
S2140359B080712046FFF71DFFDDE74FF40071204698
S2140359C0FFF717FFE0E773B5064601200C46FEF720
S2140359D0C2FA002305461A46009321463046FFF7CF
S2140359E0B3FF6B6863B14FF480712046E4F786FF1C
S2140359F055E8003F43F4007345E80032002AF7D128
S214035A0008F0F2FD05462046FEF7BEFA28B10388E5
S214035A101BB14FF40070EEF70DFD284602B0BDE84B
S214035A20704008F0DCBD38B505460C46FEF793FA21
S214035A3083684BB102212046002298472146284618
S214035A40BDE83840FFF7BFBF38BD012938B5054666
S214035A500C4608D0CC1E012C03D801460120FFF7C4
S214035A60E2FF012038BD2221FEF7D2FA204629465E
S214035A70FFF7D9FF0020F5E708B5FEF76CFA0068D4
S214035A8000F0F00008BD10B5014604460120FFF7FC
S214035A90F3FF20B92146BDE81040FFF7EDBF10BD68
S214035AA070B506460C4601460120FEF754FA314609
S214035AB005460020FEF74FFA2B680268014643EAC4
S214035AC00200C0051ED49B0502F4007203D49AB9E3
S214035AD04FF0FF3070BD2B8A1B1B98B27AB1098A30
S214035AE0091B89B28842A8BF08464FF6FF7398423F
S214035AF008BF4FF0FF30EDE74FF6FF70EFE74FF6C6
S214035B00FF71EFE70120E5E72DE9F3410446019134
S214035B10014601201546FEF71EFA214606460020DA
S214035B20FEF719FA80462046FEF71EFA810606D5CA
S214035B3001A805F078FA0C2002B0BDE8F08108F061
S214035B4053FD336807469A0503D4D8F800309B05FF
S214035B5009D50199301D8D6005F04CFB384608F0D9
S214035B603EFD0020E8E708F03AFD20460199A847E5
S214035B70E2E738B5014604460120FEF7ECF9054690
S214035B800C3005F050FA281D05F04DFA214600208A
S214035B90FEF7E1F904460C3005F045FA201DBDE892
S214035BA0384005F040BA70B5014605460120FEF7B9
S214035BB0D2F90646043005F0B3FA044670B14FF442
S214035BC000713046FFF715FE21462846A36898471E
S214035BD020B12046BDE87040F6F764BE70BD0023D2
S214035BE08260C0E90031704708B50B460146184687
S214035BF0FEF7B1F90068C0F3402008BDFFF725BFE4
S214035C00CB1E012B70B504460D46164606D81A2140
S214035C10FEF7FEF940212046E4F770FE3246294699
S214035C202046BDE87040FFF710BF38B504460D4662
S214035C30FEF7DAF928B1012D04D122212046FEF71A
S214035C40E7F9002038BDF8B50C468B7907460B44B8
S214035C50D3F80D60D3F811303246E5F73DFB092142
S214035C602046FFF725FE2046E6F716FAA579E9F75C
S214035C70A3FA0C3566F0FF0625440640C5F8016016
S214035C80E9F79AFA3846C5F805102146FFF70EFEDF
S214035C9002213846FFF7F4FDF8BD70B50E460546FB
S214035CA001460020FEF757F9012E044603D0022EC4
S214035CB011D0012070BDC16828468B7919440D3177
S214035CC0FEF75AFAE068F6F7EDFD00202946E06095
S214035CD0FFF779FEEDE7C068F6F7E4FD0023E3601F
S214035CE0E7E738B50D46044601460120FEF733F9CB
S214035CF0012D08D100F112012046FEF73DFA214698
S214035D002846FFF760FE012038BD08B5FEF72CF9DC
S214035D10C0F3C00008BD08B5FEF72EF900F0010079
S214035D2008BD38B50C4602210546FEF727F90C21B7
S214035D302046FFF7BDFD2046E6F7AEF94FF0FF33EA
S214035D4083700223C3700E2343706FF02F03037117
S214035D500523214643712846BDE83840FFF7A6BD14
S214035D60F8B504460D46E4F7B3FD4FF0FF3180B2B5
S214035D70FDF737FD2046FFF7C8FF80F00107FFB2A7
S214035D8021463846FEF7E7F80646C068012D8379B4
S214035D9003D0022D20D00120F8BD0C33C5182B8963
S214035DA02046EA88A988FEF7B3FA69886A78490024
S214035DB05200204689B2FEF7F7F8F068F6F772FD50
S214035DC0002320464FF48031F360FEF7DAF82146CD
S214035DD03846FFF7F8FDDEE7F6F764FD00234FF4D9
S214035DE080312046F360FEF7CCF8D4E7042910B5DB
S214035DF0044601D0002010BDFFF787FFC0F1020064
S214035E00E9F754F90028F5D105F0D1FA014608B9A7
S214035E100220F0E72046E6F7AFFC0028F8D1012081
S214035E20E9E708B5FEF7A0F8C0F3C00008BD2DE902
S214035E30F0410F4604469046FFF7F3FF80F0010556
S214035E40EDB221462846FEF786F8012F064603D014
S214035E50032F0FD001200BE02046FEF7B7FE2221CA
S214035E602046FEF7D5F828462146FFF7DCFD00203E
S214035E70BDE8F081C068F6F715FD00232046F36001
S214035E80FEF7A4FE204698F80410FEF7C1F8204655
S214035E902021E4F733FD21462846FFF7C4FDD9E762
S214035EA037B504460D46FEF767F803054CD50220C2
S214035EB005F07DFA0190002848D0204645B3FFF749
S214035EC0B0FF50B105210198FFF7F2FC0198E6F701
S214035ED0E3F820460199FFF7E9FC20462946FEF73A
S214035EE080FE2046FFF79DFF78B94FF400612046F9
S214035EF0FEF73FF806210198FFF7DAFC0198E6F76C
S214035F00CBF820460199FFF7D1FC002003B030BD43
S214035F10FFF787FF68B10199032306222046E6F7B9
S214035F20CDF82046FEF752FE21462846FFF77BFDB6
S214035F30EBE701A805F077F820463D21FEF7A6FD1E
S214035F402046FEF743FEE0E70C20DFE70720DDE709
S214035F50F7B5014604460020FDF7FDFF054600F1B0
S214035F6012074FF48060E9F7A1F850B92046E4F72A
S214035F70AFFC3A46698B80B203B0BDE8F040FFF74A
S214035F80B1BA2046E4F7A4FC064620466D8BFDF71F
S214035F90E9FF00220346009229463A46B0B2FFF7CD
S214035FA0C0FA03B0F0BD83781A2B09D81B2383707D
S214035FB00288B2F5A47F07D24FF4A473038007E0E8
S214035FC0FB2BF5D9FB23F2E744F290239A42F5D84C
S214035FD07047F0B50446CA798B7987B043EA022343
S214035FE0ADF80C308B8803A88DF80E30CA788B7802
S214035FF040F6480543EA0223ADF810300B8805A99E
S2140360008DF81230FFF7CFFF04A8FFF7CCFF20462A
S214036010FEF76CFD0B212046FEF722FD44F290238B
S214036020002818BF1D46BDF80C709DF80E30BDF84D
S2140360301460BDF810209DF816009DF81210AF42AC
S214036040D4BF00970095FB2BA8BFFB23B242A8BF83
S21403605032468142A8BF01462046FEF7E4F907B060
S214036060F0BD37B5144605461046FFF721FC20461B
S214036070E6F712F801A904462846FEF737FD0B217A
S2140360802846FEF7EDFC6FF004036370002344F22A
S2140360909022A37040F64803002818BF1346A4F8BE
S2140360A003309DF80630A4F80530BDF80430A4F894
S2140360B0073003B030BDFFF7C8BC022973B50546E9
S2140360C00C4603D00024204602B070BD0521FEF71F
S2140360D098FC0028F6D0E4F7BBFF1B28F2D94FF450
S2140360E00040E8F7E3FF0028ECD105F060F9064628
S2140360F00028E8D0284601A9FEF7F8FC31462846D2
S2140361009DF80630BDF80420E6F712FE0028D9D124
S2140361100124D8E730B190FAA0F00123B0FA80F05A
S2140361208340D8B2704770B50646FDF725FF80F06A
S214036130400402060546C4F3801406D408213046FC
S214036140FEF78EFC08B144F00204EB0506D40B21DF
S2140361503046FEF785FC08B144F00404204670BDC3
S2140361604B1E032B10B50C4602D90023184610BD50
S2140361700329FAD0FFF7D7FF04EA00038443F4D1D8
S214036180F4E72DE9F7430446884617460193FDF7DF
S214036190F3FEC0F340152046FEF7CCF921468146B0
S2140361A02846FDF7D8FE064607B32046E4F790FBDD
S2140361B080462046FEF7C1F93A460146019B1FFA80
S2140361C088F0E5F74DFE21462846FFF7FCFB202125
S2140361D02046FDF7D6FE56E8003F43F4805346E8D4
S2140361E00032002AF7D103B0BDE8F08301A804F01B
S2140361F01AFF99F80110404601F00F0100F037FA34
S214036200062818BF01462A4608BF00212046FEF787
S2140362103CF9D8E7032970B506460D4614460CD05C
S214036220042919D0012915D12221FDF7F1FE2846AC
S2140362303146FFF7F8FB002070BD136812791B6820
S2140362400021FFF79EFF00222368314601201A60D3
S214036250FFF7E9FB0120EFE713680C221B68EFE763
S214036260012910B504460CD1FDF786FE2146C0F37E
S2140362704010FDF770FE0023817C1A462046FFF788
S21403628080FF012010BD2DE9F7430F460546FDF7B5
S21403629073FE00F02009C0F340182846FEF74AF9BB
S2140362A0BB790C333B445E789B781E400378C3F37C
S2140362B0030000EA13103040FFF72CFF044648B9EA
S2140362C0B9F1000F06D12846FFF72DFF3040FFF740
S2140362D021FF04462846FEF730F9E7F783FDA04280
S2140362E023D01CB302212846FDF795FE002106465F
S2140362F02846FDF7ABFF18213846FFF7D9FA38468C
S214036300E5F7CAFEB6B2394644708470A0F8036057
S2140363102846FFF7CBFA23462246294640460096F0
S214036320E6F740FD03B0BDE8F08300242646E2E727
S21403633070B504460D46FFF7A6FB28B92946204646
S214036340BDE87040FFF79FBF402829462046BDE8BA
S21403635070404FF0160314BF2A222322E5F7AEBE81
S21403636038B505460C46FDF707FE830604D42046DB
S214036370BDE83840F6F796BA21462846BDE83840C9
S214036380FFF781BF2DE9F3418C7906460C340C44A4
S2140363900D46FDF7F1FDA17807463046FFF7E0FE10
S2140363A0617880463046FFF7DBFEB4F803200346E9
S2140363B00092C7F3401042463146E6F7F3FC284600
S2140363C002B0BDE8F041F6F76DBA08B58B790B4419
S2140363D01B7B162B03D0172B05D0002008BDFFF719
S2140363E0A7FF0120FAE7FFF7BBFFFAE708B58B79AB
S2140363F00B441B7B162B03D0182B05D0002008BD9F
S214036400E6F7FAFC0120FAE7FFF7BCFFFAE7704766
S2140364101FB54A1E042A03460C465FD8012902D13B
S214036420008804B010BD022905D100885B88984215
S21403643038BF1846F5E74A00014601A804F0ECF910
S214036440032C07D10023ADF80A304FF6FF73ADF8DF
S2140364500C3001E0042CF8D0BDF80620BDF804305B
S214036460934284BFADF80630ADF80420BDF80A3079
S214036470BDF80C20934288BFADF80A20BDF80A2069
S21403648088BFADF80C30BDF80430934288BFADF832
S2140364900A30BDF80620BDF80C309A4288BFADF826
S2140364A00630BDF80820BDF80630934284BFADF829
S2140364B00830ADF80620BDF80A30BDF808209A4229
S2140364C088BFADF80830BDF80820BDF806309A42FC
S2140364D038BFADF80830BDF80800A2E74FF6FF70E6
S2140364E09FE7830705D410F0040F14BF0320012091
S2140364F0704702207047022805D0032805D00128DC
S21403650006D1E8F73BB9E8F729B90020E7F74EB913
S214036510704710B1012803D070470120E7F746B94A
S2140365200020FBE7F7B51F468B1E012B05460C46DE
S214036530164613D8FDF761F90023CDE90005F01AD6
S21403654018BF01201A463946FDF765F980B1022CBB
S2140365500BD1284600F05BF9002004E00029F8D0B0
S214036560012902D0FF2003B0F0BD284600F05FF9F2
S2140365700120F8E770B50D4600219DF8106004462B
S214036580817106F10C014173111E18BF012103F03E
S2140365900F00237B40EAC11003F040031843207327
S2140365A02B469DF8141004F10E00FFF7BBFF237B68
S2140365B00E3660F3861323732B686361AB882383DD
S2140365C0A3793344E37170BD0023F0B51360037DF4
S2140365D0044613F00807058903D00D4445600120DF
S2140365E0F0BD4668701AB0EB050CF8D513F0010041
S2140365F00AD1D4E90373DB1B13EB0C0FF0D4294445
S2140366008E1B16606160EAE73846E9E710B5044674
S214036610E7F79CF96168E0690022E7F71BFABDE833
S214036620104000F032B938B50C46C94301F00101F9
S2140366300546E7F759FAA30702D4E869E7F73EFAEF
S214036640BDE8384000F021B910B50446E7F74CFA28
S2140366502046E7F77BF9BDE8104000F016B9007D49
S21403666000F00100704700F0F4B8FFF73CB80228CA
S21403667008D0042803D0012818BF0620704701F06D
S2140366800101C81C704710B50C46E7F7C1FB027939
S214036690408804FB020010BD10B50C46E7F7B8FBB4
S2140366A04388A3429BBFE41A03790020B4FBF3F0AC
S2140366B010BD08B5E9F76CF9BDE808400020E8F717
S2140366C075BBC94350E8003F0B4040E80032002A40
S2140366D0F8D170472DE9F0410F46044624211846A9
S2140366E01E4615469DF8188000F0C8F9C319B8F180
S2140366F0000F37D1033E012E94BF0322022240F23D
S2140367007126520006FB023342F210726089410082
S2140367107143A1F2E2469642A8BF16466A1A921B36
S214036720D21A002AC2BFB2FBF1F202FB0112AD1A63
S214036730EA1A09D55242B2FBF1F707FB011C01FB2B
S2140367401722654402B96D1AEB1A8B4240F2E247F0
S2140367500AD8B3FBF7F3022298B2E27120812846E7
S214036760BDE8F0810122CAE75B1ABB42B8BF3B46CD
S214036770B342A8BF3346B3FBF7F107FB1133CAB2E4
S214036780002BEAD00132D2B2E7E7E8F7C9BD37B546
S2140367900546E8F7E3FD04462DB12B680360AB8896
S2140367A0A38003B030BD00F0DDF80322CDE900017D
S2140367B00DF105010DEB020004F0ACF80098BDF8EE
S2140367C004302060ECE738B50546E8F7C7FD044615
S2140367D007F00AFF2B68C4F80630AB886381237B77
S2140367E043F00103237307F0FAFE012038BD38B5E2
S2140367F00C460546E8F7B2FD014605B1063106220A
S214036800204604F077F8B0FA80F0400938BD10B59A
S2140368100446E8F7A3FD036823608388A38010BDBE
S21403682008B5E8F79BFD007B00F0010008BD10B536
S2140368300446E8F793FDD0F8063023604389A38027
S21403684010BD50E8003F0B4340E80032002AF8D161
S214036850704770B50E461546E4F722FA044648B963
S2140368603046E3F725FE044620B92846E9F766FFD7
S214036870044640B10020E4F713FA0020E3F718FEBD
S2140368800020E9F75BFF204670BD4FF40010EDF7DC
S214036890D1BDFFF77CBF112808B502D0122805D05A
S2140368A008BD1320BDE80840E8F7FCBAE8F7EAFCA1
S2140368B000F004F8E8F75EFB1420F3E7704708B52A
S2140368C0E8F760FABDE808401120E8F7EBBA1328AA
S2140368D008B502D0142809D008BDE8F73FFDFFF736
S2140368E054FFBDE808401220E8F7DCBA0020E8F7BA
S2140368F079FABDE80840FBF7A1BCE9F7FFBF0A2811
S21403690002D80130C0B27047242801D80230F9E714
S214036910252805D0262805D0272818BFFF2070472E
S214036920002070470C20704708B5E9F7EDFF20B14B
S214036930BDE808402020E9F77FBA08BD70477047D6
S214036940704770477047704700207047704770471E
S2140369507047704770477047EEF7E8BB03F00FBB0E
S21403696003F014BBDFF756BE704708B5E8F7A8FD7B
S21403697018B1BDE80840E9F76BBA08BD03F04ABA98
S2140369801046194670471FB50023CDF80A30ADF8F8
S2140369900E30D0E90023CDE900230389C068ADF8A3
S2140369A00830E9F741FD6846E9F7D2F805B05DF827
S2140369B004FB1FB5002300F00F008DF80A0001A8A2
S2140369C001918DF808308DF809208DF80B3003936C
S2140369D0FFF7CBFF05B05DF804FB1FB50023CDE939
S2140369E001330393012300F00F008DF80A0001A87A
S2140369F08DF808308DF80910FFF7B7FF05B05DF87E
S214036A0004FB1FB5CDE9001200228DF80B308DF87C
S214036A10082000F00F03C0F340128DF809208DF80C
S214036A200C30C0F3001243068DF80A2001D5E8F7B0
S214036A30BDFD6846E8F7FCFD05B05DF804FB1FB531
S214036A400023CDE9003101238DF80830C0F340134D
S214036A508DF80930C0F300138DF80A3000F00F03E9
S214036A608DF80C3043068DF80B2001D5E8F79EFD14
S214036A706846E8F7DDFD05B05DF804FB10B50C4687
S214036A8008B9E9F7D1F92146BDE81040FFF7FBBD89
S214036A90F0B587B00D4616468DF8070002B9A3B3C6
S214036AA029469DF80700FCF7BCFE0446B8B92946FC
S214036AB09DF80700FCF7B9FE40BB16B39DF8071018
S214036AC0003918BF012128460DF10F02E9F7F6FD3C
S214036AD0F8B99DF80F40013418BF012416E004AF3F
S214036AE0012239460DF10700FCF79DFE04464EB120
S214036AF09DF80730191E18BF0121002818BF3D4610
S214036B00E1E70124FCF77CFE00B90124204607B028
S214036B10F0BD4FF0FF34DEE7CB08C25C012301F083
S214036B2007018B401A4214BF0120002070477047AC
S214036B307047024619460020E9F70CBB0020704751
S214036B400020704707B500214FF0FF336A4608461A
S214036B5000938DF80430E9F733FE03B05DF804FBC9
S214036B6038B50546006804F0EDF80446287900F0C9
S214036B701F0004F0E7F82044C0B2012894BF0020A9
S214036B80012038BD012070478160704741EA00202C
S214036B9008B540F49020FCF7CFF8014640B110F159
S214036BA0880F05D0BDE8084040F20740F7F788B8DD
S214036BB008BD0120704770B50C46064611461D46B3
S214036BC0E9F7C4FE58B144EA06206FEA40406FEA8C
S214036BD050402A46BDE8704080B2EDF7A1BC40F2B3
S214036BE0064070BD10B50446E9F7B0FE50B141EA61
S214036BF004206FEA4040BDE810406FEA504080B280
S214036C00EDF7C6BC40F2064010BD837901461A076D
S214036C1003D506220020E9F719BF9B0602D50622F4
S214036C200120F8E74FF0FF3070478379532B01D1EB
S214036C30E9F73EBFFFF7E9BF70B5064614461D46A3
S214036C40E9F784FE10B90024204670BD41EA062009
S214036C506FEA40406FEA50402A46214680B2EDF77D
S214036C607BFC0028F0D0EEE708B5EBF769FF0020C1
S214036C7008BD00207047014608B500F03800EAF763
S214036C807BFB78B1D0E901324078C1F3074110F0BD
S214036C90020F08BF1346043B53F8040F10B10278E3
S214036CA08A42F9D108BD10B500F1080454F8083C2F
S214036CB00BB9184605E054F8040C98470834002826
S214036CC0F4D010BD37B58379019003440446D868E1
S214036CD000F03800EAF750FB054628B901A804F08F
S214036CE0A2F9022003B030BD204604F0A6F907F04F
S214036CF07BFC0446019905F10C0004F07BFA204660
S214036D0007F06DFCEDF71EFB0020EBE72DE9F041E5
S214036D1007463C681D4614F4004F4FF6FF7308BF42
S214036D20FF23AB420846114604D24FF00008404604
S214036D30BDE8F08124F400431E0206F4E066C3F3C4
S214036D40062324F47F441E4324F0C704731944F037
S214036D508004827944EA13241B029BB20C321C4340
S214036D60845000EB0208FFF7ADFF0028DDD13A6838
S214036D7008F10403334412044CBF23F8025C03F8FF
S214036D80015CD4E77047704770B505460C30F5F7DD
S214036D90E5FD6E689EB9334606EB8304B44210D114
S214036DA02B69ABB900236B806B7823F00E036B70F3
S214036DB070BD013356F82320002AFAD1ECE70023EE
S214036DC0F8E754F8043DDB68002BE7D09847E5E77F
S214036DD0DC68002CE6D0043C54F8043F002BE1D0DA
S214036DE09847F9E738B54378044623F00C0343F095
S214036DF00203437003690BB1186810B900252846CF
S214036E0038BDFFF750FF05460028F7D02046FFF7AA
S214036E10BBFFF4E7036970B5054653B1586840B144
S214036E20FFF741FF044620B12846FFF7ADFF204693
S214036E3070BD6E68043E56F8044F2CB9202005F149
S214036E400C01F5F779FDF2E7A368002BF3D098471A
S214036E5004460028EFD0E7E74078C0F340007047C9
S214036E60437813F00E0F0CBF012000207047036811
S214036E70186802F0F4BC38B50546EAF741FB044649
S214036E802846FFF7F4FF204638BD052B07D920F424
S214036E907F4020F0C70040F4007010609180704778
S214036EA008B5EAF769FAC068003818BF012008BDBC
S214036EB008B5EAF761FA20B1BDE80840C06804F0F7
S214036EC0E3B808BD38B5EAF757FA044650B107F0F9
S214036ED08BFB054604F10C0004F0C3F80446284671
S214036EE007F07DFB204638BD026810B501F00400AC
S214036EF022F40044C2F306220021043240F02900A3
S214036F0004F016FB10B183790344DC6010BD03461E
S214036F10002200681A600179FFF7D4BE10B500217D
S214036F20FFF7E2FF044608B9002010BD0179FFF71A
S214036F30C9FE0028F8D1A3790C33E018F5E72DE94C
S214036F40F04117461A46036801F0040123F4004390
S214036F501C0204F4E064C3F306231C4341F0290532
S214036F60043406463B462146284604F04BFB80463F
S214036F7050B1E1B204F097F83B462A464146304604
S214036F80BDE8F041FFF7C2BEBDE8F0812DE9F3414D
S214036F90002401F004010668074641F0290510683D
S214036FA029461460019004F048F8019804F0C0F8EC
S214036FB026F40046310201F4E061C6F306263143A7
S214036FC080460122043101A804F02EFA30B101A84C
S214036FD004F029F8204602B0BDE8F08143462A466D
S214036FE038460199FFF792FEF5E707B501A9EAF7D8
S214036FF0DFFA03B05DF804FBA0F86E1070470123B8
S2140370008B4090F87110194380F87110704708B5DB
S2140370100120F5F707FCC0B208BD83790C3318448A
S21403702070471438704710B50446A1F1140004F0F5
S2140370307FF8201A20EAE07080B210BD70B51C46B7
S2140370400D461646FFF7EFFFA04207D3224631460A
S214037050A5F1140004F0A9FA012070BD0020FCE796
S21403706070B506460D4614467AB90A4620460821E8
S21403707004F05EFA044690B92A460821292004F053
S21403708057FA044658B9204670BD104603F0CBFFA6
S214037090204604F080F908231D44A371E571A37903
S2140370A00C331C442670EEE72DE9F0411646069A8B
S2140370B0074688461D46FFF7D3FF0446F0B114384B
S2140370C02A463146069004F070FA854217D9069B85
S2140370D006A81C7904F0200403F0A5FF74B9424601
S2140370E00821292004F024FA2A463146069004F0A3
S2140370F05CFA854206D906A803F095FF00242046CD
S214037100BDE8F081069A93790C33D418D754F6E782
S21403711011B11439EAF7E4BB1A20704738B50022D8
S21403712004460D4602200321FFF79AFF014608B1E5
S214037130A0F801502046BDE83840FFF7E9BFF8B590
S21403714004460F46164605210120069A1D46FFF7FC
S21403715087FF014638B14770468005712046BDE873
S214037160F840FFF7D5BFF8BD38B50D4603210446F2
S2140371700846FFF775FFA0F8015001462046BDE814
S2140371803840FFF7C5BF73B50546084611466C89F8
S2140371901A46641ABDF81830A4B29C4228BF1C468F
S2140371A0079B089E00932346FFF77EFF014630B1F8
S2140371B02846348002B0BDE87040FFF7A9BF1A2006
S2140371C002B070BD012110B5002204461320FFF75C
S2140371D047FF014620B12046BDE81040FFF798BFA1
S2140371E010BDF7B54489054618460F461646019363
S2140371F003F09EFF053CA4B2844203DA011B01A8F8
S21403720004F038F80521019804F0D5F8014628B9AA
S21403721001A803F008FF1A2003B0F0BD83790C33EE
S214037220C2181720C8542846A2F80170A2F80360B3
S214037230EAF756FBF0E7012110B5002204461920B1
S214037240FFF70EFF014620B12046BDE81040FFF7CA
S2140372505FBF10BD73B50E46002144890546033C47
S214037260A4B2A342009128BF234603211B20FFF7A5
S2140372701BFF014670B1012210F80F3CA0F8016015
S21403728062F3071300F80F3C284602B0BDE87040CF
S214037290FFF73EBF1A2002B070BD73B50E4600213D
S2140372A044890546033CA4B2A342009128BF234663
S2140372B003211D20FFF7F8FE014638B1A0F8016050
S2140372C0284602B0BDE87040FFF722BF1A2002B07E
S2140372D070BD4B88042B07D1836C08885B89984262
S2140372E08CBF00200120704700207047532838B514
S2140372F005460C4604D1BDE838400846F6F764BD9B
S2140373000620F5F78BFC68B96379142D03F03F0369
S214037310637104D0722D08D163F03F0363710020BC
S214037320A57138BD40F20740FBE72120F9E70023AB
S214037330036083808371704710B5044660B1806C28
S21403734050B1EAF7A1FBA06C0028FAD12046BDE8AD
S21403735010400321EAF71ABA10BD438907B58B42DA
S2140373600CD050F80C2B40F2014192F87020ADF887
S21403737006308DF8042001AA03F083FD03B05DF800
S21403738004FB436943F0040343617047436923F0F6
S2140373900403436170474069C0F38000704747F2B7
S2140373A0305300220068F5F7EFB8006803F0FCBC22
S2140373B038B5436904469B070D4603D540F2094199
S2140373C0FFF7F3FFEAF7AAFA08B1A3691D70204690
S2140373D0BDE8384040F20941FFF7E1BF07B5027C3C
S2140373E0012A09D00122027440F20942914206D0D2
S2140373F040F20A4291420ED003B05DF804FB4FF40C
S214037400816150F80C3B01AA93F870308DF8043074
S21403741003F037FDF0E750F80C3B01AA93F8703001
S2140374208DF80430F4E738B522F000430D461146D4
S21403743040F20322934204461AD0B3F5017F09D2E1
S21403744040F20122934213D040F20222934209D023
S214037450002038BD6FF481621344012BF8D8FFF780
S214037460BDFFF5E700F020F9204601F00DF9EFE740
S21403747063699B0704D540F209412046FFF795FF51
S2140374802846FFF759FFE3E708B5EAF741F900B1E5
S214037490806C08BD08B500B10068EAF747F908B97B
S2140374A0034602E0836C002BF7D0184608BD10B5E0
S2140374B0044642F62A3000F03BFB031B5842584171
S2140374C010BD022806D142F62A330888C31A58424A
S2140374D0584170470020704710B5044642F62930DD
S2140374E000F026FB031B5842584110BD90F82000BD
S2140374F000F0010070471FB504466846EAF7E8FB4C
S2140375001022694604F1210003F0F4F9B0FA80F082
S214037510400904B010BD08B5FFF7EDFFB0FA80F0E0
S214037520400908BD70B5044600F1210591B9284607
S214037530EAF7CEFB236893F97500E9F707FA78B103
S21403754020682B46BDE8704010220D2190F9750087
S214037550FFF731BB10220021284603F0F5F9E9E7CF
S21403756070BD38B50446002390F8202041FA03F096
S214037570C50703D442FA03F0C0071ED40133082B11
S214037580F4D101F0010523682A4384F8202093F9F7
S2140375907500E9F7DBF940B1234653F8200B0122C7
S2140375A00C2190F97500FFF706FB0DB9002038BDD6
S2140375B000212046FFF7B6FFF8E71320F7E768B188
S2140375C03F290AD800EBA10090F8310001F003012F
S2140375D04900084100F0030070470020704710B5CB
S2140375E00368044693F97500E9F7B0F950B12346EA
S2140375F0BDE8104053F8310B10220B2190F97500AB
S214037600FFF7D9BA10BD10B590F87430DB0706D46F
S21403761090F97530013314BF0F20052010BD847C0C
S214037620F6F7A4FA844234BF0C200020F6E730B500
S214037630044685B06846EAF74BFB1021684603F01C
S214037640F6FF2046EAF752FD6B46C26804AD0632E3
S2140376501C4603CCAC4210605160234602F108027C
S214037660F6D105B030BD08B5EAF740FD08B1EAF734
S21403767011FDC0B208BD013810B580B2EAF736FD79
S214037680044608B9002010BD408800F083FB00289C
S214037690F8D0207BF7E708B5EAF728FD18B1007A9B
S2140376A0C31F5842584108BD70B5054655F8213BDF
S2140376B0044693F97500E9F749F920B92846BDE869
S2140376C07040EAF705BB234653F8310B10220B2113
S2140376D090F97500FFF7B0FA234653F8200B012202
S2140376E00C2190F97500FFF7A7FA20682B46BDE832
S2140376F0704010220D2190F97500FFF79DBA0130F6
S2140377002DE9F04185B228460E46EAF7EFFC42F62D
S2140377100217044642F603089CB12046EAF7BAFC71
S21403772078B1204600F045FBB84205D10EB1238858
S2140377303380607BBDE8F081204600F03AFB40458D
S21403774002D14FF0FF30F5E70135ADB22846EAF730
S214037750CDFC0446E0E72DE9F04707460E46904683
S2140377600D4642F6021942F6030A0135ADB2284623
S214037770EAF7BCFC044678B1EAF78CFC60B1204615
S21403778000F017FB484505D1237A072B04D10320C5
S214037790BDE8F0875045E8D141463046FFF7AFFFD6
S2140377A0431C014604D03846BDE8F047FFF707BF41
S2140377B00020EDE770B5054608461646EAF796FC40
S2140377C0044608B9012070BDEAF764FC0028F9D026
S2140377D0F00713D4B10734D4720702D5A3885B0726
S2140377E032D516F0060F31D116F40060EBD0A3881D
S2140377F013F4006F14BF00200620E4E7A388DA071B
S21403780043D513F0700F0AD1980610D45806E1D565
S2140378102B6893F975300133DCD10820D3E7286849
S214037820FFF7F1FEA388990608D50028CBD12A686E
S21403783092F874209207E9D40520C4E70028C2D141
S214037840E4E7A3889907C7D40320BCE7A38813F407
S214037850E06F09D198050FD45B05C5D52B6893F95E
S21403786075300133C0D1D8E72868FFF7CCFEA3886C
S214037870990507D50028A6D12A6892F8742092079E
S214037880EAD4D9E700289ED1E6E702209BE738B57D
S21403789004460846EAF72AFC054608B9012038BD1F
S2140378A0EAF7F8FB0028F9D0AB8813F4E04F0CD1C5
S2140378B0980412D413F48040F1D0236893F975002A
S2140378C0431C58425841C000E9E72068FFF79BFE77
S2140378D0AB88990408D50028E1D1226892F8742071
S2140378E09207E7D40520DAE70028D8D1E2E72DE9A6
S2140378F0F0474FF00009044683F800900846A2F8C4
S2140379000090884616461D46EAF7F0FB074620B960
S214037910012300202B70BDE8F08774B1EAF7BAFBA9
S2140379200028F5D04046FFF7D7FD30B1012385F890
S214037930009004F120003380EDE72B4632463946AB
S2140379402046BDE8F047EAF74FB92DE9FF41074661
S2140379500846884616460393EAF7C8FB044638B932
S21403796003A803F060FB0125284604B0BDE8F081B8
S2140379701FB1EAF78FFB0028F2D0237A072B05D82E
S214037980DFE803F017262F381C17172126BB0398AA
S214037990002835D13246257A022D62D0032D64D0D5
S2140379A0012D3BD0002F7FD1002503A803F03BFB1E
S2140379B0DAE703A803F037FB0325D5E703A803F0AC
S2140379C032FB0625D0E703A803F02DFB8025CBE783
S2140379D0E3685D88B54209DA03A803F024FB0725AC
S2140379E0C2E7E3689A88B242F6D35D88039840B943
S2140379F0024609E0022EEFDC039868B90246CAE79E
S214037A00354603F095FB82B29319AB42C3DD03A858
S214037A1003F009FB0D25A7E70225F2E7E068063029
S214037A2000230399304403F0EDFA002FBCD0237AE9
S214037A30032B39D103A803F0F6FA00212046EAF710
S214037A4011FB68B30588617B3846FFF7B8FD012252
S214037A50034629463846CDF8008000F047FC00254B
S214037A6082E7E068B3188380D9E7039B9A79D979CC
S214037A70891AC9B2481E012810D8134402291A7B52
S214037A8004BF5B7B42EA0322237B32EA03038CD1E7
S214037A9001233846617BEAF77DF8C6E70D2584E7C0
S214037AA008F1FF35ADB2CEE7039B41460093384657
S214037AB033463A7F00F000FCD1E7884270B50446AF
S214037AC00D46164611D8012838BF01242046EAF78A
S214037AD00DFB10B14388B34208D00134A4B220464C
S214037AE0EAF7E8FA08B1A542F0D20024204670BDB2
S214037AF070B50C4616461D460146B8B1B3B1022C06
S214037B0001D0102C12D1E0B2EAF728FA4FF6FF7133
S214037B108842024602D141F20A1070BD3046FFF792
S214037B20CCFF0028F7D028800020F6E72120F4E7D2
S214037B30002307B50122ADF80400ADF80630022194
S214037B400DF1060301A8FFF7D3FFBDF8060003B047
S214037B505DF804FBF8B50F461646441CA4B220464F
S214037B60EAF7C4FA10B9013CA0B2F8BD00F021F957
S214037B700546304600F0F9F820B1284600F0F5F83F
S214037B800028F0D1304600F0E9F820B1284600F08E
S214037B90E5F80028E7D10134A4B22046EAF78AFACA
S214037BA008B1BC42DBD94FF6FF70DEE72DE9F04F94
S214037BB09A4687B08B880D460C88814604A9022016
S214037BC0ADF810309046EAF7C9F9AB680090A8887C
S214037BD0AF89059300F0C2F838B1102F05D105A878
S214037BE0EAF7A2F9022808BF02279DF840B00BF077
S214037BF0010B38E02046009AFFF75FFF0646A8B35E
S214037C00AA886988FFF7A6FF04463046FFF72BFDD0
S214037C1040EA0B00C0B200B30DF10F0331464846ED
S214037C200DF11202FFF763FE9DF80F302BB1A8F893
S214037C300060184607B0BDE8F08FBDF81220BA42C0
S214037C400BD13A460599019302F054FE019B20B9E5
S214037C50A8F80060AAF80040EBE74FF6FF739C42D3
S214037C6001D00134A4B26988A142C3D20A23E0E753
S214037C7008B5EAF73BFABDE8084000F09AB838B50D
S214037C8005460846EAF732FA044610B94FF6FF707F
S214037C9038BD0DB96088FBE7EAF7FCF90028F9D18F
S214037CA0F4E770B5044642F60520FFF741FFB0B18E
S214037CB00021FFF724FD054601462046FFF77FFC1B
S214037CC006461022002104F1310002F03DFE324642
S214037CD029462046BDE870400023E9F75BBF70BD28
S214037CE07FB504460D4610220021684602F02CFE9E
S214037CF00026AB575A1C1BD031462046FFF75FFCC5
S214037D001946002BB8BFD91C04AA02EBA10100F048
S214037D100302584200F0030003F0030358BF434234
S214037D205B0002FA03F311F8102C134301F8103C1E
S214037D300136402EDDD16B4604F1310504AE1A46FA
S214037D4003CAB24228606960134605F10805F6D1F6
S214037D50204604B0BDE87040FFF741BCA0F52050B4
S214037D6001288CBF00200120704742F60303C31A84
S214037D7058425841704708B5030409D4EAF7BAF8DD
S214037D80A0F5205080B201288CBF0020012008BD3A
S214037D900020FCE7020408B507D4EAF7ABF842F67E
S214037DA00303C31A5842584108BD0020FCE7C00B22
S214037DB070470346B3F902304088002B01DBEAF72D
S214037DC099B80020704708B5FFF7F3FF42F60303A0
S214037DD0C31A5842584108BD08B5FFF7EAFFA0F595
S214037DE0205080B201288CBF0020012008BD1FB59B
S214037DF050F80C4BADF80A3094F87040069BADF87B
S214037E0006108DF8082040F2035101AA8DF80440AD
S214037E10039303F036F810B906A803F004F904B088
S214037E2010BD2DE9F0414FF0000886B004460E461B
S214037E301546CDF80C8000F1440712B303A803F0EF
S214037E40F2F8384603F0EFF884F81C800023324635
S214037E50009318212B462046FFF771F905F5885540
S214037E60204650F80C3B40F2055193F8703004AAB4
S214037E708DF81030059503F004F8002006B0BDE831
S214037E80F08143691A0710D4A846384603F0E9F888
S214037E9003460390C0B903A803F0C5F8384603F0B9
S214037EA0C2F80023237755B1D0E723F008034361D4
S214037EB003A803F0B8F8384603F0B5F8257720464C
S214037EC0FFF7B9F90025CBE79979204601F10C02B3
S214037ED01A44B2F801600531B2F8032099713146AD
S214037EE0FFF733FDCDF80C800028CED00546D2E749
S214037EF02DE9F047089C0E4617469846054610B1EE
S214037F00037C012B61D02846FFF73BFA14F0800967
S214037F10304614BF4FF0200A4FF0100AFFF7ABFBB2
S214037F201AEA000F4DD03046FFF7A2FE42F60523AD
S214037F3098420FD114F0010219D031462846FFF7B4
S214037F40A6FC08B300F588542846FFF71FFA204618
S214037F50BDE8F0872846FFF7C9FA0028EAD0284686
S214037F60FFF7D9FA0028E5D041F21214ECE7B9F18D
S214037F70000F3146284614BF02240124FFF7EBFB0B
S214037F802042DAD10224DFE7B9F1000F11D0EB8BE0
S214037F90CBB943463A4631462846FFF77EF90446B0
S214037FA00028D1D140F20A412846EE83FFF7F7F9BD
S214037FB0CAE743463A4631462846FFF74BF9044696
S214037FC0C2E72124C0E70524BEE70724BFE72DE95F
S214037FD0F047002586B09DF8389090F81CA004461C
S214037FE00F4690460F9E0577B9F1000F09D00A4653
S214037FF04B4651460096FFF7A2F8284606B0BDE862
S214038000F087BAF1080FADF8169026D145893246A7
S214038010043DADB29D424FF002014FF00900A8BFE8
S2140380201D46FFF71DF80222814605A93046ADF826
S214038030147003F0BAFA2A464146304603F0B5FAFE
S2140380400546831C3146204689F80130E9F748FC8B
S214038050ADF81650BDF81600D0E7BAF10A0F0DF1C9
S21403806016020CBF0B210D21CDE9016200930122FC
S2140380704346FFF788F81A28ECD111233A465146AF
S2140380802046CDF80090ADF81690FFF758F8E1E7D4
S214038090F0B5002589B01746012204460E46039321
S2140380A0ADF81650FFF786FB8DF81500002846D16D
S2140380B03046FFF7FCF910B13046FFF7B8FA304602
S2140380C0FFF7E9FAB8B103A802F0ADFF204650F86F
S2140380D00C2B237F92F8702040F202518DF8182063
S2140380E006AAADF81A608DF81C30ADF81E7002F0C3
S2140380F0C8FE09B0F0BD0DF115030DF116023146A9
S2140381002046FFF7F4FB9DF8153002465BB9BDF831
S2140381101630BB4235BF0723DB1B8DF81530D2194B
S21403812028BFADF81630039B314601939DF81530F2
S21403813020460093BDF81630FFF749FFD9E72A46D5
S214038140F1E72DE9F04F89B00290184615460593DE
S2140381500C46FEF762FF8046059802F0E9FF00230F
S214038160B0F1010AB5F80A908DF81D3000F0898049
S2140381701AF0010740F085805046F4F71FFD0646C7
S214038180002800F08480524608F1010102F044FB07
S21403819001212046059AFEF763FFB8460AEBDA7A12
S2140381A009F1FF3B03904FEA6A0ABA4544DD36F805
S2140381B01740012221462846FFF7FCFA8DF81D00DA
S2140381C068B92046FFF773F910B12046FFF72FFA78
S2140381D02046FFF760FA78B180238DF81D303046CD
S2140381E003F03DFA059B2246009328469DF81D3072
S2140381F00299FEF7A4FF26E00DF11D03214628464B
S2140382000DF11E02FFF773FB9DF81D300490002B43
S214038210E5D1029B202B1BD1ABEB0803012B0BDD17
S2140382200DF11E010222059803F0BFF9012801464D
S2140382300CD805A803F01EF8304603F010FA2846BB
S2140382400399FEF765FF09B0BDE8F08F08F1020851
S214038250BDF81E20ABEB08039A42C2BF09F1FF33F9
S214038260A3EB0803ADF81E30BDF81E20DDE90410AD
S21403827003F09BF9BDF81E309842DDD398440137CE
S21403828093E7042300248DF81D302646A7E7112321
S214038290F8E770B504460D461646FFF708F940B9E9
S2140382A033462A462146FFF750FB08B100F58850AF
S2140382B070BD41F20310FBE71FB550F80C4BADF849
S2140382C00A3094F87040069BADF806108DF8082027
S2140382D040F2015101AA8DF80440039302F0D1FD48
S2140382E010B906A802F09FFE04B010BD1FB550F8E3
S2140382F00C4BADF80A3094F87040BDF81830ADF862
S21403830006108DF8082040F2045101AA8DF80440A7
S214038310ADF80C3002F0B5FD04B010BDF0B5122771
S21403832085B003920777022205460E46FFF742FA08
S214038330044668B103A802F076FE00232B770023D9
S21403834032460093122123462846FEF7F8FE0FE036
S214038350039A3046937903339371FFF79CF948B138
S214038360039B3A460093314623462846FFF73FFDD4
S21403837005B0F0BD42F62930FFF7DAFBB04220D154
S214038380039830B903A802F04EFE00230D242B7782
S214038390D5E702F0CDFE80B20128F3D1039B284631
S2140383A09A791344197BFFF7DCF8044603A802F016
S2140383B03AFE00232B77002CC1D12846FEF702FF96
S2140383C0D6E7224631462846039BFFF7BEFA044605
S2140383D0EFE72DE9FF410392042204460D46FFF71B
S2140383E0E9F9074628B103A802F01DFE04B0BDE86C
S2140383F0F0814FF05208039A28469379033393711A
S21403840084F81C80FFF747F9064640B1039B4246B3
S214038410009329463B462046FFF7E9FCE6E742F68B
S2140384202930FFF785FBA842039B0BD19A79204698
S2140384301344197BFFF795F803A802F0F4FD002315
S2140384402377D3E7324629462046FFF77EFAF6E738
S2140384502DE9FF418B7904460C330B44B3F80170C6
S2140384600E463846B3F80380FFF7FDF8002858D0C9
S214038470022239462046FFF79DF90546E8B93846F5
S214038480FFF709F968B116222277B379394605331F
S214038490B371204643460096FFF7A9FC04B0BDE837
S2140384A0F081F4F7A7F933461B680135EDB2002BCC
S2140384B0FAD10635A8421DDC092504F1440002F072
S2140384C0B2FD2B463A46162120460096FEF737FEA7
S2140384D0092DE3D1204650F80C3B40F2055193F8A2
S2140384E0703002AA8DF8083041F20913039302F0A4
S2140384F0C8FCD3E70121304603F022F801460028E2
S214038500DAD004F1440002F075FEB379424605332F
S214038510B37139463346204604B0BDE8F041FEF752
S21403852060BE0125C9E713B5044641B9443002F0DD
S2140385307AFD204602B0BDE81040FEF77CBE182246
S2140385404369027713F0080306D000231946009305
S214038550FFF74DFC02B010BD1A46194602B0BDE83F
S2140385601040FFF75EBC7FB5C58B04462DB342F6BD
S2140385700520FFF7DDFAA84207D100212046FEF7C3
S214038580D1FF636923F001036361002640F20A41C9
S2140385902046FEF70AFF29460DF10E022046ADF8E7
S2140385A00E60FFF7D8F8BDF80E2003460092294662
S2140385B002222046FFF79AFEE68304B070BDF7B5A5
S2140385C004461F460E461546FEF7DBFE237C012BAC
S2140385D058D0237F182B2CD063691B0713D5217F14
S2140385E016292DD008D8122914D002252046FEF7C6
S2140385F0CDFE284603B0F0BD18291AD05229F4D16F
S2140386000023237713E03046FFF745F80028E6D12A
S2140386102125EBE70023237735B1009332462B461B
S2140386202046FEF78CFD02E02046FEF7CBFD002534
S214038630DCE72A4631462046FFF7F3FB0546D5E737
S21403864000232377002DE8D105211720BDF8243019
S214038650089A0095FEF728FD20B911233246122109
S2140386600095DDE7FEF7DDFC6269034642F008028B
S214038670626182793146053282713A462046FEF7B8
S214038680B0FDD4E70725B1E72DE9F041054688B0EC
S21403869042F60520FFF74CFA064604A8E9F718FB4E
S2140386A0102205F121010DEB020002F023F950B16F
S2140386B001212846FEF736FF2846FFF7F2FA6B69D4
S2140386C023F001036B6142F60303022003A9ADF80E
S2140386D00C30E9F743FC012407464FF00008204618
S2140386E03A464FF6FF71FFF7E8F9044610B908B0AB
S2140386F0BDE8F081FEF7B7FF0134A4B20028EED040
S214038700A64203D131462846E9F74CFD21462846C2
S2140387100DF10E02ADF80E80FFF71DF80346002894
S214038720DDD0BDF80E202146009228460122FFF731
S214038730DDFDD4E708B5E9F7B9FA0020EAF76CF9E6
S214038740002008BD10B504468069143002F06BFCA7
S214038750A069BDE81040183002F065BC2DE9F04171
S2140387600F46144605461E46FFF7ECFF23463A46D9
S21403877008210020D5F8188002F044FFAA69C8F83B
S2140387801400536923B1002054811682BDE8F0819A
S2140387901A20FBE770B50446084602F0C9FCA16937
S2140387A086B28A894D8912B1521B96420CDA6389C6
S2140387B0581E80B225B90A78082A04BF043B98B22B
S2140387C0831B5842584170BD0020FCE730B5044671
S2140387D054F80C0B8DB09DF8405090F8700042EAA8
S2140387E001428DF804001946029203A82A4607950B
S2140387F002F012F840F20241204601AA02F041FBC1
S2140388000DB030BD10B550F80C4B86B094F87040E0
S214038810ADF80E10ADF8102040F2064103AA0193FE
S2140388208DF80C40059302F02CFB10B901A802F05A
S214038830FAFB06B010BD37B504460D46FFF782FFB8
S214038840204640F20941FEF7B0FD00222046A36908
S21403885040F207411A7050F80C3B6A4693F87030A2
S21403886001958DF8003002F00CFB03B030BD13B554
S21403887001910021044600F041FF04220023204614
S2140388800DEB0201FFF76AFF02B010BDF0B5044618
S2140388900F461E46154685B052B983691B78072BCB
S2140388A030D0082B14BF15460925002E18BF0D25FA
S2140388B00A9802F03DFCA3699A894AB15B8981B2A2
S2140388C0D21A914204DD92B2891A0AA802F0D2FCA7
S2140388D0204650F80C3B40F2054193F8703001AA4D
S2140388E08DF804300A9BADF806708DF80850ADF885
S2140388F00A60039302F0C5FA10B90AA802F093FBC4
S21403890005B0F0BD0B25D0E7B0F80AC02DE9F0415D
S214038910ACF1020C9C4505460E4617461C4603DD85
S214038920BDE8F04100F097BE836922461981002313
S2140389303946FFF713FF044658B9AB69024631467A
S21403894028460E3300F0A0FE044610B12846FFF773
S214038950F9FE2046BDE8F0812DE9F043202A8FB0CA
S214038960054617461C4603910BD941F204142146CB
S2140389702846FFF760FF03A802F055FB0FB0BDE8DB
S214038980F083002B46D10846A2F1060802F0D0FB7E
S2140389904FF6FF765FFA88F81FFA80F94C4510D336
S2140389A0AB69DA88B24239D942F60203ADF814301D
S2140389B00223711C0093284605AB89B200F0F4FD30
S2140389C025E023463A46039906A802F01BFBAB694B
S2140389D0BDF818609A88B242C7D8DA88B242C4D3C0
S2140389E0BDF81A10BDF81C20B8F1000F09D02846B0
S2140389F0CDF800800DF11E033C44FFF7E7FEA4B25A
S214038A00CCE728469E8019815A8100F0E6FD04468D
S214038A100028B0D041F20A139C42A8D10024A6E74E
S214038A202DE9F0471C4696B0836901921B780646EB
S214038A30062B03D0112B60D001A81CE00129104699
S214038A4014BF4FF010084FF002080392002C4CD1CD
S214038A5002F06EFB4FF6FF7508F1020987B2A742D4
S214038A600ED8B369DA88AA4237D80024214630469E
S214038A70FFF7E1FE03A802F0D6FA16B0BDE8F087CA
S214038A8023464A46039904A802F0BCFAB369BDF824
S214038A9010509A88AA422DD8DB88AB422AD39DF879
S214038AA01330282BE1D0B2465AF80C3B424693F8D3
S214038AB070300DF112010DA88DF83030ADF832503C
S214038AC0CDF844804C4401F0A7FE40F204415046E2
S214038AD00CAA02F0D6F9A4B2C1E7691C304689B2E3
S214038AE000F032FD04460028C4D041F20A139C422B
S214038AF0BBD0BBE741F20414B8E70129104614BF04
S214038B0012270427049284BB02F012FB42F60218D3
S214038B104FF6FF7185B2A5420DD8B369DB888B4249
S214038B2021D901314FF6FF72304689B200F00CFDB1
S214038B300446A0B119E023463A4604990CA802F06D
S214038B4061FABDF83220BDF8301042459DF8333047
S214038B5007D1B269022330460A32FFF7D5FE04A8CE
S214038B6089E7282B06D141F20A1421463046FFF73F
S214038B7062FEF4E73C44A4B2CDE7F0B5836987B060
S214038B8003911B780546022B144653D108460491DD
S214038B90002A47D102F0CCFA4FF6FF7687B2A742F7
S214038BA00DD8A869C288B2422BD80024214628468D
S214038BB0FFF741FE04A802F036FA07B0F0BD042220
S214038BC00499234605A802F01DFAAA69BDF81410F5
S214038BD09088BDF81660814229D3D388994226D857
S214038BE0864224D39E4222D85069927A83790434EB
S214038BF00C330092034432462846FFF7E7FDA4B23F
S214038C00CDE743694089711C0190987989B20C308D
S214038C100344009328464FF4205300F0A9FC04466F
S214038C200028C7D041F20A139C42BFD1BDE741F2E8
S214038C300414BBE703A8BEE7F0B587B0054617469E
S214038C401C46039153B9FFF7A5FD38B1012322460D
S214038C502846039900F084F807B0F0BDA9690B789D
S214038C60082B05D8062B44D8032B0FD003A83DE0CA
S214038C700F2BFBD1039B0593002C6DD1002B6BD0E0
S214038C80224628460989FFF7BDFD59E0039805905B
S214038C9018B3ECB9102683794A890C33098903443F
S214038CA000962846FFF792FDAB699988DA889142C9
S214038CB017D242F60203ADF81030022301310093B7
S214038CC028460DEB060389B200F06EFC044660B13D
S214038CD041F20A139C4204D101E0002CF8D141F280
S214038CE01F0421462846FFF7A6FD05A802F09BF9B8
S214038CF0B2E7039805907CBB70B302F019FA0FB382
S214038D0086B2B7421ED2394605A802F0EDFB38B943
S214038D1005A802F088F91A212846FFF78CFD9BE781
S214038D208379F61BC218023391898371AB690022DB
S214038D305B89B6B200902846FFF7A8FDB742E2D992
S214038D402146E9E7AA69284653891189059A0092BC
S214038D500022FFF79BFDF3E705A802F064F9EFE7AF
S214038D60F0B585B006461F461446039132BB084647
S214038D7002F0DEF9054608B3B1690B784A89082B79
S214038D800BD8062B0BD9039B098930460093134651
S214038D902246FFF77BFD039401E00F2B19D0B16940
S214038DA04B89EA1892B2B2F5007F4A8117D82FB1E1
S214038DB03046098900F022FC044628B100222346E7
S214038DC011463046FFF738FF03A802F02CF905B02A
S214038DD0F0BD3046039B0989FFF714FDDBE741F23C
S214038DE00414EBE773B5836901911B780446082BDB
S214038DF015460ED8062B0ED9019E20463146FFF7A0
S214038E00C9FC2A46034631462046FFF7A9FF02B0AF
S214038E1070BD0F2BF0D001A802F005F9F7E730B5C7
S214038E20836987B003911B780546092B144611D135
S214038E3005915AB9134600910F222146FFF726FDE6
S214038E4021462846FFF7F7FC07B030BD05A802F019
S214038E50EAF8F5E703A802F0E6F8F5E770B58369E4
S214038E6086B003911B7805460A2B144631D105912B
S214038E7032BB059802F05CF908B9044620E00023EB
S214038E80022205A90DF1120002F0C6F8012815D931
S214038E90BDF8126096B1059802F04AF986420FD8DB
S214038EA0BDF8121005A802F01FFB48B1002300907E
S214038EB0212219462846FFF7E9FCDAE741F20D14AA
S214038EC005A802F0B0F821462846FFF7B4FC06B022
S214038ED070BD03A802F0A7F8F9E72DE9F04F8769FC
S214038EE09FB003913F780546052F16461C4604D8C7
S214038EF0032F16D810D003A867E0082FFBD1084627
S214038F001391002B00F0C28013A802F08CF82146C0
S214038F102846FFF790FC01E0FFF71EFD1FB0BDE8F3
S214038F20F08F202A0846049148D8002B40F0A880EA
S214038F30571F02F0FDF84FF6FF78FFB21FFA80FACC
S214038F400DF11C0BA24506D8AB69DA88424500F240
S214038F508780002434E02346324604990BA802F0A7
S214038F6051F8AB69BDF82C809A88424526D8DA8832
S214038F70424523D35969F1B9A94659F80C1BBDF8E4
S214038F802F2091F870109DF82E308DF84C10ADF808
S214038F904E200DF131013A4615A88DF85030199739
S214038FA001F03AFC40F20341484613AA01F069FF78
S214038FB03444A4B2C6E75A89102A09D941F20414E4
S214038FC021462846FFF737FC04A802F02CF8A5E74D
S214038FD00023584602F016F8AB690DF13101102F45
S214038FE0CDE9051B93F80A902BD1B9F1020F34D1C2
S214038FF005A8E8F799FF0228DAD14A46DDE9051005
S21403900001F078FC0028D3D12B4653F80C0BBDF89F
S2140390102F1090F870009DF82E208DF84C00ADF8B8
S2140390204E108DF8502059464A4615A80293CDF89F
S214039030649001F0F1FB029B40F20341184613AA29
S214039040B4E7022F09D1B9F1100F06D106A8E8F745
S2140390506BFF0228ACD13A46D0E73A465846CFE7EC
S21403906042F60303ADF84C30022308F101010093E6
S214039070284613AB89B200F097FA04460028A3D01B
S21403908041F20A139C423FF464AF99E759B90021B1
S2140390900023AA6928469381538111811399324686
S2140390A0FFF7CAFD3AE702F043F816B180B28642EC
S2140390B0EDD1139A9379D118023389899371E7E72F
S2140390C02DE9F0431C468FB0836903911B78054650
S2140390D0012B17465BD10846059102F029F8202F8D
S2140390E00BD941F2041421462846FFF7A4FB05A832
S2140390F001F099FF0FB0BDE8F083002C42D105982C
S21403910002F016F84FF6FF76A7F104081FFA88F860
S2140391101FFA80F95FFA88F8A14505D8AB69DA88A3
S214039120B24220D80024DEE723463A46059906A82D
S21403913001F068FFAB69BDF818109A88BDF81A608D
S2140391409142CED3DB889942CBD89642C9D39E426E
S214039150C7D832462846CDF8008007AB3C44FFF715
S21403916035FBA4B2D8E74FF42053ADF810300223F2
S214039170711C0093284604AB89B200F053FA0446E8
S2140391800028B4D041F20A139C42CBD0ABE703A825
S214039190AEE783691B780B2B02D0103B012B01D85B
S2140391A0FFF749BB7047F0B585B00193836917464F
S2140391B01A7804460B3A0A9E072A42D8DFE802F0DA
S2140391C004413041410441290198039001F0B0FF66
S2140391D085B203A801F027FF26B131462046FFF7E4
S2140391E046FB0FE0A1697A194B8992B293420BD9D9
S2140391F00A8201F10E032046098900F045FA01466A
S2140392000028EBD105B0F0BD0121204600F076FA28
S214039210F5E72EB91A8A0198BA420BD04FF4816645
S214039220019B03A8039301F0FEFE31462046FFF799
S21403923002FBE7E7DA89596901F085FF0028EDD1DB
S214039240EEE701A801F0EFFEDCE738B582690446D5
S21403925013780D460E2B12D0102B01D00B2B12D1E8
S214039260536933B1997902F114000B44DD6801F0B8
S214039270DAFE29462046BDE83840FFF78ABFBDE838
S2140392803840FFF7D8BA38BD07B5002300921B2233
S214039290FFF7FCFA03B05DF804FB07B58369598052
S2140392A0009200231D22FFF7F1FA03B05DF804FBDA
S2140392B070B506460D461446E2F7A6FB4379C57518
S2140392C023F0030343F00303437140F60943C380CB
S2140392D0A0F815602060153070BD13B50C4601AAC2
S2140392E0FFF7E6FF019BDA791444DC7102B010BD88
S2140392F073B5064610460C46154601F019FF2118AD
S21403930001AA3046C9B2FFF7D3FF019B0646DA79B6
S2140393101444DC712B4633B901A8294601F06AFFD1
S214039320304602B070BD5C7924F0030444F00204B6
S2140393305C711B68EFE708B5E2F76CFB83790C33C7
S214039340184408BD4B88052B05D108880E288CBF0A
S21403935000200120704700207047F8B505460F46E9
S214039360164604210A22002002F0E2F80246B8B1AB
S214039370847905210C3403194FF0060C00209970EC
S214039380D87002F804C013241C7102245F7158704D
S214039390D8719C7128461E81BDE8F840E9F7DCBB0E
S2140393A0F8BD73B50546104601920C4601F0C0FEA3
S2140393B0042186B2019801F0FEFF024628B901A8EF
S2140393C001F031FE1A2002B070BD837901900C3390
S2140393D0C1184C80C65221462846E9F7BDFB00203B
S2140393E0F1E72DE9F04106468846174604210A228E
S2140393F0002002F09DF80246B8B1857900240C35AA
S2140394004319052106209970DC7050550120187108
S21403941002205C70987183F805803046DC711F81EA
S214039420E9F79AFB2046BDE8F0811A20FBE7002007
S21403943070470020704707B501A8019201F0F3FDBD
S21403944003B05DF804FB704708B5E9F7C9FEE9F712
S21403945011FCE9F717FDE8F711FBBDE8084000F03B
S214039460C6B938B505460C46E9F7F8FB28B92846C9
S2140394702146BDE83840F3F7C5B828462146F3F73A
S214039480C1F800F0B1F9EFE737B5044642F6072016
S214039490FEF74EFB0546C0B10A23002CCBBF0534AE
S2140394A0053CB4FBF3F494FBF3F4012300211846C4
S2140394B00DF1070264B28DF8074002F0A3F800220C
S2140394C0034629461046FEF740FA03B030BD43086C
S2140394D003F05503C01A00F03303C0F3850000F011
S2140394E03300184400EB101000F00F007047002103
S2140394F010B5421D441E14F8010FFFF7E8FF94420F
S2140395000144F8D1084610BD10B5F3F7B5FE04467E
S21403951028B10124204610BD436ADB06F9D4F3F7CD
S214039520A7FC0028F8D1F5E710B5E6F709F80028F8
S21403953014BF03240124E6F713F808B144F0040427
S214039540204610BD0020704770B504460E461546EB
S214039550052100220420FDF783FD014618B1A0F87B
S2140395600160A0F803502046BDE87040FDF7D0BD6B
S214039570F7B51D460023044600930F4616460721FB
S2140395800620BDF82430089AFDF78EFD014628B163
S214039590A0F80170A0F80360A0F80550204603B0B9
S2140395A0BDE8F040FDF7B4BD73B515461A46002373
S2140395B0044600930E46082005219DF81830FDF753
S2140395C073FD014618B1A0F80160A0F803502046C9
S2140395D002B0BDE87040FDF79BBD38B500220446D7
S2140395E00D460A200321FDF73BFD014608B1A0F80E
S2140395F001502046BDE83840FDF78ABD70B50446E5
S2140396000E461546052100220C20FDF729FD0146CE
S21403961018B1A0F80160A0F803502046BDE87040DA
S214039620FDF776BD73B515461A4600230446009328
S2140396300E46102005219DF81830FDF735FD01462E
S21403964018B1A0F80160A0F80350204602B0BDE8A8
S2140396507040FDF75DBD73B50E460021448905468F
S214039660033CA4B2A342009128BF23460321122041
S214039670FDF71AFD014608B1A0F80160284602B0BE
S214039680BDE87040FDF744BD2DE9F3410546984615
S21403969083690F465869164601F04AFD6C8980B205
S2140396A0053CA4B2844228BF0446A8692146143068
S2140396B001F01AFF009048B105220821002001F0AE
S2140396C037FF019030B9684601F0ADFC1A2002B0AE
S2140396D0BDE8F081009901A801F08CFD1620019ADF
S2140396E093790C33D118D054A8F800402846A1F833
S2140396F00170A1F80360FDF70BFDE8E738B500221B
S21403970004460D4618200221FDF7AAFC014600B1C7
S21403971045702046BDE83840FDF7FABC70B585793C
S21403972004460C35461901F003FD625D431E013AFB
S2140397309BB2202A12D8DFE802F0131118111A116F
S2140397402B113111421142114211351127111111FA
S2140397503B1127114011401111114200002070BD2A
S214039760042B14BF01200320F9E7022BF9E743B3C8
S2140397707278022A0AD0012A23D10222013B02323E
S214039780B3FBF2F102FB1133002BEAE71022F5E7F5
S21403979013F0030F14BF01200320E0E78BB17278A8
S2140397A0013BEDE76BB17278032A0AD9013BE7E781
S2140397B0042B34BF01200320D1E7022BF9E7032053
S2140397C0CDE70120CBE708B5FFF7B5FD407940F4B8
S2140397D0805008BD022801D1E9F784BD704710B94F
S2140397E00120E9F7A3BD70470220E9F795BD0020E5
S2140397F0E9F792BD08B5FFF79EFD407940F4805027
S21403980008BD0078F3F75CBA13B50C460DF10702F2
S2140398100DF1060101F0EAFF30B19DF80600031BC7
S2140398205842584102B010BD0120FBE77047F3F7DA
S214039830F5BC704702F013BAF4F7D0B9EAF776BB73
S21403984002F00FBA02F00FBA70477047704708B5B8
S21403985003F0D6FD002814BF1420002008BD70476F
S21403986070477047704700207047704770477047CF
S21403987070B504460E4615680A46002101F064F8E2
S21403988025F4004520462122314601F013FB290A20
S21403989004312046C9B201F096FBA3791C44E56067
S2140398A070BD70477047704770477047704713B571
S2140398B0044601A92020E7F7A9FE20B92246202066
S2140398C00199E7F7B3FE02B010BD13B50C4601A924
S2140398D004F094FC10B9019BC4E9003002B010BD3B
S2140398E038B504460D462022002101F02DF8F8F77E
S2140398F097FCD5E90232E260EA8B43F48063228266
S2140399002A8CA0806282AA8CA282EA8CE2826A688F
S214039910A3602260FFF7A7FF18B1A36843F0040310
S214039920A360A36843F48032A2602A68920544BF0A
S21403993043F41023A36038BD08B52020FDF7B0FA22
S214039940003818BF012008BD08B5FFF7F5FF20B1A2
S214039950BDE808402020FDF7ABBA08BD08B5F2F70E
S214039960CDFC08B1012008BD04F028FCF2F7CEFCBC
S2140399700028F7D1E7F73CFE003818BF0120F2E7CE
S21403998008B5EAF7D1FC00280CBF0420012008BD67
S21403999008B5FCF77EFF002008BDEAF795BDEAF799
S2140399A0A3BD70470220704702207047002070470F
S2140399B00120704700207047704737B504460D46B0
S2140399C001A8ECF791FE01A8FFF7F6FF204601A9D0
S2140399D08DF80650EAF768FF03B030BD0846114617
S2140399E0012200F06EB8014608B54FF0FF30EAF7E3
S2140399F083FFB0FA80F0400908BD00F0BABC00F05F
S214039A00C2BC7FB56C4605460E460FCA84E80F00F7
S214039A109DF80D30224643F04003314628468DF824
S214039A200D3000F0ABF804B070BD7047431E012B39
S214039A3003D9031F58425841704701207047EDF77A
S214039A4099BE4FF4D472002100F07EBF70B5044671
S214039A50ECF774FD0546A8B9A169F1B1238AD3B121
S214039A60204604F1100200F023FC38BBE16919B369
S214039A70638AA3B1204604F1120200F0EEFB78B12C
S214039A80054603E00023A3612361E3610023284620
S214039A906361236270BDA061E8E72082E6E7E361C5
S214039AA0216A0029F2D0A28A002AEFD02046E38A50
S214039AB0BDE8704000F090BB6182F1E76582E56126
S214039AC0DEE7EBF73BBEF8B506460D46EAF748FF7A
S214039AD0D8B94FF6FF734FF0240CEF68C1B28F422C
S214039AE008D81C4621463046EBF7CCF8EDF7C2FE05
S214039AF02046F8BDAA680CFB0122D4899C4202D2F8
S214039B00002CEFD023460130E8E70024F0E7808DF1
S214039B1070470A7838B505461046FFF787FF60B1E9
S214039B204C782046FFF782FF38B12243530704D40C
S214039B302846BDE83840ECF751B8212038BDFFF77A
S214039B40E8BF10B504460878FFF770FF58B14A78A7
S214039B501046FFF76BFF30B1042A04D02046BDE859
S214039B601040ECF759B8212010BDFFF7EABF00F00C
S214039B7070BA084600F03DBCEBF7F2BE70B504467B
S214039B800D46164600F02CF958B129462046EBF749
S214039B9079F838B9324629462046BDE87040F0F7D2
S214039BA0D3BC0E2070BDECF76BBF08B5EAF774FEA6
S214039BB018B1BDE80840EFF775BF08BDF0B587B02C
S214039BC004460E4615461F46ADF80610D3B190F868
S214039BD02C31ABB9D0E9490194F82A310490C0B2CC
S214039BE09842ADF8141005D0204604A98DF810301D
S214039BF0ECF72CF820463A7894F82B11ECF794F807
S214039C00002020E00ABBD0E94901D4F8E0300490F4
S214039C10ADF814102046A4F8406004AA0DF106011E
S214039C20EBF748FA78B9204604A9ECF70FF850B9D1
S214039C30034601222046BDF90610ECF7F5F8BDF8F9
S214039C400630A4F8423007B0F0BDB2F91230B0F9CE
S214039C5040200DF10E019342A8BF134604AAADF8A7
S214039C600E302B46EBF726FABDF90E30B5F9122067
S214039C709A42A8BF1A469DF81030ADF80E200C2B5A
S214039C800FD1212384F82C31B4F9423093420DDDF1
S214039C90D4E9490100230490ADF8141084F82C315C
S214039CA004E0C0B284F82C010028EDD19DF8101012
S214039CB02046A4F8422084F82A11DCF719FE84F81B
S214039CC02B019DE738B504460D4600F06AFBEDF719
S214039CD089FDD4F8F0302BB929462046BDE8384034
S214039CE0ECF74EB8022038BD00F018BA70B504463B
S214039CF00E4600F056FBEDF775FDD4F8F0503DB177
S214039D00002331462046AC46BDE870401A466047FD
S214039D102B46012231462046ECF786F8284670BDCE
S214039D2038B5044648880D46EDF75CFDD4F8F030A8
S214039D302BB929462046BDE83840EBF787BF0220FB
S214039D4038BDEDF761BD00F0E0B900F0D6BB38B51D
S214039D5005460C4604F03FFCD5F88C301C40D5F87D
S214039D6088302343C5F8883004F030FC211E18BF22
S214039D7001210020490238BDECF772BA3F2B10B51B
S214039D8002D80024204610BDB3F5805F9BBF4FF07A
S214039D900044B3FA83F34FF48054DC4098BFA4B274
S214039DA0A242134628BF2346224600F015FA00288F
S214039DB0E7D1E7E700F051BAEDF714BCECF75EB96C
S214039DC000F0B8B9FFF7FCBF38B50446154609B12D
S214039DD000F096FA15B12046ECF760FA002038BD7D
S214039DE00346408A18B1188A003818BF0120704706
S214039DF000F094BA00F0A2BA0846EDF7EFBF10B52C
S214039E00044600F089F820B92046BDE81040EBF779
S214039E1087B810BD00F075BBEEF710BA2DE9FF4109
S214039E20984604460E46174604F0DEFB05462046D3
S214039E30FFF7E5FF0A9B3A46029300233146CDE936
S214039E4000832046EBF7BAF80446284604F0C7FB1F
S214039E50204604B0BDE8F08138B5044604F0C4FBE0
S214039E6005462046FFF7CBFF2046EBF785F804466A
S214039E70284604F0B4FB204638BD38B5044604F043
S214039E80B3FB05462046FFF7BAFF204600F053F81B
S214039E900446284604F0A3FB204638BD38B50446DE
S214039EA004F0A2FB05462046FFF7A9FF204600F074
S214039EB048F80446284604F092FB204638BD70B5A1
S214039EC004460E4604F090FB05462046FFF797FF30
S214039ED031462046EBF7C0F80446284604F07FFBDD
S214039EE0204670BD134607B500228DF807100DF106
S214039EF00700194600F0C8FA03B05DF804FB0846ED
S214039F0011461A4600F0C0BA002070470120704779
S214039F10EDF712B800F055BAEAF73CBF10B504F0F7
S214039F2063FB044600F015F8EAF75AFF2046BDE83F
S214039F30104004F054BB024608B5EAF72BFF507DE9
S214039F4008BD024608B5EAF725FF507D80F00100FC
S214039F5008BD00F0D6BAEBF79FBD00F0B7B890F88F
S214039F60253003B108470220704710B50446ECF7C6
S214039F7045FF2046BDE810400321EBF7B9BB90F838
S214039F8025300BB1ECF7FCBE0220704790F8253065
S214039F900BB1ECF71BBF0220704738B590F825408D
S214039FA00D46BCB1053C012C8CBF00240124496836
S214039FB02246ECF75DFF286890FAA0F0000AEEF759
S214039FC0DDFCA97A2889224681F00101ECF780FF9F
S214039FD0002038BD0220FCE730B585B005460FC922
S214039FE06C4684E80F0021462846FFF7D6FF05B0E7
S214039FF030BD1FB5ADF808309DF81830CDE9001216
S21403A0008DF80A3000236946ADF80C30FFF7E4FFFD
S21403A01005B05DF804FB00207047002070477047CA
S21403A020D0F8903003F06003402B0DD0602B03D0A4
S21403A030203B58425841704749B10B68012B06D95B
S21403A040486940F00100704740F201107047002055
S21403A0507047F7B504461046D4E952C7DDE908262B
S21403A0608CEA020587EA06010540194085EA0C05D5
S21403A0707940C4E95251002523F4004106EA01035E
S21403A08020F0010043F40073024043F00203CDE9DD
S21403A0900055F0F70BF894F824309A0713D5D4F844
S21403A0A04C319B050FD54FF488112046FFF74FFE22
S21403A0B094F82430024665F3410384F8243020469E
S21403A0C00B46EBF703FB002003B0F0BD0220EEF7D0
S21403A0D0ABB8D0F8E42008B57AB11368022B0CD9D4
S21403A0E0536A13F47F4FC3F3072106D0126ADBB219
S21403A0F053438B42B3FBF1F006D2002040F60652E0
S21403A1004C21EAF731FE002008BD0346D0F82401AF
S21403A1100860B3F8283100208B80704790F824310C
S21403A1200C2B14BF90F82900FF2070474FF4807162
S21403A130F1F7D0B9F8B507460E468C88EBF732FD33
S21403A14097F825700546082F737C0CD1012B0AD887
S21403A15001460120EFF73CFE421C01D10220F8BD68
S21403A160E30003330EE0053FFFB2012F8CBF002050
S21403A17001202946EFF72CFE431CEFD0012F4FEAB0
S21403A180C403EED903220344B271002DE6D0B3F51F
S21403A190803FE3D84FF224416A0901FB03232D09CC
S21403A1A0B3FBF5F332680020D21A3260D7E738B52E
S21403A1B04FF03A430546DC6A808AC4F30C04A04297
S21403A1C034BF0020012041F6F0020821EAF7CCFD57
S21403A1D0A88A001B80B238BD2DE9F041884618F0E6
S21403A1E0030706461546194633D1B2F5805F30D8C5
S21403A1F09A422ED33F2A28D9B2FA82F401220120AA
S21403A200C4F11F03DBB29A4092B2AA422CBFC4F138
S21403A2101904C4F11A04E2B2931DDBB2984080B26B
S21403A220A84214D096F8F530ABB9012096F824303E
S21403A23060F3C71386F824304046ECF785FFC6F86C
S21403A2402080B5823846BDE8F0813A46EAE700202A
S21403A250ECE72127F6E70E27F4E7F8B511F0030637
S21403A26007460D46144621D102B313883F2B1DD94A
S21403A270B3FA83F3C3F11901C9B2062901D8192B1E
S21403A28012D0062928BF062101238A1DD2B2934085
S21403A2902846238000F0E5F823883846FD617B8254
S21403A2A0EDF762F83046F8BD3146EDE72126F9E7CB
S21403A2B038B5148811F003054FEAC4041ED13F2CA9
S21403A2C01CD9B4FA84F4C4F11903DBB2052B01D804
S21403A2D0192C11D0052B28BF052301240633DBB226
S21403A2E004FA03F3C3F3CF04148081610482038763
S21403A2F0EDF73AF8284638BD2B46EEE72125F9E771
S21403A300EBF780B910B5144608460121EEF734FA88
S21403A3102046BDE810400121EEF72EBA70B50E4672
S21403A32010210546F1F7D6F80446102128463201D7
S21403A330F1F7BCF8F1F7D8F8204670BD1021F1F715
S21403A340C9B8F8B504460E46174604F044F93A462B
S21403A350054631462046EEF703FD0446284604F03C
S21403A36035F92046F8BD0220704703207047EDF705
S21403A37053BF10B50023ECF73DFA044608B9F0F7CF
S21403A380CDF8204610BD38B51D4600230446ECF72D
S21403A39031FA28B929462046BDE83840F0F7B8B95F
S21403A3A038BD40F2366070478021F1F793B810B598
S21403A3B00446EBF7B7F901462046BDE81040EBF735
S21403A3C0B7B9ECF7B9BD38B5054610460C46ECF7F9
S21403A3D029FE65B1D5F8E0304BB15B693BB1226825
S21403A3E0013204BF6FF00102226022681A60002067
S21403A3F038BDEEF7EFBF002070472DE9F74F012574
S21403A4001C469DF83030064601930368174603F052
S21403A410070306339D4005F1FF380B46A1B141689B
S21403A42004EA080BA5EB0B0A41F00059524509EB69
S21403A4300B0114D95246184600F0EEF949467A1B2A
S21403A4405A44504400F0E8F9019B2BB13C4448EAD7
S21403A450050804EA0804F46003B0BDE8F08F184664
S21403A460F0E74FF03A4301225A6740F6FF72D96489
S21403A47018651A67704737B5002514460095FFF729
S21403A480BCFF204603B030BD70B50E4615460446E5
S21403A49008B9002070BD0378042B18D02078EDF798
S21403A4A031FAB0B923780C2BF3D10EB1FF233370F6
S21403A4B0CDB1FF232B7016E020780130C0B20328FD
S21403A4C02070EBD8EDF71EFA0028F5D0E6E700205B
S21403A4D0F5E71EB12078EDF74BFA30701DB1207802
S21403A4E000F003F828700120D4E710F0FD0F14BF26
S21403A4F04FF0FF300020C0B27047704700200021A5
S21403A500704708B5EDF7BEFEBDE80840EDF7E2BEBE
S21403A51038B50446FFF7F5FF0546FFF7F2FF431B82
S21403A520A342FAD338BD38B50D460446EDF7AAFE66
S21403A53035B1844200D90139204601F0030138BD04
S21403A540844238BF0131F7E708B5EDF7B3FEBDE83F
S21403A5500840EDF7BFBE08B50121FFF7E4FFBDE8ED
S21403A5600840EDF7B7BE08B521B1920000F054F9E4
S21403A570002008BD2120FCE700F06F43B3F1804FB5
S21403A58002D0B3F1204F02D120F07040704700F0A4
S21403A5906043B3F1204F08BF20F0805070470B0C88
S21403A5A023F48053B3F5284FF7B50D468FB206460E
S21403A5B099B216D04AF60103994214D04AF602031A
S21403A5C0994212D0B1F5204F14BF04240324D6F8C1
S21403A5D0E0300BB1196851B9D6F8DC3093B9286866
S21403A5E00EE00024F3E70124F1E70224EFE7234615
S21403A5F068463A46EDF7E2FEDDE90003002BEBD1B1
S21403A60003B0F0BD19680029E9D0234668463A46E8
S21403A610EDF7D4FEDDE90003002BE0D1F0E70204FA
S21403A620C0F3891307D56FEA83536FEA935313F581
S21403A630007F18B206D0A3F1C8006FF4FF739842E8
S21403A640B8BF184670474FF0384359699A6903F5FF
S21403A65000530A405A61704700EB8023C0EB831314
S21403A66053FA81F303EB8322C3EB8213C1F307226E
S21403A670134403EB8322C3EB8213C1F30742134451
S21403A68003EB8322C3EB821303EB1160704738B5E9
S21403A6900D46144604B938BD55F8041BFFF7DCFF16
S21403A6A0013CF7E72DE9F0470C4669B1CB1CB3F53F
S21403A6B0002F09D24FF0000844F6FC7654F8281011
S21403A6C04FEA88094B1C01D1BDE8F087FFF7C4FFAA
S21403A6D0C1F30263032B844608F10107C1F3074560
S21403A6E014D18BB2F31AB5EB930F4FEA930A0DD935
S21403A6F009F1040152462144FFF7C9FF844608F1D5
S21403A7000208013D08EB0A07A5EB0A052A46604640
S21403A71004EB8701FFF7BBFF07EB0508CEE7F8B5A9
S21403A7200446002850D000F11703B3F5002F054662
S21403A7304AD2EEF797FE217D00EB8023C0EB83130E
S21403A7400B44A28A03EB8321C3EB811303EB12238F
S21403A75004F1100618462968FFF77EFF2A78034699
S21403A7609AB9696861B1CA1CB2F5002F08D26A7833
S21403A77052000132FFF78BFF03460835B542E9D195
S21403A7802069C31A58425841F8BD012AF8D16868AF
S21403A7900028F5D0421CB2F5002FF1D2E978AA784A
S21403A7A0891A01310029E8D030F8027B03EB8322B3
S21403A7B0C3EB821353FA87F303EB8322C3EB8213B1
S21403A7C003EB17230139EDE70020DDE70E20704782
S21403A7D07047F0F7E5B9F0F7E3B9F0F7E1B9F0F74A
S21403A7E0DFB908B50846F0F7CDFD08BDF0F7D8B9D0
S21403A7F000228A4202D14FF0FF30704750F82230D1
S21403A80093FAA3F30BB90132F3E7B3FA83F000EB41
S21403A81042107047002070470A44431E914200D1FD
S21403A820704710B511F8014B914203F8014FF9D167
S21403A83010BD10B50C46B1F90E10F1F7BDFC00289B
S21403A840ABBF636DA3891B1823F48053ACBF63654A
S21403A850A38110BD2DE9F0411F468B8905460C46A2
S21403A860DB05164605D502230022B1F90E10F1F7D3
S21403A87091FCA3893246B4F90E10284623F480537C
S21403A880A3813B46BDE8F041F1F79EB910B50C46EF
S21403A890B1F90E10F1F77EFC431CA38915BF606562
S21403A8A023F4805343F48053A38118BFA38110BDC0
S21403A8B0B1F90E10F1F734BC2DE9F8430746884684
S21403A8C014460026D4E90195B9F1010905D5246893
S21403A8D0002CF7D13046BDE8F883AB89012B07D9A6
S21403A8E0B5F90E30013303D029463846C047064330
S21403A8F06835E9E70139024410B5904201D10020DA
S21403A90005E0037811F8014FA34201D0181B10BDD0
S21403A9100130F2E7884210B501EB020402D9844203
S21403A920234607D8431EA14208D011F8012B03F88B
S21403A930012FF8E7024401468A4200D110BD13F8FE
S21403A940014D02F8014DF7E702440346934200D156
S21403A950704703F8011BF9E770477047704770B5F7
S21403A9600C46B1F90E1096B0154600291E460CDAB1
S21403A970A389002113F0800F14BF40234FF4806394
S21403A980002031602B6016B070BD6A46F1F7E0FB1D
S21403A9900028EDDB019901F47041A1F500535942FB
S21403A9A059414FF48063EBE78B89F7B59D0706465D
S21403A9B00C4607D504F14703236023610123636133
S21403A9C003B0F0BD01AB6A46FFF7C9FF009F05461B
S21403A9D030463946F7F713FB48B9B4F90C309A05F5
S21403A9E0EED423F0030343F00203A381E2E7A38933
S21403A9F0206043F08003A381019BC4E904075BB195
S21403AA00B4F90E103046F1F7B5FB28B1A38923F04D
S21403AA10030343F00103A381A3891D43A581CFE765
S21403AA209368013B002B936010B408DA9469A34241
S21403AA3001DB0A2903D15DF8044B00F01AB813684A
S21403AA40581C1060084619705DF8044B7047F8B53B
S21403AA5006460F461446D518AC4201D1002007E03F
S21403AA603A4614F8011B3046FFF7DAFF431CF3D1CE
S21403AA70F8BDF8B50E461446054618B1036A0BB979
S21403AA80F0F7D6FFA369A360A3891A0701D5236944
S21403AA9043B921462846F1F7C1F918B14FF0FF37FD
S21403AAA03846F8BD2368F6B222693746981A6369B2
S21403AAB0834205DC2146284600F00EF90028EDD136
S21403AAC0A368013BA36023685A1C22601E70431CC4
S21403AAD062699A4204D0A389DB07E1D50A2EDFD147
S21403AAE02146284600F0F8F80028D9D0D6E72DE905
S21403AAF0F047164698468A6807460B690C46DDF803
S21403AB0020909342B8BF1346336091F843200AB1AE
S21403AB10013333602368990642BF336802333360D8
S21403AB20256815F0060506D104F1190AE3683268AC
S21403AB309B1AAB422BDC94F843302268003B18BFC9
S21403AB400123920630D404F1430241463846C847EF
S21403AB50013023D023681A3454F80A2C03F0060372
S21403AB60042B0ABF54F80E5C002533684FF000062A
S21403AB7008BFED1A54F8123C08BF25EAE575934260
S21403AB80C4BF9B1AED18B5421AD1002008E0012372
S21403AB90524641463846C847013003D14FF0FF308E
S21403ABA0BDE8F0870135C1E7E1185A1C30200233AF
S21403ABB0224481F8430094F8451082F84310C2E714
S21403ABC00123224641463846C8470130E6D00136BF
S21403ABD0D9E7B1F90C202DE9F041170705460C46D5
S21403ABE056D44B68002B02DC0B6C002B3DDDE66A6B
S21403ABF0002E3AD0002312F480522F68216A2B606D
S21403AC0025D0626DA389580705D56368D21A636B8E
S21403AC100BB1236CD21A216A0023E66A2846B04792
S21403AC20411C24D00023636023692360A389DA04CC
S21403AC3000D56065616B2F60B9B104F14403994296
S21403AC4002D02846F7F7DEF9002363630DE00123FD
S21403AC502846B047461C0246D4D12B68002BD1D0D9
S21403AC601D2B01D0162B2AD12F6000202EE02A6838
S21403AC70B4F90C3042B11D2A01D0162A21D1002383
S21403AC80636023692360D5E7626022692260CEE7AA
S21403AC900F69002FE9D093070E680F600CBF4B694E
S21403ACA00023A6EB07088B60B8F1000FDDDD4346F3
S21403ACB03A46216A2846A66AB047002808DCB4F953
S21403ACC00C3043F040034FF0FF30A381BDE8F08122
S21403ACD00744A8EB0008E7E738B50B6905460C46BA
S21403ACE013B90025284638BD18B1036A0BB9F0F727
S21403ACF09FFEB4F90C30002BF3D0626ED00704D459
S21403AD00990502D4A06DFFF728FE28462146FFF7D3
S21403AD1060FF636E0546DA07E4D4A3899B05E1D496
S21403AD20A06DFFF71BFEDDE7C9B20346024410B56C
S21403AD309342184601D1002003E0047801338C4285
S21403AD40F6D110BD430803F05533C01A00F0333371
S21403AD50800800F0333018444FF0013300EB101036
S21403AD6000F00F305843000E704710B5044688B104
S21403AD70836A016A7BB180689847002394F82400AD
S21403AD8023620C28636005D82146F1F73BFD0D23AB
S21403AD9084F8243010BD0029EFD08368002BECDB49
S21403ADA0084600F05CFCE8E7002307B51A46019165
S21403ADB001A9F1F779FB03B05DF804FB002330B576
S21403ADC087B004939DF83430DDE90A4503930C9B62
S21403ADD0CDE900450293F1F7E5FA07B030BD052348
S21403ADE030B585B003930A9BDDE908450293CDE9A8
S21403ADF00045FFF7E3FF05B030BD30B50023002460
S21403AE00002585B0CDE900450293FFF7E8FF05B0BE
S21403AE1030BD03680B60016070472DE9F0410E46B4
S21403AE20174600240546006808B9BDE8F081D0E956
S21403AE300083B3420BD18368BB4208D154B9C5F82B
S21403AE400080C368DB0701D500F009FC20460446F2
S21403AE504046E9E7C4F80080F3E7002370B51A46D6
S21403AE60194605460468F1F71FFB0CB92C6070BD44
S21403AE70E3682668DB0702D5204600F0F0FB34467D
S21403AE80F3E72DE9F8430E461746054610B90020AA
S21403AE90BDE8F8830468002CF9D0D4E900893B4662
S21403AEA032462946A068C8470028F1D14446F2E74F
S21403AEB03020704738B5054614460A460021FFF78A
S21403AEC043FD24F01C046B7944F0100443F00403A0
S21403AED02C716B7138BD2DE9F74F1F469DF8303046
S21403AEE08A4680460093002850D0002967D00C6815
S21403AEF0002C66D04FF0000BE679A179761AF6B2ED
S21403AF00BE4208D30C31394408EB020945462144B6
S21403AF10F61BC84537E02068A346BF1B002835D07C
S21403AF200446E9E7AB19994538BFA9EB050632464F
S21403AF302846FFF771FC009B002B3DD0E279A079F1
S21403AF40F3B237BB1844A071E279A37927689A4213
S21403AF5032D1DAF80030A34208BFCAF80070BBF15A
S21403AF60000F01D0CBF800702046F1F79BFC3C465F
S21403AF7035444CB10027A379E67903F10C01F61AA0
S21403AF802144F6B24D45CDD3A5EB080003B0BDE88A
S21403AF90F08F121AD2B2F918914209DA0C30204413
S21403AFA0D21BD21A014438440193FFF7B3FC019B2A
S21403AFB0E279D31AE371C7E7A3462468D8E70846BD
S21403AFC0E4E72046E2E710B5C4790246C4F1450338
S21403AFD0D8B2884228BF08460444D47110BD38B599
S21403AFE00546C079C0F14504E4B2944288BFD4B2A2
S21403AFF00C3022462844FFF70FFCEB792046234407
S21403B000EB7138BD1FB503910021009103A9FFF72B
S21403B01062FF05B05DF804FB13B501240094FFF747
S21403B0205AFF02B010BD38B50446206800B938BDD3
S21403B0300568F1F737FC2560F7E7034610B501F01E
S21403B040EC0103B910BD1A7902F013020A431A7110
S21403B0501A1A544254415A7964F300025A711B680F
S21403B060EFE710B558B1016802685AB1136823B107
S21403B0705C79E40704D5002414600360084610BD19
S21403B0800360F1E71346F8E7034658B10020DA7980
S21403B09099791B68521A50FA82F01BB15A79D20773
S21403B0A0F5D57047704770B50D460446E8B1867906
S21403B0B08E4203D3751A8571012070BDC27906F1DD
S21403B0C045039B1ADBB299420FD806F10C010144E3
S21403B0D0921BA81BD2B20844FFF71CFC0023A371E3
S21403B0E0E3791D44AD1BE571E6E70020E5E710B5FF
S21403B0F00C4698B191B18979E279C379521AC3F1B2
S21403B1004503D2B2DBB2934208D30C312144FFF796
S21403B11066FF2046F1F7C6FB012010BD0020FCE7C2
S21403B1200346006818B102681A600023036070477C
S21403B1300346002003B97047DA7999791B68521AD7
S21403B14050FA82F0F6E72DE9F84F89461446824610
S21403B150FFF7EEFF05464846FFF7EAFFA542074618
S21403B16001D3A04208D2BD4208D10024A346A0467C
S21403B170264647B9384604E02746F6E738D24FF066
S21403B180FF30BDE8F88F5EB99AF806809AF8076034
S21403B190A6EB080608F10C08D044DAF800A0F6B2CD
S21403B1A0BBF1000F0BD199F8064099F807B0ABEB4B
S21403B1B0040B0C344C44D9F800905FFA8BFB5E45C5
S21403B1C0354628BF5D46BD4228BF3D4621462A4632
S21403B1D04046FFF78FFB0028D3D1A8442C447F1B9F
S21403B1E0EDB2761BABEB0505F6B25FFA85FBC0E75F
S21403B1F00120C6E703680BB9016070471A461B684F
S21403B200002BFBD111607047036803B10B6001602C
S21403B210704739B10B461A461B68002BFBD10368EF
S21403B22013600160704770B5046806460D4644B166
S21403B2302046FFF77DFFA84211D8236813B9E379A8
S21403B240A37170BD20463360F1F72CFB3468F4E736
S21403B250ED1A236820463360F1F724FB3468002D8B
S21403B260EFD0A279E3799B1ADBB2AB42F0D92A443A
S21403B270A271E6E7F8B5066805460C4646B13046C1
S21403B280FFF756FFA0421DD8336813B9F379B3719D
S21403B290F8BD30462B60F1F705FB2E68F4E706464B
S21403B2A038460768002FFAD1C2798379D31ADBB2FE
S21403B2B0A34202D9121BC271EAE7E41AF1F7F2FAC3
S21403B2C03EB13760002CE3D028680028E0D0002683
S21403B2D0E7E72E60F6E7F8B504460F46BC4200D112
S21403B2E0F8BDA179E5796D1AEDB2C5F14506B6B29A
S21403B2F00EB92468F2E749B10C312A46214404F119
S21403B3000C00FFF707FB0023E571A3712368BB421C
S21403B310EFD05A79D207ECD49979DD79A0796D1AF2
S21403B320EDB2B54228BF3546E2790C3010440C31F5
S21403B3302A4619442044FFF76FFAE379206853FA44
S21403B34085F3E3718379761B53FA85F5C379EDB2FA
S21403B350AB42B6B2857103D103682360F1F7A2FA54
S21403B360002ED3D1C5E738B50C46016809B9046089
S21403B37038BD0D4609680029FBD1236823B1204652
S21403B380FFF7A9FF2C60F3E721462846FFF7AFFE39
S21403B3900028EDD1F6E748B1002302794360036045
S21403B3A083604379027143F00403437170470022BC
S21403B3B01146F1F7F9BA38B504460D46FFF773FEA2
S21403B3C098B984B12079FFF7F2FF58B163794279CF
S21403B3D0C3F3400363F3410245235D1B04604271DC
S21403B3E0C371857138BD0120EDE72046FAE738B50D
S21403B3F0036804460D469BB11879FFF7D8FF88B15A
S21403B4002368427903605B79C3F3400363F3410225
S21403B41045235D1B4271C37185712060002038BDD2
S21403B4200120EAE71920FAE738B50C46054640B38B
S21403B430006830B309B9002038BD4AB9C9B2FFF76E
S21403B44032FE0028F7D12B689A799871A41A06E081
S21403B450452918D8C9B2FFF726FE0028EBD1442C9D
S21403B46007D8002CE7D02846E1B2BDE83840FFF7FE
S21403B470BEBF45212846FFF7BAFF0028DCD1453C6E
S21403B480EDE72220D8E72120D6E72DE9F84390F808
S21403B490078090F806900446A8EB0907FFB2B94266
S21403B4A00D4602D30020BDE8F8830079FFF77FFF3F
S21403B4B006460028F6D0A17980790C317F1B2944F3
S21403B4C00C30BAB221443044FFF7A6F9F3790120D1
S21403B4D03B44F371E37999444D442368A5EB08058F
S21403B4E0E57133602660DEE7F8B5076806460D4665
S21403B4F03C46002305B12CB90BB100221A60346018
S21403B5003846F8BDE379A2799B1ADBB2AB4207D87B
S21403B510E379A2799B1ADBB2ED1A23462468E9E79E
S21403B5202046E9B2FFF7B1FF0028F1D10746E7E767
S21403B5305318452B02DCC9B2F1F736BA0020704720
S21403B540F7B5002605460F4601960DB9019C09E09E
S21403B550002238461146F1F727FA044628B901A80F
S21403B560FFF761FD204603B0F0BDAB798371EA793E
S21403B570C27168796179D21A60F3000161716979E1
S21403B5806079C1F3400161F34100607103F10C007F
S21403B5902918D2B22044FFF73FF9019B03B901945F
S21403B5A006B1346026462D68CFE72DE9F8430D46ED
S21403B5B01446064610B319B3DAB1034699461B6818
S21403B5C0002BFBD12746C8463A4629464046FFF796
S21403B5D006FDC145A7EB0007054418BFC9F8008060
S21403B5E037B10022B1793079F1F7DEF9C14618B9DF
S21403B5F0E41B2046BDE8F8838046E5E70446F8E703
S21403B6000C46F6E737B51546C9B200221C46F1F7D5
S21403B610CBF9019040B122462946FFF7C6FF844284
S21403B62002D901A8FFF7FFFC019803B030BD03461B
S21403B63010B501391A1A914200D810BD445C1A7825
S21403B64003F8014B42540139F4E7002301448842CE
S21403B65000D1704700F8013BF9E7F1F7AFBAF6F708
S21403B660A6BC70470E207047704710B50446806925
S21403B67020B10021E6F78AF80023A36110BD07B5C1
S21403B68001228DF807100DF10701FFF78EFF03B0B7
S21403B6905DF804FBF7B505464FF428500C46FCF757
S21403B6A047FA0646FBF7DFFFB0B3022C02D80020AA
S21403B6B003B0F0BD002731460DF105030DF1060278
S21403B6C03846ADF80670FCF712F9BDF80620631E7F
S21403B6D0934206461EDC072C1AD9023CADF80640F8
S21403B6E00824BDF80630002BE1D00133D9B2284632
S21403B6F0FFF7C5FF21462846FFF7C1FF3146284618
S21403B700BDF80620FFF751FFBDF806000230CFE76D
S21403B710ADF806700924E4E74FF0FF30C8E70229C6
S21403B7202DE9F34104460D461746184603D8002074
S21403B73002B0BDE8F081FCF7FBF90646FBF793FF82
S21403B7400028F4D04FF0000831460DF105030DF143
S21403B75006024046ADF80680FCF7C9F8BDF8063089
S21403B760BDF820200646934228BF1346AB4228BFA7
S21403B7702B469DF80500ADF80630C0B9002BD7D090
S21403B78001339AB29542D3D9D9B22046FFF777FF51
S21403B79039462046FFF773FF31462046BDF806209C
S21403B7A0FFF703FFBDF806000230C0B2C0E740460D
S21403B7B0BEE707B501A9F1F7D9FA30B9019B586A74
S21403B7C0C0F3C02003B05DF804FB0020FAE70020B6
S21403B7D008B5F1F74DFB08B9FF2006E0C37B012B44
S21403B7E0F7D1436ADB06F4D5007808BD73B50E4679
S21403B7F001A91546F1F7BAFA90B9019A546A14F0FA
S21403B80010030FD0C4F300343470D37B5A1E042ABB
S21403B81002D8D81E18BF01202870012002B070BDC0
S21403B8200020FBE71846F9E738B5436A04465B078A
S21403B83005D5002300781A461946F2F74BF9636AD2
S21403B8409D0706D52046F1F7A5FA636A23F002039F
S21403B8506362636A18070DD52146E27911F8010B76
S21403B860C2F3C002F2F7D8F80546E8B9636A23F0D4
S21403B87008036362204600F0E2F90546A0B9626A4F
S21403B880D10611D5D30404D52046FDF75BFE40B19F
S21403B8901BE01206E37B09D4E37B626A023B012BBF
S21403B8A015D9616A48071FD4284638BD03F0FB0341
S21403B8B0012BF6D021692078F2F7D4F8636A256164
S21403B8C023F0800363620028E6D00546ECE7D30541
S21403B8D0E7D561692078F2F7E1F800236361636ACC
S21403B8E023F480736362D2E7E37BA28D012B03D13B
S21403B8F0A2B1802A28BF802211F0400F94F830307E
S21403B9004FF0010118BF01232078F2F7E3F800286F
S21403B910DBD1636A23F004036362C5E74022EBE7E7
S21403B920002010B5F1F7A4FA044600B910BD636A07
S21403B930DA060BD55B0409D42046F1F78DF9636A62
S21403B940204643F006036362FFF76EFF2046E9E7EF
S21403B95013B50C4601A9F1F709FA50B9022C07D81A
S21403B96002462146019802B0BDE81040F1F79EBAA0
S21403B970212002B010BDF7B50E4601A915461F4695
S21403B980F1F7F4F9F8B9019C626A93050BD44FF604
S21403B990DF73A6F12001994217D8A5F12001994239
S21403B9A013D8AE4211D8E369B34202D1236AAB423D
S21403B9B004D0C4E9076542F0020262629DF82030B3
S21403B9C0A78584F8303003B0F0BD2120FBE790F85C
S21403B9D0393037B55B0704460D462AD4F1F73CF9F0
S21403B9E06B1E042B14D8032D12D0E379142B22D00C
S21403B9F0A3696BB96846FBF79AFCE5F7C1FF69468E
S21403BA00E5F73AFE18B91A25284603B030BDA061FB
S21403BA10636AE57343F016036362E7F74DFA20465D
S21403BA20FFF702FF05460028EED02046FFF71DFE6F
S21403BA30EAE70225E8E72125E6E707B501A9F1F7D6
S21403BA4095F930B90198C17B03B05DF804EBFFF7B5
S21403BA50BEBF03B05DF804FB37B50C4601A9F1F78A
S21403BA6085F918B9052C019D02D9212003B030BDF4
S21403BA702869FFF75DFB1F28F7D86869FFF758FBAF
S21403BA801F28F2D8012CF0D0231F012BEDD9214615
S21403BA9028466B6A23F482536B6203B0BDE83040DA
S21403BAA0FFF795BF37B5FFF792FEFF28044613D07E
S21403BAB001A9F1F75BF978B9019D6B6A284623F073
S21403BAC010036B62FFF7D1FD204605F1340103B086
S21403BAD0BDE83040E7F7D8BD03B030BD10B5044627
S21403BAE0FDF722FD0346204009D014F0050006D0DA
S21403BAF0DB4363F0050323420CBF0120002010BD87
S21403BB00002337B580F8723040F6FF73A0F86E3026
S21403BB1083680446DA040D46C16010D443F4806398
S21403BB206A46A36040F203212046CDE90045FFF7AD
S21403BB30A8F900212046E5F729FE03B030BD90F8AA
S21403BB407600FFF77AFFA36823F48053E8E773B51C
S21403BB506E4604464A7930460D460631E5F754FFED
S21403BB6096E80300A4F85010090C11F0800FE06467
S21403BB7084F8521004F1530312D00122184605F13B
S21403BB801201E5F741FF0C352846FDF7B0FC28B156
S21403BB900122294604F15A00E5F736FF02B070BDCC
S21403BBA0B4F8501094F85220C4F8530099809A7150
S21403BBB0E9E71FB590F87420044602F001030190EC
S21403BBC08DF808300BB102F002038DF8093094F8B3
S21403BBD0753020468DF80A30039100F099F84FF43B
S21403BBE0017101AA2046FFF74CF92046E5F744FE0B
S21403BBF004B010BDE5F7A2BD0A460021E7F716BC60
S21403BC00826838B5C2F380320446B0F86E000D463B
S21403BC10E7F7B2FC20B9A3681DB143F40053A36051
S21403BC2038BD23F40053FAE783791A0705D413F0D3
S21403BC30100F0CBFFF200120704700207047002024
S21403BC40704708B5FDF777FB407940F4805008BD90
S21403BC50002070470F2070470F2070477047F2F799
S21403BC6099BBF2F7B1BBF2F7B9BB10B588B0E5F7ED
S21403BC704FFD0446002847D090F87200022845D1AD
S21403BC80A36813F4407F2AD094F87330012B2FD186
S21403BC9094F97500E4F75AFE10B9A368DB0527D5B7
S21403BCA094F8743013F0010322D1CDE90133CDE9C2
S21403BCB00433CDE90633ADF80C30A36813F4807F64
S21403BCC001AB0ED0A06AE16A228E03C31A80204617
S21403BCD0BDF8042004AB0DF10601E7F71DFC08B020
S21403BCE010BD0A22022194F97500FAF7A5FFEEE7C4
S21403BCF0002345F217021946204600F077F9B0FAFA
S21403BD0080F040094000EAE72120E8E70220E6E762
S21403BD1038B545F21B020C460B460021054600F0DB
S21403BD2065F930B92CB121462846BDE83840F1F70D
S21403BD30A9BF38BD00F07CB901F0F2BA01F0FBBA36
S21403BD4010B504464C30FAF770FF84F875002046A9
S21403BD50BDE8104001F0BFBA10B50446FAF729FF54
S21403BD6001280DD094F8733094F97000012B14BF9A
S21403BD700521032184F83210BDE81040FFF771BC9B
S21403BD80A36843F40073A36010BD00F083B938B50D
S21403BD90037804463E2B0D4602D0FF2B12D038BD47
S21403BDA08378052BFBD1B0F80300E5F7A3FC20B19D
S21403BDB0B4F80D10621D00F0D3F92846BDE83840EC
S21403BDC0FFF731B98378ED2BE9D1B0F80300E5F737
S21403BDD091FC0028F1D0B4F80D1004F10F03621D96
S21403BDE000F0C1F9E9E7CB0448BF41F48061816004
S21403BDF0704710B50446006C30B94FF4B070FFF7C7
S21403BE002CFC206420B910BD4FF4B071FFF71DFC65
S21403BE10FF23226C82F85E31A3681B0603D5C0237A
S21403BE2001201370EFE794F87330012B14BF8023BF
S21403BE304023F5E708B5D0B2E5F76AFC28B190F8D9
S21403BE40773003F07F0380F87730012008BD10B504
S21403BE50044645F21A01FEF7A7FF2046BDE8104048
S21403BE6047F23053002245F21A01F0F78DBB10B5A6
S21403BE700A46044608210020FFF75AFB10B18379CF
S21403BE8003441C7310BD38B505460C460D2011211E
S21403BE90FFF7EDFF024688B12146837903440D334D
S21403BEA004F1100051F8044B814243F8044BF9D1D6
S21403BEB02846BDE838400621FDF773BA38BD38B5C5
S21403BEC005460C4604201121FFF7D1FF024688B130
S21403BED02146837903440D3304F1100051F8044BD3
S21403BEE0814243F8044BF9D12846BDE83840062181
S21403BEF0FDF757BA38BD38B505460C460320112161
S21403BF00FFF7B5FF024688B12146837903440D3314
S21403BF1004F1100051F8044B814243F8044BF9D165
S21403BF202846BDE838400621FDF73BBA38BD37B58D
S21403BF300022054608211046FFF7FAFA0446C0B168
S21403BF400C2301220DF107018DF80730FFF72DFBB7
S21403BF50296C202251312046FFF727FB296C20222B
S21403BF6071312046FFF721FB224606212846FDF7BE
S21403BF7018FA03B030BD036C4BB983681B0608D4AC
S21403BF8090F87330012B14BF802040207047187838
S21403BF907047C020704770B50446FFF7ECFFF2F712
S21403BFA095F90D460346002245F2010120469847BF
S21403BFB0236C03B11D702846F2F788F94FF4A041AD
S21403BFC0034600222046BDE87040184770B5154664
S21403BFD0044648B1FFF7CFFFF2F778F92A4603463F
S21403BFE02046BDE870401847022070BD114608B5CC
S21403BFF01A4621F00041FFF7E9FFB0FA80F0400946
S21403C00008BD08B50B4601461846F0F707FE00388C
S21403C01018BF012008BD10B50446006838B11A21C0
S21403C020FFF713FB2068FFF71AFB0023236010BDFE
S21403C03030B58BB00D46002201A9C0B2F1F764FFFC
S21403C040044620BB01460D220DF10B00FEF77CFCD7
S21403C050B5F803206B79ADF8082006A9019A02A863
S21403C0608DF80A30F1F792FF40F20343BDF818202B
S21403C070002818BF1C469DF81A30102102A82A80F3
S21403C080AB70FFF7E2FA102106A8FFF7DEFA2046A8
S21403C0900BB030BD10B50446F1F79CFE04F1340036
S21403C0A0FFF7B9FFA3685A0606D523F0400300211D
S21403C0B02046A360E7F780F9236C63B1D3F89400B6
S21403C0C0F6F73AFE0421206CFFF7BFFA206CFFF761
S21403C0D0C6FA0023236410BDF7B50D466946164617
S21403C0E0F1F712FF044698B929461022009801ABCF
S21403C0F0F6F78DFE074610212846FFF798FA2FB16C
S21403C10010212846FFF7A1FA40F2074406B137602C
S21403C110204603B0F0BD38B50446C51C03212846A7
S21403C120FFF76FFFC8B9E27863797AB922791A43C1
S21403C130F4D003F07F0343F0400363715323A371EA
S21403C1402146BDE83840FF20FFF772BFFF2AF0D133
S21403C15022791A40FF2AE1D0EBE740F2074038BDC8
S21403C1600021E7F729B9F8B51D46836804465B0640
S21403C1700F4616462DD41A20FFF76FFA0146606362
S21403C18020B92046BDE8F840E7F716B9034623F87A
S21403C190027B326805F11001C0F8022072685A600B
S21403C1A02A46636B0A3352F8040B8A4243F8040B9D
S21403C1B0F9D110212846FFF748FAA36843F0400256
S21403C1C013F4407FA26004D02046BDE8F840F2F79F
S21403C1D03FB9F8BD38B504460D4605200221FFF7E2
S21403C1E046FE0246B8B18379062103445D732046B2
S21403C1F0FDF7D7F845F490512046F1F743FD94F840
S21403C20073302046012B18BF8021BDE8384008BF95
S21403C2104021FFF7C0BE38BDB1F5A04F70B5044648
S21403C2200D4616460AD045F20603994218D0324602
S21403C23029462046BDE87040F2F7E0BA836843F02B
S21403C2408003836090F87330012B14BF8020402056
S21403C250F2F73CF8002203462046BDE87040184734
S21403C26093791344597C41F49051F1F70BFDDEE7C3
S21403C2702DE9F04196B0154605AA1C4606460B4620
S21403C28090461D9F01F1200E94461868596808339E
S21403C290ACE8030073456246F6D120214046FFF71B
S21403C2A0C6F90DAB2A469C4605F1200E1D461068BE
S21403C2B05168083203C572452B46F7D120216046E4
S21403C2C0FFF7B5F9AEB3336C93F85D31013B022B40
S21403C2D02FD89DF8703043F0800301AA8DF85430B0
S21403C2E01546234604F1100C14461868596808339B
S21403C2F003C463452246F7D110212846FFF797F972
S21403C3003B46412241462846F1F7EEFE04461021FD
S21403C3102846FFF79AF941214046FFF796F954B1AC
S21403C3201EB108213046FFF755FF204616B0BDE87C
S21403C330F0810023D1E710213846FFF778F9002E65
S21403C340F3D0224645F211013046FFF73FFEECE7F5
S21403C3502DE9F34790F873800446B8F1010F056C96
S21403C36004D195F85031002B40F0A88095F85C3145
S21403C37095F85191032B00F2ED80DFE803F002837A
S21403C380ACD019F0010F78D011210620FFF76FFD0E
S21403C3908246002800F09280877910210C370744E4
S21403C3A07E1C3046FFF72DFE014658B12046082175
S21403C3B0FFF710FF002140F2074002B0BDE8F04748
S21403C3C0F1F77EBCA07CC0F110023044FEF7BCFA45
S21403C3D0FAF7EFFB012895F95E010BD132460521EA
S21403C3E0E4F7D2FA10B30821204602B0BDE8F047BE
S21403C3F0FFF7F0BE334610220521FAF7DCFB28B11F
S21403C400002140F21B40F1F75BFCECE7B8F1010FAB
S21403C4100CD004F11803113756F8042BBE4243F828
S21403C420042BF9D1A36843F48073A3605246062114
S21403C4302046FCF7B6FF0B210720FFF718FD07463B
S21403C44000283BD0867995F95E310C36064443F4D2
S21403C4503F430821A6F80130F01CFFF7D2FD0A225D
S21403C460042195F95E01731CFAF7A5FB0028C7D1D2
S21403C4703A4606212046FCF794FF95F85C310133D3
S21403C48085F85C3119F0020F20D011210820FFF740
S21403C490EEFC064690B10023817901AA01440D31D2
S21403C4A0FF200193FFF718FE58B108212046FFF737
S21403C4B091FE40F207400199F1F702FC02B0BDE895
S21403C4C0F087324606212046FCF76BFF95F85C3171
S21403C4D0013385F85C3119F0020F1BD008210920BF
S21403C4E0FFF7C5FC07460028E8D086790C360644D5
S21403C4F0E5F742FA83793A4683F00803C3F3C003A9
S21403C500737003680621C6F8023083882046F380DA
S21403C510FCF747FF95F85C31013385F85C3119F079
S21403C520040F12D011210A20FFF7A1FC06460028AB
S21403C530C4D0807910223044AB210D30FEF704FAC4
S21403C540324606212046FCF72CFF95F85C31013372
S21403C55085F85C31B8F1010F08D0236C93F850319D
S21403C560002BABD195F85C31042BA7D1A36C10221A
S21403C5700B2195F95E013133FAF71DFB78B140F2D2
S21403C5801B412046F1F77EFBB8F1010F14BF802153
S21403C5904021204602B0BDE8F047FFF7FCBCA36C81
S21403C5A001220C2195F95E012033FAF704FB0028DB
S21403C5B0E5D1A36C10220D2195F95E012133FAF71C
S21403C5C0FAFA0028DBD1082295F95E01114604F138
S21403C5D01003FAF7F0FA0028D1D1236C93F85E2102
S21403C5E084F87520FF2283F85E21FAF7E2FA012821
S21403C5F018BFA36820461CBF43F48073A360F1F7FB
S21403C60019FBC1E7F2F758B970B5B1F5A04F044668
S21403C610154688B077D045F21B06B14240F00A8132
S21403C62090F87430DB0766D5056CB5F850312BB13E
S21403C6304C21FFF7B0FC002008B070BDD5F8583188
S21403C6405E0747D5AB79D80744D56B7BD90741D569
S21403C650A36C10220B2195F95E013133FAF7ABFA7E
S21403C66038B140F21B412046F1F70CFB40F21B4069
S21403C670E2E7A36C206C01220C2190F95E012033C3
S21403C680FAF799FA0028ECD1A36C206C10220D213E
S21403C69090F95E012133FAF78EFA0028E1D10822D9
S21403C6A0206C114690F95E0104F11003FAF783FA41
S21403C6B00028D6D1236C93F85E2184F87520FF22D8
S21403C6C083F85E2120464021FFF765FC2046F1F7FC
S21403C6D0B1FAB0E705F5987304F1180205F5A075ED
S21403C6E053F8041BAB4242F8041BF9D1A36843F486
S21403C6F08073A360E6E74021FFF74DFC29462046FA
S21403C700F1F7C0FA97E7036CD3F8582112F0040246
S21403C71055D00022CDE90122ADF80C209A79D20734
S21403C7203FD55B7BDB073CD5FAF743FA0128206C41
S21403C7300CD100F59872032190F95E01E4F724F911
S21403C74078B308212046FFF745FD8FE700F5987379
S21403C7501022032190F95E01FAF72DFA28B1002181
S21403C76040F21B40F1F7ACFAEBE7206C102200F521
S21403C7709873052190F95E01FAF71DFA0028EED1A9
S21403C780236C04F1180103F5987203F5A07352F8AD
S21403C790040B9A4241F8040BF9D1A36843F480735F
S21403C7A0A3600023BDF80420CDE90433CDE90633A6
S21403C7B00DF1060104AB2046E6F7AEFE3BE7D3F8E1
S21403C7C0B810C3F8D010D3F8BC100092C3F8D41036
S21403C7D0006C694600F59870F1F734FC48B1009890
S21403C7E0F6F7AAFA20460821FFF7F4FC40F20740C2
S21403C7F022E7206C009A00F59871C830F1F7C6FB63
S21403C80005460028EBD10098F6F796FA236CA07C31
S21403C81003F59873C0F1100229461844FEF794F8FE
S21403C8202A46CDE90155CDE90455CDE9065504ABB5
S21403C83001A9C0E708B0BDE87040F1F7DFBF2DE9F6
S21403C840F04796B01D46DDE9229705AB06460C4633
S21403C8509E46DDF8908002F1100A9C4610685168E7
S21403C8600832ACE8030052456346F6D17046102101
S21403C870FEF7DDFE09AA2B46944605F1100E154673
S21403C88018685968083303C573452A46F7D16046C6
S21403C8901021FEF7CCFE0DAA94461E9B03F1100E44
S21403C8A0154618685968083303C573452A46F7D1F1
S21403C8B060461021FEF7BBFE9DF87C30D9F80000D9
S21403C8C08DF844309DF8803006218DF845309DF86C
S21403C8D0843012908DF8463099F8063012A883F00B
S21403C8E00803C3F3C0038DF84730B9F80430ADF836
S21403C8F04C30FEF79CFEBB79062183F00803C3F396
S21403C900C0038DF84E303B680DF14F00CDF84F3025
S21403C910BB8804F11007ADF85330FEF788FE01AA72
S21403C92023461546144618685968083303C4BB42A1
S21403C9302246F7D110212846FEF779FE43464122C8
S21403C94005A92846F1F7D0FB044610212846FEF732
S21403C9507CFE412105A8FEF778FE34B10821304657
S21403C960FFF738FC16B0BDE8F08740461021FEF707
S21403C9705EFE224645F213013046FFF727FBF1E73A
S21403C9802DE9F0419CB0154608AA1C4606460B4600
S21403C9909046239F01F1200E944618685968083381
S21403C9A0ACE8030073456246F6D120214046FEF705
S21403C9B03EFE10AB2A469C4605F1200E1D46106827
S21403C9C05168083203C572452B46F7D160462021CD
S21403C9D0FEF72DFE18AA9446229B03F1100E154669
S21403C9E018685968083303C573452A46F7D1604665
S21403C9F01021FEF71CFE04AA2346154604F1100C6C
S21403CA00144618685968083303C463452246F7D1A9
S21403CA1010212846FEF70BFE6B4650224146284659
S21403CA20F1F762FB044610212846FEF70EFE50215E
S21403CA304046FEF70AFE34B108213046FFF7CAFB2C
S21403CA401CB0BDE8F081039B38463B600421FEF72B
S21403CA50EEFD68461021FEF7F8FD224645F2140166
S21403CA603046FFF7B3FAEBE72DE9F3411D46089B83
S21403CA7004468846164690F873705BB1102110463C
S21403CA80FFF7BFFA30B10821204602B0BDE8F041F7
S21403CA90FFF7A0BB236C013E691E03F1100013F8D9
S21403CAA0012F16F801CF834282EA0C0201F8012F08
S21403CAB0F5D10022404601A90192F1F7C3FA48B125
S21403CAC00198F6F739F908212046FFF783FB02B0F1
S21403CAD0BDE8F08129462846019AF1F757FA00285F
S21403CAE0EED1022F0CBF0023062304F159022B4478
S21403CAF004F15F0012F8016F1978904281EA06018B
S21403CB0003F8011BF6D1022F14BF0023062304F1FA
S21403CB1052022B4404F1580012F8016F1978904220
S21403CB2081EA060103F8011BF6D129462846019A35
S21403CB30F1F72CFA05460198002DC2D1F6F7FCF85A
S21403CB402A4645F210012046FFF740FABFE773B5C1
S21403CB5045F20406B142044615460DD045F21006CA
S21403CB60B14222D0B1F5A04F38D1FFF770F9236C4C
S21403CB70D3F85831D90720D5236CD3F85821D207D8
S21403CB800BD4AA7998330C3215446A1D153552F81E
S21403CB90041BAA4243F8041BF9D1216CD1F858317F
S21403CBA013F004030CD0832104E0016CA831FFF7D3
S21403CBB0A2F985212046FFF7EEF9002002B070BDEA
S21403CBC081F85C31012301F1B8020093204601F19C
S21403CBD0A80301F59871FFF747FFEEE702B0BDE83B
S21403CBE07040F1F70BBE45F21003F0B599420446C8
S21403CBF085B000F087800CD8B1F5A04F1CD045F265
S21403CC00050399421DD0204605B0BDE8F040F1F774
S21403CC10F5BD45F21103994200F08D8045F21203EB
S21403CC209942F0D1036C93F85D31042B40F2B38044
S21403CC30052B03D148217BE0FFF709F9002005B057
S21403CC40F0BD9179036C0C310A44511DB83315328B
S21403CC5051F8040B914243F8040BF9D1256C1022CA
S21403CC6005F1C80705F1B80631463846FDF742FE1A
S21403CC7020B904212046FFF7ADFADFE7D5F858318F
S21403CC8013F0040332D095F85D31042B13D105F16C
S21403CC90F803039305F59873029304F15303019382
S21403CCA004F15A0300933A463346204605F1D80169
S21403CCB0F2F758F8C2E705F5A07005F1110105F182
S21403CCC0510201900BB1052B06D100230093204699
S21403CCD03346FFF7CDFAB1E795F85C01D5F82C316A
S21403CCE0C34003F0010343F08003EFE785F85C31AC
S21403CCF032460093204605F5A07305F59871FFF7B5
S21403CD00B3FE9BE7056C102205F1A80105F5A0709C
S21403CD10FDF7F0FD0028ACD14B21D5F858319B0721
S21403CD2042BF94F8743043F0020384F8743020460C
S21403CD30FFF731F982E7056C102205F1A80105F526
S21403CD40A070FDF7D7FD002893D195F85D31013B20
S21403CD50022B0FD895F85C310133DBB2142B85F820
S21403CD605C3107D0D5F85831432123F00103C5F8C9
S21403CD705831DCE705F1F803039305F5987302933E
S21403CD8004F15303019304F15A03009305F1C80217
S21403CD9005F1B80389E74921CAE7B1F5A04F70B595
S21403CDA00446154607D045F20406B1420CD0BDE84A
S21403CDB07040F1F723BDFFF74AF8236CD3F85831D8
S21403CDC0D90701D4002070BD236CD3F85821D207AD
S21403CDD018D4AA79A8330C3215446A1D153552F8AF
S21403CDE0041BAA4243F8041BF9D1206C102200F15D
S21403CDF0A8019830FDF77EFD20B904212046FFF7F1
S21403CE00E9F9DFE7206C1021C830FFF7FAF858B1CC
S21403CE1008212046FFF7DEF940F207400021F0F72D
S21403CE204FFF40F20740CEE7216C2046C831FFF79C
S21403CE3046F847212046FFF7AEF8C3E7B1F5A04F03
S21403CE4070B50346144607D045F21806B14207D01C
S21403CE50BDE87040F1F7D2BCFEF7F9FF002070BDC5
S21403CE601268551C03D10121FFF7B4F9F6E7016CEC
S21403CE70D1F85801400743BF002281F85C2122689D
S21403CE80C1F8302148BFC1F82C2118464321FFF7CB
S21403CE9082F8E3E7B1F5A04F70B51346044607D012
S21403CEA045F20406B14207D0BDE87040F1F7A6BCD0
S21403CEB0FEF7CDFF002070BD9979026C0C310B4450
S21403CEC0591DA832153351F8040B994242F8040B46
S21403CED0F9D1256C102205F1A80105F19800FDF79C
S21403CEE009FD20B904212046FFF774F9E2E720463E
S21403CEF005F1C801FEF7E3FF47212046FFF74BF88D
S21403CF00D8E7B1F5A04F13B504460ED0A1F5A0435C
S21403CF10103B012B45D8016C9831FEF7ECFF4421FA
S21403CF202046FFF738F8002017E0016CD1F8583197
S21403CF3001F1C80213F0040328D010211046FFF7AE
S21403CF4060F860B108212046FFF744F940F2074035
S21403CF500021F0F7B5FE40F2074002B010BD216C89
S21403CF60204601F19803019391F85C21D1F82C3106
S21403CF70D34003F0010343F08003009301F1110251
S21403CF8001F1C8035131FFF773F9CCE781F85C313F
S21403CF900123009301F1980301F59871FFF764FDEF
S21403CFA0C1E702B0BDE81040F1F728BCB1F5A04FC9
S21403CFB073B50446154677D045F21B06B14240F0DA
S21403CFC0F68090F87430DB0766D5056CB5F85031FB
S21403CFD02BB18921FEF7DFFF002002B070BDD5F824
S21403CFE058315E0747D5AB79D80744D56B7BD9074D
S21403CFF041D5A36C10220B2195F95E013133F9F765
S21403D000DAFD38B140F21B412046F0F73BFE40F212
S21403D0101B40E2E7A36C206C01220C2190F95E0111
S21403D0202033F9F7C8FD0028ECD1A36C206C10223E
S21403D0300D2190F95E012133F9F7BDFD0028E1D1FA
S21403D0400822206C114690F95E0104F11003F9F7EB
S21403D050B2FD0028D6D1236C93F85E2184F87520A0
S21403D060FF2283F85E2120468021FEF794FF2046A8
S21403D070F0F7E0FDB0E705F5987304F1180205F53F
S21403D080A07553F8041BAB4242F8041BF9D1A368FE
S21403D09043F48073A360E6E78021FEF77CFF29460E
S21403D0A02046F0F7EFFD97E7036CD3F8582112F00C
S21403D0B0040245D09A79D2078ED55B7BDB078BD5E6
S21403D0C0F9F777FD0128206C0ED100F5987203213D
S21403D0D090F95E01E3F758FC00283FF47DAF082182
S21403D0E02046FFF777F892E700F59873102203219E
S21403D0F090F95E01F9F75FFD28B1002140F21B406D
S21403D100F0F7DEFDEBE7206C102200F5987305219F
S21403D11090F95E01F9F74FFD0028EED1236C04F178
S21403D120180103F5987203F5A07352F8040B9A429C
S21403D13041F8040BF9D1A36843F48073A3604BE76B
S21403D140D3F8B810C3F8D010D3F8BC100192C3F8C4
S21403D150D410006C01A900F59870F0F773FF48B17E
S21403D1600198F5F7E9FD20460821FFF733F840F26A
S21403D170074032E7206C019A00F59871C830F0F743
S21403D18005FF05460198002DEBD1F5F7D5FD236C79
S21403D190A07C03F598732946C0F110021844FDF7E6
S21403D1A0D3FB216C2046B831FEF789FE14E702B0A4
S21403D1B0BDE87040F1F722BBB1F5A04FF7B50446C2
S21403D1C008D045F21105A94236D003B0BDE8F040B9
S21403D1D0F1F714BB006C1021B830FEF712FF60B1F4
S21403D1E008212046FEF7F6FF40F207400021F0F73D
S21403D1F067FD40F2074003B0F0BD256C95F85D610E
S21403D20005F1A807013E022E01979CBFD5F82C0115
S21403D21095F85C6105F151019EBFF04000F00100F6
S21403D22040F08000009005F11102204605F1B80396
S21403D230FFF71EF80020DEE7016CA831FEF75BFE61
S21403D24085212046FEF7A7FEF4E770B545F20406EF
S21403D250B1420446134625D045F21806B14206D01D
S21403D260B1F5A04F33D1FEF7F2FD002070BD116873
S21403D2704D1C03D10121FEF7ADFFF6E7026CD2F891
S21403D2805801400743BF002182F85C111B68C2F8AF
S21403D290301120464FF0840148BFC2F82C31FEF708
S21403D2A07AFEE2E79979026C0C310B44591D9832E9
S21403D2B0153351F8040B994242F8040BF9D1226C4A
S21403D2C0D2F8583143F00103C2F85831CDE7BDE830
S21403D2D07040F1F793BA002310B50364044690F93F
S21403D2E07500431C13D0E3F7EBFE082204F110038A
S21403D2F0114694F97500F9F79FFC94F91330012B46
S21403D30007D194F8743043F0020384F87430002095
S21403D31010BD022BFBD194F8743043F00A03F4E7F4
S21403D3204B88062B05D1088841288CBF0020012096
S21403D33070470020704707B58B790A460B44019166
S21403D340197C4B1E0D2B04D801F5A0410131FEF7C5
S21403D3503DFE01A8FDF767FE03B05DF804FB000081
S21403D360014B1868704700BF682B00200A4B1B6FE1
S21403D37003F00703013B032B03D8DFE803F00A039C
S21403D3800608FEE7054B18687047054BFBE705489C
S21403D39070470548704700BF00800050682B002088
S21403D3A0702B002080D54302002D310108B5FFF70E
S21403D3B0DDFF054B1B6FC3F303330133B0FBF3F001
S21403D3C0024B186008BD00BF00800050642B00208D
S21403D3D00048704700B4C40400487047002D31016C
S21403D3E0014B1868704700BF702B00200048704739
S21403D3F080D54302014B1868704700BF6C2B002092
S21403D400034B5868C0F30800003818BF0120704764
S21403D41000ED00E00A4A08B5127852B107280AD888
S21403D420084A02EB00131B7B3BB1D9F715F8002023
S21403D43008BD0548FCE70548FAE70548F8E700BFD6
S21403D4402A28002058110020028000F0018000F0F6
S21403D450078000F00B4A10B512780C4662B1072815
S21403D4600CD859B1084A02EB00131B7B43B1D9F71A
S21403D47005F82070002010BD0448FCE70448FAE7CE
S21403D4800448F8E72A28002058110020028000F0FC
S21403D490018000F0078000F00B4A10B512780C46A6
S21403D4A062B107280CD859B1084A02EB00131B7B5C
S21403D4B043B1D8F7FBFF2060002010BD0448FCE70B
S21403D4C00448FAE70448F8E72A2800205811002001
S21403D4D0028000F0018000F0078000F030B5154BA5
S21403D4E087B00293144B0390049346F611030D463C
S21403D4F0059300F077F91428044616D1684601F020
S21403D50015F94FF0A843032202A95A6319601D6157
S21403D5109A63DA6B9207FCD1142C02D1684601F0A9
S21403D52013F900F093F9044601E00028E9D02046F9
S21403D53007B030BDF0180020040000202DE9F04F9E
S21403D540B1B005468C469E46E8466F4EDDF8EC9035
S21403D550409C06F1100A474630687168083603C7D0
S21403D5605645B846F7D13E9B03EB0208C8F1000ABE
S21403D5700AF00F0AB9F1000F00F09D80C9F1000709
S21403D58007F00F070121DDF8FCB044F00050C4F1AA
S21403D5901006CDF810B005910690300200F4F8504E
S21403D5A040F021000790B9F1000F40F08680CDF8D7
S21403D5B020D047F00050002D00F0848009912121EF
S21403D5C00A9041EA07210B9142F00050CDF830C093
S21403D5D03D9B08A94FEA0A2C0D910E904CF0410092
S21403D5E00F901093002A75D13E9B119143F0005380
S21403D5F012933C9B1390149310AB1593434B444ADE
S21403D600169340F611031793424B0021002D08BFD3
S21403D6101346189314AB19933F4B10221A931123F6
S21403D6201B931CAB1846FDF78FF901221D920022AF
S21403D63046F0804603461E96239205B9EB46102C09
S21403D640CDF880B024AE4BD10123224600213046CC
S21403D65021932294FDF778F920AB002125938F427E
S21403D66018BF334647F0804226923A9A2CA828924F
S21403D6702993B2FA82F35B0949EA837310222B914A
S21403D6802A93FDF761F9B9F1000F00D028AED04414
S21403D69048F080432CA918A82D962E93FFF71EFF5B
S21403D6A030B92DB90346A34225D1002818BF2C2034
S21403D6B031B0BDE8F08F102764E7CDF820E049F0DD
S21403D6C0005078E7002C3FF479AF04A909910121B3
S21403D6D00A9076E73E9B0CAA11924120129388E7A4
S21403D6E010220021304621932294FDF72DF9002CB9
S21403D6F0B2D10123B1E703F1C0026A4412F8C02C89
S21403D70001331043CFE700BFCAEE0300100000202A
S21403D710E0EE0300E4EE030004000020F0B5C029A9
S21403D7209FB0DDE9244557D0B1F5807F04D080292A
S21403D73048D029201FB0F0BD01265CB140F2344723
S21403D74002941024039604942124019705940695C5
S21403D75002AC0AE040F214470294102403960494A1
S21403D7602124059401240197069507940125102486
S21403D770089409950A9221220B950C940D92174A48
S21403D7800AAD0E92164A0F95109242F611021192A6
S21403D790129313951494159201AA1692D3B112AB51
S21403D7A01793042318931123199316AB1A901B93FC
S21403D7B040F61103C9081C911AA806A91D93FFF782
S21403D7C08DFEB7E7012614B94FF48267C4E74FF41A
S21403D7D08667B5E70EABE3E70F20ABE7DCEE0300A7
S21403D7E01000001038B5164B5A6E42F004025A6603
S21403D7F0D3F8802242F00102C3F88022114B5B6803
S21403D800C3F3080343B14FF0A842D36B13F0430F9F
S21403D810FBD11424204638BD4FF0A843DC6B14F02C
S21403D8204304FBD1084D2B681BB904212846F5F7A2
S21403D83018FD2B68013343F000432B60EAE700BF73
S21403D8400080005000ED00E0F0180020014B00209F
S21403D8505B68704700ED00E0B8B1036813F4E07F3F
S21403D86003F03F00C3F382120AD0012A0DD1084BFE
S21403D87041B103F58053012282401A6000207047AD
S21403D880044BF5E703F50053F5E70E20704700BF9A
S21403D89068800050648000500229F8B596BF104B8C
S21403D8A000245C5C012805460E4608D0022809D0F1
S21403D8B008B944F002040B4B1F6837B9F8BD44F0AF
S21403D8C00804F8E744F02004F5E77B681A68144276
S21403D8D003D0314628465B6898473F68EDE700BFAC
S21403D8E058EF03004C19002038B5104D2B78ABB118
S21403D8F00F4C23781BB100F047FA00232370002057
S21403D90000F0AFFF0B4C50B100F090FA002301215A
S21403D91020782B70FFF7C0FF0123237038BD012248
S21403D920054B1A702278054B1A70F7E73628002045
S21403D930342800203C2800203728002038280020E0
S21403D9400C4A1378FF2B01D158B170470BB908B9AD
S21403D950704730B101331370074B1B78012B03D884
S21403D9607047013B13707047044B1B780BB9FFF7E6
S21403D970BBBF70473B2800203C28002037280020E8
S21403D98010B500F028FE064B04461B781BB1BDE815
S21403D990104000F01BBEFFF7A7FF2046F7E700BFC7
S21403D9A0332800200228F8B504D0244A1378FF2B26
S21403D9B001D1E9B1F8BDD3B90029FBD00123137017
S21403D9C01F4B1B78012BF5D900F005FE1D4E0446B0
S21403D9D0337893B920461A4C00F0F8FD20780128D6
S21403D9E0E8D00121FFF758FF01232370E2E711B9BE
S21403D9F0013B1370DEE70133E1E7134F3B781BB9B6
S21403DA0001223A70114A1370114D2B781BB100F0A6
S21403DA10BBF900232B70204600F0D8FD012000F050
S21403DA2020FF00F0D8FD3B7804461BB100F0FEF95A
S21403DA3000233B7000233370CCE700BF3B28002055
S21403DA403C280020362800203328002037280020D2
S21403DA50342800202DE9FF47EFF3108572B6AFF3A5
S21403DA60008000F06FFD002870D0704E704F337842
S21403DA7023B10020FFF764FF00233370387870B9B2
S21403DA8003A900F06BFB044648B96A4B039A1B686C
S21403DA909A4263D80120FFF753FF012333703B7884
S21403DAA0654CDFF8BC91002B72D02078012840F03B
S21403DAB09480207800F03AF999F8003013B15F4B60
S21403DAC01B782370AFF30080284600F0C5FEEFF303
S21403DAD0108572B65A4B1A7852B100221A70574BF9
S21403DAE020781B78984203D101212170FFF7D4FEDA
S21403DAF0544800F0E9FA00F034FD80460028B6D119
S21403DB00514B524F18703B789BB189F80000DFF8F1
S21403DB104C9199F800301BB100F036F989F8008073
S21403DB20002000F09EFE002875D000F07FF9002349
S21403DB303B70337823B10020FFF702FF00233370D6
S21403DB4000212078FFF7A8FE00232370AFF30080A0
S21403DB50284604B0BDE8F04700F07EBE3C4BD3F841
S21403DB60008000F09DF9039B8044984592D200F014
S21403DB7091F98200039942F0020292B2CDE9004283
S21403DB802346344AA1EB08012E4800F06CFE86E7D4
S21403DB902E4BDFF8B4801B780BB900F0D9F8207849
S21403DBA0022831D198F8003023B10022264B1A7090
S21403DBB000F000FFDFF8948098F80030002B7FF425
S21403DBC078AF254B1B7823B900F0D8F80122234BF6
S21403DBD01A70012388F800306BE74FF00108002322
S21403DBE0DFF864A08AF8003099F8003013B941468C
S21403DBF0FFF752FE9AF8003084F800803BB1B8F184
S21403DC00020F7FF456AFD0E74FF00208E7E7B8F10C
S21403DC10020FCFD04DE7012000F088F8284600F029
S21403DC201BFEEFF3108572B67AE700BF3528002097
S21403DC303B280020541900203C28002038280020C8
S21403DC4031280020581900203928002036280020C3
S21403DC505019002081D903003A28002034280020D8
S21403DC603728002010B500F0B6FC0022054B1C78C0
S21403DC701A7000F0ABFC00F001FBE4B22043C0B224
S21403DC8010BD00BF3228002038B500F0A4FC094BB5
S21403DC9005461B78012B04D800F098FC0024204688
S21403DCA038BD054B1C6800F0FBF80444284600F01A
S21403DCB08DFCF4E73C28002050190020164B17492A
S21403DCC01A6F10B502F007020A601549154C8969E8
S21403DCD0032A01F00200C1F34001134A21700FD05A
S21403DCE0D3F8201101F00301022909D0D3F8241137
S21403DCF001F00701022903D00021117018B910BDE5
S21403DD0001231370FBE7D3F8003103F00303591E16
S21403DD104B424B41F5E700BF00800050B41900208A
S21403DD2000C001504128002042280020012805D0C9
S21403DD300238012808D80020D8F77EB9034A1369A9
S21403DD4023F00403136130BF704700BF00ED00E00B
S21403DD50074A0849D2F8203103F003030B60D2F8D0
S21403DD602431054A03F007031360F3F736BB00BFFD
S21403DD7000800050C0190020BC1900200122014B6E
S21403DD801A70704740280020F8B51F4B1B78002BED
S21403DD9039D01E4C2378B3B91D4B9A6DD10302D5E7
S21403DDA0DA6D92072FD49B6DDB072CD400F0DFFDD2
S21403DDB0184B194A1860136F23F0070343F0030345
S21403DDC01367FFF7F3FA00F0D2FD124B134D1B68EF
S21403DDD0134EC01A2B78134F56F8232046F8230009
S21403DDE0111A3A681048521A0A213A600932B2FBED
S21403DDF0F1F20133DBB20260B3FBF1F201FB123343
S21403DE002B7000232370F8BD422800203F280020F3
S21403DE1000C00050AC190020008000503E280020AF
S21403DE2084190020801900207C19002008B5F3F718
S21403DE30D7FA124B12491A6F096822F007020A43EF
S21403DE401A671049D3F82021096822F003020A430F
S21403DE50C3F820210C49D3F82421096822F00702CD
S21403DE600A43C3F82421094B1B7813B10122084B3C
S21403DE709A62BDE80840FFF799BA00BF00800050D9
S21403DE80B4190020C0190020BC1900204228002025
S21403DE9000E00050014B1878704700BF422800206E
S21403DEA0054B187818B1054B186800EBD000044BE7
S21403DEB01B681844704700BF422800207C190020C6
S21403DEC0B019002008B5104B1A78C2B100221A7098
S21403DED00E4B1A6F22F0070242F001021A67D3F8BC
S21403DEE0202142F00302C3F82021D3F8242122F094
S21403DEF0070242F00302C3F82421FFF757FA012270
S21403DF00034B5A6708BD00BF40280020008000501E
S21403DF1000E000500D490B68A0B10022A3B1834274
S21403DF2003D1836822B90B6003E01A469B68F5E7C2
S21403DF30936083680BB9002070475A6941690A44A5
S21403DF405A61F8E72220704702207047CC19002058
S21403DF5038B500F028FD0025084B094C1A682368DD
S21403DF60C31A2AB123B15169994203D3C91A51611D
S21403DF70206038BD55615B1A9268F2E7CC19002021
S21403DF80C819002038B5154D2B682BB35B69A3B1B0
S21403DF90134A022014681C4400F0A6FA204600F038
S21403DFA065FA00230F492A680B7022B1D0888007D0
S21403DFB00AD501230B70002038BD022000F094FA26
S21403DFC0022000F0B3FAECE79268002AF3D0506917
S21403DFD00344012BEAD9EEE72220EDE7CC19002013
S21403DFE0C819002044280020C38870B504460D468F
S21403DFF03BB9FFF749FE8542064602D2F4F7D9F845
S21403E00035460E4965610B688BB90C60A3600DE05D
S21403E010AD1A9A68184665616AB113465A69AA42E8
S21403E020F6D930B18460521BA3605A6170BD0020DC
S21403E030F4E70C60F7E79C60A260F7E7CC190020D2
S21403E04070B516469DF81420C0E903360271049A8B
S21403E050BDF818300260002204460D468260C38075
S21403E060EEB900F0A0FC2844A0619DB12E4600F056
S21403E070B2FA0546FFF76CFF31462046FFF7B4FFBA
S21403E080104B1B68A34201D1FFF77CFF284600F024
S21403E0909DFA02E0E36865617BB9002070BD00F07D
S21403E0A082FC3044A061002DE0D1E3686561002B5B
S21403E0B0DDD0204621689847D9E72046216898474F
S21403E0C0EBE700BFCC19002038B5044618B300F0C0
S21403E0D082FA0546FFF73CFF104B1868A04209D0AA
S21403E0E02046FFF717FF044680B1284600F06EFA75
S21403E0F0204638BDFFF70EFF04460028F5D1FFF78C
S21403E10041FF222802D1022000F0FAF9284600F047
S21403E1105DFA0024ECE72224EAE700BFCC190020CE
S21403E12038B50C460546A8B1A1B100230B7000F024
S21403E1305BFA0121084B1B6833B900F050FA002044
S21403E14038BD9D4204D121702278002AF9D0F4E725
S21403E1509B68F1E72220F3E7CC190020F8B50646C2
S21403E1600F4600F041FA00250446124B1B6823B9FC
S21403E170204600F034FA1B2011E05A691544DA8869
S21403E180B2420DD100F00FFC0B4E3368C01AA84202
S21403E1900AD3002320463B6000F021FA0020F8BD96
S21403E1A0FF2EEFD09B68E2E700F0FDFB33682B44BD
S21403E1B01B1AEFE7CC190020C819002070B500F031
S21403E1C013FA064600F0EFFB084B044601201D68D1
S21403E1D000F0D9FB18B100F0E6FB044601353046E3
S21403E1E000F0FDF92046294670BD00BFD419002073
S21403E1F0014B1868704700BFD0190020F8B50C4BC8
S21403E20005461B680E4683420FD3002440F2E730D0
S21403E2102146084B4FF47A721F680023E5FB07017B
S21403E220EDF7AAF930602046F8BD2120FCE700BFD1
S21403E230C4190020D01900200F4B10B51A689AB1E4
S21403E2404FF47A71531E1342A0FB01010ED1B2FAAA
S21403E25082F2C2F11F04531CD243E04001FA03F3D7
S21403E260184321FA02F20243104610BD0023EDF7CD
S21403E27083F90246F8E700BFD019002010B500F076
S21403E280B3F9034B1C7800F0AAF9E4B2204610BD9C
S21403E290432800202DE9F0419846002386B00D461A
S21403E2A0174606468DF8133080B30DF11301FFF7BA
S21403E2B037FF9DF813305BBB284605A9FFF79EFF83
S21403E2C00446F8B9134B4FF47A7218680023A5FB7B
S21403E2D00001EDF751F9C2F57A7189B2B1F57A7F8B
S21403E2E008BF0021BDF83430B183F483059A029346
S21403E2F09DF830301146CDE9008330463B46FFF7A4
S21403E3009FFE0446204606B0BDE8F0812224F9E7C6
S21403E3100224F7E7D019002008B5084B1B7803F052
S21403E320FF004BB100F023FB054B1B689B69C01A2B
S21403E33002288CBF0020012008BD00BF442800200F
S21403E340CC190020C2072DE9F843044607D5444AF2
S21403E350136801331360FFF7FBFDFFF713FEA307F4
S21403E3607CD500F041F94FF0000805464646FFF716
S21403E370EFFD3C4F3C680CB16369A3B100223A4BF6
S21403E380012E1A7003D118F0020F18BF1E70FFF784
S21403E390F9FD222802D1022000F0B2F82846BDE893
S21403E3A0F84300F01CB923465A693AB91A79217919
S21403E3B0914288BF1C469B68002BF5D1284600F087
S21403E3C00EF92569DDB100F0EEFAA269A0EB0208AA
S21403E3D04FEAE873A84573F1000311DB236913447E
S21403E3E0A361E36813B1204621689847B4F8068012
S21403E3F000F0FAF801360546FFF7AAFDBAE7A84685
S21403E40000F0F2F881462046FFF784FD484600F008
S21403E410E6F82369002BE4D0A38BB5EB080533B1EC
S21403E420E28B13449BB2B3F57A7F0FD2E38300F0FB
S21403E430DBF8804629462046FFF7D6FDA369226906
S21403E44040461344A36100F0CAF8CAE7A3F57A73FB
S21403E450E383A369013D013BA361E8E7BDE8F883D5
S21403E460D4190020CC1900204328002010B50446F8
S21403E47000F0B1F84FF0B042936A1907FCD4136A60
S21403E480116C5269520604D4CA1A032A01D8994257
S21403E4900ED1E21A022A98BFDC1CB4F1FF3F38BF44
S21403E4A0013C4FF0B04340221C6403F580539A614D
S21403E4B000F08CF8054A13783BB14FF0B041CB6BB4
S21403E4C043F00203CB630023137010BD7D2D0020A1
S21403E4D007B5044B01A9187900F062F9019803B057
S21403E4E05DF804FB4CEF030000F001038207034AC8
S21403E4F048BF43F040039361704700BF00100058C5
S21403E500820700F001030AD50121064A43F04003BF
S21403E51011704FF0B041CA6B22F00302CA63024A7D
S21403E520936170477D2D002000200058830742BF6B
S21403E5304022014B5A617047001000580120704773
S21403E5400120704738B5D4F7F5FD0546E5F7ECFE30
S21403E550041E18BF2C46FFF7F1FF002818BF2046FD
S21403E56038BD38B5FFF77EFB0446D4F7D9FD04283B
S21403E5701ED002284FF0000508BF0124FBF700FA5F
S21403E580042817D0022808BF0124D4F783FB0428E5
S21403E59012D0022808BF0124FFF7D2FF04280DD0AB
S21403E5A0022808BF0124002D18BF0024204638BDCA
S21403E5B00125E3E70125E8E70125EDE70024F5E774
S21403E5C04FF4004070474FF47A70704710B962B644
S21403E5D0BFF36F8F7047EFF3108072B6704780F308
S21403E5E01188BFF36F8F7047EFF31180302383F3E7
S21403E5F0118870470122417803788A4030214B43C3
S21403E60041F2100103F1A04303F570335A507047EB
S21403E610F0B5154649228FB0149C8DF8242004F1DA
S21403E6200C060DF1250254F8047BB44242F8047B31
S21403E630F9D1247814704FF48074ADF834409DF803
S21403E640544000228DF8364004240694169CCDE9E7
S21403E650001505941324049409ACCDE902340B4643
S21403E66011468DF832208DF83350FEF767FF0FB052
S21403E670F0BD30B5C02A93B02FD0B2F5807F29D035
S21403E680802A2CD14FF4807480F00100204301903F
S21403E69016980125029010242120039504940590D2
S21403E6A0069301AB0795089409900A9306AB0B9360
S21403E6B004230C9311230D930AAB0E910F9340F68C
S21403E6C01103D20802A90EA810921193FEF706FFB3
S21403E6D013B030BD4FF48274D6E70F20F8E7292035
S21403E6E0F6E708B5FFF77EF8BDE80840FFF7AEB8D3
S21403E6F01FB5079C02949DF81840CDE900341346D5
S21403E7000A4601460020FFF783FF04B010BD1FB57D
S21403E710079C02949DF81840CDE9003413460A4638
S21403E72001460120FFF774FF04B010BD10B5044680
S21403E730FFF751FF4FF0A8431A6822601B69636016
S21403E740FFF744FF002010BD10B50446FFF743FF54
S21403E7504FF0A84322681A6062681A61FFF736FF13
S21403E760002010BD10B40446084611469DF8042048
S21403E7700192A2685DF8044BFFF7BABF10B40446D3
S21403E780084611469DF804200192A2685DF8044BE2
S21403E790FFF7BDBF8068FEF7C1BF8968FFF769BF93
S21403E7A009B100F005B8222070470121FFF754B8DD
S21403E7B070B506460D46FFF717FF04461D2E48D8CC
S21403E7C0DFE806F00F18471D20234726292C474766
S21403E7D02F32473538473B473E4747444747474727
S21403E7E04741FEF7C3FD002628602046FFF7F7FEE5
S21403E7F0304670BD4FF4C070D6F760FFF3E74FF4B2
S21403E8002070F9E74FF44070F6E74FF46070F3E7D3
S21403E8104FF40070F0E74FF48060EDE74FF490603C
S21403E820EAE74FF4C060E7E74FF4F060E4E74FF43D
S21403E830B060E1E74FF4D060DEE74FF4E060DBE77B
S21403E8404FF4A060D8E74FF48070D5E74FF4086024
S21403E850D2E700202126C7E710B962B6BFF36F8F51
S21403E8607047012070472DE9FF410D4616461F46A7
S21403E8700446A8B14FF00008C0F81C80FFF724FC3C
S21403E880BDF82C30424602939DF828302946CDE940
S21403E890007320463346FFF7D3FB04B0BDE8F08190
S21403E8A02220FAE7F0B50D4616461F46044685B005
S21403E8B090B10023C361FFF707FCBDF82C302A464E
S21403E8C002939DF828302946CDE900732046334647
S21403E8D0FFF7B6FB05B0F0BD2220FBE7F0B51F46F9
S21403E8E0002387B00D46164604468DF81730A8B1A8
S21403E8F0C3610DF11701FFF713FC9DF817207AB9D2
S21403E900BDF83430294602939DF830302046CDE9D1
S21403E91000733346FFF794FB07B0F0BD2220FBE7F6
S21403E9200320F9E7F0B51F46002387B00D461646C9
S21403E93004468DF81730B0B1C3610DF11701FFF728
S21403E940EFFB9DF8173083B9BDF834302A4602939F
S21403E9509DF830302946CDE9007320463346FFF74D
S21403E9606FFB07B0F0BD2220FBE70220F9E738B5BE
S21403E970FFF73AFE054600F016F804462846FFF76A
S21403E9802EFE204638BD4FF0B04301285B6904D005
S21403E990022805D1C3F38010704703F001007047C7
S21403E9A00020704770474FF0B0439A6A1207FCD4B2
S21403E9B0186A704702210120E6F764BC00000000D5
S21403E9C0F8B500BFF8BC08BC9E467047F8B500BF54
S21403E9D0F8BC08BC9E4670475FF800F0412900204B
S21403E9E05FF800F0F92900205FF800F0A12A002064
S21403E9F04349004E6563756E6F73637574005353B6
S21403EA00430053697374656D756C206120706F7273
S21403EA106E69742E20536520696E697469616C692A
S21403EA207A65617A6120726164696F756C2E2E2E29
S21403EA300D0A005B435D20002E2E2F6170702E633F
S21403EA400025733A2564203A25733A200073630041
S21403EA505374617475733A202573203D20307825EE
S21403EA603034782000417373657274696F6E206664
S21403EA7061696C6564005363616E617265612061F0
S21403EA8020666F737420706F726E697461210D0A4D
S21403EA900053616C75742C20636F6C6567756C200E
S21403EAA06E756D6172756C202564206465206C61DB
S21403EAB02070726F6772616D756C202573210D0A65
S21403EAC000AAAAAAAABBBBCCCCDDDDEEEEEEEEEE28
S21403EAD0EE00736C5F62745F6F6E5F6576656E746F
S21403EAE0002E2E2F736C5F676174745F7365727686
S21403EAF06963655F6465766963655F696E666F7291
S21403EB006D6174696F6E5F6F766572726964652E88
S21403EB106300736C5F676174745F736572766963B1
S21403EB20655F6465766963655F696E666F726D615E
S21403EB3074696F6E5F6F766572726964655F6F6E18
S21403EB405F6576656E740041303242524434333129
S21403EB50344131302E312E3278EB03001B001B007C
S21403EB6068ED03000E000E0058ED030001000100DF
S21403EB700100FFFFFFFF0000010000000108FFFF88
S21403EB800000000028ED0300020002000108FFFF5A
S21403EB900500000020000A0003000A000008FFFF2B
S21403EBA001000000F02C002004000D000308FFFF06
S21403EBB00300000002000000050002000108FFFF3A
S21403EBC00500000002000B0006000B000108FFFF13
S21403EBD001000000FA2C0020070002000108FFFFD6
S21403EBE0050000000A000C0008000C000308FFFFE5
S21403EBF001000000102D0020090000000108FFFF9F
S21403EC00000000002CED03000A0002000108FFFFCD
S21403EC10050000000A0003000B0003000308FFFFC3
S21403EC2001000000182D00200C0002000108FFFF61
S21403EC3005000000020004000D0004000108FFFFA9
S21403EC400000000030ED03000E0000000108FFFF87
S21403EC500000000034ED03000F0002000108FFFF70
S21403EC600500000002000500100005000108FFFF74
S21403EC700000000038ED0300110002000108FFFF4A
S21403EC800500000002000600120006000108FFFF50
S21403EC90020000002C2D0020130002000108FFFFD5
S21403ECA00500000002000700140007000108FFFF2C
S21403ECB0020000003C2D0020150002000108FFFFA3
S21403ECC00500000002000800160008000108FFFF08
S21403ECD002000000482D0020170002000108FFFF75
S21403ECE00500000002000900180009000108FFFFE4
S21403ECF001000000562D0020190000000108FFFF48
S21403ED000000000046ED03001A0002000108FFFFA2
S21403ED1005000000080000801B0000800208FFFFBB
S21403ED20070000000000000002000118020000189F
S21403ED300200000002000A180C0053696C69636F36
S21403ED406E204C6162731000F01921B4478FA4BF84
S21403ED50A14F63FDEED6141D636032E0375EA488D0
S21403ED60534E6DFB6435BFF7002801280328002A9D
S21403ED70012A292A242A272A262A232A052A2A2B4D
S21403ED80292B022976636F6D000000000500000042
S21403ED900000000000C20100000500000010000093
S21403EDA000000000000000002F686F6D652F74756B
S21403EDB0646F722F53696D706C69636974795374E9
S21403EDC07564696F2F53444B732F73696D706C6949
S21403EDD0636974795F73646B2F6170702F626C75EF
S21403EDE065746F6F74682F636F6D6D6F6E2F696ECA
S21403EDF05F706C6163655F6F74615F6466752F73C4
S21403EE006C5F62745F696E5F706C6163655F6F747D
S21403EE10615F6466752E6300736C5F62745F696E10
S21403EE205F706C6163655F6F74615F6466755F6F67
S21403EE306E5F6576656E74003F002800292000002B
S21403EE4013B779FAC925DDB7ADF3CFE0F1B614B839
S21403EE500102000000000000FFFFFFFF200000008B
S21403EE600100000000000000000000000000000099
S21403EE70000000000000000000000000000000008A
S21403EE80000000000000000000000000000000007A
S21403EE901FFF0C1E00000300CF100300CB1003005F
S21403EEA0A91003007710030007110300D91003000D
S21403EEB0791003002C000000020202030000000089
S21403EEC00201006C5C4C54801018FFFFFFFFFFFF2D
S21403EED0FFFFFFFFFFFFFFFFFFFF00000000000034
S21403EEE0012000000020000000000000D9140300E9
S21403EEF00040025C00000000000000100126000035
S21403EF0004000000000000000001000000000000F4
S21403EF100B0000000B000000020000000000202091
S21403EF2000000000030000008C8C3C000000000082
S21403EF3000000000000000000103040101010903B2
S21403EF401E000000150000001A0000000000005814
S21403EF501200000040EF030001041001000000054A
S21403EF600002000003000000D0EF0300A8EF030038
S21403EF70000000000000000080EF03000000000017
S21403EF80C4F303005CF30300B4F303006CF3030061
S21403EF9080F3030090F30300E0F3030060F2030042
S21403EFA07CF20300000000008941020030F00300F9
S21403EFB0DD0D020000000000399803000000000089
S21403EFC0313D02005EF00300000000000000000078
S21403EFD03D41020030F003009D3A020030F003008A
S21403EFE035980300000000002537020000000000EB
S21403EFF02F98030000000000039803005CF0030052
S21403F000013D02005EF0030041980300000000008B
S21403F0104598030000000000696C03000000000030
S21403F020736C0300000000000000000000000000F6
S21403F030000000004E0C000000000000000000006E
S21403F04058EB03000000000000000000040000006E
S21403F05000000000E2FF5000000100000100040071
S21403F060FB000000000000003D8C010000000000D3
S21403F0700000000000000040000000000100000047
S21403F08094F00300C0000000000000000000100021
S21403F09020000000FFFFFFFF00000001000000004B
S21403F0A00000000000000000FFFFFFFFFFFFFFFF60
S21403F0B0FFFFFFFFFFFFFFFF00000000FFFFFFFF54
S21403F0C0FFFFFFFFBCE6FAADA7179E84F3B9CAC2DB
S21403F0D0FC6325516B17D1F2E12C4247F8BCE6E5F9
S21403F0E063A440F277037D812DEB33A0F4A1394569
S21403F0F0D898C2964FE342E2FE1A7F9B8EE7EB4A0E
S21403F1007C0F9E162BCE33576B315ECECBB6406844
S21403F11037BF51F5FFFFFFFF0000000100000000AE
S21403F1200000000000000000FFFFFFFFFFFFFFFFDF
S21403F130FFFFFFFC5AC635D8AA3A93E7B3EBBD5593
S21403F140769886BC651D06B0CC53B0F63BCE3C3EE7
S21403F15027D2604B6BC0BCE12A459991E134741AFF
S21403F1607F9E1925AE2D8A571E03AC9C9EB76FACA7
S21403F17045AF8E5130C81C46A35CE411E5FBC119AC
S21403F1801A0A52EFF69F2445DF4F9B17AD2B417BA0
S21403F190E66C37103FF1CAA1681FAC09120ECA30DD
S21403F1A07586E1A72B7E151628AED2A6ABF7158873
S21403F1B009CF4F3C00000000505341004B45590017
S21403F1C000010102010202030102070B0B070116ED
S21403F1D00C00000108080000050108FFFF02FFFFFE
S21403F1E00808020204FF010022FFFF23080F03039F
S21403F1F004040A0A030A2AFFFF1419191B011C1523
S21403F200120400480C1404131510801A8012808010
S21403F2100004030101020404F4010000FA000000E4
S21403F22096000000640000004B000000320000005F
S21403F2301E00000014000000000000005000400004
S21403F2400800500024000400900150024000900182
S21403F250AE0110000F0E0C080C080D18100000006D
S21403F260090000000000000000000000000000008D
S21403F270A0030906A0870908A08809070A0000005A
S21403F280000000000000000000000000A0010A05C6
S21403F290A0030A04A0080A03A0880A08A0060A0115
S21403F2A0A003090020040A04DD11020020060A1741
S21403F2B0AD11020062676170695F627566666572AA
S21403F2C07300010002000000000000000300497202
S21403F2D05314497207FF000102030405FF14530089
S21403F2E0724907CDF6000000FB349B5F8000008068
S21403F2F0001000000000000045930300D3720300D3
S21403F30039BD03002F94030001020C000000040023
S21403F3100000080089370200B936020049D102000E
S21403F3202D980300AD980300A7980300C1D50200EB
S21403F3308FBD030061980300A9980300AB980300F0
S21403F34049980300A3980300A39903006398030056
S21403F350C1310200DF970300D597030002000000C7
S21403F3600000000000000000000000000400000091
S21403F370000000000000000000000000A0010401DF
S21403F380560000000000000000000000000000001F
S21403F3900500000000000000000000000000000060
S21403F3A0A0130500A0880A07A0040903A005090204
S21403F3B0A00609010F000000000000000000000086
S21403F3C00000000001000000000000000000000034
S21403F3D000000000A0010107A000010402040800C9
S21403F3E0060000000000000000000000000000000F
S21403F3F0A0030601A0090609A0020608A005060741
S21403F400A0050606A0070605A0020604A00106102E
S21403F410A0080602A00D060000000402050306016C
S21403F42007010108090A0000A0015C04A0005C03B0
S21403F430A0015C02A0035C01A0025C00A0020F090D
S21403F440A0030F04A0030F03A0050F02A0010F01E2
S21403F450A0050F00A0040108A00301060101020491
S21403F460200C040335360200200004016136020036
S21403F470200256020937020020025601DD3602003A
S21403F48020010605453D020020000205093602005C
S21403F490200205035D370200200505063937020002
S21403F4A0A01201000009007FDCF403000100000F36
S21403F4B0BCF403006FC2732408070000E1FE56FF86
S21403F4C08DFFACFFC1FFCFFFDAFFE3FFEAFFF0FFDC
S21403F4D0F4FFF8FFFBFFFEFF000003005200F2FEFE
S21403F4E0FF0064001E0000007F00F80D7F24FDFF70
S21403F4F03300A80323D6FFFF1B0041010A37000091
S21403F5001100B900653B00000B00720010350000C7
S21403F510070049002F2C00000500370031260000A5
S21403F52003001400571500009D470200E54702003C
S21403F53091470200F1470200D94702001D9E0300CF
S21403F540599E03007B9E03009D9E0300BF9E0300FF
S21403F550DD5A02008D5A0200995A0200895B0200A6
S21403F560CDA00300A5990300A9990300AD99030054
S21403F570B1990300B599030000000000A80100003C
S21403F580780B002010000000200D0020E1FE000094
S21403F59002000080FF7F00000080FF7F0C025241C4
S21403F5A0494C0000200000000D530200100000002C
S21403F5B08552020000000001000001010001010164
S21403F5C0D5550200B9550200C58B0200E58E020030
S21403F5D0158E020020C001B80101020300040001D9
S21403F5E01F150F15150F151FFFFFFFFFFFFFFFFF6B
S21403F5F0FFFFFFFFFFFFFFFFFFFFFFFFFFFFFFFF13
S21403F600FFFFFFFFFFFFFFFF00A801A802A80000FF
S21403F61000B801B802B800B04428040074280400F7
S21403F6205C2804008C280400A428040003040408AF
S21403F63008050000000000000000000000000000B5
S21403F64000000000F8330000E0030000D837000095
S21403F65014000000383E000008000000002F0000E1
S21403F660F8040000EC37000004000000343E0000FD
S21403F6700300000000000000002F0000F037000029
S21403F68001000000403E00003900000001000000B9
S21403F690343E0000C1290000D9290000D929000002
S21403F6A0D9290000D9290000D9290000000000004C
S21403F6B0000000000000000000000000D929000040
S21403F6C0D9290000D9290000192E0000D9290000E5
S21403F6D05523000065230000F123000039240000B1
S21403F6E0B32400001D260000D3240000BD2600001E
S21403F6F01F2500005D250000D525000031280000E9
S21403F7000129000027230000632B00004D20000082
S21403F710812B0000F52B0000D9290000D52C000012
S21403F7209D2C0000D9290000D9290000212D0000B6
S21403F730D9290000D9290000D92900005D1000004E
S21403F7405310000067100000711000007B100000CB
S21403F7508C488068000200D4704780B58020800201
S21403F760A8490860CF2000F045FA01BDF8B58648E1
S21403F7700068864C802292032260854E3168090514
S21403F7801DD5110BA023034001D0216017E00240D2
S21403F7903FD180277F4A17607F4A1760084038D0DA
S21403F7A0784D287A400705D501207C490860000279
S21403F7B07B4908602878002801D0062801DB002052
S21403F7C0F2BD00F051FB716889684E6829780529F7
S21403F7D007D1B905A1606E60B668CC218901704A6D
S21403F7E0116000F04AFB012E00DA0226BC208005D9
S21403F7F0854908609420800584490860654800218F
S21403F800C94301647142416481490F60402101602C
S21403F810D5E7AE480160FFF79BFF0120F2BD5A48CB
S21403F8200168890504D5C06E0004000F022801D0C4
S21403F830002070470120704738B58024554804607F
S21403F84000F012FB05007348006800F05FF928001B
S21403F85000F013FBFFF77CFF4A48007A000705D544
S21403F860A0004A49086000F0FEFB31BD60039749DB
S21403F8700860AD48046031BDFEB50500CC208001AC
S21403F88093494860012693480660FFF7C8FF00289F
S21403F89077D03C4C2078002873D031020195052898
S21403F8A002D02A460A406CD1CC27BF01884A17608B
S21403F8B09E4A126853075B0F022805D1022B5ED3BC
S21403F8C0080137490860F7BD4D01032804D1022B10
S21403F8D055D933480560F7BD042802D111404ED0F0
S21403F8E0F7BD05284BD10198002848D0C005C10FA5
S21403F8F0684641700198C004C10F6846017000F065
S21403F900B3FA0290606869464978002903D006680E
S21403F9108021214A11602C04A7496A461278002ADE
S21403F9200CD0C2680B68D21AA44B1B68234001D0C4
S21403F930066800E04668964200DD16006846407892
S21403F9406A461278024308D008684242B01E8242D2
S21403F95002DA7042886000E00026029800F08DFA12
S21403F9600198800501D5964804600198054001D0AA
S21403F97094480460002E02D009480760F7BDFFF7DD
S21403F9805BFFF7BD403E0000400002A8402002A8EF
S21403F990C83E00000CC001A890E001A894D000A8BF
S21403F9A0505201A838B5802487480460012049498D
S21403F9B00860864D2878052802D0600084490860D0
S21403F9C0FFF72DFF002812D012480068000A802196
S21403F9D04140A868000EC9B2814208D25348006865
S21403F9E04007400F022802D2FFF726FF31BD7948B1
S21403F9F00168C0220A4002D1C06F204001D00448EB
S21403FA00046031BD1C1002A808E001A808D001A8B4
S21403FA1094D001A818C000A8F1B582B00F008026C4
S21403FA20B600A020384002D06B4806604CE000F0D9
S21403FA301BFA009069480468F80202D5A0680069BA
S21403FA40029000F05FFBB102606800F069F921786C
S21403FA5020000022491C43788B4200D20021182341
S21403FA604B43C5180C352B78082BF3DA0C000170C2
S21403FA7085605648297801703E4007D05749096883
S21403FA808968CA68F90201D403218A438260012681
S21403FA901046304003D100F0F6FB00F0B4FFF1044B
S21403FAA0686900F03DF93C2000F0A4F8E0B200F0ED
S21403FAB0A1F8009800F0E1F9300547490860484886
S21403FAC006603002024908600298FEBD401002A894
S21403FAD04C6201A894E000A810B54248006880056F
S21403FAE001D4FE2010BDC02080033F49086000F00B
S21403FAF0BBF93A4909688A78D20702D589688C78AF
S21403FB0000E00C7800F0B9F9200010BD334909680D
S21403FB108A688B78DB0704D5927818235A438A18A9
S21403FB200C32906070470000100002A8084001A83D
S21403FB30F1B582B02D4F3C680026200F000702D196
S21403FB40E00102902AE000F05EFF00F08DF90190DC
S21403FB5080210903606800F0E3F825786D1C60785F
S21403FB60A84200D20025E80020180C300090006858
S21403FB700290802109030098406800F0D1F83D20E8
S21403FB8000F038F8E8B200F035F825700098A06069
S21403FB90019800F072F902A800F09AFF1448006872
S21403FBA0800407D5786901F050FC02990818029082
S21403FBB000D502960298FEBD48C001A8480002A8D8
S21403FBC0481002A8482002A894E001A8403E00007E
S21403FBD0506201A814C001A8402002A8CC3E000031
S21403FBE090E000A8400002A8401002A8D03E000003
S21403FBF0FC0302A841490968002901D54049086069
S21403FC007047F3B581B03F4FB9683F4C4A004CD5B7
S21403FC100125090100D5212501003C4A10685668D4
S21403FC2022689206920E94463A6893008022134006
S21403FC3062461343802252001A4300920A0023D0DE
S21403FC40890601D5012008E0F021014007D1694665
S21403FC50097A0C220A4002D0022000F03FF82C4911
S21403FC60096809040AD53968090701D5022605E09B
S21403FC703968490301D5002600E003264835009A73
S21403FC8024490968890003E0009A2249C9690909D9
S21403FC904023194011439A00002E02D016432666CD
S21403FCA008352166024322662566E06D4407640F25
S21403FCB000F0C4F8A0070BD0052C09D0B8680004E0
S21403FCC006D400F0D1F80221134A116000F0D5F8EB
S21403FCD000F0BDF8002000F001F8F7BD0B490A68F4
S21403FCE0F0239A43000110430860C0B27047802097
S21403FCF0C0020A4908607047000000004C0002A8D2
S21403FD00884000A8440002A8284000A8683F0000D6
S21403FD10384101A8084001A87CD40350485000A8E5
S21403FD2080B5664A116001F0BBFBFFF7E0FF01BD3B
S21403FD30FEB500F099F80290102061490860002390
S21403FD40604803600220604908606048C068400558
S21403FD50C20DD52A01D2D52204E0D120400082422A
S21403FD6000D9020010000100594C0194843C246819
S21403FD7064011DD5574C0094251D574E367806272B
S21403FD807E43AA530024019D2D7CE540ED070CD548
S21403FD90009D06266643AD19AD888FB2BD4200D2DC
S21403FDA0290086B2AE4200D22800641C022CEAD395
S21403FDB089B246310904494C0C404638C005C00D8B
S21403FDC0204342490860C020000645490860404871
S21403FDD0017D00290CD04349D52A02D98024E405A5
S21403FDE00C60D1246400A24202D2802424060C6054
S21403FDF010213D4C21603D490B604188002900D10C
S21403FE000280029800F039F8F7BD80B538483949C2
S21403FE1008603948C1680902090A1922514341603A
S21403FE2005210160FFF784FF01BD33480068C00366
S21403FE3000D4704780B5FFF77BFF01BD8020C0026A
S21403FE401E4908602D4800684007FBD47047802091
S21403FE50C0022B490860704701E02A4908602A4916
S21403FE6009680140F9D17047284800682021284ACC
S21403FE7011601021274A116070473021014002D1DA
S21403FE80102023490860704720480068302101404D
S21403FE90102901D101207047002070471E480078C2
S21403FEA00621014007D01D480068022803D0032816
S21403FEB001D001207047002070470000401002A8C0
S21403FEC0F41302A8048002A8409002A87C400050C5
S21403FED0743F0000643E0000603E00000000FF0127
S21403FEE0A0600050A4500050F42302A818E000E0DD
S21403FEF07F1A0601500002A810E000E0400002A8A6
S21403FF00402002A8282002A8280002A85C0002A815
S21403FF105C2002A85C1002A8BC3E00006C3F0000F8
S21403FF20F8B553488021490281610221514A516044
S21403FF300021514A1160514A118003214D4A116034
S21403FF400221016020204E49086080204D49086048
S21403FF50CC2080014C49086001204C490860464883
S21403FF60806F00900F24070B274049480068C5059B
S21403FF70ED0D103DC0202843C0B2FFF73BFE3E48C0
S21403FF80006980030AD5092F08D0FFF787FF0028EA
S21403FF9002D040480068804701F0D8F80098044033
S21403FFA000943D4804680098032803D0022806D12D
S21403FFB0032F3AD000F002FA0098032803D0062F46
S21403FFC033D1062D31D0354800680104C90F01D05E
S21403FFD001F084FB32480068000109D5052D07D1DE
S21403FFE0012501202F4908604005FFF735FF00E093
S21403FFF000252100380000F0E3F904002A4E002D06
S21404000006D000F089FB01203060022027490860F2
S214040010802080037065800925490860FFF73EFF4D
S214040020002802D0234800688047124880214902ED
S214040030C161002F08D10221416000200E490861E9
S214040040C020C0001C4908602000F2BD80B5FFF740
S214040050F5FE1A480078800602D402201849086083
S214040060FFF7F5FE01BD0220164908607047000040
S2140400702C1002A8282002A8340002A8743E00000F
S21404008094E001A80CC001A8506201A894E000A85E
S21404009004ED00E0E8370000B44000A800E200E009
S2140400A0F03E0000645000A8646000A82C4000A83D
S2140400B080E200E0E43700002C6001A8C83E00009F
S2140400C0081002A8082002A87B480068800700D40D
S2140400D0704730B581480421904A0123E024E400A7
S2140400E08568254002D01360D160D3600068044060
S2140400F002D013605160536030BD8948012181608D
S2140401000160704710B5012075498A680240FCD129
S214040110844A0423D3600C680440FCD15360106006
S21404012010BD814908680122104200D1704710B5FD
S214040130E023DB000340FF24A41CA34204D37B4B30
S2140401401B689B0600D54868024001D000F0B6F84C
S21404015010BDFEB50700C82075490860062075491D
S2140401600860802040037449086074480168744A33
S2140401700A408021090111430160724CC020C0006E
S21404018020600225A56168036F4908606F4E7048B9
S214040190F0664C206F49C86638686F4989688142A2
S2140401A001D2009100E000900099401A38600121C5
S2140401B0380000F055FB0190386800994018386004
S2140401C0FFF782FF63480068634908606348016874
S2140401D0490601D5624900E0624931670199002960
S2140401E008D10321E16100683068054002D0802010
S2140401F0800220610198FEBDF1B55B4C8020C001F1
S21404020020605A4D0126AE62594F3E601D2028607C
S21404021056206866072001F009FB022028600621A4
S214040220296654490968002902D4082129666966A2
S21404023051492965C021C900504A1268F823DB01D8
S214040240134001D1A96700E07961E16B314008D021
S214040250216BC90705D44A490968084001D101F051
S214040260EDFA484848490860206B064001D1FFF77C
S2140402702BFF009801F0C8FA206B8001FCD4206A9A
S21404028042490860F1BD30B53748414B0121026B45
S2140402900A4001D15961D9603E4A3F4C54663F4CEE
S2140402A0146503241C600023CE4D2B6014609162F9
S2140402B0C903016030BD00004C0002A8F02109010A
S2140402C0374A1160014037480160202036490860EB
S2140402D0364909680840C849086070476C0102A896
S2140402E0700102A880B532480821324A13680B40D0
S2140402F001D0016141611178C90602D58621090140
S2140403000160FFF70EFF14202B490860BB48016804
S214040310490701D0FF21416101BD0000681102A810
S2140403206C2102A8682102A8783F0000400002A8B9
S214040330548001A80C9001A8942002A8680102A881
S214040340FFF1FFFF441102A8A01002A8E40002A8CF
S214040350294E0600300002A8A03F0000FC0302A8B5
S214040360CC3F0000C43F0000100002A8E01002A822
S214040370442102A828C000A80C1E0000A88001A8DA
S214040380483E0000FFFF7F7FB46000A89C3F00004B
S214040390602102A8E02002A85E060000041E0000F9
S2140403A02C6001A82C5001A8442002A8084001A8EB
S2140403B0301102A8F84F0000703F0000704700009C
S2140403C0F8B586B005000C008D48866AFFF74CFD2C
S2140403D00590B00503D58B480068FFF797FB00200F
S2140403E0019001227306DB0F87498F688860B82066
S2140403F04000864E30606608B82030400978F02603
S2140404000E40402E02D10100402008430D2D02D19B
S214040410390004270F43790704D501001420084344
S21404042010218C437A4909686D462A7004930500A6
S214040430784EC80506D58020400077490860280015
S214040440012505430498002811D10C2028400828CB
S2140404500DD028006A49496BCA0601D4102290437D
S214040460890601D420218843B121014067D068461B
S2140404700078002865D0B26BB06D012101235207C5
S214040480520F921D9340C004C00C181A80B208285C
S21404049009D2802506205A4A106008049D4A106036
S2140404A000206A461070812028404DD00820049A07
S2140404B0002A00D130623A000827174310208443EC
S2140404C0042003900005984A10604008974A10607C
S2140404D09748016068460078002832D003980628BA
S2140404E038D39448806BC00634D593480068000E11
S2140404F001909048006880B202908F48006A000617
S21404050004D002988021490101430291FFF7C6FCFA
S214040510002809D089480078C00605D002988021B2
S214040520C901014389B2029102983061029800120F
S214040530306137480168C80500D57AE70AE0082024
S21404054030620094049732E090A06906C90E405CBD
S2140405500390BFE70094049703982949CB6A764A28
S214040560126834686F463C8128241C400443980C67
S214040570C00120431C001B0E2340102423400343C9
S214040580900040221040184302AA9070086B000A9C
S21404059002A9C870FFF7A0FA02A908710198487169
S2140405A067480068C8800298F0660398F066059865
S2140405B0FFF763FC08240098400601D55A48846077
S2140405C0FFF76CFC002805D05E480078002801D0B0
S2140405D05D4804600498C1B2E8B2FFF712FB0098C5
S2140405E007B0F0BD400102A8081A03D257490968AB
S2140405F04018401C70470000441002A80C4000A895
S214040600180002A81CC000A8683F0000B46000A838
S2140406101C0100AA540000AA1C2100AAF8B54C4EDE
S2140406200F2401254B491027706B38401BD001203E
S21404063008704948006849490968FFF7D5FF4849E2
S2140406400968401801284BDB01F0A4F945490968FC
S214040650090B0C40022C41D16905434A11604349F9
S214040660CF6335603AE0F06BC0001ED540480068A2
S214040670E0218905014033D03A4D28682103014022
S214040680780281422CD1FFF7EFFB3A4A3A490968CF
S214040690C90502D53949096811602968090B214042
S2140406A00229F3D0FFF7E9FBF1BD354E3068002888
S2140406B016D00D7001F0A8F8002811D101F06AF9DF
S2140406C028490968090B0C40022C07D12904264A3C
S2140406D011600221254A11600021316001F05EF9A3
S2140406E0F1BD8020800427490860704780204004BC
S2140406F02449086070478020C00422490860704777
S214040700802000051F4908607047802040051D4969
S21404071008607047141100AA1B480168490701D0F5
S214040720FF21416170470000401002A8205001A834
S214040730006101A81C4000A8084001A8C43E0000AF
S214040740448001A8F0370000845000A838C001A8EF
S214040750100002A8773E00001CC101A820C001A812
S214040760E03E0000AC0002A81C1002A8082002A864
S214040770204001A8800000AA084000A8904000A8D5
S2140407804C3E0000382002A80C4000A803010706CF
S2140407900301070605010606050106060302070609
S2140407A0030207060502060605020606FF2807D00A
S2140407B0032805D2A9490978C140C807C00F704765
S2140407C000207047F0B5802000020821A44A11607A
S2140407D00A230121A34A01249C400443B6A5ED5CE8
S2140407E025439560F025A04E35609D4DB5A6F65C74
S2140407F0022737432F6004262E609C4D2D680D403B
S21404080006D1CD026D1E03D0966C3603FAD401E0F1
S2140408100220F0BD956CD66C6D036D0BAE4200D213
S21404082020005B1ED7D508238F4C23609060904B26
S2140408301B685B0112D58F4C63785D1C01262E4025
S21404084066701D000626754365191268AA80E8803E
S2140408502370824802789940114301700020F0BD4D
S214040860F1B582B0FFF749FC0024814800684001D6
S21404087002D4012001901DE07F48826B00207D4950
S214040880C3B206256B43CB189B8895B2AB4204D003
S214040890401CC3B2022BF3D3FF2008700120019042
S2140408A073480068400105D50878FFF77FFF0028E5
S2140408B000D001947148006871498861714D0298AE
S2140408C00068296D4618002E15DD00F072FD2860BC
S2140408D0C001301A00280EDDFFF714FC00F093F870
S2140408E002980068296D401800F08EFF050002D0BB
S2140408F00298046085E0644E802080003060604A80
S214040900106807282ED005210840052805D0116058
S2140409100C2000F08BFF050073D15C4D5C48286208
S214040920FFF7F0FB02202860E020C0025949086067
S21404093000025949486080208004706002203060BC
S214040940012000F073FF802040002862022000F09F
S2140409506DFF902040012862022000F067FF80208F
S214040960C00028624D4EE02040003060042000F0B5
S2140409705DFF05003CD10220474908608002B06252
S214040980C001B06210203C4908600127F765402684
S2140409904348006830401BD135480068400113D5F1
S2140409A0344800786946087068460078FFF7FEFE0B
S2140409B0002809D02F486946097806225143401872
S2140409C0C0882D49086403E0FFF7FCFE05000FD13C
S2140409D029480760C467022000F028FF314C2660CF
S2140409E0B0002060022000F021FF8120C002A06237
S2140409F00198002805D02A480068800101D4FFF732
S214040A0014FA2800FEBD70B5FFF777FBFFF77AFBF4
S214040A10022619480660244DF0022862C4082C6297
S214040A20012000F003FF600828622E601F48286239
S214040A30E02040001B490860174D2E60FFF7FEF9C2
S214040A401B4E3078002800D005200D490860FFF7BB
S214040A50FEF92C6017480068706370BD843F000080
S214040A60889001A8448001A888A001A8140002A8C0
S214040A70F03E0000603E00000C8001A8F80302A8C7
S214040A803C0102A88C3F0000941002A83C1102A866
S214040A90BD080000142102A8942002A82C9001A8E6
S214040AA04C0002A82CA001A83C2102A8FD68000066
S214040AB0603F0000300002A80000000101020408A4
S214040AC0102020005050504040404030202020004D
S214040AD0F8B50400FFF716FB2948C021C900294AC7
S214040AE01268F823DB01134002D1274A116000E0A4
S214040AF0016000942549AC2252008A640A220A60E6
S214040B002349802252030A60224C626A224B134015
S214040B108022D2001A43626280222260022242604D
S214040B205003C8601D48E0601D4E4C20F0661D4D05
S214040B3068699621C901471800980068874200D35F
S214040B400700C01B0099086000210098FFF788FE84
S214040B5000990968C919009A116031682960124918
S214040B600968490601D5114900E011492161F2BD21
S214040B70802000010F49086000010F490860704793
S214040B80582102A8AC8001A8581102A80C8001A81C
S214040B90941002A8440102A8FFF1FFFF286E060085
S214040BA0300002A8903F0000FC0302A8CC3F0000DF
S214040BB0C43F0000401002A8685000A8F1B584B0F5
S214040BC0B44800680390B448006B9621C9014018E5
S214040BD00499884205D2081A00F016FE002800D0B0
S214040BE013E2AE4C6068C00700D50EE20420AC49A0
S214040BF088628003AB494862AB480568606B860729
S214040C00B60F032E03D01020A549886224E00846B8
S214040C10802189024162A16B890601D5012062E028
S214040C20290610D5A26B02210A400CD19F4A05233F
S214040C301360A36B10273B40194311600021116019
S214040C40616B090A116004218162A06B002803D538
S214040C50C803934948620026606B400705D5606B5D
S214040C60C00080214900084003E08B488068C10723
S214040C7001D5FFF723FB0122154008D0B748B10180
S214040C804018006AC004C00C401EB5490860002025
S214040C900021B44BDB6E1B0417D5B34B1B68002B2B
S214040CA013D40121AE4B5B69002B0ED0AF4B1A70E8
S214040CB0AF4A10601022AF4B1A60CA06AE4B9A6752
S214040CC00723AD4D2B60AB4B5A65AC4AC0239B0043
S214040CD013603502002901D0190000E02900CC4E2B
S214040CE0316053607560E16B942292050A401500EA
S214040CF000D0012580263602284300062CD06A48F8
S214040D002821405CC0210140402902D1FFF79EF90A
S214040D1001E0FFF7A8F9202020602D0600D174E139
S214040D20944D606B400708D570085E4948620220FF
S214040D30686000F059FA002806D0042058498862F2
S214040D404002584948626E6057480078000600D44E
S214040D505BE130015249FEE00125606828405AD123
S214040D60AC480068C005400F022803D0032801D011
S214040D70062802D169464D7005E000206946487091
S214040D80A548A6494860680446498862FFF756F8AD
S214040D907348406EE16B0E4008D1C00606D5FFF7D7
S214040DA063F802219E4A1160FFF767F8FFF74FF8D1
S214040DB0280320609B4EC0200006706028049749D4
S214040DC00860606B4007C10F6846017030200399C5
S214040DD049072CD54021A24A1162904F4901396631
S214040DE0032191640021116030607D65802070606D
S214040DF0062000F01BFD00280DD12802F86602200C
S214040E0000F014FD280297498866182070600820B0
S214040E1000F00CFD002800D0F7E024207060E020ED
S214040E20C0029049C865A020C00238666FE0E16B36
S214040E30C90246D5BE4949680902090E0191490905
S214040E40022901DB884A01E0B32292000199302985
S214040E5037D311490B88E72B33D395277F00BB4242
S214040E6005D8FB1A1B095A43920A534204E07F4FE3
S214040E70DB191B095A43930A5BB2019AD2180F6B0B
S214040E80BC46CF6B7B436746FB180B639F2A0FD386
S214040E909F2210E0FC0302A8743F0000100002A882
S214040EA01C2002A81C1002A8C83E0000E40000AAE9
S214040EB0202A00D821221102114312040A43294988
S214040EC00A606749AA020A629A4A8A6414220A6075
S214040ED03060524F7D65E020C0026249C865A803B1
S214040EE0B86640027060062000F0A0FC002833D1EB
S214040EF02D06FD66022000F099FC5A4885666809AE
S214040F007060082000F092FC002825D1756003204C
S214040F1000F08CFC88481849886700F04AFA874D28
S214040F20401DC001296B401801908548406F802100
S214040F30C90108400290084682490860019804994D
S214040F4088421FD20846296B401A00F05DFC002830
S214040F5016D002987C49086057E000BF0C0000AA2F
S214040F60204000A8CC4001A8784201A8763E0000A4
S214040F70703E0000645000A83C6000A8046100A80D
S214040F8004980190206AE86204270398384001D048
S214040F90402002E0F8057060C0087060012000F090
S214040FA045FCB8011D490860019800F02DFC8A4EE6
S214040FB068460078002805D161480068F061380565
S214040FC08649086002986049086085488549086033
S214040FD024487902416669464978002900D10760A9
S214040FE0206A686268460078002808D0012000F06D
S214040FF01DFC3078000602D5780492490860E06B40
S214041000C00202D54A480068286305B0F0BD00BF98
S214041010045100A8204001A8040000FFB41002A850
S2140410207CE40350441102A810B5FEF71DFF864960
S21404103000240C600A22CA61FEF71FFF8348C02101
S2140410408902016082494160824810210160C90515
S21404105041654020804908608048047010BD000047
S214041060400102A8B82002A833070000D6FEFFFFFE
S2140410707B48406B800300D47047F8B57948046811
S2140410800027002000257849E20706D5C020800204
S2140410908025ED03EA0A0A6003E0A20701D40320D0
S2140410A040252843C862012000F0C0FB8020400091
S2140410B06E49086708206E4908606E490968090287
S2140410C003D46D4909680140FBD0012000F0AEFB53
S2140410D06A4EE00702D5802080043064356404201C
S2140410E000F0A4FB600702D5E020C002F06064486C
S2140410F03064012000F09AFB62483064C320000686
S21404110030645A488021490201671021B16389027C
S21404111071615D490F60012232603022F2638F6292
S214041120802189014E4A116009010160F1BD000069
S214041130F83F0000F3070000FFFF7F7F743F0000C6
S21404114020C001A894E001A894D001A8F8B54F489F
S21404115000680D2707400424002F00D104274C48BC
S2140411601025660308214B4A4B4B1B682340126824
S21404117014D04260394004D00220FEF7AFFD474841
S21404118006603C4007D0464800680543444805606E
S214041190B008424908600220424915E0026039401E
S2140411A005D00220FEF79AFDA0023C4908603C40A8
S2140411B006D03B4801680D4305607009374908604E
S2140411C038480660300329490860FFF751FF0021BC
S2140411D00020FEF716FDF1BDC83E00001C1002A854
S2140411E003000300482102A810B580202E490A688F
S2140411F002400AD02D4B1A680624144005D15C6EB2
S2140412002B4A22401B6D9C0101D5002010BD0968A5
S21404121008400DD02748824203D1180501D5012085
S21404122010BD25480068C107C90F481E8041C00F7D
S21404123010BD22480321C163A821816310210160E7
S214041240704700001C2002A8D80000AA402002A86C
S21404125004000080646000A82C4000A8763E0000CD
S214041260100002A8FC0302A81C1102A8442002A82D
S2140412704C6201A8C44001A84C4201A8082102A857
S2140412802400000198008800600102A8B44000A869
S214041290E83E00001CC101A8440002A8401002A8B1
S2140412A0683F0000685000A8400002A814C001A8C7
S2140412B01F1F0000010C000030C101A8082002A86E
S2140412C06C4800680121084209D16B4A12686B4BCE
S2140412D0000C1840F03291400B40984201D0022096
S2140412E0704700207047F8B507000F386A4610802C
S2140412F0604CA0680A0004D16B461B8882B29A42EE
S2140413003AD200226B461A80012502263A0013D0F0
S2140413102268324007D000292ED059480088401C45
S2140413205749088000203900E16056490E6080B2B3
S214041330B84201D369460D805348456000E030BF8B
S2140413402068304003D1FFF7BBFF0028F7D04D4894
S2140413504560390010D02168314005D048490A88D4
S2140413606B461B88D2180A8006600020E060A068DE
S214041370B84201D244480660FFF7A2FFF2BD38B572
S214041380050000F007FB0400012199204543A80945
S2140413903E4A12688018123880B2FFF7A4FF050090
S2140413A08020C0013A490860200000F0F7FA2800BF
S2140413B032BD334803883549096802889342F9D117
S2140413C0100408187047FEB51238070C69460880E2
S2140413D000F0E0FA0190274C294D2888B8421ADA22
S2140413E001202C490860274E30BF022021680140A6
S2140413F006D030604003264908602888401C2880B0
S214041400FFF75EFF002802D12988B942ECDB0121F0
S214041410716000280DD12888B8420AD1A0686946B0
S2140414200988884205D2002168460088FFF75BFFDA
S21404143001E0FFF745FF04008020C001144908605E
S214041440019800F0ABFA2000FEBD10B512490A68F8
S2140414500E4B1B680C689442FAD0DB014033141A16
S21404146002D288692418641C0C4800684443181B7C
S21404147010BD0000280002A804ED00E0FF3F0000B5
S214041480743E0000282002A8281002A8300002A8F3
S21404149080E200E02C1002A820C001A8B43F00009F
S2140414A0F0B502E00A601C602E607EC84F1C07D0B0
S2140414B05F1C04D06F1CF5D10A601C60F0BD0A6086
S2140414C0F0BD000080B5FEF709FC01207F490860E6
S2140414D001BD80B5EB2000F001F801BD30B57C49B4
S2140414E00B6818401022134210D07A4B7A4C2468AA
S2140414F0224008D0A84A14682402FF252D0225405D
S214041500DD6200241460802252031A60086030BD35
S214041510F3B5010016001C00002500959F48019AAB
S214041520330000270BE0BC464F5D4743AE009E5990
S2140415307E40575D47433740664637436D1CA54299
S214041540F1D3390939438A080A435108114308403C
S214041550C10901430F208A0B0A4302405040F6BDDE
S214041560F1B582B00E0000208B490860FD25AD0160
S214041570EF7AA87A01900F21394000910ED00B46DD
S214041580874A88490298FFF7C3FF019901408248B9
S2140415900160854841438548084001D1012400E0A4
S2140415A04401380915D032003B0929000298009EF0
S2140415B06D7A75194019FFF7ABFF019909110140BF
S2140415C0754802680B0113430360002901D04800E4
S2140415D0444377480068204001D10420FEBD002023
S2140415E0FEBD80B50A000021118072495288801819
S2140415F0FFF7B6FF02BD70B50F226F4B5C79057816
S2140416000F202040C5402009284001259C79C4406D
S2140416102C4001D1032070BD2F4C2468254005D0F2
S2140416209D684600AD5B6D1E644E3560DD78DE79E0
S214041630C640F00711D5E0060FD5002D0DD0604842
S21404164048600888488008881C7800192A40801852
S2140416505A7880182A09801800E0002008800020A4
S21404166070BD80B557480168574A0820014201D02A
S21404167050611061C90602D58621090111605349DB
S214041680534A126812040CD5524A1268530401D500
S214041690C00305E0C0239B0113404202934200D0DE
S2140416A008600D480078C022024002D18020400520
S2140416B008604948006820221040086047480068CF
S2140416C0C00101D4FFF705FF01BD00002C4000A8AF
S2140416D0703F00001C1002A8C83E0000F8B5404F3A
S2140416E038687E6806403F4830403F49086080249A
S2140416F0A4033E4DF00227D53D48016801200A06A2
S21404170005D53C490968A9602870022014E0014206
S21404171002D03949A9600FE00020C9060CD5284933
S214041720A960364A91780B071B0F12789A18090994
S2140417305118A980E880A888A880A888002801D025
S214041740264301E0FFF7C5FE264023D0264E7460EC
S2140417503460A88800280BD0F969814208D3291D73
S2140417602748AA6890470100F3D0FFF7ABFEF1BD07
S21404177001000CD0FC218902B161224902038A616E
S21404178034604C60FA69824204D30C60F1BDEB20ED
S214041790FFF7A4FEF1BD0000503E00000101010168
S2140417A0F83E0000383F00001111000021840000BC
S2140417B0F43E0000183F0000483F0000204000A808
S2140417C0531F0000F84F0000302102A8441002A85E
S2140417D0384101A8204201A8084001A8CC4000A82E
S2140417E0B44000A8FFFFDFFFB46000A8543E00002A
S2140417F0C83E0000EC370000671F0000493F0000A9
S214041800D44000A8B45000A810B5C409FFF7D1FD11
S214041810201A312806DAC000183801D4C01EFDD5B7
S214041820002010BD2000FFF7CEFD10BDC3214843A5
S2140418306F3801D41E38FDD500207047FEB5C02091
S214041840C0043649086036483649C8651024364808
S21404185004601020FFF7EAFF00285ED1FF20000591
S2140418603249086032483349086033482D490860D5
S21404187025042E480560314807680820FFF7D6FF80
S21404188000284AD108262E4806600120FFF7CEFF1E
S2140418902A48806802902B4806602B482149086035
S2140418A0224805600820FFF7C1FF002835D12448E8
S2140418B006600120FFF7BAFF204DA8680190214872
S2140418C00660184E214830600299019800F046F8E8
S2140418D00104FC208003084000900298C10B019884
S2140418E0C00B00F03BF80006FC2189050140009877
S2140418F0014317480A0C4240FF239B1CD218104091
S214041900084330602F60E0030849086028682860B0
S21404191010480460104981640020FEBD20E000A841
S214041920F71700002C0102A8401102A8B02002A854
S2140419300000380EB01002A810103030E04001A8A5
S214041940E05001A8E06001A83030101020202020CC
S2140419503F3F0000402102A8F7FFF00010B54904FD
S214041960CA104004C310991A00209A18D30F9A1864
S214041970521052188B115B0E5B18DB11D218202301
S214041980541A01D422001843CC0F611849105B087E
S214041990F6D110BDEFF3108072B67047002800D160
S2140419A062B6704780B5FEF779FA002802D0B748C9
S2140419B00068804701BD80B5FEF7B2FAB4480068F7
S2140419C000030AD4FEF7FAFCFFF752FBFEF75BFCB3
S2140419D00120FFF729FBFFF716F880208005FEF7A5
S2140419E03BFA01BD80B5FEF79BFA80204002FEF765
S2140419F033FA01BDF8B5FEF721FA052097490860C9
S214041A00FEF725FA964806680124264201D1FEF719
S214041A1074FBFEF785FA9F48016800919E4A406869
S214041A201060B105C80F002126420FD000919B4BD1
S214041A305D6815601D689A4A17687B1BBD4202D311
S214041A409769DB195B1C974FBB42F5D3964D29600B
S214041A50002804D031000098FDF7DEFF00902868C7
S214041A60204004D16846FEF774FB002802D1009893
S214041A70FEF7C2FBA94804606004FEF7EDF9F1BD69
S214041A8038B5A74CE06BC00506D58020000620605C
S214041A9000BF00BF40082060FEF724FCFEF740FAB3
S214041AA0FDF764FE05009F489F490860FFF77AFF2C
S214041AB08020C002FEF7D0F9002D01D080202060DF
S214041AC001209A49087031BDF8B5FEF729FA984FF7
S214041AD02C20385C0521014002D0FEF7B7FA01E05D
S214041AE0FEF7C1FA8E4C0225F86A284001D0012080
S214041AF020601020C0438F4908600026A6638E48E5
S214041B000660FEF7CBF9002803D08C4800688047AF
S214041B1000E03E60FEF792F989480068E16B09042C
S214041B2007D4000705D5FEF79FF986490D60FEF732
S214041B30A4F9FEF78CF9FFF794FDA804FEF78CF9D8
S214041B40F1BD80B5FEF7ECF951480068000303D4F4
S214041B50FEF799FBFEF757FF80204003FEF77CF95B
S214041B6001BD38B5FEF7DCF96D4C2025FFF73CFBCC
S214041B70002806D0206B000704D5FFF75AFBFEF7B3
S214041B80F7FF2560FEF77FFBFEF73DFF6E48007803
S214041B900C210140042902D1FEF758FA01E0FEF7B1
S214041BA062FA6804FEF758F94020206031BD1CB57F
S214041BB0FEF744F9052029490860FEF748F9FEF7C0
S214041BC0AFF9FFF736FBB848006800906846FEF7A2
S214041BD07FFF0400FFF7E6FE002C02D10098FEF714
S214041BE0EDFF80204004FEF737F913BDF8B5FEF785
S214041BF097F9AE4C256A5020284002D0FEF726FA04
S214041C0001E0FEF730FA464FFFF7EEFA00281BD144
S214041C10786B40071DD4386BE0214901014018D188
S214041C20A80611D4FEF70AF9256AA14E354207D054
S214041C30FF20C0432D182562802000059D490860BA
S214041C40FEF705F92E4002D00120386001E000209E
S214041C50206080208004FEF7FFF8F1BD3C1102A846
S214041C60400002A880B5FEF75BF99348006840067A
S214041C7001D5FEF708FB0120FFF7D6F9FEF7C3FEF1
S214041C808020C004FEF7E8F801BD0000DC37000041
S214041C900C0002A8B83F00004C3E0000D43E0000F2
S214041CA020C001A801FF0000483E000010B52648E9
S214041CB00468FEF735F981490968090328D4032125
S214041CC0C00601D5214001E0A0080140012902D147
S214041CD0FEF7BCF90BE0200107D50E20FFF7F2FB58
S214041CE0A7480421016008210160FEF7BCF9A54C51
S214041CF02069A5490860FFF755FE2068002807D02C
S214041D004000122802D2FFF791FD01E0FFF737FBEF
S214041D1080208003FEF7A0F810BD0000402002A833
S214041D20100002A870012000B46000A8773E0000EE
S214041D30C43E0000442002A8503E0000E0370000E5
S214041D40844000A87CE40350F03E0000F8B584B05C
S214041D5001266846067000270297FEF7E1F803900E
S214041D60564C2068000300D597E00320A849C863B2
S214041D7086480068FB25AD010F210F220240032A86
S214041D8003D0000B014006294DD1A2480068A249A1
S214041D908E6DE16B890701D59F49CE6DFFF755FB24
S214041DA08619FEF77BF800280ED02879C1060BD0DA
S214041DB02868090D4143890B761897490968002954
S214041DC002D10002400C3618002E01D5019700E01F
S214041DD00196606B0107C80F03212A6B0A40022A8A
S214041DE01BD1039AD20618D5AA68D30513D5A66BB9
S214041DF08A4B1E409E4203D11021854AD1630CE0D3
S214041E0092050AD4E26B2823134006D16B461F7052
S214041E10284A116001E06A46177002906846067800
S214041E20002E03D10FE07C48406D0190FFF7DCF9EB
S214041E30002808D0FFF7FDF90298002802D0FEF724
S214041E4097FE00E00026022071490860002E10D09C
S214041E503020285C0C210140042902D0A06BC00667
S214041E6002D5FEF7F3F801E0FEF7FDF820206060E7
S214041E7013E0FEF708FA802000060E49086068485A
S214041E806849086001A8FEF723FE0400FFF78AFDF0
S214041E90002C02D10198FEF791FE80200004FDF785
S214041EA0DBFF05B0F0BD0000CC3F0000D03E0000D4
S214041EB000FFFF00441002A8440102A80C0002A878
S214041EC0FEB500240194FEF72BF8FFF76BFD564E83
S214041ED0F06E564D0007000F072807D170680028DB
S214041EE004D40020FFF7A0F8286841E0012103206D
S214041EF04F4A73685B070BD44E4B1B680B4007D0E6
S214041F001368DF050BD55B0502D43368DB0503D401
S214041F100191916A890904E01021474B1960916A7E
S214041F200909084000900020FFF77EF80098002872
S214041F3005D17068C00602D4FEF795F801E0FEF7F6
S214041F4085F800200199002903D13C480068FFF772
S214041F507CFA6969401801D5009400E00090684650
S214041F60FEF7F7F8002805D10098FEF745F9A869AA
S214041F700549086080200005FDF76EFFF7BD0000E8
S214041F8080E200E0AC3F00004C3E0000AC0002A83B
S214041F90F8B5FDF7C5FF002400252948066B802701
S214041FA07F05300606D5300709D5FFF742F9FEF758
S214041FB0DFFD29E001251F480068284019D00020CD
S214041FC0FFF732F80220064002D01E490C60C861B2
S214041FD01D480468002D03D02000FDF7A9FD040069
S214041FE0FFF727F92000FEF7E9FD3800FDF734FF78
S214041FF0F1BD16480078C0210140402902D1FEF701
S21404200025F801E0FEF72FF820200D490860ECE7DC
S214042010082002A80CC101A86C3F000010000010A4
S214042020FFFF7F7FB46000A8400002A8BC3F00000A
S214042030C83E0000B44000A8441002A81CC101A871
S214042040100002A8180000AAD83F0000F03E0000C6
S21404205000F03CF802480349486000F052F800BF1C
S214042060732A00000000000080B5EFF305800B28FB
S21404207001D23A2100E02921FF221632002000F086
S2140420803FFAFEE710B5C20018231340FF249C4015
S214042090E2438907090E9940030004D470489B085C
S2140420A09B00C01806E0AD4B0007000F08388008F8
S2140420B08000181803681A401143016010BD80B5EB
S2140420C073225421002000F01BFA01BD10B5FFF75F
S2140420D061FC0121634A1160634B644A1360644ADD
S2140420E013600323634C2360634C2360634B1960C3
S2140420F0634B19608023A44C2360D160FFF74EFC29
S21404210010BDFFF747FC05000024012160B2FFF76D
S214042110B9FF641C0E2CF8D301210F20FFF7B2FF81
S21404212001211120FFF7AEFF01211320FFF7AAFFBC
S21404213001211720FFF7A6FF03210120C043FFF764
S214042140A1FF01211B20FFF79DFF73487349086018
S2140421507348C16AC162016801600220714908605F
S21404216001208A49086047046F4C20693840FCD037
S2140421702068800101D4FDF748FE2800FFF70EFC16
S214042180774D0AE000281BD0FDF76EFE18E02069A4
S2140421903840FCD03000FFF701FC206E0004000F2E
S2140421A0022801D1FEF73AFAFFF7F4FB0600FDF722
S2140421B06BFE0028A878E5D0002801D1FDF75DFE67
S2140421C001206978002909D12978002905D17049A8
S2140421D00968890601D45349086030BF0021697034
S2140421E029780029D6D102214E4A11606749086031
S2140421F0CDE76848016842680A40674810401B49B2
S2140422000860800703D5A4480188491C01807047EC
S21404221070B56248016840680840000E00066049D0
S21404222080221205104218D05E4B1C68641C1C6089
S2140422305D4C5E4D2D682D0407D5A568002D04D091
S21404224007250D600125AC4E3560402525601B68CA
S214042250012B02D910238B62CA67886770BD000001
S21404226000E400E0040002A80000FF3F282002A8C3
S2140422702C1002A840E002A844C002A804C001A88A
S214042280044001A8F8B5854C206B616B01400091B1
S214042290834D0846286000988249014007D0FDF720
S2140422A0FDFD002803D000989449096888478020DB
S2140422B0009901401CD0F821C90123680B4017D0AF
S2140422C0C0221201934213D880231B06EB622668B1
S2140422D00E40944F3F683F043F0F022F01D0032F58
S2140422E003D1002E01D09642F1D38F490B602860AB
S2140422F08E48007806280DDA0098CC218901014022
S21404230008D0FFF747FB04000098FDF7B5FA200055
S214042310FFF744FBF1BD0000FFFF9B0800E100E06F
S214042320E04001A85C2002A84C0002A810B5804832
S214042330016844680C407F48046080210C4205D044
S21404234041607D4801600020FDF796FA600403D5DD
S214042350802040057949086010BD00001CED00E0AF
S214042360763E000038B57648016844680C40E007BD
S21404237007D5FFF70FFB0500FDF714FB2800FFF752
S2140423800DFB7048046031BD505201A85C1002A8D1
S214042390F40302A8280002A8FFFF00C0B44000A867
S2140423A03C6000A8703E00002C4000A8384101A8FC
S2140423B0FEB5654C206C666C064001273E4216D07E
S2140423C03D0662480560206861490F60002802D017
S2140423D00021FDF7A5FC5F480068A021C9018842DA
S2140423E08041C043C00F5C4988705C480560FDF7B7
S2140423F03BFD029002210E4049D06068C2B20192B1
S214042400000A009008224B4B4C03554D0020019EB9
S214042410012E27D0022E38D1009E012E24D1EE782C
S2140424200096504E2F780C2047430020F051287811
S214042430400590277F04C719032038434A4F386065
S2140424401C604A480460301D2B780C246343484CB7
S2140424502468009FE419C45028780C23584331504C
S214042460444811E00091DCE7002E0ED1424E37605E
S2140424703C4E361D2D780C277D4370515C601C60E5
S214042480C8043E4B18603E4802603148016002981A
S214042490FDF7F3FCF7BD0000743E00001C4201A8E3
S2140424A04C6201A80200060070B5FDF7DDFC0400CE
S2140424B0FFF770FA2C490A68D20717D5294A121D65
S2140424C0304B5D7A0C2675435659294D2D681E608F
S2140424D0CE685E604968D9818021C9041B4E31608C
S2140424E0197B69185B7A0C256B43D150FFF756FAB3
S2140424F02000FDF7C2FC70BD3C5000A8D837000091
S214042500002800D0704710B50C00FDF7ADFC1E493E
S2140425100C6001221D4B1A600B6C1340FCD1FDF7B6
S214042520ACFC10BDAC0002A8785201A8403E0000E6
S21404253090C001A890E001A80CC001A804ED00E03A
S21404254090C000A890E000A800C002A8401002A80E
S21404255040E002A8404000A8763E0000402002A8C2
S2140425608D3E0000300000A860C101A894D001A8E8
S214042570200000A8F42302A860E101A880E200E09D
S214042580F41302A8843E0000008002A8409002A82B
S214042590232D302B2000686C4C0065666745464743
S2140425A000303132333435363738394142434445C6
S2140425B04600303132333435363738396162636435
S2140425C065660062675F6D65737361676520726533
S2140425D06365697665727300626762756600616337
S2140425E06C006C6C5F636F6E6E656374696F6E000F
S2140425F06C6C5F6164765F736574006C6C5F7661A7
S2140426006C696461746F720062675F6D6573736191
S214042610676500736F66745F74696D65725F6D6578
S2140426207373616765006C6C5F6164765F73796E63
S21404263063006C6C5F7363616E5F73796E630067CF
S21404264061705F706572696F6469635F6164760068
S2140426506761705F706572696F6469635F73796ED2
S21404266063006C326361705F636F635F6368616E9F
S2140426706E656C006D626564746C735F636F6E7414
S21404268065787400D8250400DE250400E2250400DD
S214042690F0250400FB250400082604001326040085
S2140426A026260400322604003F2604005026040092
S2140426B0622604007426040062676275665F696EAB
S2140426C00062676275665F6F75740062676275663E
S2140426D05F6E6F666C6F770062675F6D616C6C6FC0
S2140426E0630000000D000300020001000500010263
S2140426F003E69D350E480103CCDBFDF4AC1191F4E2
S214042700EFB9A5F9E9A7832C5E2CBE97F2D203B0E5
S21404271020008BD28915D08E1C742430ED8FC245D0
S21404272063765C15525ABF9A32636DEB2A65499CF0
S21404273080DC006C888391AAF5A53860370BDB5AD9
S2140427406083BE00000001000100050100050202CE
S214042750030002000000000002050100050000015D
S2140427600001000001000102020300020000000054
S214042770000202010002000089FF020061FA020062
S2140427804BD20300B9D103004FCB030039F8020043
S21404279085F70200DDF50200ADCF030005C6030091
S2140427A0F5FB02001DF1020069EF020003CF0300EF
S2140427B095CE03003DCE03009BCD0300E7CB03007C
S2140427C0E9EC020015EB0200CDEB020009C603009B
S2140427D0B9E80200BF01FB9D4EF3BC36D874F53948
S2140427E04138684C8BD28915D08E1C742430ED8FFA
S2140427F0C24563765C15525ABF9A32636DEB2A65FE
S214042800499C80DCE69D350E480103CCDBFDF4AC28
S2140428101191F4EFB9A5F9E9A7832C5E2CBE97F2C3
S214042820D203B0203F49F6D4A3C55F3874C9B3E3D6
S214042830D2103F504AFF607BEB40B7995899B8A630
S214042840CD3C1ABD5030040000000000BC28040033
S214042850010000006A6625D900F0490250300400E1
S21404286000000000E0280400010000004E667ECC54
S21404287000F049025030040000000000042904005F
S21404288001000000C15A6F0400F0490250300400F1
S214042890000000002829040001000000358742EBF0
S2140428A000F0490250300400000000004C290400E7
S2140428B0010000006EF10B1B00F0490270290400B1
S2140428C0809C2B8F80841E0000000000270052008E
S2140428D0E82C00200000000008340400000000007B
S2140428E0D02A0400809C2B8F80841E0000000000E9
S2140428F027005200E82C00200000000008340400E2
S21404290000000000302C0400809C2B8F80841E0066
S2140429100000000027005200E82C00200000000001
S2140429200834040000000000902D0400809C2B8FC7
S21404293080841E000000000027005200E82C0020BF
S214042940000000000C34040000000000F02E040018
S214042950809C2B8F80841E000000000027005200FD
S214042960E82C0020000000001034040000000000E2
S214042970FC4F0103783204001040010000410000BF
S2140429803C4001000000000048400100200704000D
S21404299050400100000000005C4001000D0F0000E4
S2140429A004410100FF4C00002040030100000086A3
S2140429B01FC0010000200000384001010000000094
S2140429C058400401180005004008000009000000F3
S2140429D09200040080400F018C002C0200000000CE
S2140429E01200120000808C19000000000002050E80
S2140429F01C2F4353626968615543320416100E0E49
S214042A000D0C0A080706050403030202020101016D
S214042A1001010100EC40010180B0B18CFC400301CF
S214042A209C200B00055B60804737414A0C4103013C
S214042A30B85512002A1949290908404028410101BD
S214042A40FFDD0000384107014CD4E83B04196F1041
S214042A50080E141A20262C32383E10325476980A61
S214042A601D00000070410101C00300003442010152
S214042A700008000E4842010158AA1EC0784201010F
S214042A800000008038800101114910009C80030179
S214042A90EB40020070380300D0000000A88001114B
S214042AA0F0010000A8800131055AFD01AC80011137
S214042AB0F0010000AC800131053EFD00E400010297
S214042AC06C2C511154010102C43F0000FFFFFFFFAC
S214042AD0FC4F0103C832040010400100004100000E
S214042AE03C4001001000000048400100200704009C
S214042AF050400100000400005C4001000D0F00007F
S214042B000441010003C001002040030130000046D8
S214042B101FC801000020001038400101000000001A
S214042B205840040118000500400800000900000091
S214042B3092000A0080400F018C002C020000000066
S214042B40120012005B808C1B000000000002050EC1
S214042B501C2F4353626968615543320416100E0EE7
S214042B600D0C0A080706050403030202020101010C
S214042B7001010100EC40010180B0B18CFC4003016E
S214042B809C200A0001612080B75635120C410301CF
S214042B90B8551200A01B04290888404028410101AA
S214042BA000000000384107014CD4E83B04196F309C
S214042BB0080E141A20262C32383E10325476980A00
S214042BC01D5F000070410101000000003442010155
S214042BD00008000E48420101F4811F0078420101FA
S214042BE00000000038800101114910009C80030198
S214042BF0EB40020070380300D0000000A8800111EA
S214042C00F0010000A8800131055AFD01AC800111D5
S214042C10F0010000AC800131053EFD00E400010235
S214042C206C2C511154010102C43F0000FFFFFFFF4A
S214042C30FC4F01031833040010400100004100005B
S214042C403C4001001000000048400100201704002A
S214042C5050400100010400005C4001000D0F00001C
S214042C600441010003C00100204003013000004677
S214042C701FC80100002000103840010100000000B9
S214042C805840040118000500400800000900000030
S214042C9092000A0080400F018C002C020000000005
S214042CA0120012005B808C1B000000000002050E60
S214042CB01C2F4353626968615543320416100E0E86
S214042CC00D0C0A08070605040303020202010101AB
S214042CD001010100EC40010180B0B18CFC4003010D
S214042CE09C200A0001612080B75635120C4103016E
S214042CF0B8551200A01B0429088840402841010149
S214042D0000000000384107014CD4E83B04196F303A
S214042D100A10161C22282E343A4010325476980A8A
S214042D201D5F80A4704101010000000034420101CF
S214042D300008000E48420101F4811F007842010198
S214042D400000000038800101114910009C80030136
S214042D50EB40020070380300D0000000A880011188
S214042D60F0010000A8800131055AFD01AC80011174
S214042D70F0010000AC800131053EFD00E4000102D4
S214042D806C2C511154010102C43F0000FFFFFFFFE9
S214042D90FC4F0103683304001040010001410000A9
S214042DA03C4001000000000048400100A007040069
S214042DB050400100000000005C40010000000000DC
S214042DC004410100FF4C000020400301000000867F
S214042DD01FC00100006000003840010100000040F0
S214042DE0584004016402FF0040080000010000008F
S214042DF09200080080400F018C000C0200000000C6
S214042E00D703220000000000000000000002050DA9
S214042E101A2D3F506068696357463525150D090815
S214042E200706050504040403030303020202020260
S214042E3001010101EC40010190382C8CFC40030197
S214042E409C200A00055B58804737414A0C41030121
S214042E50B85552002A194929893B404028410101A6
S214042E60FFDD000038410701E853FA0000000000C7
S214042E700000000000000000000000000000000049
S214042E800000000070410101C1030000344201014A
S214042E900000000E4842010158AA1EC078420101F3
S214042EA00000000038800101114910009C800301D5
S214042EB00000000070780300FFC00200A880011123
S214042EC0F0010000A88001310542CB01AC8001115D
S214042ED0F0010000AC800131050A0D00E400010297
S214042EE06C2C511154010102C43F0000FFFFFFFF88
S214042EF0FC4F0103B83304001040010001410000F8
S214042F003C4001000000000048400100A007040007
S214042F1050400100000000005C400100000000007A
S214042F2004410100FF4C000020400301000000861D
S214042F301FC001000060000038400101000000408E
S214042F4058400401C804FF004008000001000000C7
S214042F509200040080400F018C000C020000000068
S214042F60B603220000000000000000000002050E68
S214042F701C2F4353626968615543320416100E0EC3
S214042F800D0C0A08070605040303020202010101E8
S214042F9001010100EC40010190E82B8CFC40030188
S214042FA090200A00055B58804737414A0C410301CC
S214042FB0F56252002A194929893B404028410101FB
S214042FC0FFDD000038410701E853FA000000000066
S214042FD000000000000000000000000000000000E8
S214042FE00000000070410101C103000034420101E9
S214042FF00000000E4842010158AA1EC07842010192
S2140430000000000038800101552510009C80030153
S2140430100000000070780300D0000000A8800111B2
S214043020F0010000A88001310542CB01AC800111FB
S214043030F0010000AC800131053EFD00E400010211
S2140430406E2C511354010102C43F0200FFFFFFFF20
S2140430500C40010001810100204002000000000035
S21404306001000000304003000000000000000000E3
S2140430700000000040400200000000000040000085
S2140430806040010001010000A840010007000000A4
S214043090BC40040000000000000000000000000027
S2140430A00000000008410300FF4C0000FF4D000034
S2140430B0FF4D000020C0011000F8070020C00130BA
S2140430C0F502080024C00110FF00000024C00130EF
S2140430D00013000028C00700EC80B38343754051FA
S2140430E0A00F004830400000000000000000000070
S2140430F02E02000050C00400511130040E2D09E6C3
S21404310054060708D1B6020064C00A000430001C46
S214043110403018090D647920EBFCFB017FF6E803C8
S214043120BD4B721511A3180510325476980A000088
S2140431300000000008000101080700001800010153
S214043140AAAAAA00200001010060DA001C400101BE
S214043150100000002C400301008000000000000363
S214043160000000006840020129417671000000005A
S214043170BC4002010000000000000000E040020124
S2140431803300000000000000F440020164048307DA
S2140431908813C83A244101010000000030410201AE
S2140431A06406660C0C010000544101010101000094
S2140431B068410201640483078813820030420101D7
S2140431C00000000038420201000000000000000079
S2140431D044420101000000005442090100000000BE
S2140431E000003C0000000000000000005555555546
S2140431F0170000000000000000000000AAAA060055
S2140432007C42020100000000000000001080010162
S214043210030000003C80010101000000B0800201B0
S214043220000300023700000198000202000C0004AC
S2140432304C000000A400010200040000D0000202BA
S214043240050040AA88010000F40002020000000005
S2140432503D210811FC0001123F000000FC00013271
S21404326000540400300101026000510268010102AA
S21404327000040000FFFFFFFF1200000000008000B3
S21404328000000000BC3404006C340400000000009D
S214043290802596000048E80140420F000108F5002A
S2140432A0114950020000000014340400000000001D
S2140432B000000000000000003E420F000000000076
S2140432C00000000000000000120000000000800063
S2140432D000000000BC3404007C340400000000003D
S2140432E0802596000048E80140420F000108F500DA
S2140432F011495002000000001434040000000000CD
S21404330000000000000000003E420F000000000025
S2140433100000000000000000120000000000800012
S21404332000000000BC3404008C34040000000000DC
S214043330802596000048E80140420F000102F5008F
S214043340114950020000000014340400000000007C
S21404335000000000000000003E420F0000000000D5
S21404336000000000000000001200000000008000C2
S21404337000000000BC3404009C340400000000007C
S214043380004786000048E80180841E000101F5001D
S214043390114950020000000014340400000000002C
S2140433A0000000000000000055841E00000000001D
S2140433B00000000000000000120000000000800072
S2140433C000000000BC340400AC340400000000001C
S2140433D0841743000024F40040420F000101F50066
S2140433E055255003000000001434040000000000BB
S2140433F0000000000000000038420F00000000003B
S21404340000000000000000000300000003020000AB
S214043410030100000200000000F049020614000048
S21404342000E0930405380000A008000000005809D6
S21404343001040706100A01040707C80A000408075F
S214043440800B00040808380C000409086108000012
S2140434500000680800000000C709010404032C0BE0
S21404346001040404920C01040504000050C3000087
S214043470E62D0000D0070000D0070000F5DA0200B1
S214043480102700002C0100002C010000E5BF0000FE
S21404349010270000C2010000C201000050C3000053
S2140434A050140000FA000000FA00000050C30000A8
S2140434B0FC210000B3010000B3010000193F01061F
S2140434C0041001000001010600102700000C000093
S20C0434D00000000000000000EB
S20C0434D814EFFC7F0100000064
S2100434E0EC340400202B0020A0000000A8
S2140434EC0000000000000000FFFF0000302B00204E
S2140434FC7C0E002084ED030002010000252B010045
S21404350C00000000000000000000000000000000A6
S21404351C0F1000007C0E002033000000F52B010079
S21404352CE8030000C0EA2101C0EA21010080000083
S21404353C00F04902782B00200040070000A0000091
S21404354CE0110020C8000000FE000000000000008F
S21404355C98EE0300C80A002049A9030000000000E6
S21404356C0100000000000000100000001000000025
S21404357C2115020000000000092F020000000000C4
S21404358C00000000000000003D980300000000004E
S21404359C7D3A02000000000000000000000000005D
S2140435AC293A0200000000000000000000000000A1
S2140435BCF13A0200000000000000000000000000C9
S2140435CCA53D020000000000000000000000000002
S2140435DC554402000000000000000000FFFFFFFF3F
S2140435EC2B9A030078F50300FFFFFFFF8CF503000E
S2140435FC1BA0030017A00300FFFFFFFF1FA0030080
S21404360CFFFFFFFFFDA4030067A50300FFFFFFFFFA
S21404361CFFFFFFFFFFFFFFFFFFFFFFFF2F2A000048
S21404362C642C002000000000D02500203826002042
S21404363CA02600200000000000000000000000008F
S21404364C0000000000000000000000000000000065
S21404365C0000000000000000000000000000000055
S21404366C0000000000000000000000000000000045
S21404367C0000000003000000D0250020000000001D
S21404368C00FFFFFFFF00000051BC030055BC030005
S21404369C59BC03005DBC030000000000B90603001F
S2140436AC0000000000000000FFFFFFFF0000000009
S2140436BC20000400000000000000020010000000BF
S2140436CC00000000000000000000000000000000E5
S2140436DC0A000100000000000A000D000000456D01
S2140436EC707479204578616D706C650002000A0070
S2140436FC0800303030303030303000000200050026
S21404370C0300303030000000020008000500302EA4
S21404371C302E3000000002000800000000000000FC
S21404372C00000000FFFFFFFF04000807020017005C
S21404373CFFFF0C0000000000FF1F04010101BF8FF7
S21404374CAF7F8700370F10100004040F05140A0A05
S21404375C03010FFF0CFF0F7FC9230100A1230100F7
S8040131A920
