:020000021000EC
:10200000C80A0020A93101000309030003090300E5
:1020100095210300030903000309030003090300DA
:102020000309030003090300030903000309030074
:102030000309030040EE03004722030003090300E5
:102040000309030003090300030903000309030054
:102050000309030003090300030903000309030044
:102060000309030003090300030903000309030034
:10207000598B01000309030003090300892C0100A7
:1020800055080300030903000309030003090300C3
:1020900003090300E53901000309030003090300F4
:1020A000030903002536010005360100030903007A
:1020B000030903006DA9020003090300C5B3020070
:1020C000D7A70300D3A70300A1AB0200EDA703002D
:1020D000DBA7030095B30200DFA7030005B40200ED
:1020E000D98902009D8B020071B40200030903002C
:1020F00003090300030903000309030003090300A4
:102100000309030003090300030903000309030093
:102110000309030003090300030903000309030083
:102120000309030003090300030903000309030073
:102130000309030003090300030903000309030063
:1021400082B030BF074BD3F8F030DB0704D5002353
:102150000193019B052B01DD02B07047019B013308
:10216000F6E700BF00ED00E0F0B5114A114C124E49
:1021700000F00105E3695F0713D40DB9334213D1B1
:1021800003EA00078F4207D10B4A1A40002A0CBF0E
:1021900000206FF00100F0BD013AEBD16FF00200BA
:1021A000F9E74FF0FF30F6E76FF00100F3E700BF0B
:1021B0008096980000000350020001000B4B70B5A0
:1021C000D96911F480310DD101244FF48072084E89
:1021D000084DF46020462C641A61FFF7C5FF346493
:1021E000EC6070BD6FF00100FBE700BF0000035022
:1021F00000100350002003504FF4003238B50F4B4D
:102200000F4C9A6641F671330122E569E3630D4B89
:102210000021DA60022360612120236105F480350A
:10222000FFF7A2FF10B92120FFF79EFF0122064B06
:10223000DA600DB10023E36338BD00BF00900050A9
:1022400000000350001003500020035070B5134CE1
:102250006061E3695B071ED40E4656F8043B8D1897
:10226000A361AE420BD10423002121202361FFF79B
:102270007BFF58B9BDE870402120FFF775BF0821EA
:102280000846FFF771FF10B10423236170BD56F8B3
:10229000043BA361E5E74FF0FF30F7E70000035090
:1022A0002DE9F84315464FF40032184B89469A66DB
:1022B00041F6713203F51C33DF69DA630122064609
:1022C00003F58053DFF84C8007F48037DA6055B9A6
:1022D000284601220E4BDA601FB10022A3F50053FD
:1022E000DA63BDE8F88306F5005404EA0804A41B89
:1022F000AC4228BF2C46494622463046FFF7A6FF8F
:102300000028E6D12644A1442D1BE0E700900050B0
:102310000020035000E0FFFF00000000000000006C
:1023200007B588B10BA3D3E900230949C1E902230A
:10233000CDE900234FF0FF324FF0FF33086927F05B
:1023400016FC03B05DF804FB00220023EDE700BF9C
:10235000500B00200DD50155200000000348044B10
:10236000834202D0034B03B118477047A02D0020D1
:10237000A02D002000000000064B0749C91A891053
:1023800048BF0131491003D0044B0BB10148184735
:10239000704700BFA02D0020A02D002000000000ED
:1023A00010B5064C237843B9FFF7D8FF044B13B19F
:1023B0000448AFF300800123237010BD06280020DD
:1023C00000000000D834040008B5054B1BB10549D6
:1023D0000548AFF30080BDE80840FFF7CDBF00BF60
:1023E00000000000A80D0020D8340400A3F5803AB6
:1023F000704700BF174B002B08BF134B9D46FFF7DC
:10240000F5FF00218B460F461348144A121A28F094
:102410009BFA0E4B002B00D098470D4B002B00D0A1
:1024200098470020002104000D000D48002802D02C
:102430000C48AFF3008019F041FA200029001EF08B
:1024400092F919F029FA00BF00000800000000000E
:1024500000000000C80A0020C80A0020402900200F
:1024600000000000000000002DE9F04F0368964ACC
:1024700023F47F4323F007039342064689B000F01C
:102480001681924A934200F09681914A934240F01D
:102490001781904C904E1EF0E6F91EF0E5F98F4939
:1024A00020681FF0E0F8304611F08CFD054610B3AF
:1024B0008B4920681FF0D7F88A4920681FF0D3F8AD
:1024C0001EF0D1F91EF0D0F9874B884A0093884955
:1024D0004E2320681FF0C7F886492B46864A20689D
:1024E0001FF0C1F8284600F0E5FC844920681FF081
:1024F000BAF800BEFDE70221307811F09DFD0546D7
:1025000010B3774920681FF0AEF8764920681FF0B5
:10251000AAF81EF0A8F91EF0A7F9734B734A0093AE
:102520007349522320681FF09EF872492B46724A65
:1025300020681FF098F8284600F0BCFC6F4920681E
:102540001FF091F800BEFDE7A0220090034611465F
:10255000307811F051FD054610B3614920681FF035
:1025600082F8604920681FF07EF81EF07CF91EF0AA
:102570007BF95D4B5D4A00935D49572320681FF04E
:1025800072F85C492B465C4A20681FF06CF82846BC
:1025900000F090FC594920681FF065F800BEFDE787
:1025A0000221307811F05CFD054610B34C492068DB
:1025B0001FF059F84B4920681FF055F81EF053F9E9
:1025C0001EF052F9484B494A009349495B23206861
:1025D0001FF049F847492B46474A20681FF043F847
:1025E000284600F067FC454920681FF03CF800BE13
:1025F000FDE7C8220120114611F076FD054610B313
:10260000374920681FF02FF8364920681FF02BF853
:102610001EF029F91EF028F9334B344A009334494F
:10262000602320681FF01FF832492B46324A206889
:102630001FF019F8284600F03DFC304920681FF0D3
:1026400012F800BEFDE70121084611F063FD0546C2
:1026500010B3234920681FF006F8224920681FF0B4
:1026600002F81EF000F91EF0FFF81F4B1F4A0093FE
:102670001F49642320681EF0F6FF1E492B461E4AA0
:1026800020681EF0F0FF284600F014FC1B4920686B
:102690001EF0E9FF00BEFDE71EF0E5F81EF0E4F8CD
:1026A0001749206809B0BDE8F04F1EF0DCBF0027D5
:1026B00090F816A090F90D9000F11708BA4521D8AE
:1026C00009B0BDE8F08F00BFA0000500A000060122
:1026D000A0000100E40E0020782D002002EA030093
:1026E0008FEA030033EA0300D2EA030038EA03006A
:1026F00041EA030050EA03004DEA030065EA0300E3
:1027000076EA030018F80750002DD9D008EB07042B
:102710006378FF2B48D1192D46D9A3784C2B43D190
:10272000E378002B40D12379022B3DD16379152B1F
:102730003AD10DF1100C62464A4B03F1100BE646FC
:10274000186859680833AEE803005B45F446F6D1D3
:10275000002107F11C03334412F8010B13F801CFD9
:10276000844521D101311029F6D194F91A304B4515
:102770001ADAA27DE37D53EA022219D03A4B3B4993
:10278000012A0CBF9B468B46227E647E03921EF07C
:102790006AF81EF069F8039A35485B4635490068C7
:1027A00044EA02221EF05FFF01353D44EFB285E7A7
:1027B000DFF8E8B0E8E7304C0221207811F03CFC6B
:1027C000054618B32A4C2D4920681EF04CFF2C49B1
:1027D00020681EF048FF1EF046F81EF045F8294B11
:1027E000294A00932949B12320681EF03CFF28495B
:1027F0002B46284A20681EF036FF284600F05AFB78
:10280000254920681EF02FFF00BEFDE70221207839
:1028100011F026FC054600283FF452AF144C17492E
:1028200020681EF020FF164920681EF01CFF1EF0D5
:102830001AF81EF019F8134B134A00931349B423E6
:1028400020681EF010FF12492B46124A20681EF025
:102850000AFF284600F02EFB0F4920681EF003FFF8
:1028600000BEFDE7C1EA0300FEE90300F3E903004F
:10287000E40E002091EA0300782D00208FEA030087
:1028800033EA0300D2EA030038EA030041EA030016
:1028900050EA03004DEA030065EA0300F0E9030093
:1028A0000022014B1A807047CC27002010B52BF076
:1028B00092FE054A148814B1631E012413802BF084
:1028C00085FE204610BD00BFCC27002030B5036830
:1028D0007E4A23F47F4323F00703934289B040F0FC
:1028E000F380062200211620794B0EF019FD0446D4
:1028F00018B3784D784928681EF0B5FE77492868E6
:102900001EF0B1FE1DF0AFFF1DF0AEFF744B754A17
:10291000009375496C2328681EF0A5FE7349234671
:10292000734A28681EF09FFE204600F0C3FA7149E2
:1029300028681EF098FE00BEFDE70146082212201E
:102940006D4B0EF0EDFC044618B3624D62492868E9
:102950001EF089FE614928681EF085FE1DF083FF88
:102960001DF082FF5E4B5F4A00935F497823286821
:102970001EF079FE5D4923465D4A28681EF073FE0D
:10298000204600F097FA5B4928681EF06CFE00BEF6
:10299000FDE7014603221420584B0EF0C1FC05460A
:1029A00018B34C4C4C4920681EF05DFE4B49206822
:1029B0001EF059FE1DF057FF1DF056FF484B494AC7
:1029C00000934949862320681EF04DFE47492B4657
:1029D000474A20681EF047FE284600F06BFA45493A
:1029E00020681EF040FE00BEFDE70DF10F0104A8B7
:1029F00011F05AFB044618B3364D374928681EF0CB
:102A000032FE364928681EF02EFE1DF02CFF1DF008
:102A10002BFF334B334A00933349952328681EF02C
:102A200022FE32492346324A28681EF01CFE204608
:102A300000F040FA2F4928681EF015FE00BEFDE7A1
:102A4000BDF8143001465BBAADF818309DF813306C
:102A500008228DF81A30FF238DF81B30FE238DF8E5
:102A60001C309DF8123018208DF81D30BDF8103044
:102A70005BBAADF81E3006AB0EF052FC054618B33B
:102A8000144C154920681EF0EEFD144920681EF014
:102A9000EAFD1DF0E8FE1DF0E7FE114B114A009320
:102AA0001149A52320681EF0DEFD10492B46104A6F
:102AB00020681EF0D8FD284600F0FCF90D4920687A
:102AC0001EF0D1FD00BEFDE709B030BDA000010041
:102AD00052EB0300E40E00208FEA030033EA030008
:102AE00012EB0300E1EA030041EA030050EA0300AD
:102AF0004DEA030065EA03004AEB030047EB0300DD
:102B0000064B1B681A7A022A04D812B11B68044AC1
:102B100013607047032AF9D0704700BF2C2B0020A8
:102B2000C00D002070B5274DA8B012AC0FCD0FC45A
:102B300095E80700032384E807008DF86130292316
:102B4000214A2249CDE90323214B0024CDE9051375
:102B50004FF4807307934FF4A023CDE909440B94FD
:102B6000089319AD08AE0FCECDE90E4410940FC5F1
:102B7000184B0DAE2B60184B1EAD0D930FCE0FC52D
:102B80002020164B19A92B60154B12AA2393154B25
:102B90002694CDE92403144B14482793144B009337
:102BA00003AB05F0C7FB04469DF897304FF4E130C6
:102BB000002B0CBF032100211DF095FE204628B0FC
:102BC00070BD00BF8CED030000000650000500063C
:102BD0000008000724000650020005003C000650D3
:102BE0000728002000010100402B00207C0E00205F
:102BF000C40D0020831E012B10B50C4619D80129E5
:102C00000DD8184B04221B6905210020C3F3401383
:102C100003F048FB24B1144B18680368F3B910BDE6
:102C2000114B18680368002BF9D0BDE8104005F07F
:102C30004FBB8B1E012B0CD80128F0D8BDE81040EB
:102C40000022084B05211B691046C3F3401303F013
:102C500029BB0029E4D00129DDD0E0E7BDE8104020
:102C60001EF0D0BE00C00350542B002008B504490C
:102C7000044805F055FDBDE80840FFF753BF00BF0D
:102C8000582B0020A40E002001481EF040BF00BFBA
:102C90007C0E0020014B5A6A186810477C0E0020F9
:102CA000044B834205D1044B1B7813B1C8B211F019
:102CB000EBB97047AC0E00202728002030B5002566
:102CC00003685A4A23F47F4323F0070385B09342F5
:102CD00004460295ADF80C5000F0828002F1C0620B
:102CE00002F5802293420DD0514A934240F09C80DD
:102CF000504B1B78002B00F0978005B0BDE83040AA
:102D00001FF09DBAB0F805301B2B40F08D80FF23DB
:102D100004A91A4611E903001DF09EFD012814BF05
:102D200041F2FC15434B05F0FC0208BF18701B2153
:102D300020790EF00BFB054618B33F4C3F49206845
:102D40001EF091FC3E4920681EF08DFC1DF08BFDAD
:102D50001DF08AFD3B4B3C4A00933C4959232068B7
:102D60001EF081FC3A492B463A4A20681EF07BFC53
:102D7000284600F09FF8384920681EF074FC00BE19
:102D8000FDE7364900902379354A0968354800F057
:102D9000EDF80546002847D0274C284920681EF04A
:102DA00062FC274920681EF05EFC1DF05CFD1DF0F2
:102DB0005BFD244B244A00932449622320681EF0C3
:102DC00052FC23492B46234A20681EF04CFC28461F
:102DD00000F070F8204920681EF045FC00BEFDE7B9
:102DE000B0F80530B7EE047A07EE903AF8EE677A5D
:102DF000B0F8073067EE877A013307EE103AB8EE85
:102E0000C77A67EE877AB1EE047A67EE877AFAFEC0
:102E1000677AFCEEE77A17EE903AB3F57A7F38BF1F
:102E20004FF47A730D4A136005B030BDA00006025E
:102E3000A000060127280020E40E00208FEA0300EE
:102E400033EA030018EE0300A8ED030041EA030093
:102E500050EA03004DEA030065EA0300602B0020FE
:102E6000A12C0100AC0E0020012208B5074B1A70FE
:102E70000022074B1A700422064B1A701F22064BC1
:102E80001A7004F007FF054B186008BD7B2D002069
:102E9000282800207A2D0020792D0020E40E002023
:102EA000024B034918681EF0DEBB00BFE40E002091
:102EB00038EE030070B50C4C0C49064620681EF035
:102EC000D2FB04F0E7FE0546206804F0D7FE30464A
:102ED000FFF7E6FF284604F0D1FE20680449BDE86C
:102EE00070401EF0C0BB00BFE40E00203AEE0300AD
:102EF0003CEE030038B505462BF076FB00230B4A69
:102F000014685CB1AC4206D1A96A6BB199622BF02E
:102F100066FB012007E02346A46AF2E7002DF3D008
:102F20002BF05DFB204638BD1160F0E7E80E002075
:102F300010B50446B0B12BF0C7F82046FFF7DAFF12
:102F400010B194F82C300BB9002010BD064C23684A
:102F5000002BF9D02BF048FB2368013B23602BF0BA
:102F60003EFBF1E72220F0E7EC0E00202DE9F043D4
:102F700085B00546914698460E469DF8307009B9D1
:102F8000002F5CD12846FFF7D3FF0446002836D136
:102F900085F82C00686305F09DFD864233D92BF03F
:102FA00027F92146844640F2E7304FF47A72002335
:102FB000E6FB0C0118F0E0FA4FF0FF32002318F0A6
:102FC000DBFA2B46E88611462846CDE900441D4A27
:102FD0002BF0A8FC044690B9C5E9089885F82D7037
:102FE0002E632BF001FB184A136833B31A469B6A11
:102FF000002BFBD195620023AB622BF0F0FA204648
:1030000005B0BDE8F08347B12B4631462846CDE9EF
:1030100000440C4A2BF03EF9DCE7304603A92BF0C4
:10302000EDF804460028EAD12B462846CDE9007782
:10303000044A03992BF052FCCCE71560DBE721240E
:10304000DDE700BF4D300100E80E002091F82C3084
:1030500013B50C4683B98B8ECA8E93420ED243B9F8
:10306000CDE9003320460B46124A4FF0FF312BF0DA
:1030700019FCA38E0133A38602B010BD52B191F8A2
:103080002D3093B101230093D1E908232046096B29
:10309000FFF76CFF012384F82C30074B1A680132CC
:1030A0001EBF1A6801321A60E6E708462BF00CF8DA
:1030B000F0E700BF4D300100EC0E00202DE9F0419B
:1030C000154E336833B34FF00008144F2BF08CFAD1
:1030D00005463C6824B92846BDE8F0412BF07FBA8C
:1030E00094F82C30A3B1336884F82C8013B1336882
:1030F000013B336094F82D3013B92046FFF7FAFEF8
:1031000028462BF06CFAD4E9083120469847DDE7D1
:10311000A46ADFE7BDE8F081EC0E0020E80E002095
:10312000034B1B68002B14BF04200120704700BF15
:10313000EC0E0020024B1868B0FA80F0400970478E
:10314000EC0E002008B503482BF02FFBBDE808402B
:103150001DF036BB48EF030001482BF026BB00BF33
:1031600048EF030007B508201DF0EFFB0222064BD5
:103170006846CDE900231DF07AFB082003B05DF816
:1031800004EB1DF0EDBB00BF006A18100348044AB1
:103190000449121A92101DF0B5BB00BF4021010076
:1031A000202301004029002008B5154B83F30A882D
:1031B00000F030F8FFF7EAFF124B13498B4212D3AD
:1031C0000020124B12498B4218D3FFF713F91868ED
:1031D00050F82240586840F82240013298688242F4
:1031E000F5D30C33EAE70022F8E71C6844F8220024
:1031F00001325C68A242F8D30833E4E70022F8E722
:1032000008000020E0340400EC340400EC34040036
:10321000EC3404004FF40041134B144A70B59A602B
:10322000D3F88820124D42F47002C3F88820114A66
:1032300005F5005491664FF0FF3222664FF6DF72BB
:1032400062660222C3F8D020BFF34F8FBFF36F8FA7
:103250004FF44036032004F003FD0320E66004F041
:10326000E3FC2E6170BD00BF00ED00E00020010016
:103270000080004400900050014B1860704700BF70
:10328000682B0020054B1860054B1B6F03F00703EC
:10329000032B01D12AF08AB8704700BF702B0020A1
:1032A0000080005000239B6AB3F5903F03D2196859
:1032B000064A914203D000230370836070470122C5
:1032C00002709A689B694260F7E700BF07B0CD5E65
:1032D00000239B6A10B5B3F5903F11D219680A4AD2
:1032E00091420DD1094C227812F0FD0F01D000203F
:1032F00010BDDB6998470028FAD101232370F6E757
:103300004FF48170F4E700BF07B0CD5E292800209C
:10331000024B034A1A601EF056B900BF000000209D
:1033200002020FF0BFF34F8F0549064BCA6802F443
:10333000E0621343CB60BFF34F8F00BFFDE700BFD8
:1033400000ED00E00400FA05002307B529480193C9
:103350002BF02BFA4FF44073012204216846ADF89C
:10336000003000F0C3F80122234B0520C3F84424A9
:1033700001A92BF015FA002839D1204BD3F8F02001
:1033800042F00102C3F8F020D3F8FC2042F0807232
:10339000C3F8FC201A4AA3F55D431A60019B194A41
:1033A00003F5D52303F2FC43B3FBF2F3164A013BCA
:1033B00013610223C2F8F0304FF48073C2F8043373
:1033C0004FF06043114AC3F8B02F114AC3F8802E62
:1033D000D3F8002E42F48072C3F8002EFF2283F847
:1033E0002020D3F8002E22F48072C3F8002E03B000
:1033F0005DF804FB48EF030000D0035000ED00E04F
:10340000FF030040F8590D00000004E055CEACC5A4
:10341000090001004FF06043D3F8802E30B5D20789
:1034200015D501240B4D8440D5F8FC2042F0807264
:10343000C5F8FC20D3F8002E2243C3F8002E53F821
:103440002020002AF0D003F82010002030BD1120E9
:10345000FCE700BF00ED00E02DE9F04104460C253B
:103460004FF00108124E0CB314F001000BD00020F5
:1034700024F0010405FB00625768002FF3D0916827
:10348000C0B2B847EFE72246013020284FEA520287
:1034900001D0D307F8D508FA00F20F2824EA020475
:1034A000E8D9103805FB0062B432E5E7BDE8F081E9
:1034B000F00E002008B50C482BF077F9192004F025
:1034C000C1FB28B1192004F0CBFB192004F0ACFBA0
:1034D0001A2004F0B7FB28B11A2004F0C1FB1A200F
:1034E00004F0A2FB002008BD48EF03002DE9F041E5
:1034F0000E461746054610B30F2922D80378DBB1D4
:10350000013BDBB2022B1CD8104AD35C6A78D34053
:10351000DB0716D50E4BD3F81043A4B92BF064F893
:1035200080463A462846314603F06EF940462BF075
:1035300056F82046BDE8F08140F2FF13E6E722246A
:10354000F7E72124F5E70224F3E700BF90EE03003C
:1035500000C0035010B5044608B30378E3B1013B43
:10356000DBB2022B1DD8104AD35C6278D340DB0754
:1035700017D52BF039F80122617823788A40302161
:103580004B4341F2100103F1A04303F570335A504D
:103590002BF025F8002010BD40F2FF13E5E72220B4
:1035A000F9E72120F7E700BF90EE030010B50446CD
:1035B00008B30378E3B1013BDBB2022B1DD8104AFC
:1035C000D35C6278D340DB0717D52BF00DF80122CE
:1035D000617823788A4030214B4342F2100103F195
:1035E000A04303F570335A502AF0F9FF002010BDB4
:1035F00040F2FF13E5E72220F9E72120F7E700BFBB
:1036000090EE030008B503F0F5F8054B00F05530D7
:1036100020F05020C3F82004BDE80840FFF71CBF8D
:1036200000E0035008B503F0E5F8054B00F0AA30C0
:1036300020F0A020C3F82004BDE80840FFF70CBF2D
:1036400000E003502DE9F04F9A46564B85B01B78A9
:1036500006460F461546DDF83C909DF844B0DDF86F
:103660005080002B00F09780072A00F296800E9B76
:10367000002B00F09280B9F1000F00F08E80129BB9
:10368000B3F5006F00F38980012803D1109B002B54
:1036900000F08380444B03EB05131B7B002B7ED093
:1036A000424C10220021684627F04EF904EB4514E5
:1036B0001022A7BB3946204627F046F943F21003F3
:1036C0006380BBF1000F03D1E37843F00303E370A1
:1036D000364A0E9B02EB451CCCE90193129B690113
:1036E000581E9DF84C30C0F30A0003F003039B06FC
:1036F00043EA001E53582E48012E00EA03004EEA0A
:103700000003CDF800A0535017D0B8F1000F2ED110
:103710009CF8023068F304138CF8023027E0002193
:10372000204627F011F94FF444736380BBF1000F7A
:10373000CED1E37843F03003C9E713230CF1100E28
:10374000CCF80C309CE80F008EE80F006FF00301FE
:10375000DCF81C20109B61F39F02012FCCF81C2089
:10376000CCF8143003D1CCF81890CCF804300027F2
:103770000D4A290102EB051342F80180159A2846EB
:103780005A60694622469F605E7302F01FFE38460B
:1037900005B0BDE8F08F0748FAE70748F8E70748A3
:1037A000F6E700BF2A2800205811002058100020FA
:1037B0000F80FFF3028000F0018000F0078000F02E
:1037C00038B5124B05461B78DBB1E0B12AF00CFF8F
:1037D0000F4A00231146147B54B92B6001251A01AE
:1037E00001EB03131D738C502AF0F9FE204638BDFF
:1037F0000133082B02F11002EDD12AF0F0FE05484A
:10380000F5E70548F3E70548F1E700BF2A2800205F
:1038100058110020048000F0028000F0018000F0C8
:1038200038B52AF0E1FE002305460B4A147B6CB93B
:103830000133082B02F11002F8D102F073FD074B9F
:1038400028461C702AF0CBFE204603E028462AF0CA
:10385000C6FE034838BD00BF581100202A280020AA
:10386000058000F00D4B10B51B78044693B1072876
:1038700012D82AF0B9FE0A4B03EB04131A7B2AB1C3
:1038800000241C732AF0ABFE204610BD2AF0A7FED0
:103890000448FAE70448F8E70448F6E72A28002035
:1038A00058110020068000F0028000F0018000F036
:1038B000154B13B51868002301908DF804302AF0D9
:1038C00093FE124B1C7824B12AF089FE104802B0F6
:1038D00010BD01221A702AF082FE0E4B01A81C7343
:1038E0001C7783F82C4083F83C4083F84C4083F8E5
:1038F0005C4083F86C4083F87C4008238DF80730E7
:1039000002F034FD2046E2E793EE03002A2800206F
:10391000038000F058110020F8B50D4D2D7885B1C9
:10392000072810DC0B4D060105EB0014277B67B15F
:10393000AB510025069BA560636002F047FD284659
:10394000F8BD0548FCE70548FAE70548F8E700BF79
:103950002A28002058110020028000F0018000F089
:10396000078000F00A4A08B512785AB107280BD828
:10397000084A02EB00131B7B43B1002102F0E8FC74
:10398000002008BD0448FCE70448FAE70448F8E7CB
:103990002A28002058110020028000F0018000F049
:1039A000078000F00A4A08B512785AB107280BD8E8
:1039B000084A02EB00131B7B43B1012102F0C8FC53
:1039C000002008BD0448FCE70448FAE70448F8E78B
:1039D0002A28002058110020028000F0018000F009
:1039E000078000F0184B2DE9F0411F6D5B6D1F4003
:1039F00000D5FEE701260025144CDFF85880374239
:103A000018D02368C8F85060A3B1A16828460131D6
:103A10006268A1609847637B012B0BD150B90C4BB6
:103A200003EB45131A7B60F341021A731A7F60F3AC
:103A300041021A770135082D4FEA460604F11004B9
:103A4000DDD1BDE8F08100BF000004505811002016
:103A500058100020002004502DE9F04F1446054670
:103A60000E469B46C36B87B001225B6902A9606862
:103A70009847EB6B01225B6903A93046984702A87F
:103A80001DF091FB074648B10023A37563754FF005
:103A9000FF33A360002007B0BDE8F08F03A81DF03E
:103AA0008FFB0123A375237E04EBC303DE611F8418
:103AB0006368B3420ED1206003A81DF0A3FB4FF052
:103AC000FF332075A360237D043B022B26D80023FF
:103AD000A375DFE723681A1A53425341A37503A85D
:103AE0001DF090FB237D834218BFA77503A81DF02E
:103AF0006BFB074602A81DF067FB874218BF002337
:103B000003A818BFA3751DF067FB074602A81DF0A8
:103B100063FB87421CBF0023A375D4E703A81DF0F5
:103B200053FB80B1EB6B022230465B6904A99847D6
:103B300004A81DF058FB0346207D032839D8DFE890
:103B400000F03838040903A8F3E7CC22237E04EB05
:103B5000C3031A8401F0EAFA109B187003A8277EA9
:103B60001DF026FB04EBC70787F82200237E03A87D
:103B700004EBC303B3F8209093F822701DF024FBEC
:103B8000804603A81DF028FB8246B8F1000F15D02F
:103B9000EB6B022230465B6904A9984704A81DF02C
:103BA000E7FA6075637D6BB90023A3754FF00008D9
:103BB00038E0227E04EBC2021384CBE703A81DF099
:103BC000C2FAEEE794F81680B8F1000FEED0B9F122
:103BD000000F09D1DFB10123E375637E002B4FD1C4
:103BE000012F42D1677614E06B6C06EB0A02594252
:103BF00086EA020008421CBF0021A175591E0A4036
:103C00009B1A9945D0D8A37D002BE3D1CEE7E37D65
:103C100043B94FF000084B465246314628461DF046
:103C200000F8A060A27D12B123694B4423611A49B8
:103C3000237E097899422AD901332376BBF1000FFC
:103C400027D032B3E37D23B3B8F1000F21D1032F86
:103C50001FD0A1684B1C1CD0109B22460093284605
:103C60000123FFF7F9FEA07513E095F8343063B92E
:103C7000EB6A0133CFD1032FCDD10123A376C8E75F
:103C8000012FCFD0032FC4D1F7E79846C3E7002315
:103C9000A375A07DFFE600BFB8EE03002DE9F04F4D
:103CA0000E46984600238BB004464FF0FF31104675
:103CB00017468DF8133001F023FAB6F5801F3BD379
:103CC000B21C53D1E56A6B1C57D12046616A1CF0C7
:103CD000EEFE0546B31C18BF0123DFF810910193D7
:103CE000636A626C0293236805A902FB053AE36BE1
:103CF00005225B695046984705A81DF0EFFA1DF0B4
:103D000012FB50461DF01AFB4FF0000B8246014695
:103D10004B1C05D0636C81EA0A025B42134232D02D
:103D2000294620461CF0C3FE029BAB424DD0BBF19E
:103D3000000F4DD10546D3E7314605AA04F108002E
:103D40001DF07FF90146481C10D0384601F0D8F923
:103D50000122394620460DF113031CF0B4FF28B1AF
:103D60009DF8133088F80030002003E0237C002BFE
:103D7000A8D12D200BB0BDE8F08F2368ED1A636C3D
:103D8000B5FBF3F5A6E7484601F0BAF90DF11303C8
:103D900049462046019A1CF096FF034690B1B21C9A
:103DA00003D0D9F80020B2420CD19DF81320039320
:103DB0000D4B88F8002049461A68384626F02CFD3D
:103DC000039B9B46D9F80810A2E7BBF1000FD0D0A7
:103DD000B6F5801FC8D2314698F800307A6804F1F1
:103DE000080001F0BBF8BFE7B4EE03004C18002058
:103DF0002DE9F3410446174698460E46194D816A4F
:103E0000E36A8B422AD04B1C18E0284601F078F96F
:103E10000122294620460DF107031CF054FF30B162
:103E20004346294620469DF80720B847B0B1A96807
:103E30004A1C05D0012E0AD0E36A9942E5D10DE073
:103E4000696820461CF0C0FE012E0146D8D16B687F
:103E500081EA0302636C5B421A42D1D002B0BDE832
:103E6000F08100BF201800202DE9F04F4FF0FF3304
:103E70004FF6FF720025044600F10806C0E9092349
:103E80008BB0C3620562056330460F461DF0AAF889
:103E900020461CF0DCFD20BB204639461CF057FEB6
:103EA00020461CF0D4FD20BB5E200BB0BDE8F08F97
:103EB000E26B2368606CD2F814C000FB0530052269
:103EC00005A9E04705A81DF009FA012828D12946CF
:103ED00020461CF00DFE421C294620461CF0D6FD53
:103EE0000135E3699D42E3D320461CF0B0FD002874
:103EF000D2D000254FF0FF394FF6FF73CA46A846CF
:103F0000C4E90853E369984514D3A5EB0905012DCD
:103F100036D84FF6FF72636A934246D16720C4E7F2
:103F20001DF006FA0028DBD0294620461CF0E0FDF3
:103F30000246D1E72368E26B606C576900FB0830EA
:103F4000052205A9B84705A81DF0C8F9834605A8AC
:103F50001DF09BF9074658461DF0E5F968B1574535
:103F600038BFC4F82480B94528BFB946BD4238BF20
:103F70003D46BA46236A0133236208F10108C1E7CE
:103F80004FF6FF7300256362E3699D42C1D2676CFF
:103F90002068E36B052207FB05005B6905A99847CC
:103FA00005A81DF072F90135EEE7E26B676C206839
:103FB000694607FB030055690522A84768461DF0BE
:103FC00064F9626A2368606C4B4D00FB02301DF09F
:103FD000B5F94FF0FF33A062E3622A466FF00101AA
:103FE000204605ABFFF75AFE002846D1AD682946AA
:103FF0002046E5621CF007FD206320B92046E16AF7
:104000001CF0E2FDE062294620461CF0DDFD05467D
:10401000A36A9D4233D120461CF0C8FC002780468D
:10402000B946E36999453CD3B84559D92046616AF8
:104030001CF03DFD0026054604F1400AB74212D8A7
:10404000626C2368694602FB0539E36B05225B69F4
:104050004846984768461DF018F9534602464946B7
:10406000E06B1DF06DF9294620461CF020FD01365D
:10407000B0450546E2D1642017E7A56AB7E72946AF
:1040800020461CF0C0FC236B2946034407462363EB
:1040900020461CF099FD0546002FB9D1C4E90B0755
:1040A000B6E7636C2568052203FB0955E36B05A998
:1040B0005B692846984705A81DF010F91DF033F9F3
:1040C00058B128461DF03AF9014620461CF09BFCE9
:1040D000636C143B984208BF013709F10109A0E75E
:1040E00030461CF07FFF002320461946034AFFF7A5
:1040F0007FFE0020D9E600BF78180020B50C030031
:104100002DE9F041036B9046826B07689A4288BFA5
:104110008363426C436A90B002FB0377C36B0E4625
:10412000052201A95B6904463846984701A81DF09D
:10413000D5F801280146307057D0656CE26B2368D2
:10414000606AD2F814C005FB0030052206A9E047DA
:1041500006A81DF0C3F801284FF0000523D0D4E9CC
:104160000A3201219342CDE90B458DF834800E953A
:104170008DF83C102AD1194620461CF025FD236BF2
:10418000626C14339B1AE06223630C9B53B99DF855
:104190003C303BB1626A616C2368E06B01FB023129
:1041A0001DF054F80C9DE36B05225B6901A93846AC
:1041B000984701A81DF092F830702846236BA26B37
:1041C0009A4288BFA36310B0BDE8F081237C33B965
:1041D0001C490BAA04F1080000F00EFFD5E72046A9
:1041E000194A0BABFFF704FECFE7237C23BB224623
:1041F000164904F1080000F0FFFE616A20461CF039
:1042000077FC616A421C20461CF040FC054620B940
:10421000236B626C1344143B23632046A16A1CF099
:10422000D3FC2368A062C01A636CB0FBF3F0606239
:1042300020461CF00CFDB6E700232046044AFFF799
:10424000D7FDDAE775490100F14801004F0D030081
:10425000EB0C030073B50D46D11E4A421C461B7E73
:104260004A419A4226D129682368994222D3636839
:1042700099421FD8114E0DF107033246FFF70EFD8C
:10428000C0B972686B689A4214D19DF80730DA1E83
:1042900053425341227E93420CD1636901336361DF
:1042A000D4E90323934205D22968A26842F8231077
:1042B00001332361012002B070BD00BF78180020D7
:1042C0002DE9F04F9A468BB09DF85030DFF850B191
:1042D0000293DBF81030804653450D461646C0F079
:1042E0009980D146DBF804300193B9F1000F00F05A
:1042F0008D80D8F83C3001225B6907A90198984766
:1043000007A81CF05DFFDBF80030984240F0858084
:1043100007A81CF061FF0428074614D107A81CF069
:1043200062FF019B029A04463B44002A3FD1864229
:1043300012D91446361A404601991CF045FCA9EBE7
:1043400004090190D1E7D8F83C3002225B6901985A
:1043500008A9984708A8E2E7841B544528BF54469B
:10436000032C03EB0607AAEB040A4FEA94021CD9BC
:10437000D8F83C30294638465B69984724F0030357
:1043800004F003061F441D44002ED4D0D8F83C305E
:1043900001225B6908A9384698473246284608A991
:1043A000354426F039FA0026C5E72646ECE70746ED
:1043B00000F00302039203442A1804920593049B1D
:1043C000DD1B059BD81B039B9F420FD1002FB2D052
:1043D000D8F83C30012208A95B6998473A4628463C
:1043E00008A926F087FA78B93D44A4E7D8F83C300C
:1043F000012208A95B6998470422284608A926F0EB
:1044000079FA08B9043FDAE74FF0360948460BB0AD
:10441000BDE8F08F4FF06309F8E74FF06F09F5E75B
:10442000A41800202DE9F0410F4616469846044690
:1044300088B060B390F83450FDB101211CF0FCFA53
:1044400000210E9BCDE90511CDE902379DF83C30E6
:10445000CDF804808DF81C30237C04968BB90D496F
:1044600001AA04F1080000F0C7FDDDE90553E06B87
:10447000002E08BF1D461CF078FC284608B0BDE899
:10448000F0812046044A01ABFFF7B2FCEDE7054698
:10449000F3E700BF190D0300554201002DE9F04F6D
:1044A00099B00F4609920A69416C0E931439D31DD5
:1044B000B3FBF1F3013302EBC302036B04469342F7
:1044C000C0F0B3810023DFF824940D93E36A4846DB
:1044D0001946079300F014FED7E9033604930E9BA8
:1044E000022B4ED1CC2E40F08A81099B002B42D06A
:1044F000394620461CF097FC656C079A6B1E1340EA
:104500001490ED1AE36B01225B6916A9786898474D
:1045100016A81CF059FE00280CBF04230823782E8F
:1045200006933DD9012300254FF0080A05933B6807
:1045300005990E98C9F80030C9F810601CF066FEA5
:104540004FEA9A0310930023DDF81CB089F8140099
:104550000B930F9308930C93616C4A1E0BEA0202B3
:104560008B1A002E38D05544AB4240D8236B5B1ACF
:1045700013442363ABE0049B1B6814930823069346
:10458000D0E7656C079A6B1E1340782EA5EB0305E8
:1045900016D8FB7D7BB9099B002BB3D1042306936E
:1045A000331DAB4210D9A6B1082DBBD8042500237A
:1045B000AA460593BBE7099B002BA3D10823EEE78E
:1045C000099B002B9ED1D9E7002505954FF0040AE1
:1045D000ADE704250596F9E75345C7D3B0460BEB85
:1045E0000A030393089B002B18BF032313E0A3EBDC
:1045F0000A039E42B0460BEB0A0228BF98469E4231
:104600000392EFD90123D9F8102089F81730964288
:1046100071D1C9F804B0089399F81730002B6CD009
:1046200099F818200899D31C09EBC3030132C3F889
:1046300004B0A3F80880997289F81820B8F1000F27
:1046400014D00E9B022B5BD10B9B7BB90F9B434479
:10465000032B0BD9E36B01229B69039814A998479C
:104660000546002840F0E38001230B93089B16A821
:104670000193059B009399F814204346396800F094
:10468000F5FCE36B58469B69109A16A99847051EDE
:104690000D9B18BF5B4652460D9359464346204634
:1046A0001CF0BFFA236B08F10302A3EB0A0322F00C
:1046B00003029B1AC9F808002363002D40F0B7805D
:1046C0000F9BDDF80CB04344A6EB08060F93594648
:1046D00020461CF079FA00258346002E7FF43CAF7B
:1046E000824A3968936804F10800E36252680E9BBD
:1046F00000F034FC84E002238DE7C9F804B09DE7A4
:10470000099B002B30D1049BB8F1030F43440A935B
:1047100027D9DDE90301E36B4FEA98029B699847CB
:104720000546002865D118F003025FD0049B28F0ED
:1047300003052B440493039B1D444FF0FF3304995E
:1047400015A8159326F068F8E36B28469B690122AB
:1047500015A9984705460A9B0493002D86D0039B14
:1047600099E74246039DE8E7039B0A9307F120037C
:104770001193FB7D78689BB100233D7E0C9AD9B2E2
:104780008D4211D9119903F1010C31F83310914286
:1047900026D9069907EBC303D8690A44104403E0FD
:1047A0000C9B069A13441844E36B01225B6915A91C
:1047B0009847159B012213930C9B0A9804330C9382
:1047C000E36B13A99B699847039B0A9A43449B1A7E
:1047D000042B054607D978B9134604330A93C8E772
:1047E0006346521ACBE70A9B0393B6E70A9B0493EE
:1047F0003CE70A9B0493B2E70A9B0393AFE770265A
:10480000304619B0BDE8F08F4FF0000A4FE03A692A
:10481000616CD31D1439B3FBF1F3013302EBC30216
:10482000236B9342BFF452AE5DE01C26E8E73D2DBA
:1048300059D104F1080303932368079A606CA2EB33
:10484000030ABAFBF0FA00FB0A301CF077FDE16ABC
:10485000804620461CF0B8F9A26A8242D7D0626C2A
:10486000D9F80830511E0B40216B2668891A0B4479
:1048700023630D9BE0629E1BB6FBF2F6B245C3D1EB
:10488000079BB3EB080A12D0E36B4FEA9A0241464A
:104890009B6998478346E36A079A5344E362236B14
:1048A00003989B1A434423631CF09CFBDA4623685D
:1048B000616CE06B01FB06311CF0B5FC20461CF07E
:1048C000C6F820461CF0C3F92063BAF1000F9ED051
:1048D0003A69616CD31D1439B3FBF1F3013302EB78
:1048E000C3029042A8D22E468AE700BF4C1800208F
:1048F000032A2DE9F34106460D4617461C4606D10C
:10490000237A012B23D0012002B0BDE8F081DFF82B
:104910006080096842460DF10703FFF7BFF9606048
:104920000028EDD19DF80720237A032AE8D0D8F893
:1049300004106A689142E3D1012B2969D4F80CC0B4
:1049400007D172690CEB0103934202D92074207CD9
:10495000DAE708316144E1603B46012229463046EE
:10496000FFF79CFD60600028CAD00020CCE700BFA4
:10497000781800202DE9F341089C032A1746266881
:1049800006D1237A012B24D0012002B0BDE8F081AA
:10499000DFF89080304642460DF10703FFF77EF9BD
:1049A00060600028EDD12568D8F80400A96AD5F820
:1049B00044C04840CCF100031840227AE1D1012ADA
:1049C00009D1E268D8F8103013447269934202D9D1
:1049D0002074207CD9E72868EB6A1B1A081AB3FBFD
:1049E000FCF3B0FBFCF083420BD1706CF36A421E07
:1049F0001340326B121A1344284633631CF0E4F858
:104A0000E862D8F81020E36808321344E36001221A
:104A10003B4604492068FFF741FD60600028B0D0A4
:104A20000020B2E7781800202DE9F0410025634B03
:104A30000E46D3F8008004461D6018B9212528468B
:104A4000BDE8F08190F8347007B30A6803689A42B1
:104A500040F0AA804A6843689A4240F0A5808A687C
:104A600083689A4240F0A080CA68C3689A4240F0C6
:104A70009B800A6943699A4240F096808A69C36BB9
:104A80009A4240F091804B698361D8E768223946A9
:104A9000856B25F059FFD6E90212336804F108004E
:104AA00023607368A5636360336963617369A3619D
:104AB0001CF0AAFAB36904F14000E3639B689847CD
:104AC00020B9676C17B16368B3FBF7F794F843300C
:104AD000E761002BB2D00023656C2366002D6BD0FC
:104AE000002F69D02368B3FBF5F205FB1233002BCE
:104AF0005CD16768B7FBF5F605FB1676002E55D13D
:104B000020461BF070FFA369043303449F424FD338
:104B100040F634726369CC3B93424BD8B5F5805F65
:104B20004AD3032120461BF087FFD4E90001E36B41
:104B30001B6898470546E36B0220DB6898472DB158
:104B400084F83460E06B1CF010F978E741462046A9
:104B5000FFF78AF96428054604D141462046FFF74D
:104B600083F90546636C143BD5B9226A204602FBE3
:104B700003F61BF038FFA369043303449E4203D2BB
:104B800084F834505A25DDE70123D4E900010C4AAA
:104B900084F834301368013313601CF0CFFAD1E786
:104BA000002384F83430CDE75D2548E7592546E7F2
:104BB0005A2544E75F2542E75B2540E7DC110020EA
:104BC000D81100202DE9FF410C4616461F46054628
:104BD00080B390F834307BB3B1F5801F2ED2DFF86C
:104BE000608001211BF028FF2146424628460DF136
:104BF0000F03FFF753F8044670B99DF80F30012BEF
:104C000011D1D8F81030BB4212D102460090314683
:104C10002846FFF755FB0446E86B1CF0A6F8204633
:104C200004B0BDE8F081022B14BF2D246024F3E70B
:104C30006324F1E72124F2E71124F0E72924EEE7C9
:104C4000A41800202DE9F04385B00C4617461E46F7
:104C50000546DDF8308098B390F8343093B3B1F561
:104C6000801F31D2DFF8649001211BF0E5FE214660
:104C70004A4628460DF10F03FFF710F8044688B99D
:104C80009DF80F30012B14D1D9F8102006EB080342
:104C90009A4213D300904346324639462846FFF7DE
:104CA0000FFB0446E86B1CF060F8204605B0BDE839
:104CB000F083022B14BF2D246024F3E76324F1E773
:104CC0002124F2E71124F0E72924EEE7A4180020BC
:104CD0002DE9F3411F4600230C46164605463B606E
:104CE00050B390F834304BB3B1F5801F28D2DFF8C1
:104CF000548001211BF0A0FE2146424628460DF1BA
:104D00000703FEF7CBFF0446A0B99DF80730032B3D
:104D100010D0022B0AD10123336004233B60E86BDF
:104D20001CF023F8204602B0BDE8F081D8F810301E
:104D30003060F3E72D24F2E72124F3E71124F1E7B3
:104D40002924EFE7A418002073B50446056B1BF077
:104D50004AFE636E03449D422CBF0023012385421B
:104D600094BF00252D1A207C84F85030656584F8A6
:104D70005800A8B100230C4E1A461946204600964A
:104D80001CF01EF9002305461A46194620460096D7
:104D90001CF01FF9E3682844984294BF0020C01A11
:104DA000E06502B070BD00BFFFFF0F002DE9F347C3
:104DB0001E4643690446B342884617469DF828902C
:104DC0004ED300258DF8075020461BF00CFED4F87A
:104DD00030A082450AD2236AB5EB430F06D20022E7
:104DE00020460DF10701FFF78BF9B8B39DF80730A6
:104DF000012B05D1002220460DF10701FFF780F9B4
:104E0000B9F1030F06D0314620461BF0DCFD256BBF
:104E1000854227D3144D4FF0FF31284600F070F93A
:104E20004B46294600222046C5E90376C5F8008096
:104E3000FFF734FB236E054663B12046FFF784FF7E
:104E400094F8503013B994F858301BB1236E04F124
:104E500050009847284602B0BDE8F0870135B3E717
:104E60006225F7E71C25F5E7781800202DE9FF41BA
:104E70000F4690461E46054698B390F8343093B3DB
:104E8000B1F5801F31D21A4C02211BF0D5FD22460C
:104E9000394628460DF10F03FEF700FF024678B1B0
:104EA000012342460093394633462846FFF77EFFEA
:104EB0000446E86B1BF059FF204604B0BDE8F081C2
:104EC0009DF80F30012BEBD12169B142E8D100935D
:104ED000414633462846FFF7F3F904460028DFD160
:104EE000E7E72124E8E71124E6E72924E4E700BF07
:104EF000A418002030B50C46054685B028B390F8BC
:104F0000343023B3B1F5801F23D202211BF094FD6E
:104F10000DF10F03214628460F4AFEF7BFFE034658
:104F200088B99DF80F20032A0DD003222146009254
:104F300002462846FFF73AFF0446E86B1BF015FFD0
:104F4000204605B030BD2D24F7E72124F8E71124D1
:104F5000F6E72924F4E700BFA41800202DE9F04368
:104F6000466886B3056898464FF0000CA946AE46E1
:104F700055F83C400CF1010CC4F31307013401D087
:104F8000B94217D066450EF1080EF1D12F46002424
:104F900003E0A64207F1080712D055F83430013477
:104FA0000133F6D1C1F3130141EA0851C7E90012F8
:104FB000BDE8F08341EA0851CEE90012BDE8F08374
:104FC000B8F1030F03D101230372BDE8F08300237E
:104FD00003E09E4209F10809F5D055F8334001334A
:104FE000C4F30754032CF4D1C1F3130343EA085369
:104FF000C9E90032BDE8F0832DE9F041064640687A
:1050000082B0C0B10F4690460024336853F8345044
:1050100003EBC403C5F30752C5F31301013504F1D3
:10502000010406D05B683046CDF80080B84710B167
:1050300070688442E9D302B0BDE8F081024B196880
:10504000024B1868FFF7F0BC742B0020942B002053
:1050500008B529F0C0FA014B186008BDD01800202F
:10506000014B186829F0B2BAD018002073B5044675
:105070002248012A00EAC1119DF8185023F07C4013
:1050800007D9961E012E28D9073303F07F03194351
:1050900008E09DF81C300A43DB0603F0C0531343BD
:1050A00043F060410023C4E900108DF80730B5B12A
:1050B000202221460DF107001CF05CF91A220DF1A7
:1050C0000700211D1CF056F9082063689DF8072091
:1050D00043EA8263636002B070BD1143E2E71B22C2
:1050E0000DF1070021461CF045F923689DF80720C3
:1050F000042043EAC2632360EDE700BF80FFFF079F
:1051000038B5094B0D461A680021044625F01CFCF1
:1051100000234FF0FF322383C4E900252361A260FE
:10512000E382A37638BD00BFB4EE03000138C0B2FD
:1051300005289ABF014B185C01207047B9EE0300A7
:105140002DE9F0410746154600240E46596888B0FF
:10515000490A012922464FEA510104F10104F8D815
:10516000DC78997824031B88C90201F4006104F4F7
:1051700080540C43C3F30A035203234492B24FF00A
:1051800000089C18274B6FEA0444039325F07843EA
:10519000ED4302A90DF107001B2202938DF8078051
:1051A0001CF0E8F89DF80720029B02A943EAC263BD
:1051B0000DF107001B2225F07845049302958DF828
:1051C00007801CF0D7F89DF80720029B6FEA144473
:1051D00043EAC26305934FF0FF330794069307A990
:1051E000BB69012206F110009847BB6905A9044676
:1051F000012206F108009847BB69404518BF0446E4
:1052000004A90122301D98470122404518BF0446D9
:10521000BB69304603A99847404508BF204608B0FF
:10522000BDE8F08101009AB2044BD3F88420D20685
:10523000FBD4D3F88400C0F38110704700400050C5
:1052400038B5184B0546D3F824010C4600F007008A
:10525000062823D8DFE800F0040A121A1E0E1600F2
:10526000012305B1286004B1236038BD28F078F827
:105270000523F6E728F074F80623F2E728F0B0F8E3
:105280000323EEE728F0ACF80423EAE728F0A4F8BB
:105290000223E6E728F0AAF80723E2E700231846EE
:1052A000DFE700BF0080005038B5104B0546D3F84B
:1052B00000310C4603F00303022B0BD0032B0DD05F
:1052C000012B0FD128F08CF8032305B1286004B11D
:1052D000236038BD28F08EF80823F6E728F086F81A
:1052E0000723F2E701230020EFE700BF0080005012
:1052F00038B5104B0546D3F820310C4603F00303B4
:10530000022B0BD0032B0DD0012B0FD128F028F846
:10531000052305B1286004B1236038BD28F060F88A
:105320000323F6E728F058F80223F2E701230020D0
:10533000EFE700BF0080005038B5104B0546D3F8AA
:1053400040310C4603F00303022B0BD0032B0DD08E
:10535000012B0FD129F034F9092305B1286004B1DC
:10536000236038BD28F046F80823F6E729F02BF92A
:105370000B23F2E701230020EFE700BF008000507D
:1053800038B5104B0546D3F860310C4603F00303E3
:10539000022B0BD0032B0DD0012B0FD129F010F9CC
:1053A000092305B1286004B1236038BD28F022F834
:1053B0000823F6E729F007F90B23F2E70123002081
:1053C000EFE700BF008000502E4B98424AD022D811
:1053D0002D4B984240D014D82C4B984239D00AD843
:1053E0002B4B984232D02B4B98422FD02A4B9842CD
:1053F0002CD000207047294B9842FAD1284B186FC7
:105400007047284B98422AD0274B9842F1D1244B21
:10541000D3F880007047254B98422BD009D8244BF5
:10542000984223D0234B9842E3D11D4BD3F88C00F4
:105430007047214B984221D003F5740303F51053B4
:105440009842D6D1164BD3F898007047144B986DFC
:105450007047134B586E7047114B586F7047104B85
:10546000986F70470E4BD3F8840070470C4BD3F8FD
:10547000880070470A4BD3F890007047084BD3F868
:10548000940070470048E8010024F400C0CF6A008F
:1054900080841E0000093D0040420F00405DC600B0
:1054A0000080E00FC0EA210180BA8C01007E560323
:1054B00080D54302006CDC020090D00373B50D462A
:1054C00000210E4B0191D3F88041064604F00304FD
:1054D000012C09D0022C0CD00C460EB1019B33607C
:1054E00005B12C6002B070BD01A8FFF701FF0F24C9
:1054F000F3E727F071FF0190EFE700BF0080005055
:1055000038B5104B0546D3F840320C4603F0030380
:10551000022B0BD0032B0DD0012B0FD129F050F80B
:10552000092305B1286004B1236038BD27F062FF6C
:105530000823F6E729F047F80B23F2E70023184683
:10554000EFE700BF0080005038B5144B0546D3F894
:1055500000020C4600F0070004281BD8DFE800F02A
:1055600003090D111500012305B1286004B1236062
:1055700038BD29F025F80923F6E727F03BFF08237B
:10558000F2E729F020F80B23EEE727F00FFF0E23B8
:10559000800AE9E700231846E6E700BF00800050D4
:1055A00010B40D4C0B46D4F8204204F00304012C37
:1055B0000AD0022C0CD008B1002101600BB10022EE
:1055C0001A605DF8044B70475DF8044BFFF790BE1E
:1055D0005DF8044BFFF7B0BE00800050B0F5207FAF
:1055E0001FD009D8B0F5007F15D003D868B1B0F549
:1055F000C07F0AD000200CE0B0F5607FFAD10B4BE1
:10560000D3F88000C0F3011003E0084B186FC0F31B
:10561000033001307047054BD3F89000C0F30460AD
:10562000F7E7024B186FC0F38020F2E700800050CC
:105630004FF400320E4B014610B500209A66FFF77A
:10564000CDFF484341F671320A490B4B884294BF63
:1056500000200120DC69DA639A6822F4401242EAF1
:1056600000529A60E20344BF0022DA6310BD00BF1B
:1056700000900050005A620200000350420910B529
:105680000FD0012A0FD00A4B0A4C022A18BF23461A
:1056900000F01F0049B103F58053012282401A60D7
:1056A00010BD1346F4E7044BF2E703F50053F4E7AB
:1056B0006880005060820050648000501FB5002157
:1056C000B0F5807F0446019100F0068100F29D80D4
:1056D000612800F295801F2805D8002840F09280AC
:1056E00027F064FEDCE0A0F12004412C00F28A8067
:1056F00001A353F824F000BFE1560100A5580100B2
:10570000E1560100A5580100C5580100C558010027
:10571000C5580100C5580100A5580100A558010051
:105720007F58010039580100FB580100055901005C
:1057300039580100A5580100A5580100A5580100DD
:1057400005580100055801000558010005580100E1
:105750000558010005580100CF5801005B580100B1
:10576000A5580100A5580100A558010019590100CC
:105770000F590100A5580100055801000558010006
:1057800005580100055801000558010005580100A1
:105790000558010005580100055801000558010091
:1057A000055801000558010005580100E1560100A7
:1057B00005580100E1560100E1560100E1560100E3
:1057C000C5580100055801000558010005580100A1
:1057D0000558010005580100055801000558010051
:1057E0000558010005580100055801000558010041
:1057F0000558010005580100E1560100E15601007D
:1058000080284BD0019804B010BDB0F5A06F5ED0D9
:1058100028D8B0F5607F50D019D8B0F5007F4CD0B3
:1058200004D8B0F5C07F3FF45BAFEBE7B0F5207F65
:1058300038D0B0F5407FE5D127F0B8FD02464FF4EF
:105840002070FFF7CBFEB2FBF0F2520833E0B0F568
:10585000806F37D0B0F5906FD4D1002101A8FFF749
:10586000EFFCCFE7B0F5E06F51D00DD8B0F5C06FC9
:1058700043D0B0F5D06F45D0B0F5B06FC2D10021A4
:1058800001A8FFF71BFEBDE7B0F5F06F44D0B0F5FF
:10589000086FB7D101A8FFF707FDB3E727F066FD52
:1058A0000190AFE727F082FD02464FF42070FFF72A
:1058B00095FEB2FBF0F20192A4E727F057FD0246F5
:1058C0002046F4E7002101A8FFF712FD9AE7002126
:1058D00001A8FFF765FE95E74FF0E02302911B69F1
:1058E0005B0705D527F062FD0290029B019389E7D3
:1058F00003A902A8FFF720FDF7E7002101A8FFF7A1
:105900001BFD7FE7002101A8FFF71EFE7AE70021BB
:1059100001A8FFF7F5FD75E7002101A8FFF730FDAD
:1059200070E700BF08B58020FFF7C8FE034B984220
:105930009EBF4FF48032024B1A6708BD005A6202C4
:1059400000A000501FB503460020B3F5807F0190F2
:105950006FD027D8382B00F082800BD8243B092B3E
:105960000FD8092B0DD8DFE803F05F5F5F5F0C0CE9
:105970005A0C3675522B57D007D83D2B3AD03E2BB8
:1059800072D0019805B05DF804FB802BF9D1394B3A
:105990001B6F03F00703013B032BF2D8DFE803F092
:1059A0003D36393BB3F5D06F54D019D8B3F5A06F5D
:1059B00055D00AD8B3F5806F36D0B3F5906FE0D1EB
:1059C000002001A9FFF73CFCDBE7B3F5B06F26D060
:1059D000B3F5C06FD5D1002001A9FFF7ADFCD0E72A
:1059E000B3F5006FECD00AD8B3F5E06F3CD0B3F557
:1059F000F06FC6D1002001A9FFF7C2FCC1E7B3F5E3
:105A0000086FBED101A9FFF74FFCBAE70523019348
:105A1000B7E70323FBE70723F9E70223F7E70020B3
:105A200001A9FFF74BFDACE7002001A9FFF760FCDF
:105A3000A7E74FF0E02302901B695B0705D527F02D
:105A4000B5FC0C230393039BE1E703A902A8FFF72E
:105A500073FCF8E7002001A9FFF776FD91E700202D
:105A600001A9FFF79DFD8CE7002001A9FFF748FD84
:105A700087E700BF008000504FF48032074B084991
:105A8000586E03F580535A660B6A23F001030B62CC
:105A9000C3035CBF034B5A66704700BF00800050D1
:105AA00000C0075000A0005008B5FFF74BFF0828C2
:105AB00011D00938012802D94FF6FF7008BD4FF404
:105AC0000012064B5A6603F5D8335B6ADB07F3D541
:105AD0004FF4FA70F2E7024B1888EFE7009000509D
:105AE000662D002008B5FFF72DFF03280ABF024BE3
:105AF0004FF6FF70188808BD642D0020F8B50446E5
:105B00008020FFF71FFF032800F087804FF400225A
:105B1000424B02215A6645F60E03414AC2F88030D4
:105B2000404B9962012103F580539962936DD9032B
:105B3000FCD4D4E900131B0543EA0163E17B94F82C
:105B400020500B43217BE77E43EA0143617B6D01DB
:105B500043EA0133A17B43EA811313619169D4E9DC
:105B600004031B0643EA806301F000410B43A17E5E
:105B700094F823000B43217E43EA0143617E43EA0C
:105B800001239361136AE66923F00D0394F8221050
:105B900043EA8703002E2DD11362966A94F82130D0
:105BA00045EA031326F033052B4343F001039362C8
:105BB0001D4D1B4B9A6D35EA0202FBD10222194D95
:105BC000AA621A659A6D5200FCD41A69A56822F47B
:105BD000700242EA05521A614FF00042114B9A617D
:105BE00019B9022203F580539A6278B901220F4B4A
:105BF0009A620BE0334343F008031362936A23F085
:105C0000330303432B4343EA4103936294F8243064
:105C10001BB1034B064AC3F88020F8BD009000502A
:105C200000C0005000D000500300014000E00050D0
:105C3000F1A7FFFF014B93F9000070472C280020CB
:105C4000F0B5D0E901434FF480061A4A417805784F
:105C500056664FF4D156022702F5B8325662164EF8
:105C60004F2977604FF0010728BF4F2106F5805676
:105C700077601669F603FCD441EA052151611B01E6
:105C8000417B43EA04230B43017B43EA41039360D6
:105C9000C37B817B1B0143EA4113417C0B43017CA5
:105CA00043EA41035360837C13B16FF4D1535362D1
:105CB000F0BD00BF0090005000100250014B188052
:105CC000704700BF662D0020014B1880704700BF51
:105CD000642D00204FF4001208B5184B5A660223B9
:105CE000174A5360936813F48033FBD1012822D103
:105CF00027F076FB134B984215D003F5122303F5DA
:105D0000F863984213D0104B00EB8002400AB3FBBB
:105D1000F0F3520A0A49CA620B6301234B62002264
:105D2000074B5A6008BD45F67A13084AF2E745F674
:105D30001A03074AEEE75362F1E700BF00900050F4
:105D40000040025000F0490264666666D8B805005B
:105D5000BBCF0500B0F5207F10B50C4642D008D867
:105D6000B0F5007F33D003D888B1B0F5C07F0ED036
:105D700010BDB0F5607FFBD11F4A4C1ED2F88030B9
:105D800023F0300343EA0413C2F88030F0E71BF03D
:105D90000FFB1BF01BFB4FF48031184B164A1967A1
:105DA000136F013C23F4704343EA0433136727F075
:105DB000FDFA0446FFF738FAC0F1020120461BF055
:105DC000FFFA00F035F8BDE81040FFF7ABBD0A4A16
:105DD0004C1ED2F8903023F0F85343EA0463C2F823
:105DE0009030C5E7044A4C1E136F23F4806343EAE6
:105DF00084231367BCE700BF008000500090005070
:105E000008B50121022000F055F94FF42070FFF78A
:105E1000E5FB054B18701BF0CBFA1BF0D7FA4FF4DB
:105E20008032024B1A6708BD2B28002000900050DA
:105E300008B54FF4C070FFF741FCBDE808400449C5
:105E4000884294BF012102214FF42070FFF782BFE6
:105E500080F0FA0238B5044627F0A8FA0546FFF7A5
:105E6000E3F9C0F1020128461BF0AAFA0121002043
:105E700000F060F92CB1FFF7DBFFBDE83840FFF719
:105E800051BD034B4FF420701978FFF763FFF4E71F
:105E90002B2800204FF4C02270B50546FFF794FA76
:105EA000314B04465A6603F598335A68012A04D1E7
:105EB0002E494A609A699207FCD18020FFF742FD83
:105EC000052807D11BF074FA1BF080FA4FF48032DA
:105ED000254B1A67264B24F040749D4230D0254B49
:105EE0009D4230D027F03CFA8542064603D9012175
:105EF000284600F01FF9204BDA6812F0060FFBD19C
:105F000099689C609A68624012F4F81F1ED1284676
:105F1000FDF7B2F98020FFF715FD05280DD127F018
:105F200045FA0446FFF780F9C0F1020120461BF054
:105F300047FAFFF77DFFFFF7F5FCAE420CD270BDCC
:105F400044F00074CEE744F08074CBE78020996081
:105F5000FFF7F8FC052805D0BDE8704001210020BE
:105F600000F0E8B83546DAE70090005000E0015054
:105F700040420F0080841E000000015010B5224BEB
:105F800070B94FF40031214A1860516602F5983219
:105F90005268012A03D11E4AD2F800211A6010BDAE
:105FA0001B68002BFBD01B4A5268012AF7D0184A05
:105FB0008020C2F80031FFF7C5FC05281FD14FF43F
:105FC000C070FFF70BFB0128044604D102214FF4F7
:105FD000C070FFF7BFFE07220F4B1A610122A3F525
:105FE00080535A600B4A1369DB07FCD5012CD6D1CC
:105FF0002146BDE810404FF4C070FFF7ABBE012250
:10600000064B5A60CBE700BFD41800200090005028
:106010000080005000C0015000E0015000D001504D
:10602000044A4178536F23F4407343EA01235367D2
:10603000704700BF0040005010B5044610B100206A
:10604000FFF79CFF124A136943F00403136127F022
:1060500039FF1BF0C0F90F4B5B6E5B0142BF0E4B6B
:106060000E4AC3F8202428F0B6FA28F0B5FC28F030
:10607000ADFA1BF0B1F902F081FC1CB9BDE810408B
:1060800027F094B90120BDE81040FFF777BF00BFAB
:1060900000ED00E00080005000E003500000FF0F22
:1060A000034A0179D36E23F030030B43D366704764
:1060B00000400050F8B504461C4BD3F88420D106AC
:1060C000FBD4D3F88430C3F381139C422CD027F047
:1060D0004DF9012C064602D121461BF071F928F03A
:1060E0007AFA4FF00072124B07465A6620461BF0B0
:1060F0007AF94FF480630D4D621E93402B676B6EEF
:106100009A0103D4D5F884309B060AD5384628F086
:106110005DFA022C08D13046BDE8F84000211BF0A2
:106120004FB9D5F88430EAE7F8BD00BF0040005011
:106130000060005010B50C4608B927F017F9074B5E
:1061400021461B783BB1064B984204D80120BDE89C
:106150001040FFF7AFBF0220F9E700BF2D28002055
:10616000005A62020278034B012100201A70FFF7E7
:10617000E1BF00BF2D2800204FF0004238B5264B6C
:1061800026495A6601224A604AF6CD3103F50B23AF
:106190005D6C1964154030BB9968C9070BD40024A5
:1061A00001221F4B5A6015B11E4B1F4A1A6423F07F
:1061B000FCFC204638BD1A498A601C4AD96ACC07C3
:1061C00005D4904201D10724EAE70130F6E7904276
:1061D000E5D1F8E70132DC6A14F0080406D08A42FF
:1061E000F8D10724DFE700221049F4E78A42F8D00B
:1061F00020220B4B0B495A620122A3F580539A606F
:1062000023460A4A486A800603D49342E9D0013300
:10621000F8E79342C7D1E4E70090005000500950DE
:1062200000600950004009503254FFFF40420F0007
:106230004FF0004238B5174B174C5A66012203F550
:106240000C235A604AF6CD33656C2364437893403F
:106250001343124AD363C3788178A2689B0043EA50
:10626000011322F074021343A3600279837943EA95
:10627000022323614279C37943EA022363610078F0
:10628000FFF77AFFEB0744BF054B236423F08DFC37
:10629000012038BD009000500040095000400050DF
:1062A0003254FFFFF8B504460D461F4616464AB164
:1062B00001238B403021184A01FB0022F7B141F243
:1062C0001001535004EB4403072D4FF00F014FEA28
:1062D000031316D8A80006FA00F281400F481844AC
:1062E0001BF082F84EB9012330210B4AAB4001FB71
:1062F000042277B141F210015350F8BD42F210016F
:10630000DFE7A5F10800800006FA00F281400448AA
:10631000E5E742F21001EFE700C0035004C003506C
:106320000CC0035010B5152001F06CFC0024FF22B6
:10633000064B21465C6520209A625C60FFF79EF95F
:106340002146BDE810402120FFF798B90000045015
:10635000044A054B002908BF1346012282401A60F7
:10636000704700BF401004504020045010B5012178
:1063700004462020FFF782F901212120FFF77EF952
:106380000122114B15205A60227812069A6061781A
:10639000A27842EA01429A61FF229A6200229A633D
:1063A0001A644FF000425A654FF0FF3203F5005374
:1063B0001A6501F055FC1520E1781BF006F9BDE8DF
:1063C0001040152001F030BC00000450F8B5012544
:1063D000C3B21E4FD1F800C09D408E7ACB7A0C46D6
:1063E000097B3D6507F5005747F820C04FF0300C9A
:1063F0000CFB00F01B05677B00F1A04043EA06435D
:1064000000F5802043EA415322F003020766C3658A
:10641000026728F0E9F80E4B227A5D6502B11D642F
:10642000627A02B19D632279A37943EA0243074A63
:1064300093616179E37943EA014305498B61054B37
:1064400055639D64BDE8F84028F0C9B800200450A9
:10645000001004500000045010B50124C0B2844064
:1064600028F0C2F8044B5A6D22EA04025A659C6275
:10647000BDE8104028F0B3B80000045010B5012466
:10648000C0B2844028F0B0F8074BDA6A224208D143
:106490005B6B9C430CBF0124002428F0A0F820462D
:1064A00010BD0024F9E700BF0000045070B5054698
:1064B00028F09AF83022084B5E6B02FB05335C6EC5
:1064C00028F08DF80123EDB2AB4033420ABFC4F38C
:1064D0000A100020013070BD000004504FF400325B
:1064E000054B9A6641F6713203F51C33DA630122DB
:1064F00003F50053DA6070470090005041F67132A6
:106500000121064BDA6303F50052D1600022DA6301
:106510004FF40032A3F518339A6670470000035019
:10652000CB784A7810B55B010C7843EA82030A798C
:10653000234343EA02130C22424302F1B0421363A5
:10654000012C02BF8A78024B43F8202010BD00BF07
:10655000E880035008B54FF0B0435A686AB958B1A3
:106560005B680BB11AF04FFF01210D4B59601AF017
:106570004AFF4FF0B043D96008BD5B680BB11AF019
:1065800042FF0028F0D11AF03EFF4FF0B043022244
:10659000DA601AF038FF0122024B5A60ECE700BFC4
:1065A00000100058002000584FF0B0414B6810B563
:1065B0000BB11AF028FF01220B4BC4785A60837884
:1065C000934043EA840344782343047943EA041361
:1065D000447943EAC4038B60044B5A600378C3F1E7
:1065E0000203CB6010BD00BF00200058001000580F
:1065F0004FF48032064B5A6603F5E6235B69C3F31A
:106600008512827003F03F021B0B427003707047CB
:1066100000900050014B986CD96C70470080E00FDF
:10662000024B1868C0F30740704700BF0080E00FBE
:106630000120034B9B680A3303F01F039840704707
:106640000080E00F70B5054616461C4621B94FF490
:106650002070FFF733F80146402C1BD003D8DCB183
:10666000202C1BD070BD602CFCD1042303FB06F250
:10667000530803EB4113B3FBF2F36021084A203BBC
:1066800002EAC30305F50052916005F5805294605B
:10669000EB61E7E70623E9E71023E7E70823E5E7EF
:1066A000F8FF7F00012200F580535A6040F6AA638C
:1066B00041F20502436100230B498360C365C26058
:1066C00000F500520361C361C364916407498365A7
:1066D000884203D103650023436502E004498842F0
:1066E000F8D0012353607047FFFF010000C0055040
:1066F0000000065070B50D46FFF7D4FF012300F5EA
:1067000080567360AB7C04461BB1836843F08043C2
:106710008360EB7C4BB1344A2B7D944243D1A2F58C
:106720001032C2F88C318023F3652A8A6B7B2046B5
:106730001343EA891343E3602B7BD5E90112FFF78A
:1067400081FF6B7D1BB1A36843F48033A360AB7DF5
:106750001BB1A36843F40043A360EB7D2A7E1B07B3
:10676000120502F4E00203F0E0431343A365697EDF
:106770001D4A8B1E012B1D4B1FD894421BD002F5C6
:10678000804294420CBF01224FF0FF3203EB4213D0
:10679000022041F21C620329985020D10423F365A2
:1067A0002B78636170BD124A944204BFA2F5203277
:1067B000C2F89C31B7E70022E8E794420DD00C4ABA
:1067C00094420CBF01224FF0FF3203EB4213022030
:1067D00042F21C6201299850DFE70022F5E704220B
:1067E00004F50053DA65DBE700C0055000C0035034
:1067F00000000650034BD3F82424D3F820041040A3
:10680000704700BF00C003502DE9F8431E4B0546FA
:10681000D3F810334B1E0E2B0E46174690F80090FF
:1068200044781DD909B34FF000082846D7B127F0A6
:10683000E1FE09EB4903072C4FF00F014FEA031368
:1068400015D8A400114808FA04F2A14018441AF01F
:10685000F6FDBEB928468FB1BDE8F84327F0CABEA1
:106860008846E2E71AF0FAFDE3E78846E1E7083CEC
:10687000A400074808FA04F2A140E7E7BDE8F8439E
:106880001AF0ECBDBDE8F88300C0035004C003500B
:106890000CC003504FF48032084B5A6603F5E623D0
:1068A0005B691A0B027003F03F0242704FF6FF72F1
:1068B000C3F3851342808380704700BF009000506F
:1068C000014B986CD96C70470080E00F70B504469E
:1068D00023F037FA064630B90FCC044D0FC594E8C3
:1068E000030085E80300304670BD00BFD8180020C3
:1068F00047F6FF739A42F0B56FD002296FD8394B33
:106900005B5C012B6BD8384DDF0005EBC30415F839
:106910003330A178012B13D10025E078401AA8422A
:1069200002D80844C0B2F0BD431B6668A0EB530315
:1069300036F913609642D4BF1D4603F1FF30EEE7EF
:1069400060680028EFD0B0F90040944204DBB0F951
:1069500002409442B8BF144683883D44FF2B19BFC0
:10696000C8224FF0280CB0F90620B0F908C0A2EBFD
:1069700004030CBF0126002693FBFCF333446E781E
:106980001BB29E4201DD002B01DA731E1BB24FF4D5
:106990007A7C01339BB2071D5D1E2DB24FEAC50EF6
:1069A00000EBC505EA88AD689E4214FB025222EA5C
:1069B000E27202F15C02B2FBFCF204DD37F8335004
:1069C00001339542E8D200EB0E039888904228BF2D
:1069D0001046884238BF0846A4E7FF20A3E70020FE
:1069E000A1E700BFBFEE0300D81800200229F0B5D0
:1069F00055D82C4B585C012851D82B4C04EBC001C6
:106A000014F830004B6801280FD1C8788C78904278
:106A100094BFC4EB0001C4EB0201001BCAB2824266
:106A2000C8BF002233F91200F0BD002B37D08878A0
:106A3000904202D3B3F90200F6E7CC78B3F9000034
:106A40009442F1D94C789988013CA1F1FF0671423A
:106A500003F10405E4B2714103F10C07CEB2B44274
:106A600016D805EBC1014FF47A756A43B1F90240BB
:106A70004968521A04EBD47102EB610292FBF4F202
:106A80009042D1DBB3F902009042CDDC10B2CBE7EB
:106A900037F831C04E1C9445E3D33146DEE7034856
:106AA000C2E700BFBFEE0300D81800200080FFFF40
:106AB00008B50448FFF70AFFBDE80840012023F0AD
:106AC00044B900BFA4F4030000487047682D0020BB
:106AD0007FB50222084B0949CDE901234FF000732D
:106AE000CDE90313052301A94FF0FF30059323F0EF
:106AF00083F907B05DF804FB006A18000002040087
:106B000006289ABF014B185C00207047C3EE0300B3
:106B10004FF40052034B00209A660322C3F8602210
:106B2000704700BF009000504FF40052034B00200C
:106B30009A660322C3F86022704700BF00A000508D
:106B400000F01F02A0F50620A0F55060812810D8A3
:106B5000012309494009934051F820201A4341F884
:106B60002020064951F8202022EA030241F8202083
:106B700070474FF0FF30704708190020F4180020CC
:106B800000F01F03A0F50620A0F55060812810B585
:106B900019D801210D4A4009994052F820300B4381
:106BA0000B4942F82030D1E9004323448C68234448
:106BB000CC68096923445B1804D1C2E90033C2E9F7
:106BC0000233136110BD4FF0FF30FBE7F4180020D3
:106BD000081900202DE9F04FA7B003921F46044684
:106BE0000822CDE90401414021FA02F34B40980705
:106BF00002F1080218BF9B00202A1C44F4D1812313
:106C0000B4FBF3F303EBC313E41A7F4B04F5062440
:106C10001B7804F55064002B39D1FEF70FFA0546B6
:106C200000286FD10146402206A823F08DFE294698
:106C3000402216A823F088FE744D754EA8461035E4
:106C4000AE4228BF2E467348013E009643461022AE
:106C5000006806A91AF0B4F94FF0000B81460DF157
:106C6000180AD94541D16B48009643461022006866
:106C700016A91AF0AEF94FF00008834616AEC345C8
:106C800046D1654B9D42D8D101225F4B1A704FF01F
:106C900081080026DFF894B1A4F50625A5F5506318
:106CA0005B095BF8232004F01F01CA40D20746D4D9
:106CB0005A4A52F82330CB40DB0732D58123002ECD
:106CC00008BF2646A5F6FF44B4FBF3F303EBC3135A
:106CD000E41A04F50624B8F1010804F55064DBD188
:106CE000039B03B3FEB1344625E05AF8040BFFF7CB
:106CF00027FF013009D10022434B1A70424B1B7809
:106D0000002BC4D16FF091000FE00BF1010BA8E74D
:106D100056F8040BFFF734FF0130EFD008F10108FB
:106D2000ADE7039B23B96FF08B0027B0BDE8F08F70
:106D3000002E18BF3446329B00201C60F5E7309BC4
:106D400013B10023309A1360319B13B10023319AA1
:106D500013604FF0100ADFF8BC90CDF800A00023BC
:106D60003A462146D9F80000FDF76CFF002838D1DB
:106D700030993A682A4BE9B19A42C1F800A01CD078
:106D80002146D9F80000FEF7B5F80028CBD1D7E9A5
:106D90000223DDE90410834208BF8A422AD08123FE
:106DA000A5F6FF45B5FBF3F303EBC313ED1A05F5A9
:106DB000062490E79A42EAD0E2E7319B002BE6D026
:106DC0002146D9F8000016AAFDF782FF48B9319B89
:106DD000309A1B681268934294D39B1A319A1360BD
:106DE000D5E7104B9842CBD06328C9D00E4B9842C0
:106DF000CDD087E7039B002B9DD07B68012B9AD1D8
:106E00006FF0840091E700BF2E280020006D08007D
:106E1000816D0800942B0020906D0800F41800206C
:106E2000105D175EFFDF00F0FEDF00F008190020A4
:106E30002DE9F04F87B08246894698461646DDF820
:106E400040B02AB1002B53D040F26C739A4252D812
:106E5000BBF1010F52D8002406F11007394601207A
:106E600005941BF0C2F8054600284AD021463A4650
:106E700023F06AFD05ABCDE9014300942B460122C6
:106E800050464946FFF7A6FE044680B110F18C0F2C
:106E900008BF6FF08D043A460021284623F054FDC8
:106EA00028461BF084F8204607B0BDE8F08F164B4B
:106EB000C5E902A92B60C5F804B02EB1324641469F
:106EC00005F1100023F0A8FC059E10483B462A4619
:106ED00031460068FDF7CAFF38B93046FFF730FE8B
:106EE000013008BF6FF08604D5E76FF09104D2E758
:106EF0006FF08604D7E76FF09104D4E76FF0850454
:106F0000D1E76FF08C04CEE7105D175E942B002064
:106F10002DE9F0438DB08146DDE914780E46154623
:106F20001C469BB1B8F1000F05D16FF086063046C4
:106F30000DB0BDE8F083002FF7D0B7F1005FF4D3B8
:106F4000C3F1005303F500439F42EED81022002105
:106F500008A823F0F9FC002207AB029305AB0193CC
:106F600006AB31460093484608ABCDE90522FFF752
:106F700031FE06460028DAD1059BA4B1AB4215D8F4
:106F800053EA0504D1D1069B0B48C8F80040009491
:106F90003A46079900682B44FDF754FE002818BFB5
:106FA0006FF09106C3E7AB42EDD2BEE75B1B9C429C
:106FB00028BF1C46E7E700BF942B002030B58DB0FA
:106FC0000C4605461022002108A823F0BDFC002233
:106FD00007AB029305AB019306AB2146009328460D
:106FE00008ABCDE90522FFF7F5FD044608BB099B78
:106FF000012B21D0079D134B29461868FDF77AFF16
:10700000E8B9A5F50623A3F55063812B05F01F020F
:107010000DD801210C485B09914050F823204A40CB
:1070200040F823202846FFF7ABFD013001D16FF077
:10703000860420460DB030BD6FF08404F9E76FF090
:107040009104F6E7942B0020081900202DE9F04F59
:1070500089B007460E4601F073FEC00709D4042428
:1070600001201BF08CFC80B3013CF9D16FF0920041
:1070700028E0102200210DEB020023F065FC04A89B
:1070800001F0C0FE049B002BE9D0059B002BE6D04D
:10709000069B002BE3D0079B002BE0D00025DFF8F8
:1070A000808008F10409B54219D34FF48A7401F0C5
:1070B00041FE00F00E03062B2DD1C30501D501F0D2
:1070C0006BFE002009B0BDE8F08F01F033FE10F038
:1070D0000E03FAD0022BF8D04105DFD5C4E701F04A
:1070E00023FEA6EB050A8400544528BF544699E8C0
:1070F000030000238DE80300CDE9054307EB050BF2
:10710000CDF810B0029404AAD8F8003007CA1BF0DA
:107110002FFB2544C7E724FA03F3DA07A6D5C6E711
:10712000F0EE03002DE9F0438BB01746DDE915457D
:10713000DDE913269C46DDE91738894621B96FF051
:1071400086000BB0BDE8F083002FF8D00EB9002CFC
:10715000F5D1129909B9002AF1D10DB9002BEED160
:10716000B8F1000FEBD0244A944541D10288B2F522
:10717000105F3DD14288B7EBD20FE0D322F040013F
:10718000802902D0B2F5807FD9D16CB3AE421CD237
:107190003219954219D29C42D1D83146224628460E
:1071A00023F0B8FB2E4614F00F03C8D1CDE90197A8
:1071B000CDE90336CDE90543CDE907540993FFF73F
:1071C000A7FC38B16FF09200BBE79C42EBD96FF09F
:1071D0008900B6E707AA04A901A801F0D7FE054671
:1071E000FFF7A2FC0543EDD10020C8F80040A8E756
:1071F0006FF08500A5E700BF004440042DE9F04F83
:10720000A9B0834617469A460E46DDF8C890DDF8C9
:10721000D88029B96FF08603184629B0BDE8F08FF1
:10722000002AF7D0B9F1000FF4D0349B002BF1D035
:10723000B8F1000FEED00024424B0CAD93E80700EC
:1072400085E807003C22214619A8189423F07CFB0E
:107250003388728803F4E040B0F5804FDAD03A4EBC
:107260003A480BEA060646F01066864263D1B2F54C
:10727000807F60D147F2121293425CD10620344ADB
:10728000BAF11F0FD3680E940B931369126800FBB9
:1072900003F3CDE90C23BDD9339B402BBAD9359BE1
:1072A0001F2B4BD909F1010220261292402299F896
:1072B00000300F97042B18AFCDE91324CDE91572D8
:1072C000109611941794A5D1FFF722FC03460028CD
:1072D000A2D10B9B15AACDE9086305AB07CA83E8C9
:1072E000070002AB12AA07CA83E80700DDE9100114
:1072F0008DE803000F9B95E8070001F021FF05468C
:10730000FFF712FC55EA000384D13D46349A20AEC3
:107310002C4603CCB44210605160254602F10802AD
:10732000F6D100221146B9540132402AFBD1202265
:10733000C8F8002070E76FF085036DE76FF08903F0
:107340006AE700BF6CF003000000FFF600000209CE
:1073500080F00300F0B50E461D468BB0002853D0D8
:10736000002951D0002A4FD0002B4DD0048804F4BE
:107370004F43B3F5824F03D06FF085000BB0F0BDE3
:10738000E3B224F0FF04B4F5E24FB0F802C0F3D149
:10739000122B01D0172BEFD10CF10701B2EBD10F5B
:1073A0004FEAD10733D31D4A04ACBCF5807F07CA2E
:1073B00084E80700E0D1122B07D1194B1A691B682A
:1073C0001344CDE90432002306930023CDE9076777
:1073D0000993FFF79DFB0028D0D1124A02AB92E837
:1073E000030083E803000AAB13E903008DE8030000
:1073F000079B94E807001BF040F90446FFF794FB55
:10740000204307D12F60B9E76FF08600B6E76FF031
:107410008900B3E76FF09200B0E700BF6CF00300A3
:1074200080F00300E8EE03002DE9F0438FB01D4625
:10743000DDE916C600285CD000295AD0002A58D0B1
:10744000002B56D0BCF1000F53D0002E51D0038832
:1074500003F44F44B4F5824F51D1DCB223F0FF0363
:10746000B3F5824F40884AD0122C01D0172C46D158
:10747000C31DB2EBD30F4FEAD3083AD34FEA480209
:10748000571C674538D8B0F5807F38D1122C18BF0B
:107490004FF000094FF0000308BF1C4CCDE908185D
:1074A00005F1010114BF4C46D4F80C90CDE90B1244
:1074B0000A930D93FFF72CFBC0B9CDE9058902AB08
:1074C00008AA07CA83E807000EAB13E903008DE89A
:1074D00003000B9B94E807001BF0EEF80446FFF74F
:1074E00023FB20430ED104232B7037600FB0BDE87F
:1074F000F0836FF08600F9E76FF08900F6E76FF030
:107500008500F3E76FF09200F0E700BF80F0030022
:107510002DE9F04389B00E4615461F46DDF8488038
:1075200020B96FF0860009B0BDE8F0830029F8D0DB
:10753000002AF6D0B8F1000FF3D0038803F44F42CD
:10754000B2F5824F02D06FF08500ECE7DAB2122A72
:1075500001D0172AF7D123F0FF03B3F5E24F41D151
:107560004488C8F8004044B9EB00B3F5807FC8F800
:107570000030E8D1122A0DD108E0E31DB5EBD30F9E
:10758000CFD1B4F5807FDED1122A29D1354B1C68CA
:107590001B691C440023194670192C4414F801CDB2
:1075A00010F8012D1143B2EB0C020CBF4FF0FF3C61
:1075B0004FF0000C86420CEA030343EA0203EDD1CC
:1075C0000029AED0002BACDA109B9D4246D82A464B
:1075D0003146384623F020F9119B00201D60A2E7B8
:1075E0000024D7E73378042B9BD16B1EDB005B08AC
:1075F000B3F5807FC8F80030A5D1122A06F1010347
:1076000018BF4FF000094FF0400205934FF0000300
:107610000ABF144C4C46D4F80C90CDE90623FFF772
:1076200077FA00287FF47FAFCDF80C90D8F80030BF
:107630000733DB08029308AB13E903008DE803006E
:10764000059B94E807001BF0E4F80446FFF76CFA8A
:1076500000287FF468AF002CB6D062E76FF0890095
:1076600061E700BF80F003000388B3F5105F0ED11F
:107670004388DB08103B102B0CD8084A22FA03F38E
:1076800013F0010F14BF00206FF0860070476FF0F9
:10769000850070476FF08600704700BF0101010050
:1076A0002DE9F04F8FB01546DDE918A91E46DDF82B
:1076B00068801C9F09B300B3B8F1000F1DD0E7B17B
:1076C000BAF1000F02D1B9F1000F16D1274B26F401
:1076D0007E129A42B0F802B044D1FFF7C5FF0446CB
:1076E000A8BBB5EBDB0F4FEADB0306D316F47C1F18
:1076F000C6F3054504D0102D03D96FF0860426E0AB
:1077000010251B9A95422AD8CDE901130023102297
:10771000CDE905930DF12809CDE9033ACDE9082318
:10772000CDF81C90FFF7F4F9044680B907AA04A924
:1077300001A801F03FFC0646FFF7F6F9044656B9EA
:1077400058B92A464946404623F066F83D6020462F
:107750000FB0BDE8F08F6FF092040025F6E76FF0F0
:107760008904F4E76FF08504F1E700BF0002C0036D
:107770002DE9F041069F0C461646054610B309B3A5
:1077800002B9FBB96288B3EBD20F4FEAD20819D322
:107790004C220021284623F0D7F80D4B27F47E1207
:1077A0009A4212D12046FFF75FFF044638B942469D
:1077B0003146281D23F030F8C5F824802F6020467C
:1077C000BDE8F0816FF08604F9E76FF08504F6E715
:1077D0000002C0032DE9F0410E461446054600287C
:1077E00040D000293ED092B10368214823F47E1393
:1077F00083423AD1AF6BF7B1C7F1100807F1280007
:107800004245284406D2274423F006F8AF630020FF
:10781000BDE8F081424622F0FFFF1022103C3C19E7
:10782000AA63F4D0284605F1280119F07FFE00284C
:10783000EED14644A863102C0CD9671E27F00F0721
:107840003A463146284619F071FE0028E0D1E41B83
:10785000DDD03E442246314605F1280022F0DCFF0F
:10786000AC63D4E76FF08600D2E76FF08800CFE713
:107870000002C0032DE9F04388461F4605468BB041
:1078800070B169B163B10368234923F47E10884263
:107890003ED113F47C1FC3F3054604D0102E03D948
:1078A0006FF086042AE0102696422BD8FFF730F9B5
:1078B000044618BBAB6B05F12802CDE901236B6AC6
:1078C0002A1DCDE904231023CDE9083007AB1A4661
:1078D0000390069005F13C0901A904A8CDF81C907D
:1078E00001F08CFB0546FFF71FF904466DB928B976
:1078F00032464946404622F08FFF3E6020460BB09C
:10790000BDE8F0836FF08904F8E76FF09204F5E7C3
:107910006FF08504F2E700BF0002C00370B50446B3
:107920000D4626F061FE1D2C064608D80C2C0AD800
:10793000082C2CD013D8BB23E340DB0718D400233A
:1079400021242B801EE00123174AA340134224D197
:10795000122C26D00D2CF2D14FF4F06005E0092C4A
:1079600018D00C2CEBD14FF4C060FEF79DF802E06C
:107970008020FEF7B7F84FF6FF7398420CBF0E2435
:1079800000242880304626F02AFE204670BD4FF4A1
:107990008060EEE74FF49060EBE700230F242B802C
:1079A000F0E74FF4E060E0E70080912030B58BB065
:1079B0006C466B4D0FCD0FC42B686A4A2360FF23C2
:1079C0008DF80130D2F84C3113F4802340F0BC80A4
:1079D000D2F850218DF801309DF801306C46FF2B14
:1079E00008BF19236846604D8DF80130FEF728F96D
:1079F0003220FEF763F90FCD0FC40FCD0FC495E809
:107A0000030084E80300574BD3F84C21120340F1E4
:107A10008780A3F5FE431C88B4F5807F28BF8C24A3
:107A20008DF81940FEF706F9044484F308044F4822
:107A30008DF81840FBF726FC6846FEF75FF8322009
:107A4000FEF742F94A48FEF725FA4A4C4A4826F022
:107A5000ACFE0020FEF73EF9FEF7D2F9236F0020BE
:107A600023F0070343F003032367FEF7F3F9236FC3
:107A7000424923F474432367414BD3F8FC2012F0AE
:107A8000807251D1C1F880203A4BD3F8202122F0E6
:107A9000030242F00202C3F82021D3F8242122F08D
:107AA000070242F00202C3F82421D3F8802122F019
:107AB000030242F00102C3F88021D3F8402122F0F2
:107AC000030242F00202C3F84021D3F8602122F001
:107AD000030242F00202C3F86021D3F8402222F0F0
:107AE000030242F00202C3F84022D3F8002222F03F
:107AF000070242F00202C3F80022D3F8202222F04B
:107B0000030242F00102C3F82022FDF7B5FF4FF057
:107B1000E0220020136943F0040313610BB030BD71
:107B2000D3F85041E4B27BE7D3F8FC2022F0807216
:107B3000C3F8FC200022C1F88020D3F8FC2042F0DA
:107B40008072C3F8FC209FE74FF07E6393F89C207F
:107B500093F99C30002BFFF63FAF8DF801203BE7F7
:107B6000FCEE03000080E00F10EF030000F049027C
:107B700000B4C4040080005044EF030000900050A3
:107B800000ED00E007B56B46054A1068516803C375
:107B90006846FEF74DFB002003B05DF804FB00BF14
:107BA00038EF03000028ACBF00F16040064B4FEAFD
:107BB0000111C9B2ABBF00F5614000F00F0080F8C1
:107BC00000131954704700BF14ED00E008B526F00B
:107BD0000BFD0B4B1A7872B901221A7026F0FFFCCC
:107BE0006FF0040210460132052152B2FFF7DAFFAE
:107BF000402AF7D108BDBDE8084026F0F0BC00BF20
:107C00002F28002000280CDB01220649430900F040
:107C10001F008240203341F82320BFF34F8FBFF372
:107C20006F8F704700E100E0002807DB0123410966
:107C3000034A00F01F00834042F82130704700BF24
:107C400000E100E0054B421153F8223000F01F0024
:107C500023FA00F0C04300F00100704700E100E0AB
:107C6000002808DB01224309034900F01F0082407D
:107C7000603341F82320704700E100E010B504466E
:107C800026F0A9FC024B1C6026F0A0FC002010BDD1
:107C90001C19002010B526F09EFC034B1C6826F032
:107CA00095FC204610BD00BF1C190020034B02228A
:107CB000186800238068194613F0D2BE602C00209B
:107CC000302337B5007D0DF10701434303F1A04395
:107CD00003F58023DD6E1C6F25F0BCFB9DF80700CB
:107CE00040B9054B9D4203D184F00204C4F3400027
:107CF00003B030BD0120FBE7302800203021037D98
:107D000002464B4303F1A04303F58023D86E074995
:107D10001B6F884208D113F0020006D0106A136D61
:107D20001B1A5842584170470020704730280020E5
:107D300070B5044608B9012070BD057D2846FBF7E3
:107D400011FE30236B4303F1A04303F58023284643
:107D5000DE6EFBF727FE0A4B9E421CBF042384F80D
:107D6000A13094F8953094F8A1002BB1022803D1EA
:107D7000012384F8A130DFE70428DCD1F8E700BF55
:107D8000302800202DE9F743D0E9043404F17C07C2
:107D9000D0F80C900646013B102200213846D4F85A
:107DA00074809DB222F0D0FD0B4BC5F30A0543EA67
:107DB0000513C4E91F39012394F8780084F88C3046
:107DC000C4F884803A46054B009604F16401FBF741
:107DD000A3FD03B0BDE8F083000010300D170300D1
:107DE0002DE9F04F04464FF444764FF030093F4DF3
:107DF00000F138071022002185B0384622F0A4FD9A
:107E00006687C4E90F55207DFBF7ACFD10220021E9
:107E1000384622F099FD6687207D354EC4E90F551E
:107E200009FB0063DB6EAB4204D105B0BDE8F04F47
:107E3000FBF7B8BD0DF10B0125F00CFB9DF80B50C5
:107E4000002D4CD1204619F045FC804603A9207D29
:107E500025F022FB039B2946013B1FFA83FB04F11B
:107E600018031D4610221846D4F810A022F06CFD0D
:107E7000A169204ACBF30A031B010A4043F0407377
:107E80001343C4E9063A237DC4F8208009FB036646
:107E9000336F94F824205B0863F3410284F82420B4
:107EA000326F94F8243025F0030562F3000384F860
:107EB0002430336F626A9B0863F39F0245F002052A
:107EC0006262656400943A4621460B4B207DFBF7C5
:107ED00023FD207DFBF766FD05B0BDE8F08F94F82B
:107EE00044306FF3410384F84430EBE7302800203E
:107EF000000004500F80FFFC7B1703002DE9F04FBA
:107F00009946002304468DB008910692C9F80030C6
:107F1000D9F80050069B5E1B00F09E80089B5D19FF
:107F200000F09A80207DFBF71DFD2046FFF7E6FE5E
:107F30008046207DFBF736FDB8F1000F40F08C80C5
:107F4000204619F0C7FB216D94F89AA088429CBF87
:107F5000D4E91203C018401A864228BF0646BAF177
:107F6000000F00F0A98026F03FFB236D079020460C
:107F70000993FFF7A5FE3746099B8346981983426C
:107F8000D4F89C2071D1D4E9120303449A4208BF6B
:107F9000C4F89C00079826F022FBDA46207DFBF708
:107FA000E1FC0DF12F01207D25F054FA204619F057
:107FB00091FB236D8346984240F28C80A26CB5B24F
:107FC00093427FD1099304F12808236910220021EC
:107FD0004046079322F0B8FC3021079B013DE36245
:107FE000099BC5F30A052363237D2D014B4328F02C
:107FF000030803F1A04345F0407548F0020203F581
:108000008023A5621A67236DD4E9121233440A440F
:10801000934208BF0B465B45236505D101232046EB
:1080200084F85430FFF7DCFE207DFBF7BBFC94F8AE
:108030009A303BB1BAF1000F04D0236E11212046D3
:108040005B689847D9F8003037B1069A3B449342B1
:10805000C9F80030FFF45CAFD9F80030002B14BF32
:1080600000201B200DB0BDE8F08F013303F1FF3C71
:10807000624510D1C4F89C3013F8012C112A01D0AC
:10808000132A15D1013FA2F111014A424A41D046BB
:1080900084F8A02073E713F8012C02F0FD0CBCF16A
:1080A000110F06D1013FB8F1000F3FF468AFEAE7C6
:1080B000D04605F8012B62E73246284622F0ACFB99
:1080C00037466BE7238DC3F30A12154465F30E138D
:1080D000238598E79DF82F30207D93B930235843AE
:1080E00000F1A04000F58020426E436EC2F30A12F8
:1080F00023F4FF43324423F0700343EA0213436640
:1081000081E70C4B049403930023CDE90163012321
:1081100000935A462369216818F02EFC3022237DF3
:10812000534303F1A04303F580235A6E22F48012D7
:108130005A6668E77B170300F0B50C4615460646FD
:10814000A422002189B0204622F0FEFB2746AC463F
:10815000BCE80F000FC7DCF8003005F1140C3B60E1
:1081600004F16407BCE80F000FC7DCF80030EA6ACE
:108170003B60AB6AC4E9132395F83020A36484F80C
:10818000992095F83320C4F89C30012384F89A2074
:1081900084F8A03084F85430AB6B236695F8313006
:1081A00084F898303F4B346073603F4BB3603F4B73
:1081B000F3603F4B73613F4BB3613F4B3361FBF760
:1081C00077FB10B13D4B98420ED1002107A8FBF779
:1081D000F7FA014640B9079B07A82375FBF7F0FAA9
:1081E00028B1207DFBF73EFB102009B0F0BD012730
:1081F000079B84F87830324B7362324B84F8A1705D
:10820000F361314B95F83210336284F8960084F8AC
:108210009570204619F081FBAB6B93F91100FFF7C5
:108220001FFDAB6B93F91100FFF7FEFC207DFBF700
:1082300099FB0028D8D1254B0494CDE90203E36CC7
:10824000CDE900732369A26C2168207D18F094FBAE
:108250000028C9D13022237D4FF48011534342F2CC
:10826000640203F1A04303F580239950AB6B93F9AB
:108270001000FFF7F5FCAB6B93F91000FFF7D4FC8F
:1082800004F1900018F04BFB3046FFF7F7FC204656
:10829000FFF7A6FD207DFBF785FB003818BF012006
:1082A0000001A2E7EB17030035170300FD7E010074
:1082B000C3160300C916030093190300038000F0DE
:1082C000317D01001B190300CF1603007B1703004B
:1082D00070B50568144E2C7D2046FBF743FB302318
:1082E00003FB0463DA6E114B9A420FD12846FFF765
:1082F000E7FC80B126F078F901230D4AA3405365CD
:10830000A2F580529362536326F069F92046BDE8D6
:108310007040FBF747BB2846FFF7F0FC0028F5D17B
:108320000123A340B364F1E700000450302800208B
:1083300000200450F8B517461C46564A8B6B069D24
:108340001A60554A5A60554A9A60554ADA600A4698
:108350002946FFF7F1FE0646002840F09580236885
:108360000121C5F8A43063683A20C5F8A830637AC3
:1083700085F8AD30237A85F8AC30E37A85F8AF30F4
:10838000A37A85F8AE30637B85F8B130237B85F81E
:10839000B030E37B85F8B330A37B85F8B230FDF7CE
:1083A0006DF901230422617A207AFDF77BFF012316
:1083B0000222E17AA07AFDF775FF01216068FDF7DE
:1083C0005DF93E7039462068FEF794F91422637C0B
:1083D0005B0103F1A04303F57033C3F81C26617AF7
:1083E000227A42EA0142C3F83426E17AA27A42EACA
:1083F0000142C3F82C2685F8B4607B7E032B47D856
:10840000DFE803F03444021C022385F8B430002373
:108410000422E17BA07BFDF745FF022741F21C61AE
:10842000627C204B03EB42104750E07BA17BB132D2
:1084300041EA004103EB4213996017E0012785F8F8
:10844000B43002220023617B207BFDF72BFF637B8E
:10845000227B617C42EA0342134B49015A500422B9
:10846000236803F58053DA65002FD0D1237A0F4AB1
:1084700085F8AC30637A052185F8AD30206800F5C9
:1084800000539A6418F0C7FF3046F8BD0027D6E7BE
:108490002326F9E7551A0300E71A0300F51A03002B
:1084A000691A030000C0035024D60350FFFF0100E7
:1084B00007B5684600F028F8DDE900010022034B0B
:1084C00003B05DF804EB19F047BE00BF201900208F
:1084D00007B5009313460A460146034819F075FB99
:1084E00003B05DF804FB00BF2019002007B500931E
:1084F00013460A460146034819F05BFD03B05DF8D8
:1085000004FB00BF201900200249034A0160521AEF
:1085100042607047A02D0020008000200048704776
:1085200020190020BFF35F8F074B5A6A22F4803274
:108530005A62D3F8942022F00102C3F89420BFF3CA
:108540004F8FBFF36F8F704700ED00E038B5FFF736
:10855000E9FF274A2748D2F8C030274D23F0FF0310
:1085600043F0A003C2F8C030244B04689D4204F1DC
:1085700001011DD1224BC2F89840C2F89C3003F58E
:10858000FF437E33C2F8A0300160BFF35F8F052246
:10859000174BC3F894205A6A42F480325A62BFF3F0
:1085A0004F8FBFF36F8FBFF34F8FBFF36F8F38BD08
:1085B00023F01F03203BB3F1005F09D3C2F89840BA
:1085C0000F4C43F00103C2F89C40C2F8A030016098
:1085D0000C4B0168064A23F01F0343F00303C2F863
:1085E0009810C2F89C30084B0131C2F8A030CBE79C
:1085F00000ED00E048190020202B00204029002039
:10860000030000203F2B0020E17F00202DE9F041F6
:108610000D461146DFF8E080D8F80040B4F5807FC1
:1086200034BF00271A27FFF77DFF1F292ED900210D
:10863000C2061CBF20F01F0020302E4EEB0618BFD4
:1086400025F01F05CBB29C4235D8D6F8C03020F0BB
:108650001F0023F47F4343F48073C6F8C03040F01A
:10866000030425F0C1FFD8F8003025F01F0141F0C8
:108670000301C6F89830C6F89C40C6F8A01025F053
:10868000AEFFD8F800300133C8F80030BFF35F8F79
:108690000522184BC3F894205A6A42F480325A6279
:1086A000BFF34F8FBFF36F8FBFF34F8FBFF36F8F4A
:1086B0003846BDE8F081C6F89830D6F89C30D6F838
:1086C000A02023F01F03984222F01F0201D19542FF
:1086D0000BD0904201D89D4209D2D6F89830013192
:1086E00023F0FF03C6F89830ACE70027CEE7282731
:1086F000CCE700BF00ED00E048190020BFF34F8F2A
:108700000549064BCA6802F4E0621343CB60BFF32D
:108710004F8F00BFFDE700BF00ED00E00400FA0549
:1087200038B54160044625F056FF05462146044809
:1087300018F0F8F82846BDE8384025F047BF00BFDC
:108740004C190020014818F0EAB800BF4C1900206D
:1087500070B525F040FF174E0546174826F025F85E
:108760003378CBB900F07CF9044620B1284625F0D7
:108770002DFF204670BDFFF7E5FF26F013F90F4BE4
:108780001C6025F035FD0E4B0E4A1860536F43F008
:108790000103536719F002FD00F078F819F015FD98
:1087A000094B0024186001232846337025F00EFF82
:1087B000DFE700BF3D28002048EF030050190020EC
:1087C00078190020004000505419002038B50446A4
:1087D00025F001FF0F4D02462B78FF2B04D1B4B1D9
:1087E000BDE8384025F0F2BE1BB9002CF8D00121BD
:1087F00003E0002C0CBFFF2101210B44DBB22B70E6
:10880000B3FA83F304495B0910460B70E8E7194695
:10881000F3E700BF3A28002039280020054B1B68E9
:108820005843054B00F5742000F23F20B0FBF3F0F5
:10883000704700BF7819002040420F0073B5114EF9
:108840000446337883420FD04FF400730E4DADF8D9
:10885000043058B101A8FDF7E3FB4020FFF7DEFF2D
:108860002B68181A2860347002B070BD8DF80500AE
:1088700001A8FDF7D5FB4020FFF7D0FF2B68184477
:10888000F0E700BF7C2D0020B019002073B5002454
:1088900001A88DF80440FDF765FC2046FFF7CEFFE8
:1088A0002C4B2D4AD3F8003103F0030313604FF42F
:1088B00000222A4B5A664FF400325A6625F0FEF920
:1088C0004FF4C870FFF7AAFF254B264A18602649C7
:1088D00013680134E4B20A2C41F8040BF9D10344C3
:1088E00000EBC00003441360204B214D1B7813B3F1
:1088F000184BD3F8003103F00303022B23D0032BD2
:1089000024D0012B17D124F06BFD024698B1194BEE
:10891000194EDC6800231946C4F30B04013404EB40
:1089200084040138E4FB060112F026FEFFF776FF0F
:108930002B6803442B601F20FFF770FF2B68034454
:108940002B6002B070BD24F055FDDEE724F04EFD33
:10895000DBE700BF00800050B819002000900050F5
:108960007C19002080190020841900204128002053
:10897000B019002000C0015040420F000122154BE9
:1089800010B55A67144B154C1B7813B3022025F011
:10899000FAFFF0B125F0C0FCD8B1A36DD90302D520
:1089A000E36D9A0715D40D4B9B6DDB0711D40122A3
:1089B0000B4B1A7025F0DBFFBDE81040094B0A4A4B
:1089C0001860136F23F0070343F00303136724F0C9
:1089D000EDBC10BD00D000504228002000C0005067
:1089E0003F280020AC190020008000500122014BDC
:1089F0001A7070474228002008B5FFF759FDFDF7AF
:108A00000FFE01280ED1134B04205A6E4FF4802321
:108A10001149520358BF114A4B6601F510410862D3
:108A200058BF536619F0D5FBFFF7D0F8FFF7AAF847
:108A300018F0C7FDFFF78CFE00F012F8FFF786FD77
:108A400019F0C8FB19F0D5FB17F0CDFEBDE80840C2
:108A500019F0C1BB008000500090005000A00050F1
:108A600070B525F0C1FD144E05463478FCB9134BA2
:108A70001C60134B1C60134B1C6000F031F801208C
:108A800025F032FD25F024FD0F4B0246186020B979
:108A9000284625F0A4FD232070BD234640F2E7318F
:108AA0000A4812F069FD0A4B18600123337028460A
:108AB00025F095FD0020EFE745280020CC19002087
:108AC000C8190020D4190020D019002018FCFFFF7D
:108AD000C4190020014B1868704700BFC41900205A
:108AE0001FB50024194B18689A880290D3F8060025
:108AF0009B7A00901648ADF80C208DF8043025F0D4
:108B000054FE02A88DF808408DF80C40FDF74CFD8E
:108B1000694601208DF80040FDF702FD40F2FF326A
:108B20000C4B9A615A614FF0B042936A13F00803FC
:108B3000FBD113620120FDF70DFD0C20FFF790F82B
:108B40000C20FFF771F804B010BD00BF5BEF03000D
:108B500040EF03000020005810B525F045FD4FF010
:108B6000B04304465B695A06074A03F0010003F06C
:108B7000510348BF40F00200536125F0E3FB20465B
:108B8000BDE8104025F02BBD0020005838B5044644
:108B900005F0DEF800283DD10323A38340F2FD5306
:108BA00023830423A376A368A07743F48013A360F0
:108BB00019F036FBA368A0801B030CD4B0F5FA7F34
:108BC00009D925F008FD01210546084624F0EAFEF2
:108BD000284625F0FBFC204605F0E2F8D8B9E0680D
:108BE000D0B106F0FDFA1AF025FE04F015FA1BF0DC
:108BF00091FF1CF058FD0022012104201DF033FDDF
:108C00000321042002F0E0FD0A2001F0B1F8204623
:108C100019F013FB002038BD0048E2E77E2D00204C
:108C200008B5044904480BF013FDBDE808400BF0FB
:108C300041BD00BF68EF030030F003004FF08052E9
:108C4000014B5A60704700BF00ED00E0F8B50E46DA
:108C50000546D0B1C9B10E4B0E4F19683868FBF705
:108C6000E3FE044678B9062332460B493868FBF721
:108C7000A9FF044638B901232A4608493868FBF79A
:108C8000A1FF00B12C702046F8BD2124FBE700BFF6
:108C9000742B0020942B00202C0004003C000400C6
:108CA0001B0603F0706300F00F000902034301F498
:108CB0007061120402F470220B431343014A1360E3
:108CC000704700BF0020025C60B5054619B101394C
:108CD000B1F5806F0FD2094EF06810F48030FBD1EF
:108CE00043EA012312072B4302F08052134343F05F
:108CF0000043736060BD0120FCE700BF0020025C00
:108D00000122054B9A60DA68D203FCD4D86820F0BF
:108D10000F000004000C70470020025C014B186833
:108D2000704700BF0040025C014B5868704700BFAD
:108D30000010025C014B186B704700BF0010025C12
:108D4000014B1868704700BF0010025C014B98602F
:108D5000704700BF0010025C014B1864704700BFF1
:108D60000010025C014B5864704700BF0010025CA9
:108D7000014B5863704700BF0010025C0022014B9A
:108D80001A6070470010025C024A136843F0010346
:108D9000136070470010025C024A136823F001035D
:108DA000136070470010025C43F20402014B1A602A
:108DB000704700BF0010025C024A136843F03003A2
:108DC000136070470010025C044B1A6842F4807212
:108DD0001A601A6822F480721A6070470010025CF0
:108DE000024A136843F48063136070470010025C0A
:108DF000034A136823F4702343EA00431360704767
:108E00000010025C044B1A6902605A6942609A6958
:108E10008260DB69C36070470010025C0268044B2B
:108E20001A6142685A6182689A61C268DA61704761
:108E30000010025C024B1A6BD207FCD41862704718
:108E40000010025C0322024B186019615A637047DC
:108E50000000025C82B01FB507930A9B04AC8B42F2
:108E600028BF0B4604E907001048D100079948BF06
:108E700003330160099948BF23F0030323F07043D3
:108E800001F0E041194341F000518160002102F0FE
:108E9000E042019C1A4342F00052C16004618261C9
:108EA000416304B0BDE8104002B070470000025CAE
:108EB0003F22034B1A631022DA6103229A63704740
:108EC0000000025C024AD36B9B07FCD4704700BFD2
:108ED0000000025C044B9B6A13F0240F14BF0120B6
:108EE00000208000704700BF0000025C08B5FFF75B
:108EF000F1FF064BDB6B23F47F4323F0EF030343C7
:108F00001EBF0122024BC3F8FC2F08BD0000025C0B
:108F100000F0FF3F4368182B0AD0202B1DD0102BE8
:108F20002BD1174BD3F80434DB010AD4012070474E
:108F3000134BD3F804349A01F8D50B6843F00803B7
:108F40000B6003680F4A934210D10B6843F0400353
:108F50000B600023436000207047094BD3F80434B2
:108F60005B01E3D50B6843F00403E9E7064A93424B
:108F7000F1D10B6843F08003EAE70720704700BF98
:108F80000000025C47280020462800200B4607B559
:108F90000749D1F80414C90708D5002100920246F8
:108FA000084600F05BF803B05DF804FB0120FAE727
:108FB0000000025C1346064AD2F80424D20504D508
:108FC0000A460146002019F04EBB0120704700BF41
:108FD0000000025C13B5084CD4F80444E40508D53D
:108FE000009313460A460146002000F061F802B0E3
:108FF00010BD0120FBE700BF0000025C13B5084C68
:10900000D4F80444E40508D5009313460A46014603
:10901000002000F071F802B010BD0120FBE700BF96
:109020000000025C70B504460D4616468CB00A4A34
:1090300009AB07CA83E807001A462146CDE9056354
:10904000CDE90333CDE9013300954FF4803019F0B9
:1090500036FA0CB070BD00BF6CF00300F0B51C46D2
:109060005B6815468DB01A07129E1AD1CBB1726893
:10907000934216D10C4B0D4A53F8217009AB07CA25
:1090800083E807001A462946CDE90533CDE90333C5
:10909000CDE90163009447F4807019F010FA0DB027
:1090A000F0BD0720FBE700BF78F003006CF0030081
:1090B000F0B516465A688DB0102A0D46129F15D18C
:1090C0007A68102A12D10A4A09AC07CA84E8070054
:1090D00022462946CDE90547CDE90344CDE90144BF
:1090E0000448009619F0EBF90DB0F0BD0720FBE73E
:1090F0006CF0030030000100F0B516465A688DB0E0
:10910000102A0D46129F15D17A68102A12D10A4AE8
:1091100009AC07CA84E8070022462946CDE9057450
:10912000CDE90344CDE901440448009619F0C7F99C
:109130000DB0F0BD0720FBE76CF00300100001004C
:1091400082B070B586B0149D03AE202D86E807006E
:109150000B9359D805EB85038B4203D006236B4351
:109160008B4253D10C9BAB4250D10F9BB3EB450FBD
:109170004CD1129A934249D1012229462220159BB3
:10918000FFF7A2FD044630BB034606220E210C2049
:10919000FFF786FD0123CDE900332B4696E8070053
:1091A00019F020F90E230BAA009307CA2B4619F0D9
:1091B00064F80C23164C00930EAA2B4607CA19F02C
:1091C0008CF8636823F07F0343F026036360FFF7A6
:1091D00097FD30B10624204606B0BDE8704002B0CD
:1091E0007047636823F07F0343F022036360FFF757
:1091F00087FD04460028EDD1062311AA009307CA73
:109200002B4619F09DF8E6E70124E4E70724E2E79E
:109210000020025C70B598B0002843D02C4C08ADFB
:109220000FCC0FC50FCC0FC50FCC0FC594E80F00A6
:1092300085E80F006D4604AE04F1100320340FCB17
:1092400085E80F0094E80F0086E80F00FFF7BCFDEB
:109250000420FFF7CDFDFFF7A7FD3046FFF7DEFD49
:10926000002408AE56F8040B0134FFF7E3FD102C80
:10927000F8D1FFF759FD0328FBD90024FFF77EFD45
:109280002646FFF74BFD55F8043B01365840042EA7
:1092900044EA0004F5D12CB1012206200D4B1A70CE
:1092A00018B070BDFFF790FD0820FFF74FFD0020BC
:1092B000FFF752FD0720FFF755FD4FF40070FFF751
:1092C00057FD0820FFF794FDFFF75EFD0020E7E75C
:1092D00054F103004928002008B5FFF775FD01226D
:1092E000014B1A7008BD00BF482800201FB519F0B7
:1092F00039FB044630B1012206240D4B1A7020467A
:1093000004B010BDFFF70AFD0090FFF707FD0190C4
:10931000FFF704FD0290FFF701FD03906846FFF799
:109320007DFDFFF7D9FFFFF747FDFFF759FDE6E7A2
:109330004928002010B50A46044619B1024B002105
:109340001B68984710BD00BF982B00200E4B0340B0
:10935000B3F1607F06D1B1F5885F14BF6FF086006E
:1093600000207047B3F1707F0BD101F4E043B3F5F7
:10937000005F06D111F4E06F0CBF6FF08600002093
:1093800070476FF0860070470000C07F8A42F8B5D2
:1093900007460C4600F019818F4922F4FF7323F031
:1093A00001038B420ED08D4B22F0FF01994209D070
:1093B0008B4822F47F7323F00303834202D0894B4E
:1093C000994228D1884B24F0FF0199420FD114F023
:1093D000FF000BD0854B40F00070984240F0F780C2
:1093E00082EA0400FF288CBF00200120F8BD7B4BDF
:1093F0009942ECD0A3F588539942E8D024F4FF7346
:1094000023F00103B3F1062FE1D076488142DED08C
:1094100073498B42DBD004F0FE43B3F1A06F14D14B
:1094200002F0FE43B3F1A06F40F0D18082EA040362
:1094300033F47E1340F0CB8014F40040D6D0C4F354
:109440000540C2F305429042CDE7B3F1407F40F0C2
:10945000A88002F0FE43B3F1407F40F0B88082EA7A
:10946000040535F47E1540F0B28039462046FFF7FA
:109470006DFF002840F0AB805D4B12F47C1603EAD0
:10948000020319D0B3F1607FC2F3054679D159497F
:10949000D3B243F000738B4277D003F17E43043B99
:1094A0000F2B5CD8DFE803F05A5A5B716567696B74
:1094B00065675B5B6567696BB3F1607F34D14D496C
:1094C000D3B243F000738B4244D003F17E43043B9C
:1094D0000F2BDCD801A151F823F000BF59950100F2
:1094E000599501008F94010055950100D395010015
:1094F0001D9501002195010025950100D3950100DE
:109500001D9501008F9401008F940100D3950100F7
:109510001D95010021950100259501002026B6E743
:109520003026B4E74026B2E7B3F1707F17D107F4D5
:10953000E043B3F5005F03D10126C7F302239E4049
:1095400007F4E043B3F5005F09D10125C7F3022119
:109550008D4004E010269AE7142698E7142514F4A9
:109560007C1FC4F3054312D1B54214BF0020012073
:109570003CE71C25F3E72025F1E73025EFE7402500
:10958000EDE7B3F1707FEAD1DAE71025E7E712F4EF
:109590007C1F01D1AB4218D022047FF527AFB34224
:1095A00021E7B3F1106F12D124F01F6020F4702076
:1095B00068B902F0FE43B3F1106F7FF417AF0E48A5
:1095C000104040F01060A042CFE701200EE70020DD
:1095D0000CE71C265BE700BF000200060013000634
:1095E000000400060009000600030006FF00000258
:1095F0000000C07F030000020000FFF637B50D4DEC
:109600000C466B78022B12D12B78072B0FD100233D
:109610000A460193014601AB281D17F0B8FF20B997
:10962000019BA34218BF6FF0930003B030BD6FF0F1
:109630008800FAE7D81900202DE9F8438846174634
:109640001C4600F0D5FA054688BBD8F80060B6F88D
:10965000009009F4E043B3F5804FB36808BF27F0EA
:10966000010737EA03031AD10CB3254B24F0FF029C
:109670009A421FD114F0FF0304D0224A43F0007332
:10968000934232D022464846F168FFF77FFE0746F4
:1096900068B9224648463169FFF778FE70BB6FF023
:1096A000840500233046C8F8003019F073FF2846BF
:1096B000BDE8F883144B9A42DCD0A3F588539A4254
:1096C000D8D024F4FF7323F00103B3F1062FD1D0D7
:1096D0000E498A42CED00E4A9342CBD004F0FE43CC
:1096E000B3F1407F04D12304CCD56FF08605D8E7D1
:1096F000B3F1A06FF7D0034B9C42C2E73D46D6E7DB
:1097000000030006FF000002001300060009000627
:109710000004000600F0FE43B3F1407F70B504463C
:109720000E4619D1FFF712FE00285ED114F47C1FFB
:1097300015D0C4F30543032B137054D9554D254060
:10974000B5F1607F40F09380534AE4B244F0007476
:10975000944256D1102B48D96FF0860045E04D4B0E
:109760002340B3F1607F39D14B4BE4B244F0007435
:109770009C4202D11023137037E004F17E44043C74
:109780000F2C2ED801A353F824F000BFCD97010071
:10979000CD970100E39701007597010091980100B2
:1097A000D1970100D5970100D99701009198010048
:1097B000D1970100E3970100E39701009198010020
:1097C000D1970100D5970100D99701001423D2E762
:1097D000202307E0302305E0402303E0B3F1707F4E
:1097E00004D0002313706FF0850070BD01F4E043D6
:1097F000B3F5005FF5D10123C1F302218B40DBB249
:1098000099E704F17E44043C0F2CA5D801A252F83C
:1098100024F000BF6398010063980100599701008C
:10982000559701008D980100559801006798010037
:109830006B9801008D98010055980100599701001F
:10984000599701008D980100559801006798010013
:109850006B98010020218B423FF67EAF142BC4D9B8
:10986000C1E7142B77E73021F5E74021F3E7B5F1A5
:10987000707F7FF471AF06F4E042B2F5005F7FF4D1
:109880006BAF0121C6F302229140E4E71C21E2E71D
:109890001C23A7E70000C07F030000022DE9F04F62
:1098A0009B460023924601F0FE428FB0B2F1806FDA
:1098B0000E46DDE91878DDF86890099305D0184662
:1098C00019F068FE6FF086052EE00B464FF48072AB
:1098D00009A9FFF7B1FE0546099815B119F05AFE1E
:1098E00022E0038803F4E042B2F5005F1FD113F4D5
:1098F000E06FC3F302211AD0364C26F48072A242E4
:109900000AD004F50074A64206D0334CA64203D018
:10991000A4F53F44A2420AD101248C40102C11D955
:1099200019F038FE6FF083052E46002448E042F21D
:109930000402934202D1294B9E420AD0284B9E42F8
:1099400011D10D24A04506D219F024FE6FF089052F
:10995000EAE70C24F6E721460AA8FFF74FFE054682
:1099600010B10998BAE700240998D0E908126FB33A
:1099700007EB040C4568A8EB04032D0AA0D10DF1F8
:109980002808CDE90539CDE903BC3346CDE9014AC4
:10999000CDF80080FDF7C6FB054615F1860F099846
:1099A0009CD019F0F7FD0646002DBDD180B924B139
:1099B00022464146384620F02FFFD9F800301C449B
:1099C0003046C9F800400FB0BDE8F08FBC46D1E783
:1099D0000546A9E70010C00400FF40040001800410
:1099E0000013C004002307B51A460091024919F07C
:1099F00049FC03B05DF804FBB4F1030010B5114C51
:109A00002378580744BF23F0040323702378990771
:109A100005D500F093F8237823F0020323706378D0
:109A20001BB10023084A63605360002308210648E5
:109A30006370FFF77FFC2378DA0744BF23F001034C
:109A4000237010BDD8190020DC19002038B51A4C3D
:109A500062782378022A01D1072B11D0DD0712D5B5
:109A60002378980707D400F061F82378054643F07F
:109A70000203237080B96278237882B15A0716D521
:109A80000025284638BD17F080FD2378054643F0B1
:109A9000010323700028E3D0FFF7B0FFF1E7D907F7
:109AA000ECD5064962604A6002226270E6E743F044
:109AB00004032370E4E700BFD8190020DC1900205C
:109AC00000F14043032B70B505460E460CD8282202
:109AD000154C02FB0344237E022B02D163698342AF
:109AE00018D06FF08B001AE0012119F02DFDB8B1EC
:109AF0000D4B00221C46197E022902D15969A94248
:109B000005D00132042A03F12803F4D1E9E7282320
:109B100003FB0244204619F00AFD00B9346070BD11
:109B20006FF08700FBE700BFE41900200122024B21
:109B3000002083F8A0207047E41900202DE9F041AF
:109B40000A4C002526464FF0010803272046C4F89A
:109B50001C802776013519F0D2F8042D04F1280471
:109B6000F4D1002386F8A030BDE8F081E41900208C
:109B7000F8B51E4D064695F8A0300F4683B3002475
:109B80002B462246197ED1B13CB9022905D1D969AB
:109B900019B91979002918BF1C460132042A03F1AA
:109BA0002803EFD114B96FF08C0006E0204619F0BD
:109BB000BEFC204619F0A3F810B100240EE01C46AC
:109BC000237E83B9012323763EB1651BED1003F19B
:109BD000CC335D4305F18045356000203C60F8BD25
:109BE0006FF08800E9E76FF09600E6E7E4190020DF
:109BF000F7B500262C4B0E6093F8A03007460D46B3
:109C0000002B4ED0FFF75CFF10F18C0F044645D1BE
:109C100029463046FFF7ACFF044600283ED1012319
:109C20002E68CDE90000694630467761736001AA6D
:109C300019F033FD044670B1DDE9000119F02BFD88
:109C4000286819F05CF814F18C0F08BF6FF08704D6
:109C500000232B6022E0DDE90012304618F0DAFF25
:109C60000446DDE9000119F016FD002CE8D1286852
:109C70008368D90444BF43F48063836083689A0493
:109C800044BF43F400638360037E012B04BF0223BF
:109C9000037619F04CFC04460028D9D1204603B0C5
:109CA000F0BD6FF08804F9E7E419002030B40D4DE1
:109CB0002C681C606C685C6000249C605468DC60EC
:109CC00014881C8254885C8294685C61D4689C61AE
:109CD000126930BCDA6119620A46014603F12400B8
:109CE00020F09ABDB8F103002DE9F843232904467A
:109CF0000F4691469846089E04D86FF0980528466E
:109D0000BDE8F8830822194920F0F4FD0546002833
:109D1000F3D1A368002BF0D1216A243F8F42C8F809
:109D20000010EAD3B1F5005FE7D271B9C9F80000BD
:109D3000E3687360238A3380638A73806369B360E6
:109D4000A369F360E3693361D9E7012018F04DF9A5
:109D5000C9F8000030B1D8F8002004F1240120F047
:109D60005BFDE5E76FF08C05C9E700BFB8F10300C4
:109D7000014B1870704700BF8F2D0020F7B50546C6
:109D80006B461646174A0C461068516803C395F88F
:109D9000583008336B4413F8087CB5F85030DA06B5
:109DA00009D4334622463946284619F01EFD00F5EF
:109DB000FA7003B0F0BD204621F0BAF9B5F8503082
:109DC00000F10A049B074FEAC40405D0304621F095
:109DD000AFF904F50C740444E823781E584304FBDF
:109DE0000700E4E7C0F103009022174B10B51C6890
:109DF000002102FB0044204620F0A6FD134B04F195
:109E000008001B680021DB7863751AF04CFF4FF0E7
:109E10000823E3641323A4F85030236A0C4A43F068
:109E2000130323624FF60773A4F85830FF2384F816
:109E30005A30084B2046C4E91B32C4E91F32BDE842
:109E4000104019F0F9BC00BF881A0020441D002002
:109E500055555500D6BE898EF0B5104B02461E688A
:109E600093F804C035464FF0FF3400239C4508DCCE
:109E700091B1631C10D0902303FB046080F859203B
:109E8000F0BD95F8597028469742F9D0FF2F08BFCA
:109E90001C4690350133E9E70020F1E7881A0020DD
:109EA00070B50446234D002842D0083001F010FD63
:109EB0000026FF2304F1280084F85930A66121F020
:109EC000B2F804F12C0021F0AEF804F1300021F0DA
:109ED000AAF804F1340021F0A6F804F1400021F0C2
:109EE000A2F82868144B201A00115843C0B219F088
:109EF00037FC0146304619F02EFCE06B10B100F043
:109F0000F3FFE663606C18B119F037FC002363645B
:109F1000A06C19F071FC0023A36470BD286806FBD7
:109F20000400FFF7BDFF01342B79A342F6DCF4E710
:109F30009026F9E7881A0020398EE338F7B50446F1
:109F40001CF0DBFCC0F30F23542B3ED9AA2B34BFEB
:109F500001230223C0B27E288CBF022201220321EA
:109F60008DF804301344B3FBF1F000EB40001B1AF2
:109F70008DF805301344B3FBF1F202EB42029B1A59
:109F80008DF80630002318461D461A46104901AFC9
:109F90004B7517F8016B44FA06FC1CF0010F06D054
:109FA00053009E40012330430132C0B2D2B201358A
:109FB000EDB2032DEDD103B148754B7D43EA821319
:109FC0004B75FF230B7503B0F0BD0023C2E700BF44
:109FD000881A0020064B1B68D97ADA78437D5B1A11
:109FE0009342A8BFDAB20021427519F064BC00BFE9
:109FF000441D0020027D034622F00802027511B1C3
:10A00000012910D07047094A407D1168CA7A8978C1
:10A0100002448A42D8BFD1B29A6959752AB1012146
:10A02000184619F048BCFFF7D5BF7047441D002003
:10A030002DE9F0410025354E8AB03379AB4203DC7F
:10A0400001200AB0BDE8F0819023346803FB054489
:10A0500094F85930FF2B0DD0236A980106D504F1EE
:10A060004008404621F05CF8074628B9226A12F001
:10A07000A06F1ED10135E0E7BB7908A90C333B4442
:10A08000D8689A7A1B8AC2F38012ADF82430002374
:10A090008DF81F2008901A460DF11F0019F0B2FB31
:10A0A00038469DF81F2094F8591008AB1AF09BFE13
:10A0B000D7E7B4F850301D2B18D13C23FF210020E6
:10A0C000CDE90431CDE902000121CDE9000004F120
:10A0D0006203C2F380221BF03AF90028B1D04FF09E
:10A0E000A06104F1200019F054FBC3E712F0807F57
:10A0F00008BF3C214FF0000218BF432194F85730AD
:10A1000094F859001AF0C6FFE7E700BF881A00204C
:10A110002DE9F0411F46836904460D4616468BB172
:10A1200069B924F061FA06462946A06C19F05FFB74
:10A130002046294619F0A7FB304624F050FA0020AB
:10A14000BDE8F0810029FAD0036A03F01203022B64
:10A1500000F0BD80236ADD0700F1C18094F859301A
:10A16000FE2B0CD104F15B001CF061FB1CF058FBD2
:10A1700028B14FF4001104F1200019F002FB256A08
:10A18000624B2B40B3F5807F00F0BC80A80531D531
:10A19000C5F3802504F1620800224146284619F0E3
:10A1A00037FB002184F85A0019F043FB4146002296
:10A1B000284619F032FBB4F8501020B194F95A0037
:10A1C000002880F298804FF4007104F1200019F00B
:10A1D000E0FAB4F8502002F00302012A0AD1414605
:10A1E000284619F01AFB28B14FF4006104F1200051
:10A1F00019F0C7FA236AD90600F18280D4E90A125D
:10A200002046FFF7BBFD012F11D040F27123B4F8B7
:10A210004C205A4390420AD9B4F84E205A439042F7
:10A2200072D800F51C70B0FBF3F0A4F84C00384B6A
:10A23000A361002384F85730236A84F8567013F022
:10A24000100F0CBF4FF48C778C27E16823F4803219
:10A250002262216107F2631756B140F27121B4F80E
:10A260004E3042F48032C3EB06134B4322626362EA
:10A27000236A43F400232362264B1B68DB78637553
:10A2800024F0B2F9237D054643F0080304F10800E9
:10A29000394623751AF007FD012003F0D1FB28B9D8
:10A2A000237D5A075CBF43F00203237526B11CF0DF
:10A2B00065FB636A0344636220461CF0A7F92846E5
:10A2C00024F08DF90121A06C19F091FA37E7C06AEA
:10A2D00020F02EFF00287FF43DAF0C2030E7E36B29
:10A2E000002B7FF43BAF00F0ADFDE06300287FF46E
:10A2F00035AF092024E701F0010119F09AFA68E767
:10A30000054B95E712201BE7452019E700012000C7
:10A31000BB370300441D002015A4010070B50024C4
:10A320009026094D2B79A34200DC70BD286806FBFE
:10A33000040090F85930FF2B04D000231A46194628
:10A34000FFF7E6FE0134EDE7881A00202DE9F0431F
:10A3500004468F798BB00C370DF10409CD19012219
:10A360000E460DF10300494619F05DFAE36B804695
:10A3700003930023E363236AE879C3F300138DF8A2
:10A3800025302989F7591CF079FB214B07441B68BC
:10A3900005975B7905F118026375012306928DF824
:10A3A000103005F10C03B8F1000F26D09DF80330F2
:10A3B000CDF81C908DF820309DF8252094F8593068
:10A3C0008DF821300123EAB98DF8223094F88430D9
:10A3D0008DF823306B7903A88DF8243000F03EFE11
:10A3E0001CF067F90121204619F04DFA304612F0B1
:10A3F00059FA01200BB0BDE8F0830793AB7AC3F3A1
:10A400008013D7E7AA7AC2F340128DF82220DFE743
:10A41000441D0020022810B50C4621D0032827D067
:10A4200001282AD1084619F063FC40F27121B4F8E2
:10A430004C30B4F84E2094F85800D21AE36803F573
:10A440009C53083301FB02332361FFF777FD0B4B6D
:10A4500020469968A36ABDE810400B6003F0C0BDB8
:10A4600003F01EFC844208D1BDE810401CF021B965
:10A470000846BDE81040FFF7ADBD10BD881A0020AA
:10A4800038B50A4D0020FFF70BFDAB6813B1002271
:10A490001A60DA801AF029FD00242B79A34200DC2F
:10A4A00038BD2046FFF7A0FC0134F6E7881A0020EB
:10A4B00070B52A4C0546A06818B112F0F3F90023D4
:10A4C000A360FFF7DDFF002019F04EF955B9032016
:10A4D00025712560E58212F055F9207919F044F9CB
:10A4E00028B970BD022020F062FFA06048B90025A5
:10A4F000A0682571256060BB002019F035F90720A0
:10A50000EFE70026032025712660E68212F03AF973
:10A51000B542E2DD05EBC501090133460122032006
:10A5200089B212F0EBF806460028E0D1032012F0C1
:10A530004BF920600028DAD0902231466A4320F09F
:10A5400003FA2379B342C8DD3046FFF74DFC0136EC
:10A55000F7E712F0A7F9A560CEE700BF881A002040
:10A5600006222DE9F341354B06469C688846A579BD
:10A570000C35635D671903F04F036355B0F8503035
:10A580007A70103B0D2B31D8DFE803F055305107BE
:10A59000300C303030303030300C635D6FF30303FB
:10A5A000635523E00123625D006A63F30302625591
:10A5B0000C2210F4006F7A7006F1620107F10802B4
:10A5C0000CD001924FF0FF32C0F3802000921A4667
:10A5D00019F021F9635D43F08003E1E7D6F86230BA
:10A5E000BB608B889380336A5B05F3D4B6F8502048
:10A5F000635D304662F345136355B91C19F0FDFBEA
:10A60000635D60F386136355A3797A78023313444C
:10A61000E371B6F8503003F01403142B04D0B8F1F2
:10A62000000FC4BF42447A7002B0BDE8F081635DA0
:10A6300062F30303B4E70222635DF9E7881A00209E
:10A640002DE9F0438B7906460C33CC18237985B07D
:10A65000DA0737D5E77A252F34D8484B9A689379AB
:10A660000C33D118D35CA27AC3F38013B3EBD21F9F
:10A6700028D1056A0622EB064CBF0231043104F1F1
:10A68000120020F037F9E8B994F80A9019F0C7F8E9
:10A6900005F4C04580F001032A1EC9F3801904F1B6
:10A6A0000C08414618BF01224846DBB21CF0F0F905
:10A6B000014650B1A37A03F00F03032B1BD1336A79
:10A6C000980712D44FF0FF3012E019F0AEF80028CE
:10A6D000F8D1A37A03F00F03002DEED0032B85F4FD
:10A6E000C0451CD1A904EDD5E9E70C2FEAD1032020
:10A6F00005B0BDE8F083052BE4D1306AC207E1D58F
:10A7000000F01403142B0FD0012202A90DF1070051
:10A7100019F089F808BBA17AC1F3801121E0052B5B
:10A72000D0D16B04E9D4CDE706F162052946C0F328
:10A73000802019F069F80028E6D1A27A336AC2F3C2
:10A740008012C3F380239A42BCD106222946404698
:10A7500020F0D0F80028B5D1D6E79DF807100DF10C
:10A760000808404600F0E2FB0028ABD104F11800D5
:10A7700019F0F7FA0028A5D00520B9E7881A0020BB
:10A7800038B50446D0F8A00010B9D4F8A400D0B170
:10A7900094F8305120F078FC81B2063128461CF044
:10A7A0006DF983B240F271200849B4F87820098E1F
:10A7B000424341438A42B8BF0A4603F5487090427B
:10A7C000B8BF104638BD0346ECE700BFA01A002012
:10A7D00030B5174B826A1B681206597926D5028F4D
:10A7E0001C79436B1203B2FBF3F2631AB2FBF3F270
:10A7F000B0F89C3003B1013BD0F8A05005B15B101C
:10A800001B02B3FBF2F35B180CD090F895200F2AD3
:10A8100008D91209B3EB820FB8BF00234FEA8201B7
:10A82000A8BF5B1A9C42A8BF1C46E1B2417530BD6F
:10A83000441D00202DE9F0411A4C06462368A3B9B7
:10A840002EB100254FF4A478EFB2B74211DB0020FF
:10A85000BDE8F0812068013507FB030018F073FFA5
:10A86000A27EEBB29A42F5D8EAE700254FF4A4772E
:10A87000F6E72068013508FB070018F062FF0028A2
:10A88000E2D000254FF4A47605E0206806FB050021
:10A8900018F059FF0135EBB2BB42F6D341F2070085
:10A8A000D6E700BFA01A0020084B9A7E82420AD940
:10A8B0004FF4A4721B6802FB0030836A13F0100F80
:10A8C00008BF002070470020704700BFA01A00207A
:10A8D000084A09491368C31AD810002B01FB00F07D
:10A8E00005DB937E8342D8BF4FF0FF3070474FF0B7
:10A8F000FF307047A01A0020199C8FC170B5044624
:10A900000E4623F071FE3146054604F1300019F081
:10A910009DFA2046FFF7DCFF01218140054819F030
:10A9200095FA4FF4807009F085FD2846BDE8704027
:10A9300023F055BEC81A0020F3292DE9F843044638
:10A940000D468C4E1ED1738C5BB9A36813F4601F47
:10A950006ED0238F626B1B01B3FBF2F3F32D9FB21A
:10A9600025D1204619F0F5FAB4F89C30002B38D1E7
:10A97000A26A984612F0800F0CBF3E22082284F88B
:10A98000772030E0736959064BD5836A1A0748D59A
:10A99000336900F1400143601AF0FAFE738C002B1A
:10A9A000D3D0238F626B1B01B3FBF2F39FB2618F95
:10A9B000B4F89C209BB25B1A9A423BDC736994F812
:10A9C00031019B074CBF002102211CF0B1F840F27D
:10A9D000022372699343C4D12046A4F89C7019F0F5
:10A9E000B9FA4FF001082046FFF7F2FEFFF770FFBB
:10A9F00087B2384618F0F2FE8146384618F0ECFE71
:10AA000030B1384618F0DEFE0021384618F0E3FE7B
:10AA1000F32D04D0A36A190701D5628F8AB90123E7
:10AA200034E0718C238F626B00298ED01B01BBE751
:10AA300073848EE7B37F002BC9D0032194F83101D2
:10AA4000C3E713F4C05FEAD1726912F00C0FE6D1CC
:10AA500040F202239343E2D1D4F8A430002BDED19C
:10AA60002046FFF735FF80B218F0B0FE0028D6D19F
:10AA70002046A18F1BF014F8031E69DD628F01329E
:10AA8000934265DC012BCAD0013B9BB2A4F87C3019
:10AA9000384618F099FEB4F87C301844A4F87C00CD
:10AAA000384618F090FE236B5A0409D54FF48041C4
:10AAB00004F1300019F0D2F900212046FFF71EFF03
:10AAC000A58FB4F87C302B44A387B8F1000F0AD0CF
:10AAD000204619F0FCF9204618F036FE2046A18FDA
:10AAE0001AF092FE8046384618F078FE48450DD0A0
:10AAF000A36A1B070AD43846A58718F065FEA38F02
:10AB0000013080B2A4F87C001844A087A38FAB4228
:10AB100002D2384618F05EFEB4F87C20B4F89C30BF
:10AB200094F870109B1AA4F89C3094F86F3002FBD4
:10AB300001332522B3FBF2F102FB113384F86F30AD
:10AB4000B8F1000F07D02046BDE8F84319F0ACBAC1
:10AB5000638F013399E7204608211AF091FE2046C1
:10AB60000221FFF7CBFE41462046BDE8F8431BF02B
:10AB70005ABD00BFA01A002038B500230C4D044672
:10AB8000AB7720234FF400306B6104F08FFA58B19B
:10AB900003F0A4F8E862204619F085F984F8310141
:10ABA000204619F0E7FA38BD02F032FFF2E700BFA5
:10ABB000A01A0020022810B50C462CD0032832D051
:10ABC00001283FD191F8953008466FF3071381F8BB
:10ABD0009530FFF7D1FFA36A20461B0718D503F075
:10ABE000B5FB042004F062FA60B3174AD37F4BB37D
:10ABF00092F820300133DBB282F8203092F8242022
:10AC00009A421FD8BDE810404FF0806009F012BC96
:10AC100003F088FDE5E703F043F8844212D1BDE874
:10AC2000104003F087BB91F895302046C3F3031220
:10AC3000013262F3071381F89530BDE81040F3212B
:10AC4000FFF77ABE10BD00BFA01A002008B504F0BF
:10AC5000B9FAFB22114B10F0020FDA7644F290227F
:10AC60009A830CBF012203224107197E48BF42F09C
:10AC7000040262F3030119761A7EC2F3030161F341
:10AC800007121A7600229A621A61DA774FF480620C
:10AC90001A62032283F8242008BD00BFA01A0020F6
:10ACA0002DE9F843574C0546A06818B111F0FAFD9C
:10ACB0000023A360EFB2384619F014F9804600284B
:10ACC00039D1384619F019F90646A0BBFFF7B2FD95
:10ACD0008146022011F056FD002D58D005EB85016C
:10ACE00005EBC101C90033460122022089B211F0EF
:10ACF00005FD002846D102204FF4A479A77611F073
:10AD000063FD314609FB05F220601FF01DFE23683C
:10AD1000681EF1B2814209FB01F206F101062CDB4B
:10AD20000021284699506360FFF784FD50BB3846E8
:10AD300018F044FD90B30025002019F0D3F800204E
:10AD400019F0DBF80020FFF775FD022011F01AFD65
:10AD50002846C4E90055A57618F030FD284619F0BC
:10AD6000B4F8284619F0ADF8284618F0FBFC02208C
:10AD700011F008FD4FF0070840E002F5A4711944F6
:10AD80009950C6E70023C4E90033A376D3E7C4E9AA
:10AD90000055A576B9F1000FC9D0CCE7384619F0B7
:10ADA00094F80028C7D1284618F0DCFC0028C2D14E
:10ADB000384619F086F80028BDD1384619F08AF8CF
:10ADC00006460028B7D1002D18DD022020F0EFFA4A
:10ADD0000223A060C37183793146C3F102020C33B0
:10ADE000D2B218441FF0B0FD0121A3689A79134430
:10ADF0001A7B61F301021A73FFF728FF4046BDE892
:10AE0000F88300BFA01A0020014B987E704700BF56
:10AE1000A01A002030B50A4B4FF4A4751A689C7E26
:10AE2000002318462832D9B28C4200D830BD05FB29
:10AE300003F151580133490644BF0130C0B2F2E773
:10AE4000A01A00202DE9F04123F0CEFB244D064648
:10AE50006C6824B923F0C3FB2046BDE8F0814FF4B1
:10AE6000A4772368D4F81C803A46002120466B6002
:10AE70001FF06AFD402104F12800C4F81C8018F07E
:10AE8000E5FF304623F0ABFB0123237584F8303116
:10AE9000A3F10113A367EB7E2A8B84F84231AB8BBD
:10AEA0000021A4F84031072384F885300D4BA4F825
:10AEB0004421C4F8883003F1CE5303F59813C4F845
:10AEC0008C3041F61B33A4F890301B23A4F8867015
:10AED00084F8923004F1080019F0E5FEBCE700BFE9
:10AEE000A01A00204801480170B5044619F0B8F8CE
:10AEF00004F1080000F0ECFC23F076FB4FF4A472A0
:10AF0000054600212046E6691FF01EFD064BE6615E
:10AF100053F8042F2AB928461C60BDE8704023F07E
:10AF20005EBB13461268F5E7A01A00202DE9F04138
:10AF300006464FF480400F4604F0B8F8044630B996
:10AF40000E4B1D6893F81A807135A04502D8002079
:10AF5000BDE8F08155F8493CDA0609D5C3F3800312
:10AF6000BB4205D10622294630461FF0C3FC18B16A
:10AF7000013405F5A475E8E70B20E9E7A01A0020E5
:10AF800010B5044610B9084B198610BDA0F878100A
:10AF9000A0F87A20FFF7F4FB2169E0602046BDE8C5
:10AFA000104018F064BF00BFA01A0020B0F8943021
:10AFB00010B55A1C62F30B030446A0F89430042029
:10AFC00004F074F8C0B12046FFF782FC80B218F09C
:10AFD000F7FB78B14188094AD37F0B44DBB2D377C2
:10AFE00092F821209A4207D8BDE810404FF08060C7
:10AFF00009F020BA0121EEE710BD00BFA01A002021
:10B0000038B58B7905460B449B7D0C4603F0030352
:10B01000032B09D101212C3018F018FF4FF40061E7
:10B0200005F1280018F012FF21460548A56020F020
:10B03000E1F8BDE838404FF0005009F0FBB900BF1F
:10B04000AC1A0020014BD87699837047A01A0020D3
:10B05000014BD87E704700BFA01A00202DE9F04FA9
:10B06000D0E9027590F9181087B00291417E04680A
:10B0700090F80480D0F810A0037D427D90F816B0BF
:10B0800090F81790002940F0E680A9F1030101290A
:10B090008CBF0226032603932B8984F89B202A4623
:10B0A00052F8101BBBF1000018BF0120C4F8281192
:10B0B00004F14401019305F083FB20461AF0D9FB0B
:10B0C000204618F01CFF1BF039FD49460246204679
:10B0D00018F00FFFC82220460DF11601ADF816201A
:10B0E00018F0FAFE0022C4F83421AA88039BA4F8C1
:10B0F0002C21AA7984F82E21DAF80020C4F87120D6
:10B10000BAF8042004F1280AA4F875201BB1042120
:10B11000504618F09BFEBBF1000F04D04FF40051D5
:10B12000504618F093FE4FF4607003F0BFFFC0F379
:10B13000C0134FEA831BC30548BF4BF0800B81054A
:10B1400048BF4BF4807B23F04FFA4FF482610390A9
:10B15000504618F07BFE594604F12C0018F076FE9C
:10B16000039823F03CFAA8F10203012B75D84FF4A1
:10B170000021504618F06AFE01212046FFF7BEFB71
:10B18000042120461AF07CFB6B7D2046C3F30403A8
:10B1900084F870306A8952006263697B2A7B42EAD4
:10B1A00001226287E97BAA7B42EA012222876A7D2B
:10B1B00084F86F30C2F3421284F83E200022052347
:10B1C000A2870122A4F89C30A4F87C20029918F0F0
:10B1D0009BFE03F0F1FF20F40060C4E90801204663
:10B1E000FFF7F6FA3A493B4AB1F822B008F0FD03FE
:10B1F000BBF1000F66D1B3BB40F2C71B6760A26111
:10B2000020460F61FFF7BCFAB9F1010FE06005D0ED
:10B210004946204684F8309119F018F804F10800E6
:10B22000594619F040FD012002F00AFC28B9237D9F
:10B230005A075CBF43F00203237540F271216B890A
:10B240002046013B594318F012FE20461BF0DEF960
:10B2500007B0BDE8F08F01261DE7B8F1010F8BD1D3
:10B2600040F2014189E74FF4D77BA26140F2712897
:10B27000019B760006EB430608FB06F6374440F6D2
:10B2800008015046676004F1400718F0DFFD3946B9
:10B2900020461AF07DFA33463946204604F134023E
:10B2A00000F032FEEB7901225B003946204608FBB4
:10B2B00003F31AF073FA236C20469E08FFF760FA36
:10B2C0003044A1E76760A261002BCFD198E700BFAF
:10B2D000A01A0020B5AB010070B51D46C36A044634
:10B2E0001B07164613D408212C3025F4105518F0EE
:10B2F000ADFD25F01005064B2D0433402D0C2046E6
:10B30000C4E90835BDE870404021FFF7F7BA70BDC9
:10B310002FCF87F72DE9F04F85B0044601910846FD
:10B3200089B34B799A071FD41FF002FF019D70B9B2
:10B330006B79DB0705D54FF4803104F1280018F054
:10B3400085FD01A81FF06FFE05B0BDE8F08FA36A70
:10B35000DF0309D54FF4803104F1280018F07EFD99
:10B360006B7943F001036B71019E23F03DF9737912
:10B3700031469E0705461ED504F1AC001FF049FF7B
:10B38000284623F02CF9DFF8909123F02DF9A36AD9
:10B390000746DD0514D5D4F8AC3043B19A7913448F
:10B3A0001B7B3A2B03D829FA03F3D80711D438466C
:10B3B00023F015F9C8E704F1A8001FF01BFFDFE731
:10B3C00094F94631022BF2DCD4E92A2372B9002B1E
:10B3D000EDD004F1AC001FF044FE0546384623F0E2
:10B3E000FEF82946204619F0E4F8CEE7002BF0D10C
:10B3F00094F89280039304F1A80BD4F8A86096F80F
:10B4000007A0B379AAEB030A5FFA8AFAC24527DCE0
:10B4100058461FF085FE0546A8EB0A086B792946B9
:10B420006FF3C3036B7103A81FF0E4FED4F8A830D8
:10B430002BB15B79990702D1B8F1000FDDD1039BE5
:10B44000002BB4D09B79022B40D800201FF0AFFF17
:10B45000014670BB039904F1A8001FF0DAFEA6E7CD
:10B4600000201FF0A4FF054630B9039904F1A8009D
:10B470001FF0CFFE03959AE78079B1790C300C313B
:10B480004246314428441FF0C7F9EB7953FA88F358
:10B49000EB71B379727953FA88F3B3716B794FF02A
:10B4A000000862F300036B7173796FF3000373712B
:10B4B000B4E7039B4A79587960F300024A715A79DC
:10B4C00003A86FF300025A711FF09EFEE36A9A050B
:10B4D00012D50398034600680028FBD1DB79C3F13D
:10B4E0004503DBB2032B07D81FF061FF014600289C
:10B4F000B0D003A81FF07EFED4F8A83013B15B795A
:10B50000DB0704D5039A537943F008035371384697
:10B5100023F065F8039965E77C2C0200F8B5002359
:10B52000124A02F1280151E8004F41E80035002D90
:10B53000F7D1012734B9BDB10D48294618F086FC72
:10B540002046F8BD94FAA4F0B0FA80F007FA00F6AD
:10B5500024EA0604FFF7A8F90028EBD019F0B7F8A1
:10B560000028E7D13543E5E70120EAE7A01A0020EB
:10B57000C81A00202DE9F74F04460190002862D038
:10B58000C5794FF000080C35054423F02DF84646E8
:10B5900000904FF4A47A40462C4FBA7E5FFA88F9A7
:10B5A0004A4517D90AFB09FB3A685A44916ACB0607
:10B5B00046D5B2F89420C2F30B02002A40D0E279BB
:10B5C000C2F14502D2B2032A17D802201FF0EFFEC3
:10B5D000044650B900230098FB7787F8203022F00A
:10B5E000FEFF304603B0BDE8F08F014601A81FF012
:10B5F00001FE0020E5790C352544042201230021B9
:10B6000012FB003305F82090E9543B6802FB005C14
:10B610005B44B3F8943001368CF80230032312FBFC
:10B620000032A9543B6801305B44B3F89420C0B2A7
:10B6300061F30B02A3F89420E379F6B20433E371CB
:10B6400008F10108A9E70646CBE700BFA01A0020D1
:10B65000F7B5684605F0A8F800254FF4A477124E18
:10B66000B37EAB4201DC03B0F0BD346807FB054498
:10B67000A36A03F01803102B13D10522694604F1C5
:10B6800045001FF037F960B1012120461AF0ACFAED
:10B6900038B901201FF08BFE014610B1204601F0A1
:10B6A00065F80135DCE700BFA01A00202DE9F74F4F
:10B6B00022F09AFF424BDA6800920022DA6022F010
:10B6C0008EFF009B13B903B0BDE8F08F68461FF0F2
:10B6D000C8FC8279876802F10C0404440146019099
:10B6E000A07A0A3210F0200F14BF03200220024477
:10B6F0008A71FA6A52050FD5E07AA27A42EA0022EC
:10B70000384619F0B8FA38B901A81FF08CFC3D2171
:10B71000384619F0BBF9D4E7BA6A94F80AB012F4C3
:10B72000007201990BF0030013D003288A79EBD142
:10B730000A44127B3A2AE7D8224B23FA02F2D307B3
:10B74000E2D54A79384642F002024A7100F0EEFC36
:10B75000B7E70328F5D048790BF0030B62F34100FB
:10B760004871084694F8069094F905A01FF0E0FC93
:10B77000019D0646AC793846063CE4B2AC71FFF751
:10B78000A7F80C34C0F3032305EB040843EA0B13BA
:10B7900088F803302B46F6B288F80200A8F8046057
:10B7A00005F804A088F801905A796FF341025A71A4
:10B7B0001B68002BF8D1284619F045FB81E700BF34
:10B7C000A01A00207C2C0200012838BF012001298A
:10B7D00038BF0121024B83F8210083F82410704701
:10B7E000A01A0020104B1A7842F0F0021A701A7C4E
:10B7F00042F0F0021A7493F8202042F0F00283F82D
:10B80000202093F8302042F0F00283F8302093F8A3
:10B81000402042F0F00283F8402093F8502042F09C
:10B82000F00283F850207047D41A00200368054ABC
:10B8300023F07F6323F4002302EAC1421343036031
:10B84000704700BF0000F80FF8B54488054604F0C3
:10B850000704072C1C4E28D122F0C6FE002211013D
:10B86000735C06EB02171B090F2B0AD00132062A64
:10B87000F5D1164A13880133138022F0B0FE192047
:10B88000F8BD2B6894B27B801123735422F0A7FE7D
:10B890001BF074F806EB0413D8602B68002023F427
:10B8A000E02343EA04432B60EAE72301F15CC1F3A0
:10B8B0000312013202F00F02052A28BF002262F3B0
:10B8C0000711F154E4E700BFD41A0020CE2700206E
:10B8D00038B54488054604F00704072C0FD022F041
:10B8E00083FE074A2401135D43F0F00313552B68D0
:10B8F00043F4E0232B60BDE8384022F070BE38BD31
:10B90000D41A00202DE9F0474588074605F00705C1
:10B91000072D894637D01D4C4FEA051814F80860EA
:10B920001BF02CF804EB051ADAF80C30360906EB9C
:10B93000C506C01A04EB4606708014F8083003F000
:10B940000F02042A9EBF013262F3030304F8083099
:10B95000B9F1030F14D114F8081004EB0514A01C5E
:10B9600001F00F011AF054FD044622F03DFE3A6842
:10B97000074B134023433B60BDE8F04722F02FBE46
:10B980004FF6FF74F1E7BDE8F08700BFD41A00203E
:10B990000000FF7F064A08B59268824207D04279CC
:10B9A00022F0030242F00302427108F09DFD08BD3F
:10B9B000341B002010B5064C20461FF034FB201D20
:10B9C0001FF031FB04F10800BDE810401FF02BBB55
:10B9D000341B002010B502201FF0E9FC034C60600E
:10B9E00002201FF0E4FCA06010BD00BF341B00204B
:10B9F00008B5FFF7DFFF0022024BDA60BDE8084020
:10BA0000FFF7E8BF341B0020014B5868704700BFA8
:10BA1000341B0020014B9868704700BF341B002086
:10BA200038B50C4CE3681BB1E36898470023E3602A
:10BA300023686BB107481FF014FB054640B123682B
:10BA40001BB14FF0004008F0F5FC284619F0DAFD74
:10BA500038BD00BF341B002010B5084CE0604FF02B
:10BA6000004008F0E7FC00BF00BF00BF00BFE36874
:10BA70001BB1E36898470023E36010BD341B00202E
:10BA800038B58379044603445B7B13F0300F437968
:10BA900023F0030308BF43F00103437122F0A4FD28
:10BAA0000546214605481FF0A5FB4FF0004008F071
:10BAB000C1FC2846BDE8384022F091BD341B00206F
:10BAC0002DE9F041234F00217C68FE20A679FEF786
:10BAD000C3F9054601F028FB40B10C22B8680023E9
:10BAE000BDE8F04142F2050119F0F0B801F05CFB4D
:10BAF0000028F2D10C363444237AE61C9B09022B31
:10BB0000EBD0012B18D9237AA11C03F03F02073494
:10BB100043F0C00311F8010F8C4242EA000203EA2D
:10BB20000003F7D1002AD8D0FF2BD6D055B9304624
:10BB30001AF049FE0022D1E731461AF058FE0028DB
:10BB4000E1D0CAE73146284618F0B5F80028EED112
:10BB5000C3E700BF341B0020F0B5184E85B07568F0
:10BB6000AB790C331D4403F02DFBB5F80920B5F873
:10BB700007108A421FD8032A1DD903291BD96F79C0
:10BB8000CFB1C04360F0050010EA070413D1EB7891
:10BB9000A879CDE901742C79009401F07DFA002890
:10BBA0000CBF0C22002242F24101B06805B0BDE892
:10BBB000F04019F0DCB81122F5E700BF341B00207B
:10BBC00010B50D4C626893790C331A441179D07812
:10BBD000003918BF01210038B2F8073018BF012022
:10BBE000B2F8052001F066FD42F242010246A0686B
:10BBF000BDE8104019F0BBB8341B002010B5084C4C
:10BC00006068837918440F301AF0C1FD0023A068E2
:10BC10001A46BDE810404FF6284119F057B800BF4A
:10BC2000341B0020242816D80F2805D802280CD849
:10BC3000B0FA80F040097047084B103880B2C3401A
:10BC400003F0010383F0010070470538012894BF19
:10BC50000020012070470120704700BF2D201100F7
:10BC60002DE9F04F95B0FFF7CFFE42F2360386790B
:10BC700005460C3630F80680841998450ED1FFF73A
:10BC8000C3FE02211FF09FF97F22A3780233A37025
:10BC9000AA55002320222377627063770121E07880
:10BCA000FEF7DAF800230646002800F0D280CDE93E
:10BCB0001233E288237AADF848208DF84A30B4F880
:10BCC0000920E37AADF84C208DF84E30A288E37855
:10BCD00002F01C01FE2B4FF6FF7308BF4FF48043A8
:10BCE0001C2925D0DDE9120188421DD90025112625
:10BCF000FFF790FE012332464146ACB218F0E6FF52
:10BD0000002DCCBF0534053C24B2002E40F0A480A9
:10BD10000A2394FBF3F4E4B2FFF77CFEC3791844E2
:10BD2000C47215B0BDE8F08F1F28DFD99942DDD865
:10BD3000D206E77D657E04D5012F16D00025122698
:10BD4000D6E7012F74D0032FD0D16B1EDBB2022BAC
:10BD5000CCD803F037FA04270742C7D0032D08BF19
:10BD600004252840C0B20028C0D0E07817F03BFD81
:10BD700020B1A088FFF756FF0028DFD0374A237F85
:10BD80001278002A5CD0042BD8D8637F042BD5D836
:10BD9000A388DB065BD41AF0D1FE0121C82208403B
:10BDA00004F0D8F994F91630B4F804E003EB8303F7
:10BDB000B0EB430F4FEA4302637B677E0F93A37B95
:10BDC000E188109304F10F031193637F94F80C90B2
:10BDD00094F815A094F818B00546E07DC8BF15B2D8
:10BDE000B4F809200C93237F03280B93E37E08BF4C
:10BDF0000420032F08BF0427003B18BF01230A9328
:10BE0000A37E1FFA85FCCDE90873119BCDE9060BD3
:10BE10000293109BCDE904ACCDF80C9001930F9BDD
:10BE2000304600935FFA8EF317F096FD06465FE703
:10BE30006B1EDBB2022B3FF659AF03F0C3F98BE761
:10BE4000002B7FF453AF637F002BA1D04EE700207F
:10BE5000A3E7054607264BE700245DE74A280020B4
:10BE6000F8B507460D4616461C4623B901201FF0BB
:10BE70009EFA0446C8B106220C21204618F048FF5D
:10BE8000691EC9B2032988BF0022A37998BF074A57
:10BE900003F10C0398BF525C234420469F80DE7060
:10BEA000DA719A71FFF776FD0120F8BDC8F1030041
:10BEB000F8B5FFF7A9FD83791844B0F80F60B0B268
:10BEC000FEF7F2FC0446C0B118F037FB0138C0B2EF
:10BED000032814D800270B4B1C5CFFF79BFD05467D
:10BEE00004233A4642F2300118F0F0FEAB790C33ED
:10BEF000E818C68004724472F8BD0227EDE70024FA
:10BF00002746EAE7C8F103002DE9F0411D469046B7
:10BF10000E46074601F092FF01F08AFF044698F8AA
:10BF20000A0001F085FF1A4B04449D4225D9194BA4
:10BF30009D4215D9184B013D93FBF4F3002BB8BF7C
:10BF400003339A1005EBA305B5FBF2F37968326869
:10BF5000A1EB930102EB430279603260BDE8F0810E
:10BF60000E4B0F4AA3FB05535B0904FB03F303F6D7
:10BF7000C313A2FB0323DB0AE8E704FB05F3094A2A
:10BF800003F574338F33A2FB03231B0CDEE700BFE2
:10BF90004C6210001366660640420F001F85EB518D
:10BFA0005917B7D183DE1B43024B1A680260186031
:10BFB000704700BF481B00200022024B1A6000F0AF
:10BFC00045BA00BF481B00202DE9F843064617F08C
:10BFD000DBFF0446002835D045784DB922F004FB3C
:10BFE000237863701B4B1B682570636022F0F7FA9F
:10BFF0004FF00108677837B923781BB34FF400700E
:10C0000008F018FA1EE097FAA7F5B5FA85F508FAD0
:10C0100005F55FFA85F9636833B90E4B27EA050524
:10C0200065701B686360E5E79B681BB963681B6804
:10C030006360F0E7494630469847012805D16368B8
:10C040001B6863600120BDE8F8830228EED1002060
:10C05000F9E700BF481B002070B500250D4EFEF724
:10C06000D3FEA84201D8012012E03068FEF71CFC84
:10C0700050B93468FEF7C8FE0134B4FBF0F303FB9B
:10C08000104401353460EAE7FFF79EFF0028F0D145
:10C0900070BD00BF441B002010B5044683790344E3
:10C0A0001B7B3A2B96BF044AFF21D15C1EF08BFF0D
:10C0B000A0790C30204410BDCCF10300F8B5174630
:10C0C00006460C461D4617F057FF020713D50221FE
:10C0D000304618F096FC70B11121204619F0E8FBAB
:10C0E0002046FFF7D9FF4570877021463046BDE8EE
:10C0F000F840FFF70FB929200B49C5F12002A5F13F
:10C100002003E94000FA02F220FA03F31143194335
:10C11000CB07E1D40D21204619F0CAFB2046FFF7DA
:10C12000BBFF4770E1E700BF000040842DE9F34109
:10C1300005460C46019117F017FF830605D501A8A7
:10C140001EF071FF02B0BDE8F081019FBE790C3690
:10C15000BB5D3A2B18D8164A12F80380B8F1FF0FCE
:10C1600012D038461EF0E4FF013840450CD1114B87
:10C170001E6896B921462846A37923441A7B02B04B
:10C18000BDE8F04119F0A8BB01981EF04CFF28460D
:10C19000BA5D019919F0A0FBD4E773680BB9366852
:10C1A000E7E72146284698470028F8D0CAE700BFAD
:10C1B000CCF10300481B002037B504460D46202172
:10C1C00017F0D4FE2946204617F022FF2146012011
:10C1D00019F029FC2146002019F025FC012000233C
:10C1E0002146034A009019F0AFFB03B030BD00BFF9
:10C1F0000558030037B5044619F093FD0321204686
:10C2000017F009FF0025034621460120034A009547
:10C2100019F09AFB284603B030BD00BFFD5B030058
:10C220002DE9F34104460D460146012017F093FE27
:10C2300001210746284619F03BFB2846FFF72CFF53
:10C24000064600F10108404604F0AEFAD6F8013087
:10C250000221C7F8123073792046BB7517F0DBFE58
:10C2600029460746F080204619F020FB202321466E
:10C27000009301203B46034A19F066FB002002B000
:10C28000BDE8F081E35C03007FB504460D4619F07C
:10C290003CFDD8B3204617F06FFE430715D50023A9
:10C2A00020461A460DF10F0118F02EF99DF80F30B7
:10C2B000062B0AD8284610F0F5FA01220023204662
:10C2C000FFF70AF8002004B070BD0E21284619F0CF
:10C2D000EFFA2846FFF7E0FE064602F06DFFC6F8CB
:10C2E000051002F069FF2946C6F80100204619F042
:10C2F000DDFA0321204617F08EFE0022034600924D
:10C3000021460120024A19F01FFBDBE70821DDE787
:10C31000015C0300F7B50D460446174619F0F5FC1D
:10C3200080F001002146C0B217F015FEC668012D4D
:10C33000B37907D03A462946204603B0BDE8F0401D
:10C3400019F00EBD0C3320461E44FEF7C1FA718968
:10C3500080B217F046FA102273892146009200201D
:10C36000024A19F0F1FA284603B0F0BD615D0300FE
:10C370002DE9F74F0746884617F0FEFD10F48016AA
:10C380005DD102201FF013F80546002859D098F817
:10C39000063031460C334344B3F80490B3F806B08A
:10C3A000B3F808A019F084FA2846FFF775FE0221B9
:10C3B0000446384617F02FFEA4F804906081A4F8D4
:10C3C00006B0A4F808A01AF098FA09F10109B0FB28
:10C3D000F9F303FB1900022360806370AB7988F8DE
:10C3E0000630EA7903F10C0088F80720D21AD2B29D
:10C3F000291840441EF010FA3946012017F0ABFD11
:10C40000C0F80C803846FEF763FA618980B20139C2
:10C4100017F0E7F9102263893946012000920A4A91
:10C4200019F092FA4FF48031384617F0A7FD3846DC
:10C43000294619F03BFA304603B0BDE8F08F2320BF
:10C44000FAE70720F8E700BF615D030010B5054C6F
:10C45000054A2046054919F0C2FB2046BDE81040B8
:10C46000FFF7A2BD4C1B0020ED5D0300CDC5010010
:10C470002DE9F04191F806800F4686B008F10C08CE
:10C480000391044601EB08060146012017F063FD05
:10C4900017F808300546023B0F2B00F28E80DFE8CC
:10C4A00003F0088C8C8C8C638C6D8C8C2D5C8C8C4C
:10C4B0008C4D22F099F871780546204617F0A8FDBA
:10C4C0002021204617F052FD2146012019F0ABFA39
:10C4D0002146002019F0A7FA0123009300232146EA
:10C4E0001846374A19F030FA03A81EF09CFD28467A
:10C4F00022F075F8012006B0BDE8F081B38820462F
:10C500007288717817F0E6FF204617F035FD830733
:10C5100008D42046039919F004FC0121204619F0A3
:10C52000AFF9E7E7AA68274B9A4203D121460120D9
:10C5300019F049FA03A81EF076FDEEE7836843B1CF
:10C5400003AA0492B27803218DF8142004AA20468D
:10C55000984703A81EF067FDCCE78368002BF8D04E
:10C5600003AA04927278EEE78368002BF1D00022D0
:10C57000059203AA0492042104AAE8E7039D214638
:10C580000120AE7917F0E7FC0F4B82689A4203D086
:10C59000284610F087F9ADE7AB19D3F80D202046F7
:10C5A000D3F81130FEF798FE284610F07BF92146AB
:10C5B000012019F008FA0221B0E700209BE700BF34
:10C5C000175D0300FD5B0300015C03002DE9F341EF
:10C5D0000D46044619F099FBAB7900287DD00C3349
:10C5E00015F80380EE18B8F1010F53D0B8F1080F19
:10C5F0004BD0B8F1000F63D12046718919F092F940
:10C60000B38872889A4294BF07460027092B38BF27
:10C6100009237278013B9BB29A421BD8002A08BFBB
:10C6200000272046FEF754F91FFA80F8404617F01D
:10C63000C7F888B14388B18800930846F3883289E7
:10C6400019F0B6F850B9284610F02CF9012002B0C4
:10C65000BDE8F0814746E4E70123ECE7002FF2D084
:10C660002146002017F077FCC560718940460139EA
:10C6700017F0B7F8102273890092013B1B4A9BB256
:10C680002146002019F060F9E0E72946204619F01C
:10C69000DAFADBE72046F18819F044F90746701C06
:10C6A0001AF05EFA0028CED0002FCCD02146002010
:10C6B00017F051FC2023C5600093F3880C4ADFE794
:10C6C0002946204619F092FE0028BFD1294620466F
:10C6D00002B0BDE8F041FFF7CBBE2B441B7B0E2B15
:10C6E000D3D02946204619F070FEEDE715C30100AE
:10C6F0009B5C030038B504460D4617F03DFC42072D
:10C700000FD4204617F038FC83070AD420460221B4
:10C7100017F034FC29462046BDE83840034A19F09A
:10C72000F3B9284610F0BEF8002038BDF5C101006D
:10C7300038B504460D4617F017FC00F01800102815
:10C740000CD1204617F018FC10F4C02F06D1294652
:10C750002046BDE83840044A19F0D6B9284610F002
:10C76000A1F80C2038BD00BF71C30100014A19F0C7
:10C77000CBB900BF21C2010070B505460C46014689
:10C78000012017F0E8FB0646284617F0F5FB0207E4
:10C7900004D5204610F086F8002070BD33685B0594
:10C7A000F7D4284619F0B1FA40B121462846FFF7E0
:10C7B000A1FF18B91EF0FBFD044670B156E8003F1A
:10C7C00043F4806346E80032002AF7D12146284628
:10C7D000BDE87040024A19F097B90720DDE700BFB5
:10C7E00089C2010073B504460E4617F0BDFB00F088
:10C7F000300010284FF0020031D11EF0D8FD054660
:10C8000078B34379022143F00203437119F050F8E1
:10C810002846FFF741FC29464670204619F046F8A5
:10C820001621204617F0F4FB2021204617F09EFB2E
:10C830002146012019F0F7F82146002019F0F3F8FD
:10C84000204619F096F90121204617F0E4FB034633
:10C85000012021460090044A19F076F8002002B029
:10C8600070BD0720FBE700BF2B5C03002DE9F04300
:10C8700087B004460E4617F07FFB00F4C060B0F5A9
:10C88000C06F06D102201EF092FD054610B90720A8
:10C8900054E000252146012017F05DFB814696F803
:10C8A000068000F1120208F10C08B04408F10F03F1
:10C8B00008F11F0153F8040B8B4242F8040BF9D125
:10C8C0000321304618F0F4FF3046FFF7E5FB0A225B
:10C8D000074608F1050101301EF01CF80C210DEB94
:10C8E000010000F029FB03AB03CBC7F80B00C7F82E
:10C8F0000F10059B07F10B02C7F813300DB30A2187
:10C90000284618F0D5FF2846FFF7C6FB29462046E3
:10C9100018F0CCFF4FF480712046C9F80C6017F076
:10C9200025FB0321204617F076FB00250346214610
:10C9300001200C4A009519F007F8284607B0BDE819
:10C94000F083204607F11303012118F0F3F8204685
:10C95000314618F0ABFF2046C9F80C5018F006F924
:10C96000DFE700BF2F5E0300F0B589B00D46044637
:10C9700019F057FAAB79002800F0A3800C33EA18BD
:10C98000EB5C033B082B00F23881DFE813F0090071
:10C990003601360184003601360136015D007E0025
:10C9A000D2F80100D2F8051003ABB2F8097003C346
:10C9B00002F1130301210B32204618F0BBF80421C9
:10C9C000284618F075FF2846FFF766FB06460C213F
:10C9D00005A800F0B1FA05AB03CB3346C6F8010059
:10C9E000C6F80510079A002143F8092F2046721C4B
:10C9F00018F0A0F82146002017F0ADFA034603AA6C
:10CA0000478303CAC3F81200C3F816102046082152
:10CA1000FDF774FF4FF40071204617F0A7FA204687
:10CA200018F0A4F82946204618F040FF03212046BC
:10CA300017F0F1FA034600202146714A009018F0E1
:10CA400083FF012009B0F0BD0B21284618F030FF0C
:10CA50002846FFF721FB2946204618F027FF21F042
:10CA6000C3FD05464FF44071204617F07FFA4FF49E
:10CA70008051204617F082FA284621F0B0FD4FF48D
:10CA80008061204617F07DFADBE728460FF00AFFA9
:10CA90004FF40071F5E70621284618F009FF2846F3
:10CAA000FFF7FAFA204617F040FD2946204618F015
:10CAB000FDFE204618F080F82146002018F083FF84
:10CAC000BFE72B441B7B043B072BBBD801A252F8CA
:10CAD00023F000BFF5CA01001BCB01007DCB010094
:10CAE00045CA010045CA010045CA010045CA010006
:10CAF00093CB010020464FF4007117F037FAAA7962
:10CB000020460C322A4402F109030021013218F0B8
:10CB100011F828460FF0C6FE93E74FF4806002F04C
:10CB2000C5FAB0B100274FF40061204617F01EFA95
:10CB30002046CDE90577FDF7CBFE0646204617F0E7
:10CB400011FA39460346009505AAB0B218F0E9FC7F
:10CB500077E72146012017F0FEF900F11201204687
:10CB600018F03FF80621284618F0A2FE2846FFF7E5
:10CB700093FA2946204618F099FE62E728460FF0FE
:10CB800091FE2146012018F04EFF204618F014F8BF
:10CB900057E721F029FD06464FF40071204617F0B3
:10CBA000E5F94FF48051204617F0E8F9304621F0BE
:10CBB00016FD4FF4C061204617F0E3F929462046E0
:10CBC00018F074FE2146012017F0C5F9C268054629
:10CBD00082B1937901210C331A4402F113032046E8
:10CBE0000B3217F0A7FF204617F0C0FF2046E96878
:10CBF00018F05CFE0023EB6023E7002022E700BF73
:10CC00002F5E030010B5074C07492046002218F09C
:10CC1000E6FF2046FFF7C8F9BDE8104001200021DB
:10CC200002F04ABA581B002069C9010038B5054610
:10CC30000C4617F099F900F01800102806D121468B
:10CC40002846BDE83840044A18F05EBF20460FF081
:10CC500029FE0C2038BD00BF6DC8010038B50C4658
:10CC60008B7905460C331944E35C142B03D0152B48
:10CC70000FD0002038BD013119F0ABF9152128463D
:10CC8000224619F0EEF92146284618F00FFE012041
:10CC9000F0E70146012017F05EF90B4B82689A42DB
:10CCA00003D020460FF0FEFDF1E7A179284621448C
:10CCB0000D3119F08EF920460FF0F4FD29460120C0
:10CCC00018F081FEE3E700BFB760030037B5044604
:10CCD0000D460A46142119F0C4F92946204618F0D9
:10CCE000E5FD0321204617F096F930220346009215
:10CCF00021460120024A18F027FE002003B030BD73
:10CD0000B760030010B5074C07492046074A18F0E2
:10CD100066FF2046FFF748F9BDE8104020200021BB
:10CD200002F0CAB9641B00205DCC0100BB600300A7
:10CD300073B51E46ADF800208DF80230009B044606
:10CD400001A801930D46114619F02DF99DF8063002
:10CD5000B34203D1BDF804308B4205D028460FF012
:10CD6000A1FD122002B070BD204617F06DFA9DF8AB
:10CD70000230827A9A4209D18288BDF800309A4204
:10CD800004D128460FF08EFD0020EBE769462046CF
:10CD900017F0A8FE29462046014A18F0B5FEE1E743
:10CDA000CDCC01002DE9F0411D46134307460C464A
:10CDB0001646BDF8188006D12046BDE8F0411A4657
:10CDC000194619F0DEB94146204618F097FD78B1B2
:10CDD0002146384617F0BFF840238674C5742146B3
:10CDE000069338464346BDE8F041024A18F0ACBD10
:10CDF000BDE8F08161620300F7B50E46054617F005
:10CE000099FBB3790C3333445F789B781F400378E8
:10CE1000C3F3030000EA1310384019F07BF904460D
:10CE200068B9284619F07FF9384019F073F90446BB
:10CE300028B9284617F081FB00F0D4FF04462846A5
:10CE4000002117F003FA1721304618F031FD304663
:10CE5000FFF722F9314644708470284618F026FD09
:10CE60000321284617F0D7F84022034600922946AE
:10CE70000020024A18F068FD03B0F0BD15620300FF
:10CE80002DE9FF4107460E461446DFF83880434639
:10CE9000694638460A4A03F0B9FB0028F7D0102C3F
:10CEA000254628BF102530462A4669461DF0B4FCA9
:10CEB000641B2F442E44EAD104B0BDE8F08100BFCA
:10CEC0005B2800204B28002030B589B0202269461D
:10CED000FFF7D6FF6A460C4D04AB144603CC9C42C8
:10CEE00028606960224605F10805F6D1074C08ADB7
:10CEF0001A4603CAAA4220606160134604F108047E
:10CF0000F6D109B030BD00BF4B2800205B280020BF
:10CF100010B588B0694620200FF080FE044630B975
:10CF20006846FFF7D1FF0122024B83F820202046FC
:10CF300008B010BD4B28002070B5134B054693F880
:10CF400020300C468CB00BB9FFF7E2FF0023CDE98F
:10CF50000033CDE9023354B91C22214605A80494BC
:10CF60001DF0F2FC04A8FFF7AFFF0CB070BD102C51
:10CF7000264628BF1026294632466846FFF780FF1E
:10CF80003544A41BE7E700BF4B28002008B581B259
:10CF9000074817F088FE012000F052FD30B9054A1D
:10CFA000137D59075CBF43F00203137508BD00BF32
:10CFB000781B0020701B002001238340DB430649BF
:10CFC00001F1240252E8002F1A4001F1240C4CE830
:10CFD00000200028F4D17047701B00200123074A6D
:10CFE00003FA00F002F1240353E8003F034302F187
:10CFF000240C4CE800310029F4D17047701B00204C
:10D00000044A4FF08040536A43F40023536207F010
:10D0100011BA00BF701B002038B54FF01013194C27
:10D02000002563644FF4E063A4F848300123164AF6
:10D0300084F85C30154B6562C4E91532256602F050
:10D04000C1F84FF48073A4F84E30114B84F85200AD
:10D05000A361104B25751A6829461378527804F19C
:10D06000080013445B106375A4F8B450A4F8AE50E4
:10D0700017F019FE294604F19000BDE8384017F07A
:10D0800012BE00BF701B002055555500D6BE898EBC
:10D09000F7640300441D00202DE9F843214C994614
:10D0A000636A0F46DB0715469DF824609DF82880CB
:10D0B00035D468B30120FFF791FF626A9DF82030F4
:10D0C00022F4C07242EAC312052E626284F85060F4
:10D0D00007D102F007FD48B96D00ADB2BD4228BFCF
:10D0E0003D4694F8500019F0FCF90646636A84F84E
:10D0F0005C60A4F84470A4F8465084F84890B8F1F5
:10D10000000F09D043F4801301206362BDE8F88367
:10D110000120FFF751FFD0E723F48013F4E700204C
:10D12000F4E700BF701B0020024B586AC0F3800078
:10D13000704700BF701B002010B51A4CFFF7F4FFBA
:10D14000636A13F0010313D1A8B994F85D3094F821
:10D150004910253BDBB20133DBB2032B28BF002390
:10D1600041FA03F2D207F6D5253384F85D3014E096
:10D1700094F8503010B194F85120134303F0050394
:10D18000052BE2D102F0AEFC0028DED194F85C3031
:10D19000012B03D1032384F85C3010BD012384F8F4
:10D1A0005C30D2E7701B0020024B586A00F001008F
:10D1B000704700BF701B0020F8B540F271232F4C60
:10D1C000E36018B1237D43F00803237519F0D6FB03
:10D1D00040F27121B4F84620E66B151F4D43AE4274
:10D1E000236CB4F8447018D2A3F5967301FB07338F
:10D1F000E768181A23893B4483420EDA5143237DA2
:10D20000891B43F0080323758142D4BF216120614B
:10D210001A48BDE8F84019F0F9B940F271277A438D
:10D22000A2F5E1722261FFF787FFB4F84420236C76
:10D23000AE4207FB0233636023644FF00003104AE1
:10D24000E3630DD3FFF770FF136838B19A791B7B46
:10D25000617D0B4493420DDC6375D9E71A78F6E7DC
:10D26000FFF762FF136838B1DA79197B637D5B1AC7
:10D270009342F1DA6275CBE75A78F6E7701B00202B
:10D28000441D002038B505460D4C80B10320FFF742
:10D2900093FE002384F84D300123A4F84A30042083
:10D2A000FFF78AFEBDE838401020FFF785BE052055
:10D2B000FFF782FE012384F8AD50A4F8B030EEE70A
:10D2C000701B0020274B70B55A6A0D4609B316072C
:10D2D00047D503F14D0603F14A0428B3D1061FD503
:10D2E0002388012B1CD95B0804202380FFF764FEF0
:10D2F0001020FFF761FE19F000FB2388B0FBF3F26A
:10D3000002FB1300307055B30320BDE87040FFF7F7
:10D3100053BE940625D503F1AD0603F1B004DCE756
:10D320000420FFF75BFEE3E7D20314D5B3F84A10FD
:10D33000B3F84E2091420ED222881020520092B2B1
:10D340002280B3F84E30934228BF13462380FFF764
:10D3500033FE0420CDE71020FFF740FEF9E705205B
:10D36000D3E770BD701B002070B58AB005466B46D0
:10D37000484AAC7910685168127A03C30C3408200B
:10D380001A702C4401F092FE20B101222846A11D02
:10D390001DF025FE0021A379CDF821108DF80F3066
:10D3A000A37AADF8251003F00F0303F128026A44B5
:10D3B00012F8282C8DF82010ADF81020062B08D874
:10D3C000DFE803F0044F07075F074B000D20FFF76E
:10D3D00005FEA37A0DF11301C3F380138DF812300B
:10D3E000E3680DF11200CDF81330238A09AEADF8D1
:10D3F000173000231A4616F005FAE3791C218DF840
:10D4000019304FF47F43ADF81A307F238DF81C306C
:10D41000637928468DF81D300023ADF81E30AB79B6
:10D4200003AC1233AB711DF03EFEAB792B440C33D1
:10D43000224603CAB24218605960144603F1080339
:10D44000F6D110682946186013481DF0D3FE4FF03E
:10D45000804006F0EFFF0AB070BD0D20FFF7ACFD75
:10D46000B7E7D4F81230CDF82130E38AADF8253093
:10D47000EB79063BEB71A37AC3F3C0138DF8203030
:10D48000A7E7064B5B6A9B0444BF42F00102ADF87C
:10D4900010209EE707F20300901B0020701B002065
:10D4A00070B583790C33C4182379DA0702D44FF0AE
:10D4B000FF3070BDA37AE27A03F00F05082DF6D88D
:10D4C000062D01D92846F4E7911F1F29EFD8012D19
:10D4D0001FD10C2AEBD1244E736A13F0060F01D131
:10D4E000DB05EFD416F09BF920B916F08FF9002870
:10D4F000E8D1DCE7A37A96F84820C3F3C010B2EB7A
:10D50000D31FD4D104F1120100F0010019F06FF91A
:10D51000EDE7042DD6D11449144A486A0240002A86
:10D52000C5D0096B0029CDD08A79C3F380130C32A2
:10D5300088188A5CB3EBD21F08D016F070F9002867
:10D54000C0D116F05AF90028BCDBB0E704F10C0199
:10D55000062208301DF0CEF9044616F060F90028C6
:10D56000B0D1002CAED0ECE7701B00200800040006
:10D57000F0B5214C87B0A06A00B3E76ABE79FDF729
:10D58000A7F90223FF210C36BA5DCDE90431BD199C
:10D5900095F8233000215B090393AB8BD2090293EA
:10D5A0006B8B80B201932B8B009305F1080317F06E
:10D5B000CEFEA06AFDF798FC0023A362E06A0FF09C
:10D5C00071F90023E362636A23F00402DB076262FD
:10D5D00008D594F85050052D06D102F083FA18B101
:10D5E00084F85C5007B0F0BD94F8500018F079FF53
:10D5F00084F85C00F6E700BF701B002013B5154CE3
:10D6000020F0F2FF236A01930023236220F0E7FF5A
:10D61000019BA3B9636A1A0406D517F0D7FBA0B122
:10D62000636A23F400436362636A1B0305D5FFF753
:10D630009FFF636A23F40023636202B010BD01A858
:10D640001DF00FFD17F02DFCE2E74FF0804006F0D3
:10D65000F1FEE9E7701B002038B50E4D044601F0DD
:10D660007DF8286B18B10FF01DF900232B6317F01C
:10D670002AFB0948FEF72CF9EB6A0BB1FFF7C0FC57
:10D68000044884F0010118F0CEFFBDE8384003489B
:10D690001DF0C9BC701B0020781B0020901B0020CF
:10D6A000034B586A10F0050001D1FFF7D5BF704752
:10D6B000701B002070B53B4C1646636A03F00102F4
:10D6C00070B95AB120F090FF636A054623F0010358
:10D6D0006362FFF7E5FF284620F081FF002070BD60
:10D6E000002AFBD19B0704D5236BBBB10120FFF7B8
:10D6F000C9FD94F8483003F0FD03012B16D020F04B
:10D7000073FF0546C6B10E20FFF768FC19F036F925
:10D7100042F2107303FB0600606310E002201DF06C
:10D7200046FE20630028E1D10720D8E719F078F8F9
:10D730000028E4D11220D2E70E20FFF73DFC0020A4
:10D74000FFF74CFC636A13F00403C4D140F271226A
:10D75000E363B4F84630E260023B5343236119F0BF
:10D76000CCF80323B0FBF3F303EB4303C31A2533D5
:10D7700084F85D30FFF7E0FC19F000F96060206488
:10D78000B4F8B400002808BFF520FFF7FFFB064BF4
:10D7900004481A681378527813445B10637518F0C4
:10D7A00035FF98E7701B0020441D002038B51A4C47
:10D7B0000546237D23F00803237500F0CFFFB4F85E
:10D7C000B4302BB9A36813F4601F08BFA4F8B430B9
:10D7D0000021114818F027FF104BA361636A5A0417
:10D7E00005D485F00100BDE83840FFF7E5BC626B69
:10D7F0006168521A002AF4DA23F0010343F400436B
:10D800006362FFF74DFF4FF0804006F013FEFFF715
:10D810008BFC0028E5D138BD701B0020F7640300A5
:10D8200008B5FFF781FCB0B10B4B586A20F0040239
:10D8300010F001005A6203D1BDE80840FFF70CBFA9
:10D8400000F08CFF17F03FFAFFF7DAFBBDE8084065
:10D850000020FFF7ABBF08BD701B00202DE9F04F83
:10D860004FF0000B2E4C89B0E66AA36AB779C4E981
:10D870000ABB0C37F51901936B6A904682468946BC
:10D88000039302F085F8F35D05F108073946C3F309
:10D89000C01306A88DF8183015F0C9FFFF238DF8C6
:10D8A0001930636A01A8C3F380230E358DF81A304E
:10D8B000CDE904578DF808B08DF81BA08DF81C90A9
:10D8C0008DF81D80FDF7CAFB30460EF0EBFF636A52
:10D8D00023F02402DB07626205D40120FFF7BCFEBF
:10D8E00009B0BDE8F08F0F4B94F850501A68052D21
:10D8F0001378527813444FEA630363750AD094F89F
:10D90000500018F0EEFD0546012084F85C50FFF74A
:10D910004DFFE5E702F0E6F80028F0D0F4E700BF9D
:10D92000701B0020441D002010B5074C2368DA0648
:10D9300007D523F01003236018B90220A16815F061
:10D94000FEFE0023A36010BD281C0020F8B50023B4
:10D950000360037D044698070DD5204650F8081F44
:10D96000C90C01F4FC7141F00501FDF75FFF237D57
:10D9700023F002032375237D2589190703D518F0A9
:10D98000FDFF28446060174E6068314651F8043F3F
:10D990002D1A7BB923600C60B368D3B1617D5A7DC9
:10D9A000914217D2227D12070DD5BDE8F840002024
:10D9B000FFF7BABF5A681F892A44D21B002AE9DA46
:10D9C00019461B68E5E75A681B6913441B1A002BAC
:10D9D000EBDAF8BD1A895B68D31AE2680344D342D4
:10D9E000F7D5E2E7281C0020014610B504460320C5
:10D9F00015F0A5FE054B1B68D90305D4237D5A07F6
:10DA00005CBF43F00203237510BD00BF281C00203B
:10DA1000014BD868DC387047281C0020034B10B538
:10DA2000DC6818F0ABFFDC3C201A10BD281C00207D
:10DA30001822002101481CF087BF00BF281C0020CD
:10DA4000034B1B6813EA004314BF012000207047FA
:10DA5000281C002070B568B146685EB1154C23697A
:10DA60001D4645B9257D0135EDB242B10360206107
:10DA70008160257570BD8542FCD02D68F1E743B10A
:10DA80009B68CB1A41BF5B42B3FBF6F303FB066610
:10DA90008919002303602369074E816013B903606D
:10DAA0003060E6E79A688A1A002AF8DB1E461B688F
:10DAB000F4E700BF281C0020381C002040B1436858
:10DAC00033B1084B1A7D013A1A7553F8102F02B979
:10DAD00070479042116801D11960704713460A4699
:10DAE000F5E700BF281C002038B50446084D08465D
:10DAF000AB68A34201D1FFF717FF6B68054A1BB162
:10DB0000A342196801D1116038BD1A460B46F6E7E9
:10DB1000281C00202C1C00202DE9F3415A4D2B68B5
:10DB200058077ED4AB68002B7BD155E8003F43F00B
:10DB3000040345E80032002AF7D16C68A4B118F05C
:10DB40001DFF01AA804601462046276918F03CFDCA
:10DB500008B920461FE0019B2668FF1AA6B9636832
:10DB6000DC371F44C5E9024755E8003F23F00403B2
:10DB700045E80032002AF7D1AC68002C45D102B04C
:10DB8000BDE8F04101F096BF4146304601AA18F0C9
:10DB90001BFD18B93046FFF727FFCEE7337DD6F8D7
:10DBA00004C03289D907ACEB020205D4019933696C
:10DBB0005B1AF1685B1A1A446368D919891A00293B
:10DBC0001FDD8F4204D9E168D21ADC31914217D9A6
:10DBD000207DC2070BD42269F1681344A3EB0C0328
:10DBE00022895B1A9B1AE268DC3293420BDC727D5D
:10DBF000637D9A4205D20307ABD5F768344600E04F
:10DC000017463668AAE70F46F8E7A36813F4601FC3
:10DC10000AD121462B6843F010032B60012015F038
:10DC20008EFD02B0BDE8F08104F108063046FDF734
:10DC30000BFE2B68214643F010032B600028EDD12A
:10DC4000012015F07CFDA36813F4601F4FEAD34157
:10DC5000C3F3C2440ED0013CE4B201F4FC7130467F
:10DC60002143FDF7E3FD03213046FDF74BFE002C79
:10DC7000D7D103E003213046FDF744FE304602B021
:10DC8000BDE8F041FDF724BE281C002008B5034B79
:10DC9000996809B115F053FD08BD00BF281C00208C
:10DCA000014B9868704700BF281C00200A4B70B5D4
:10DCB0009C6884420FD12146022015F040FD666821
:10DCC000258918F05BFEAD1BC54221464CBF0120E3
:10DCD000032015F034FD70BD281C0020104B70B5DA
:10DCE0009D682E692C681CB9686864B9304470BDA1
:10DCF000627D6B7D9A42F7D9204618F0B0FC00286F
:10DD0000F2D12468EFE76FF0DB0362681B1A13445B
:10DD100022899B1A2A699342D4BFC0188018E6E76B
:10DD2000281C0020542310B5046808490D20B4FBBA
:10DD3000F3F40EF03DFD002351211846A2B20EF07F
:10DD4000DDFC002814BF1920002010BDBDCB02004F
:10DD5000014B1878704700BF6C280020837E0F4A63
:10DD60001B01DBB282F81F3382F8203382F82233A2
:10DD700082F8213382F8233382F8243382F8253362
:10DD800082F8263382F82A3382F82733837F23B937
:10DD9000437E1B01DBB282F8223C704700E100E0C9
:10DDA00037B504460EF04AFD204601F091F90546CC
:10DDB00098B92046FFF7D2FFA38A0DF10601ADF80E
:10DDC0000430E38A01A8ADF8063018F04EFC0122B9
:10DDD000034B1A70284603B030BD0225FAE700BF96
:10DDE0006C2800200138C0B203289ABF014B185C90
:10DDF0000020704714F20300431E012B05D90229AD
:10DE000002D8024B585C70470020704711F20300A3
:10DE1000431E042B054A07D8052808BF0320062106
:10DE2000431E01FB03207047104670473CF203007D
:10DE3000014B53F82000704718F20300024BDB69D6
:10DE400093F87F00704700BF500B0020094B10B5BE
:10DE5000D96968B1084B1C4653F8042F0AB18242B5
:10DE6000FAD21B1B9B10013BDBB281F87F3010BD47
:10DE70000123FAE7500B002018F20300054B1B6842
:10DE80001B6A13F0100003D013F0030018BF012029
:10DE9000704700BF101D00202DE9F34100264FF010
:10DEA000FF31044601A8019601F010FF019949B124
:10DEB0002046FCF7C5FB032806D005282FD001A873
:10DEC0001DF0B1F8012023E01B4D1C4800F06EFF4F
:10DED0002B683046597D01F073FB2F68184EF86AA5
:10DEE000D6F808801DF024F941460246384615F060
:10DEF00064FF2B68B068DB6A036002F04BF82B68A4
:10DF00001B6ADB0407D52046019915F01EFF00208F
:10DF100002B0BDE8F08101A81DF085F8F7E701988F
:10DF200001F004FF2046019915F0C3FE0028C9D076
:10DF3000304600F03BFFEAE7101D002015E101002C
:10DF4000881A002038B5254904460B7D4A7D0133E7
:10DF5000DBB2B3EB921F0B7503D3032300200B75C9
:10DF600038BD016A09042CD5032390F87520243AA2
:10DF700092FBF3F303EB4303D21A2532D2B2B4F887
:10DF8000505094F8743015F01001B4F9540084F82E
:10DF900075201CD118F0CDFD04F16C050146284612
:10DFA00002F008FA284618F0EEFC0022114610464E
:10DFB00015F0DCFB94F87500002118F0B9FD012084
:10DFC000CEE75B001A4102F003022532D7E7024692
:10DFD0001946002002F0BEF8DEE700BF881A0020D4
:10DFE000204B2DE9F04104461860806A1DF0A0F82E
:10DFF00001462046FCF7B4FAB4F850301A4E03F04C
:10E000001403142B0CBF0022A26AB36820461A60C6
:10E01000FFF798FFFFF732FF144B051E144808BFA7
:10E02000184600F0C3FE94F81480676818F0A6FC48
:10E030006D0008F008080346627DE8B2B8F1000FF1
:10E0400003D1FF1AB7F59B7F07D5114618F0C5FC21
:10E05000B068BDE8F04101F09DBF616818F0A9FC0F
:10E06000F6E700BF101D0020881A002001E1010022
:10E0700051E1010070B50546FFF700FF104B041E8B
:10E08000104808BF184600F091FE2846FFF75AFFD7
:10E090000D4E054660B133686000597D00F0FE000A
:10E0A00018F09BFCBDE87040084B986801F072BF07
:10E0B00000F07CFE29463068BDE87040FBF79ABF4F
:10E0C00001E1010051E10100101D0020881A00202B
:10E0D000034610B5094C552B20680AD0562B0CD19D
:10E0E000002000F063FE20680121BDE81040FBF72E
:10E0F00081BFBDE81040FFF7BDBF10BD101D00205F
:10E10000512803D1024B1868FFF7B4BFFFF7E0BFF7
:10E11000101D00200C4B512810B51C680FD1A06AAF
:10E120001DF006F801462046FCF71AFA074BA26AD2
:10E130009B682046BDE810401A60FFF79BBFBDE812
:10E140001040FFF7C5BF00BF101D0020881A002037
:10E150000E4A512810B5146805D0532809D0BDE8DF
:10E160001040FFF7B5BF617D0120BDE8104001F010
:10E170003DBA2046FFF790FE30B101F009FC204681
:10E18000BDE81040FFF776BF10BD00BF101D002096
:10E1900038B50D460446002000F008FE01F0F8FBFB
:10E1A00029462046FCF7C8FB0022014B1A6038BD07
:10E1B000141D00200123074A03FA00F002F11403A2
:10E1C00053E8003F034302F1140C4CE800310029EE
:10E1D000F4D17047A01A00202DE9F041324E0546D7
:10E1E00073690C4613F4C07F03D0980659D40120FC
:10E1F0000CE039B1590705D4D5F8A43013B908207B
:10E20000FFF7D8FF73699A0602D50020BDE8F081B8
:10E21000B27FAB6A022A03F0080709D927B184F05C
:10E2200001004000C0B2F1E7002CEED00320EDE782
:10E230007FBB002CE9D05B05D5F8A00048BFD5F81E
:10E24000A4001CF021FFC1B2063195F8300118F08E
:10E2500015FC95F88F108046063195F8300118F0BE
:10E260000DFC054618F08AFBF36A1FFA88F8A3F53F
:10E2700096731B1AA3EB0803ADB25B1B002B0EDBDE
:10E28000736913F01C0FC0D137B1002CBDD105202C
:10E29000BCE7002CCFD0B8E7002CB6D0F7E70420BD
:10E2A000B4E70029A6D1B0E7A01A002038B504468B
:10E2B0000B4B186000F5947018F065FB2046FCF7D6
:10E2C00007FBC4B2204615F047FA0546204615F074
:10E2D00045FA29460246022015F048FA38BD00BF2B
:10E2E000141D002038B50446114D4FF480616B6950
:10E2F000283043F400736B6118F0E3F901212046E4
:10E3000015F03FFE00212046FFF766FF014620B1D1
:10E310002046BDE83840FFF73BBF6869617D80F467
:10E320008070C0F30020BDE8384001F05FB900BF45
:10E33000A01A002008B5002000F038FD01F028FBED
:10E340000022014B1A6008BD141D002010B50446C0
:10E35000FFF7ACFF064800F029FD6168226C637D81
:10E360001120BDE8104001EB920218F04ABB00BF3B
:10E3700069E60100454B37B51C680023A26A01938A
:10E380005005D4F8A03012D504F1A40001931CF07C
:10E3900068FEC4F8A00050B194F846314FF4806193
:10E3A000013B84F8463104F1280018F08AF9D4F8CA
:10E3B000A0500DB9364B9D6894F94631022B0DDC07
:10E3C000D4F8A83013B1A36AD90502D5D4F8AC307B
:10E3D00023B14FF480512046FCF790FAD4F8A410F2
:10E3E000A36A002914BF01210021AA794FEA8303FF
:10E3F00002F10C0203F00C0343EA0113A95C21F0C3
:10E400001C0143EA0103AB540DD1214A02F114036C
:10E4100053E8003F23F0080302F1140040E8003104
:10E420000029F3D102E00320FFF7C4FE284601F0E3
:10E43000B1FD2046FCF74CFAAB792B445B7B1BB15A
:10E44000012180B215F0C7F9019B53B15B7903F04C
:10E450000A03082B02D12046FCF7A8FD01A81CF0F6
:10E46000E2FD6B799A070ED5A36A1B040BD5082031
:10E47000FFF7A0FE4FF4004104F1280003B0BDE80F
:10E48000304018F01EB903B030BD00BF141D00208D
:10E49000A01A002000232DE9F04385B00446032193
:10E4A00003A8039301F012FC039D35B9F421204623
:10E4B000FFF76EFE05B0BDE8F083AB79694F0C3312
:10E4C0001D442A797B69D6074FD4DD064CBF07204F
:10E4D0000420FFF76FFE002601212046FFF77CFE97
:10E4E000054650B97869617D80F48070C0F30020E2
:10E4F000400001F065F8FFF73DFF039801F016FCBE
:10E50000DDF80C807A6998F80630510603F10C03A7
:10E5100008EB030915D458F8033006203B61FFF7D8
:10E5200049FEA36A1A060CD404F1280252E8003FFF
:10E5300043F0800342E800310029F7D10120FFF7C2
:10E5400039FE4946204615F022FD99F80430DB07D4
:10E5500040F18480002E52D11DB129462046FFF79C
:10E5600017FE03A801F0CAF9A4E7012023F0100365
:10E570007B61FFF71FFEAE7AF0062FD50220FFF772
:10E5800019FEA36AAA7A83F00203C2F38002C3F3DE
:10E5900040039A422FD14FF4006104F1280018F093
:10E5A00090F850E8002F42F4806240E80023002BEE
:10E5B000F7D1A26A82F00202A262BB77AA7AA36AAA
:10E5C000C2F3C00203F001018A4284D183F0010347
:10E5D00016F0030618BF0126A3627DE707F11403B6
:10E5E00053E8003F23F0040307F1140141E800322F
:10E5F000002AF3D1C5E7BB7F0133DBB2DDE720465C
:10E60000FCF766F9C0B215F0A7F806462046FCF7FD
:10E610005FF9CDF80480A38F82B2009331460023C6
:10E62000022015F095F84FF0FF3103A801F04EFBE2
:10E63000039B9A791344DB7D002B8DD02046FCF799
:10E6400047F9012180B215F0C6F820460399FCF77E
:10E65000D7FC002D3FF42EAF294628E7002E3FF4CB
:10E660007BAFE0E7A01A002008B50346114A532B00
:10E6700010680BD002D8512B18D008BD553B012B88
:10E68000FBD8BDE80840F121FFF782BDFFF702FF8C
:10E69000094A02F1140353E8003F23F0200302F17A
:10E6A000140040E800310029F3D1E6E7BDE8084056
:10E6B000FFF718BE141D0020A01A0020174B513878
:10E6C00010B51C68052819D8DFE800F008180318F1
:10E6D000191F2046BDE81040FFF7DCBE2046FFF7BB
:10E6E00001FE0F4A02F1140353E8003F23F0200318
:10E6F00002F1140040E800310029F3D110BDF121EE
:10E700002046BDE81040FFF743BD4FF4806104F19F
:10E71000280017F0D6FFF221F2E700BF141D0020F9
:10E72000A01A002010B50446FFF7C0FD054800F010
:10E730003DFBFFF71FFE627D61680220BDE81040CF
:10E7400018F037B9BDE60100034B5B6A13F0060F02
:10E750000CBFE220F1207047701B002008B5FFF7C6
:10E760009FFA054B834206D101F012F9BDE808403B
:10E77000002000F01BBB08BD701B002070B51E4CB4
:10E780001E4800F013FB94F85C3094F85D200021E3
:10E79000C82018F0CEF9014604F1540001F00AFE39
:10E7A00004F1540018F0EFF800221146104614F05E
:10E7B000DDFF666818F0E2F80246FFF7C5FFB61AFB
:10E7C000B6F5FA6F05460BDCFFF722F9627DA0F57E
:10E7D000E171284618F033F9BDE8704001F0B6B891
:10E7E0006668FFF715F93146A0F5E172637D2846AA
:10E7F00018F007F9F0E700BF701B002079EB01006B
:10E8000038B501F0C5F8FFF709F940F2EE23984258
:10E810000E4C0EDDFFF798FF0546FFF7F9F8627D15
:10E82000A0F5E171284618F00AF9BDE8384001F07A
:10E830008DB818F0A3F8E36B62689B1A0344E36396
:10E840000020BDE8384017F064BE00BF701B0020F8
:10E85000F7B5104C064694F84D500F462DB10020E8
:10E86000013D84F84D5003B0F0BD0B4B02201B68F6
:10E87000597800F0A5FE94F848303A46CDE90053A7
:10E8800031460323206B17F075FE206B01F082FBED
:10E890000120E8E7701B0020441D0020094A02F116
:10E8A000240353E8003F43F0080302F1240040E84A
:10E8B00000310029F3D1044B01201B68597800F086
:10E8C00095BE00BF701B0020441D002070B50A4C8F
:10E8D000636A5B070DD58B790C33CD1850B9E87995
:10E8E000CE58298918F0CAF80644A6636B7984F8D3
:10E8F0004C3070BD0120F3E7701B00202DE9F04F74
:10E9000016468DB0021E069108BF00211F46964B89
:10E910000592DD6A5B6AAC7938460C342A5DC3F334
:10E92000801B61F345122A55314603F040020392E1
:10E9300014F077FF05EB04080790285D08F108093B
:10E940004946C00914F06DFF039B8246002B44D159
:10E95000002844D114F063FF80F00103DBB25A4673
:10E960003146384603F0010318F092F8049000286D
:10E9700000F08A80039B002B33D1BAF1000F75D1D0
:10E98000079B002B72D014F03BFF00286ED00122B1
:10E990000AA90DF1270014F046FF002874D09DF855
:10E9A00027302A5D591E4B424B41B3EBD21F6BD12E
:10E9B000062248460AA91BF09DFF002864D133684F
:10E9C000C8F80830B388A9F804302B5D67F3C71383
:10E9D0002B554FF0000AD34619E00123BFE7039BF4
:10E9E000BDE7614B5B6A13F4007A1CD115F804B0E3
:10E9F000CBF3801B504614F01BFF3368C8F8083077
:10EA0000B388A9F804302B5D67F3C7132B55059B1A
:10EA1000554E002B3ED196F8AD30002B3AD0013B3D
:10EA200086F8AD3030E014F0E8FE002806DA15F87C
:10EA300004B04FF0000ACBF3801BDBE70022114645
:10EA4000104614F0EAFE15F804B08246CBF3801BA2
:10EA50000028CFD0002302211A4608EB010017F04E
:10EA600061FD2B5D60F386132B55C3E77A1E574279
:10EA70002B5D5741B7EBD31F06D1062231464846DE
:10EA80001BF038FF0028A4D00023049304980DB095
:10EA9000BDE8F08F17F072FFF36A00F196019A79E2
:10EAA00008F10E0013441A6B059B00939DF8583033
:10EAB00017F010FE2D4B059A07461B68A2B959782E
:10EAC000022000F07DFDF06A01F064FAF36A9A79A1
:10EAD00013441F63FFF7E4F8254B8361069BBBB922
:10EAE000736A23F4806316E0D979002000F068FD92
:10EAF000F06A01F04FFAF36A1E489A7913441F63D3
:10EB000000F054F9069BC3B9736A23F4806317E0DD
:10EB1000736A43F480637362039B9BB1BAF1000F85
:10EB2000B4D0002359461A4608F1020017F0FAFC47
:10EB30002B5D60F386132B55A8E7736A43F480635B
:10EB40007362EBE72B5D0022C3F3C01349460AA8AA
:10EB50008DF8283014F067FE2B5D9DF8282062F3B5
:10EB6000C7132B55DAE700BF701B0020441D00209F
:10EB7000C54C030045ED01002DE9F04F532885B049
:10EB80001FD005D8512800F0CE8005B0BDE8F08F29
:10EB9000A0F15503012BF8D855384FF0010118BFEB
:10EBA0000120FEF78FFB17F0E9FE644AD36B516832
:10EBB0005B1A03440020D36305B0BDE8F04F17F0A3
:10EBC000A8BC002503A84FF0FF31039501F07EF8A3
:10EBD00003985A4E58B1FEF763FC0828804603D8C4
:10EBE000574B1F5C380709D403A81CF01CFA736A42
:10EBF00013F0060F15D0FFF703FE12E0B8F1070F70
:10EC000016D1726A12F48012EED13046039916F0D2
:10EC100050F80028EBD016F057F810B10120FEF79D
:10EC2000CBFA0121084605B0BDE8F04FFEF74ABB1C
:10EC3000039CFEF7F3FE736A814613F0040343D08E
:10EC400017F0020340D0A0F56E73002B0DDD0120FC
:10EC5000A2790C322244917A0090C1F380130C32D5
:10EC6000C1F34011FFF74AFE0546204601F05EF869
:10EC700021460120FFF72AFE736AD9072ED503F03B
:10EC8000800A94F806B014F0CAFD0BF10C0BA344F3
:10EC900080F001039BF80A00BAF1000218BF0122BC
:10ECA000DBB20BF10C01C0F3801017F0F1FE68B17C
:10ECB00055BB736A20469A073AD5FB0712D47B07E7
:10ECC00039D5FEF751FB92E71D46CEE7BAF1000FAA
:10ECD00004D1514614F0A9FD0028E9D020460DF0DA
:10ECE000E1FD1CE017F04EFF70B1A9F21659B9F121
:10ECF000000F09DDA0790C302044817A0C30C1F37B
:10ED00008011FFF7A5FD0546B8F1040F02D1736A23
:10ED10009907E3D57A07E1D52046FEF725FB002DBC
:10ED20007FF47FAF63E705B0BDE8F04FFFF7B6BDF6
:10ED3000B8F1040FC3D10DF0B5FD58E7701B0020EA
:10ED400054F20300512808B50BD1084800F02EF802
:10ED50000122074B104693F94C10BDE80840FEF71E
:10ED60007DBDBDE80840FFF707BF00BF79EB01009C
:10ED7000701B00200022024BC3E90022704700BF35
:10ED8000381D002010B5074C2022002120461BF022
:10ED9000DBFD0523A383044BA36100F0DFFA903071
:10EDA000206010BD181D0020CF68030010B5044678
:10EDB0001FF011FC0022044B5C60044BBDE81040C6
:10EDC0009A611FF003BC00BF381D0020181D0020F1
:10EDD000034B03EB80035868003818BF01207047CD
:10EDE000181D002010B504461FF0F5FB0022044B4F
:10EDF0009C61044BBDE810405A601FF0E7BB00BFA8
:10EE0000181D0020381D002010B5074CA36953B110
:10EE10000020FFF7E7FFFF23A38300F03DFEBDE8DE
:10EE2000104000F005BA10BD181D002070B5C5B225
:10EE3000212D044612D100F0F1FB0A4B220CC4F341
:10EE4000074403EB84049A8362689A61054A9369D4
:10EE500033B12846BDE8704011681847222DF5D11E
:10EE600070BD00BF181D002038B50D4B04461A7840
:10EE700012B100221A7038BDC5B2FEF711FF40B1C1
:10EE8000C38AB3EB144F284605D1BDE83840FEF7DE
:10EE9000FDBEFF23F5E7BDE8384017F0FCBC00BF1E
:10EEA000381D0020A0F121030E2B10B5044611D807
:10EEB000FEF7F6FE60B3C08AFF2829D0222C03D1CA
:10EEC000BDE81040FFF7A0BF44EA0040BDE8104095
:10EED00000F012BAA0F131031E2B0ED8114B988B03
:10EEE00044EA004000F01CFA312C11D10020FFF759
:10EEF00079FFBDE8104017F037BDA0F111030E2BCC
:10EF000006D8132C40F4A02003D006D9142CDDD051
:10EF100010BD0122044B1A70D8E7BDE8104000F084
:10EF2000FFB900BF181D0020381D00200B4A10B586
:10EF3000936904461BB11168BDE810401847084B9F
:10EF40005B6813B1BDE810401847FEF7A9FE014603
:10EF500018B183690BB12046EEE710BD181D0020E3
:10EF6000381D0020024B186908B105F063BA7047DC
:10EF7000300B002038B50A4B1C6804B10C3400F08B
:10EF8000EDF90025C0F89050204600F0F9FA284627
:10EF900017F0FDFBBDE8384001481CF044B800BF45
:10EFA000401D0020002310B53E4A02F1100151E837
:10EFB000001F02F1100C4CE80034002CF5D140EA9F
:10EFC0000104A00201D5FEF7A7FD210101D500F043
:10EFD00025FDE20301D500F05BF9002C01DAFCF716
:10EFE0001FFD630001D5FEF709FBA00001D5FCF76A
:10EFF0005DFBE10007D5FBF71BF820B94FF080510E
:10F00000294817F01EFC620107D515F0E4FC20B971
:10F010004FF08061244817F014FCA30105D517F0C8
:10F0200086FDFCF715FB14F0E3FBE00108D514F0B6
:10F030004FFF072804D14FF080711B4817F001FCE7
:10F04000610201D514F0CEFB220201D514F082FB3F
:10F05000E30207D514F037FF20B94FF480111248AE
:10F0600017F0EFFBA00507D5FCF7F6FF20B94FF42A
:10F0700000710D4817F0E5FBE10507D5FCF74EFAE6
:10F0800020B94FF48071084817F0DBFB620503D507
:10F0900014F075FB14F074FB230501D516F005FB85
:10F0A00010BD00BF300B0020400B0020014B1B683F
:10F0B00018407047300B002010B5044BD3E90642CE
:10F0C00004430A43C3E9064210BD00BF300B0020D1
:10F0D00038B50446344DFEF7ABFC0021202228460B
:10F0E0001BF032FC4CF20C000021FFF7E5FFC4B12D
:10F0F000A3684FF6FF720020A18B2B60FBF740FF47
:10F1000002201CF054F9294B1860002849D02346EE
:10F110000C3004F1200253F8041B934240F8041B06
:10F12000F9D1234B2348AB6000232B730DF0F6FB82
:10F13000FCF758FB204600F045FD054678BB00F083
:10F14000FFF920B14FF480700021FFF7B5FF00F008
:10F1500007FA20B14FF400600021FFF7ADFF2CB19A
:10F16000B4F91210B4F9100001F00CF917F0EAFC30
:10F1700001F0DEFAFDF7CCFE054680B9FCF738FC5D
:10F1800000F03EF800F0E2F8FFF7F4FD00F068F858
:10F1900018B9BDE8384000F069B8FFF7EBFE284623
:10F1A00038BD0125FBE700BF300B0020401D0020CB
:10F1B00065EF0100340B0020014BD3E906017047D5
:10F1C000300B0020054B9B69DA054CBF0320012062
:10F1D0001B0548BF40F00400704700BF300B002003
:10F1E000014B1860704700BF441D00202022034BD4
:10F1F000C3E900229A6000221A7670476C1D002035
:10F2000038B50025084C094B1C2229462046C3E985
:10F2100000551BF099FBFFF7E9FF30236576C4E941
:10F220000333636138BD00BF6C1D0020481D002002
:10F2300008B51FF0D9F930230749084ACB60D360DD
:10F240000B6113614B61536100234B765376BDE82C
:10F2500008401FF0C4B900BF6C1D0020501D0020E5
:10F26000014B1878704700BF6D28002010B5044C82
:10F2700023781BB917F023FB01232370002010BD56
:10F280006D280020014B1868704700BF481D002002
:10F29000F8B5164E1FF0A8F93546154C07460FCDA8
:10F2A0000FC495E80700002584E80700FFF79EFFDC
:10F2B00030233846C6E90333736175761FF08FF942
:10F2C0000C4E103CE068302804D07368C6E900306A
:10F2D000FFF7CAFD54F8040B202801D0FFF7A6FD64
:10F2E0000135EDB2032DEDD1F8BD00BF6C1D00203E
:10F2F000501D0020481D002010B504461FF074F971
:10F30000064A137E42F82340013313761FF067F953
:10F31000BDE810404FF4803005F08CB86C1D002023
:10F3200010B504461FF060F9074A537E02EB8301D3
:10F330000133CC6053761FF052F9BDE810404FF412
:10F34000803005F077B800BF6C1D002094220021AA
:10F3500001481BF0F9BA00BF881D00200048704723
:10F36000881D0020074B586940F20D1338B9002B57
:10F37000C1BF45224433B3FBF2F0C0B2704700680E
:10F38000453BF3E7500B00202DE9F0414FF000081A
:10F3900082B0CDF80480F8B10546154F01AC09E004
:10F3A00023601B687B612368C3F800802668002DFA
:10F3B000344611DD7B69453D002BF1D101201BF066
:10F3C000F6FF064620600028F1D101A81BF02BFEB5
:10F3D000304602B0BDE8F081102000F02DFD019E06
:10F3E0003046737943F00103737102B0BDE8F081D8
:10F3F000500B002037B5184D0446EA6992F87D306D
:10F4000013B9002003B030BD01281CD002280CBF66
:10F41000022301238DF8043001238DF80530936F0A
:10F42000286923F4805323F00203936701A91AF09B
:10F430009CFB0028E6D1012C07D1EA69936F43F0C9
:10F4400002039367DDE70423E4E7022CD9D1EA69DC
:10F45000936F43F48053F4E7500B002037B5174DFA
:10F460000446EB6993F87D2012B9002003B030BD4B
:10F4700001281AD002280CBF022201228DF8042094
:10F4800001228DF805209A6F286922F044029A67BC
:10F4900001A91AF054FB0028E8D1012C07D1EA6930
:10F4A000936F43F040039367DFE70422E6E7022C03
:10F4B000DBD1EA69936F43F00403F4E7500B0020BB
:10F4C0000422F0B51D4E0546F36985B083F87C2013
:10F4D000407917F039FA2C79074694B1A879FFF7EB
:10F4E000BDFF044638BB01466A79012017F027FAB0
:10F4F0003B4622467179306905B0BDE8F0401AF00C
:10F500007CBA2B6868790394029317F01DFA009077
:10F5100022467179306902AB1AF071FA044650B98B
:10F52000A879FFF79BFF044628B9024601216B79B1
:10F53000286817F005FA204605B0F0BD500B0020F2
:10F5400010B5064C20691AF0DFFC28B920691AF0C2
:10F55000DDFC00F0010010BD0120FAE7500B002097
:10F56000014B18691AF0D4BC500B002008B5FFF706
:10F57000F5FE024B1030D86108BD00BF500B0020D3
:10F5800038B50446084DFFF7F1FFEB692A689A6722
:10F5900044B1A088FEF75AFC0122EB69002083F8F1
:10F5A0007C2038BD2046F5E7500B0020034BDA697C
:10F5B000936F43F480339367704700BF500B002074
:10F5C000042238B5084B0D46DB6983F87C20FFF731
:10F5D00045FF044608B100F03BFC2A46002101200B
:10F5E00017F0ADF9204638BD500B0020022238B587
:10F5F000094B0D46DB6983F87C20FFF7FBFE0446D0
:10F6000008B100F025FC2A460021012017F097F9E7
:10F6100014F0ADF8204638BD500B0020034A1368A3
:10F6200023F40043136000F029BF00BF500B0020FB
:10F630007FB5022304462A4D1022EE69002186F888
:10F640007C3068461BF080F9237A03B301238DF8E0
:10F65000043063680293A37A53B196F87D00FEF7F5
:10F66000D7FB029B02881344029301238DF80D30CF
:10F67000637A207B8DF80E30FFF7BCFE50B1EA694B
:10F68000936F23F48033936700F0E2FB20E023685C
:10F690000093DEE7E07A17F057F96A460346697986
:10F6A00028691AF0AEF90028E9D1EB69227AB3F89B
:10F6B0007A10E37A01F0010162B11A46012017F0D5
:10F6C0003EF914F054F8EA69936F23F4803393679A
:10F6D00004B070BD0A462068012117F031F9F0E747
:10F6E000500B00202DE9F0431C4A87B0D56995F8EE
:10F6F0006C3003EBC3004FEA800855F8087005EB47
:10F7000080061FB1304607B0BDE8F083117910695B
:10F71000717301AA0321B760B7731AF04DFBDDE9DD
:10F72000031245F80800304608F11003E9501D4463
:10F730006A60BDF80630BDF80820B7839B1A328393
:10F740009DF804207383072A08BFB368376204BF9B
:10F7500043F00103B36007B0BDE8F083500B002015
:10F7600083689B0700D5704730B5154D87B00446B8
:10F7700001686A4628691AF021FB50B9238B628B15
:10F780006946134403332869ADF804301AF01AFBB4
:10F7900008B107B030BD009B9DF90E00636000F01A
:10F7A00001FE2073EB699DF8111093F87D00FEF7C0
:10F7B00023FBA368A07343F00203A36007B030BD2E
:10F7C000500B00202DE9F04F4FF6FF741F46A14269
:10F7D000038B458B08BF818B1D4418BF8183A942D1
:10F7E000064683B059DA4FF6FF708242A5EB010559
:10F7F00002D09542A8BF15468B42ADB20BD84FF050
:10F800000008A8452AD345462846B38B2B44B3832A
:10F8100003B0BDE8F08FA3EB0108A845A8BFA84638
:10F8200032691FFA88F802EB010BB8F1000F62D0C1
:10F83000002F5ED0B946C2465246452A594628BFD7
:10F84000452248461BF0CBFB83B2AAEB0304A4B2CB
:10F8500083443CBB318B0B46A845D4D2C91A73698B
:10F86000A5EB080913FA81F41FFA89F9002FCAD011
:10F870004A46452A214628BF452238461BF0AFFBA1
:10F880001FFA80F8A9EB08039BB20444002BBBD0FD
:10F890003A68CAB117469946EAE70025284603B0F8
:10F8A000BDE8F08FD9F8002012B19146A246C3E717
:10F8B00099F8040001931BF07AFD019BC9F8000040
:10F8C00060B18146A246B7E7387901931BF06FFD1E
:10F8D000386040B1019B07469946C9E7A3EB0A038C
:10F8E00043449DB290E7A8EB0908A8441FFA88F5A5
:10F8F0008AE73D4688E719460B46ADE72DE9F0411A
:10F9000006461EF071FE0746FFF72CFD35460446FD
:10F91000286818B16CB928461BF085FB31680A4885
:10F920001BF068FC38461EF05AFE00233360BDE829
:10F93000F081D0F800801BF02EFD2B68013CC3F84D
:10F9400000802D68E4B2E3E7640B002010B5094C99
:10F95000E369986F10F400700AD020691AF04AFA2F
:10F9600030B9012120691AF043FA80F00100C0B2D9
:10F9700010BD00BF500B0020044BDA69926F920556
:10F9800003D5002118691AF033BA7047500B0020D4
:10F9900010B5154CE36993F87C30012B08D0002298
:10F9A0001146104616F0CBFF0122E36983F87C2054
:10F9B0000022032120691AF011F800220121206998
:10F9C0001AF002FAFFF7D8FF002016F0C0FF16F079
:10F9D000C0FF002016F0BEFFE269936F23F484732A
:10F9E00043F4C043936710BD500B002010B51EF0C8
:10F9F000FBFD0446FFF7CCFF074B5620DA69B2F84F
:10FA000074300133A2F87430FFF790FA2046BDE855
:10FA100010401EF0E4BD00BF500B0020F8B51C4D97
:10FA2000EA69936F1C0704D523F008039367FFF777
:10FA3000DDFFEB699B6FD8060FD51EF0D5FD06469E
:10FA4000FFF790FC0446134F24B101201BF0AFFCDC
:10FA50000146B0B930461EF0C2FDEA69936F9906BF
:10FA600015D523F02003936700F04EFF78B11EF008
:10FA7000BBFD0446FFF7BAFF2046BDE8F8401EF084
:10FA8000AEBD3846013C1BF0BFFBE4B2DCE7F8BD7D
:10FA9000500B0020640B002008B5FFF779FF00F041
:10FAA000EDFC034A136823F40043136008BD00BF54
:10FAB000500B0020002210B5094C1046114616F0DC
:10FAC0003EFF206904F00EFF16F038FF04F1140029
:10FAD0001BF0A9FAE269936F23F01003936710BD3E
:10FAE000500B0020024B1868C0F38020704700BF05
:10FAF000500B002038B5154C0546E36993F87D306E
:10FB000083420ED0431E042B08D8DFE803F0030B1A
:10FB10000F141600206905F003FB10B9E36983F8A0
:10FB20007D5038BD206916F017FFF6E701212069E6
:10FB300016F014FFF1E70321F9E7FFF7D3FF0028E0
:10FB4000ECD0206916F00CFFE7E700BF500B002057
:10FB500073B504460D4D407A0026287116F0CFFE8D
:10FB60006871207AFFF7C6FF0096637AD4E9002116
:10FB700028691AF03EFA32463146304613F0F6FD57
:10FB8000206816F0E5FE02B070BD00BF500B0020EB
:10FB900038B50B4C05462368206923F48063236045
:10FBA0001AF0B8F938B10DB9002038BD236843F414
:10FBB00080632360F8E7002DF6D00C20F5E700BF46
:10FBC000500B0020F0B5394C0546216889B011F082
:10FBD000010163D1202220461AF0B6FE344819F004
:10FBE0002EFF074610B1102009B0F0BD314E324B48
:10FBF00030463360314B736016F0A5FE394630460F
:10FC000004F006FEAB682061DB0249D40120F2F764
:10FC100087FB0028E7D102224FF0FF31206919F05D
:10FC2000ABFF06460028DED10120FFF7B1FF4FF4FD
:10FC300000733246224920691AF0A0F8B0F5007F1F
:10FC4000D1D1287E00F048FA0028CCD120691AF0E2
:10FC50008CF90028C7D100F0D3FA0028C3D13C2387
:10FC600094220393CDE9013296235022059001A9F5
:10FC70002069CDE90623049304F0DEFE0028B2D10A
:10FC8000012019F0B0FE0028ADD00E4A0E492069BF
:10FC900016F057FE236843F0010323600020A3E71A
:10FCA000012119F08AFE0028B0D09CE7500B0020FB
:10FCB000690345EC2C1E002079FE01001C1E00206B
:10FCC0006C1F0020FB680300296903002DE9F04147
:10FCD00005460E46FFF706FD2F680446C7B9638B3D
:10FCE000008B18440A30FFF74FFB03462860C0B171
:10FCF00082790C321344A2681A71618B228BDF71F6
:10FD00000A441A81084A0A2112799A711BF05BF998
:10FD100020462B68B2B24FF6FF71BDE8F041FFF705
:10FD200051BDBDE8F08100BF500B002070B5054605
:10FD30000D4BDC6994F86C6006EBC60004EB8000A8
:10FD4000FFF70EFDAA790C32AB18197941F00201C8
:10FD50001971242101FB06446168A950227B5A7164
:10FD6000A27BDA7170BD00BF500B002038B5FDF7E3
:10FD700097FFC8B1847DC4B92A4DEB6993F87C2004
:10FD8000022A10D1B3F8702053200132A3F870205A
:10FD9000FFF7CCF8012016F0DDFD2421EA6992F886
:10FDA0006C304B43D45038BDFF242046FFF710F889
:10FDB000002831D01B4CE36993F87C20022AF2D151
:10FDC000B3F8702053200132A3F87020FFF7AEF88B
:10FDD000012016F0BFFD23681B0407D5E36993F8E3
:10FDE0007C30012B02D05220FFF7A0F82422E169D9
:10FDF00091F86C305A438818806810F004001FBFD7
:10FE000003220133B3FBF2F202EB42021ABF9B1A48
:10FE100081F86C308850C6E75320BDE83840FFF7C2
:10FE200085B800BF500B0020024BDB6993F87D00C2
:10FE3000704700BF500B0020044BDA69936F0343F7
:10FE400093674FF0006004F0F5BA00BF500B00203C
:10FE500038B505461EF0BFFB0446064B0820DB699B
:10FE600083F87E50FFF7E8FF2046BDE838401EF0DB
:10FE7000ADBB00BF500B0020F8B515461C4606462A
:10FE80001946104616F062FD2A462346304616F003
:10FE900077FD3E4FD7E9022300EA020401EA030599
:10FEA00054EA05032FD0A4F108032B4325D0A4F571
:10FEB0008043083B2B4327D0A4F10C032B4319D0DC
:10FEC000231F2B433FD0324B23402BB124F001138F
:10FED00023F4A0432B4346D004F17F432B4335D07A
:10FEE000600122D5FA69936FD9051ED523F480737A
:10FEF000936704E0002016F02DFDFFF737FF204642
:10FF0000294616F01FFDF8BDFFF730FFFA6992F899
:10FF10007C30022BF3D140F60201906F814318BF71
:10FF20000123552082F87C302CE01EF054FB642223
:10FF30000646FB69082083F87E20FFF77DFF3046E8
:10FF40001EF044FBDBE716F006FDD8E7FA69512006
:10FF5000B2F86E300133A2F86E30FEF7E7FF0120F1
:10FF600016F0F8FCCBE7FB6993F87C20012AC6D099
:10FF700040F60202996F55208A4314BF01220222E3
:10FF800083F87C20FEF7D2FFB9E700BF500B0020BA
:10FF90000150010038B5044680790C4D0C302044E6
:10FFA00013F0E6FB0123A179E279521A0C312144C6
:10FFB0002869D2B219F0E0FE246804B938BDA179ED
:10FFC000E2790023521A0C31F1E700BF500B0020F8
:10FFD00010B4254C2269B2F9001081422DDA034693
:10FFE00094F814C00CF18041013932F9210002EB80
:10FFF0008101984225DD312B28DDA17D8C4530D94A
:020000022000DC
:1000000002EB810032F921409C4224DB14D001F143
:10001000804C0CF1FF3C32F92CC0E41A002CACEB04
:100020000303B8BF6442002BB8BF5B42A34203DAAC
:100030000139C9B202EB8100024610465DF8044B5B
:1000400070470A465DF8044B10467047002BD4BF3A
:100050000021617DD2E70131CCB2A44500F104005A
:10006000D0D810460246E8E73C1E0020042307B51E
:100070008DF80730002306481A460DF10701006984
:1000800019F03DFF9DF8070003B05DF804FB00BFC9
:10009000500B002037B504461EF0A6FA0B4B054660
:1000A00018689B880090ADF80430094B69461869C0
:1000B0008DF8004019F034FE47F6FF72054B2846D4
:1000C0009C739A811EF08BFA03B030BDD0270020BC
:1000D000500B00203C1E002037B58DF80700F6F7C6
:1000E000F3FC134C0368134D236083889DF80700CD
:1000F000A380FF2803D0FE2809D1FFF7B7FF2070A7
:100100000021286904F0F2FD002003B030BD2378FF
:1001100028698DF8073000230DF107011A4619F000
:10012000EEFE10B19DF80700E9E72020EDE700BFE3
:10013000D0270020500B00200346044AB2F90200E9
:100140001BB1034B1B8BC01A00B270473C1E002032
:10015000500B0020084B10B5B3F9004030B903EB49
:100160004103B3F902309C42A8BF1C46A242A8BF7B
:100170002246104610BD00BF3C1E0020024B1B69EA
:10018000B3F90000704700BF3C1E0020034A137DF6
:100190001269013BDBB232F9230070473C1E00209C
:1001A0007FB5ADF80210ADF80420ADF806304FF081
:1001B000C8124FF082136946CDE90223ADF8000062
:1001C0000C46FFF7E3FF042202ADB1F9003035F928
:1001D000026B8342A8BF03461BB2B342A8BF33469B
:1001E00021F8023B531E13F0FF02EED194E8030006
:1001F000024B83E8030004B070BD00BF401E002026
:100200002DE9F04FDFF878A189B0DAF80000BAF8EC
:1002100004300690C0B2FF28ADF81C3003D1FFF7C0
:1002200025FF8DF81800534F06A9386919F078FD9D
:100230001EF0DAF94FF4FA710290386919F056FDA0
:10024000386904F03DFD4C490090386919F04EFDC5
:10025000386904F035FD4FF01E08484D01904FEA13
:1002600088001BF0FAF9064680B14FF00003002425
:10027000DDF804906B75AB75009B4B451EDA234689
:1002800047F6FF72434571DB2E612C7502981EF014
:10029000A6F964231A4619461846FFF781FFFFF7AF
:1002A00075FF2B6928801B8800206B8047F6FF7341
:1002B000AB810C23AB7309B0BDE8F08F9AF8003026
:1002C000ADF81690FF2B34D14FF00C0338698DF840
:1002D00015300DF1150200230DF1160104F0EAFEB0
:1002E0009DF815B0AB7B5B4502D05846FFF7D2FEB8
:1002F0004946386919F0FAFC0028C7D1386904F07A
:10030000DFFC019B83422CDC009B834229DB34B160
:1003100004F18043013B36F92330834221D0A045CC
:100320000AD8304608F105081BF099F95FFA88F8F9
:1003300095E78DF81530D3E7002802DA6C75AC75B7
:1003400001E03128FBDD06EB840326F8240083F866
:1003500002B03869039319F0C7FC039B0134D870CD
:10036000E4B209F101090FFA89F985E726F823209B
:10037000013387E7500B00200CFEFFFF3C1E0020DE
:10038000D02700208BB200294FF00A01B4BF053BF3
:1003900005331BB293FBF1F3014A1083538370477B
:1003A000500B0020024B5B8BC01A40B2704700BF5D
:1003B000500B0020044B10B51B8B0446C81A00B22A
:1003C000FFF706FEE06010BD500B002010B5094C91
:1003D0002369B3F900108142B8BF0146FFF7D6FE8A
:1003E0008842A8BF084600B2FFF7F2FD0388638089
:1003F00010BD00BF3C1E002010B50146FFF7C6FE31
:1004000088420346A8BF0B46064C18B22269B2F9CF
:1004100000209042B8BF1046FFF7DAFD0388238022
:1004200010BD00BF3C1E002070B5044608B3114D3E
:10043000B0F90030B5F90C209A421AD01EF0D4F869
:10044000AB7B0646A078834201D0FFF723FEB5F9C7
:100450000C20B4F900309A4206D0074BE1781869B5
:1004600019F030FC2388AB813046BDE870401EF0A7
:10047000B6B870BD3C1E0020500B00200022044B7B
:10048000DB691A605A629A64A3F86C20704700BF57
:10049000500B00202DE9F04F87B0074691469A4651
:1004A000ADF80C101AF044FEB0F100083DDD002F4D
:1004B0003ED03C464FF0000B264EA379E57903F180
:1004C0000C01ED1AEDB2214406EB0B002A461AF09E
:1004D000A3F92468AB44002CEFD19DF80C101E4802
:1004E00001F023010091C0F808900DF11409424673
:1004F00053461849CDF80490A0461EF03FF93C46FB
:10050000A379E57903F10C00ED1AEDB206EB0801D1
:1005100020442A461AF080F92468A844002CEFD120
:100520000422494638461BF040F807B0BDE8F08F7A
:100530009DF80C10084801F02301C0F808900DF157
:1005400014090091534642460249CDF804901EF02A
:1005500015F9E5E7541E00209C2B00202DE9F047FB
:1005600084B0904699460390ADF808101AF0E0FD6B
:10057000071F002F25DD039D002D40D04FF0000AFE
:10058000204EAB79EC7903F10C01E41AE4B2294472
:1005900006EB0A0022461AF03FF92D68A244002D0E
:1005A000EFD11948F119C0F8088001919DF80810A1
:1005B0004B4601F0230100913A4612491EF0D2F851
:1005C00018B1002004B0BDE8F087039D7DB1074657
:1005D000AB79EC7903F10C00E41AE4B2F119284488
:1005E00022461AF019F92D682744002DF0D103A8EE
:1005F00004211AF03FFE012004B0BDE8F087014E4F
:10060000CFE700BF541E00209C2B002030B51446BD
:100610000D460246064883B001958021836023463B
:1006200000941EF0B7F8B0FA80F0400903B030BD76
:100630009C2B00200023F0B50E46D1688BB009BA80
:100640000291C17890F800C061F3070381781A4DD8
:1006500061F30F23417802AF61F317436CF31F631B
:100660000993936851681BBA0393836809BA1BBA4C
:100670000793136842681BBA0593C36812BA1BBA82
:1006800006AC0491AF600892069323468022294667
:10069000012000941EF081F80028F6D1DDE9081051
:1006A000DDE9063200BA09BA12BA1BBA30607160CD
:1006B000B260F3600BB0F0BD9C2B00202DE9F84F29
:1006C000DFF868908246D9F800B088461746BBF13B
:1006D000000F28D0002699F80450B54207D13D708C
:1006E00099F80400A84214BF0120022017E07419F1
:1006F0006110C1EBC10159448879C4F3470400F08B
:100700000100B8EB000003D1062250461AF0F2F8BF
:10071000002806DB02D0661CF6B2DEE73C70BDE8BE
:10072000F88F2546D9E70320F9E700BF641F0020B2
:100730000022014B1A717047641F0020F8B505466E
:100740001DF052FF104C85F3070563790646AB4256
:1007500005D1002430461DF042FF2046F8BD002799
:1007600020686571277110B11AF079FF27606379ED
:10077000002BEED0C5EBC5000CF020FA206000285D
:10078000E7D160710724E5E7641F00204840704707
:1007900000EB0010084480B2704700BF90FAA0F050
:1007A00000BA80B2704700BF044BD3F8012002604A
:1007B0005B7903F01F030371704700BF6E280020B0
:1007C000234B2DE9F041002914BF0C461C4600259F
:1007D0000646174613688AB0C4F8013013792570AD
:1007E00063715FFA85F84146384616F095F938B1DD
:1007F000237803F128026A44013302F8288C23701D
:100800000135252DEDD194F800803EB14246694670
:10081000A01D1AF001F80AB0BDE8F081B8F1000F90
:10082000F9D00534F5B22946384616F075F940B9C5
:10083000B5FBF8F308FB13550AAB53FA85F515F829
:10084000285C0136252E04F8015FEBD1E3E700BFF9
:100850006E280020034B002818BF03460B449879EC
:10086000704700BF6E280020F8B50D4682EA12429C
:1008700096B2314603462846FFF788FFFFF78EFF02
:10088000FFF786FFFFF78AFFFFF782FFFFF786FF7C
:10089000FFF77EFF0546FFF779FF164C002B14BFCC
:1008A0001F4627460446144B781CA3FB0423E21A78
:1008B00003EB52035B0903EBC30203EB8203E41A6D
:1008C000E4B2214616F028F940B93B786E40B6B242
:1008D00006FB03F307EB1347B879F8BD7B1D2A37F6
:1008E00001E09F4204D013F8010F8442F9D1F4E7EC
:1008F0002046F8BD6E2800204D91CFBA014B186EEE
:1009000080B2704700C001B80A4BD86800F0706030
:10091000B0F1106F0CD008D8B0F1E06F08D0B0F192
:10092000006F14BF002001207047B0F1406FF8E75E
:1009300001207047000002B80022034B1A609A8021
:10094000FF229A71704700BFBB280020064A137926
:10095000834207D9012312688340134214BF012048
:1009600000207047002070476C210020054A034694
:100970001068002208B91A607047C10748BF0132E9
:100980004008F7E76C210020F0B541EA002087B06D
:1009900040F4902706200E461546F6F7B1F81AF0F7
:1009A0005CFE044640B901461A200DF089F96FF04B
:1009B0008C05284607B0F0BD43684761DAB222B91A
:1009C00023F0FF0343F00103436010F05EFD0002DB
:1009D000062E1C4B40F0010060600CBF40F201117C
:1009E0004FF48071204616F0CFF8E360164B2A468C
:1009F000236002AB1E4605F110071D4610685168C2
:100A0000083203C5BA422B46F7D1102130461AF0FE
:100A10000EFE10223146204601AB12F07DFA05464B
:100A200020B1014640F207400DF04AF9102130464E
:100A30001AF00BFE204612F0F8FC20461AF00FFECA
:100A4000B7E700BF0044400400248000102A2DE9CD
:100A5000FF4706460F46154623D800244FF00109EC
:100A6000DFF84480DFF844A0D8F8002009FA04F346
:100A7000134213D046EA042040EA0A006A46E9B26B
:100A800080B203F069FD48B92A463946684619F034
:100A900031FF18B960B204B0BDE8F0870134202CF2
:100AA000E2D14FF0FF30F6E76C2100200080FFFF1D
:100AB0002DE9F3411D4E054601460622304619F048
:100AC00019FF20B996F9060002B0BDE8F0810024B4
:100AD000A046EF1C2046FFF739FFD8B13B88CDF880
:100AE0000080ADF80330BB786946E0B28DF8053080
:100AF0001BF020F921280DD0A8B903222946684609
:100B000019F0F8FE30B92B6860B23360AB88B07171
:100B1000B380D9E70134202CDCD12B683360AB885B
:100B2000B380FF23B3714FF0FF30CDE7BB28002027
:100B3000034B93F90630013301D1FFF7FDBE704737
:100B4000BB280020F7B5044618F0ACFE631C58D152
:100B5000FFF7F2FE0024624E3379A3422CD84FF403
:100B600000410024084603F057FD20224FF0FF31DA
:100B70005C48346019F0E8FE204600F0D7FDFF26FF
:100B80000446594D5CBB594812F0D6F8014630B1C5
:100B900010F1880F03D040F207400DF091F80C21BE
:100BA0004F4A43F6FF7003F0BBFC202138204D4A2A
:100BB00003F0B6FC00202AE02046FFF7C7FE60B134
:100BC00065B20521284615F0E1FF0321284615F0FE
:100BD000DDFF0621284615F0D9FF0134BCE794F962
:100BE0007530013305D02B7843B9132120461BF013
:100BF00003F8204600F09AFD0446C3E784F87560C8
:100C0000F7E72046FFF7A2FE18B940F2064003B00E
:100C1000F0BD6B4606220021204616F00DF8002894
:100C200045D049238DF806304FF47F41304840EAE3
:100C30000420084003F0F0FC0521204615F0A6FF33
:100C40000321204615F0A2FF0621204615F09EFF45
:100C500001222349E3B29A400B6823EA02030B60A6
:100C6000244B93F90630A34201D1FFF765FE002023
:100C700005460B791B4A013BC1B2994221DBFF2695
:100C80000020D65400F052FD0546174F002D86D0A7
:100C900095F97530A34205D13B78EBB9132128466D
:100CA0001AF0AAFF284600F041FD0546EEE76B4624
:100CB00006220121204615F0BFFF0028B4D0722380
:100CC000B0E75656A64200D025B1551895F9015007
:100CD000555401250130CFE785F87560E2E700BF84
:100CE0006C2100209B280020992800203700040058
:100CF0000080FFFFBB2800202DE9FF41354C064650
:100D000001A8FFF733FE2379019A93421ED8627936
:100D1000012A40D100274FF0FF383D4610E02368FC
:100D2000EB40D9070BD5082202AB114668B215F08B
:100D300083FF20B1039B43453CBF2F4698460135B6
:100D400023799D42EBD378B2FFF7FCFE236813F0C2
:100D5000010529D0002501220135202D18D002FAE5
:100D600005F71F42F8D13B432360A3680C210133F0
:100D700043F6FF70174A7361A36003F0D1FBA8B17B
:100D8000236823EA07032360A368013BA360736120
:100D90004FF0FF3519E0022AFAD10F4A134413F934
:100DA000010D421CFBD0CFE70127DCE722790A4C7A
:100DB000013A2146D2B2601C19F0ACFD6DB2224658
:100DC00020213820257003F0ABFB284604B0BDE895
:100DD000F08100BF6C2100209B2800202DE9F0430A
:100DE000002489B0AF4D04213F2001AA2C7003F0EC
:100DF000B3FB00B10194019F002F4FD00026781E55
:100E00004742474100242C70A74D0C212A4643F647
:100E1000FF7003F0A1FBC0B10D23AB80019B2C60E0
:100E2000032BAC6011D803AC2246142143F6FF70AB
:100E300003F092FB48B994E8070085E807002A46CA
:100E40000C2143F6FF7003F06BFB019B042B06D0D3
:100E500004213F200DEB0102019103F061FB2021F1
:100E60003820924A03F078FB28B120224FF0FF315E
:100E70008E4819F069FD03222B795B00B3FBF2F376
:100E80008B4A1370FFF758FDF8F7E0FD014618B1E3
:100E900040F207400CF014FF002413E0012637460F
:100EA000B0E72B68E340D9070BD508224FFA84F846
:100EB0001146404603AB15F0BFFE10B94046FFF7A0
:100EC00041FE01342B799C42EBD38EB110213720A7
:100ED00003AA03F041FB002852D10620F5F710FECB
:100EE0001AF0BBFB044680B901461A200CF0E8FE5C
:100EF0003FB13D2003F04CFB00242B799C42C0F015
:100F0000AB80002009B0BDE8F0836A4A43684261C3
:100F1000DAB222B923F0FF0343F00103436010F07B
:100F2000B4FA0002644B40F0010040F2011160602D
:100F3000204615F029FEE360604B1021236003A8D2
:100F40001AF075FB102202AB03A9204611F0E4FF52
:100F50000646102103A81AF078FB204612F065FA25
:100F600020461AF07CFB372003F012FB46B140F21A
:100F7000074031460CF0A4FE4FF0FF30FFF7E2FDD2
:100F8000002623E03046FFF7E1FCF0B174B21022F6
:100F90000321204603AB15F04FFE1028814620D1D7
:100FA0000321204603AAFFF7EFFC8046494603A829
:100FB0001AF04BFBB8F1000F0CD040F2074041464D
:100FC0000CF07EFE2046FFF7BDFD01362B799E42D8
:100FD000D8D38DE748F2030040EA062080B203F040
:100FE000D7FA10220521204603AB15F025FE102864
:100FF000814613D10521204603AAFFF7C5FC804690
:10100000494603A81AF021FBB8F1000FD5D148F2E8
:10101000050040EA062080B203F0BAFA1022062149
:10102000204603AB15F008FE10288146CDD10621DD
:10103000204603AAFFF7A8FC8046494603A81AF0F9
:1010400004FBB8F1000FB8D148F2060040EA0620D0
:1010500080B203F09DFAB8E72046FFF777FCF0B1C5
:1010600066B204220C21304602AB15F0E5FD0428DF
:101070000AD1029B0122C3F300238DF80C300C210E
:10108000304603AB15F097FD00231022CDE9033362
:10109000CDE905330D21304603AB15F08CFD01344D
:1010A0002BE700BF992800206C2100209B280020FE
:1010B0009A280020370004000044400400248000E7
:1010C000F8B5104B044618790F4B00221D46D1B2DB
:1010D000884204D913F9017B561CA74204D10B4B5B
:1010E0001B788B4202D9F8BD3246F0E70649481C0E
:1010F00019F010FC2C702021BDE8F8403820024A7D
:1011000003F00EBA6C2100209B2800209A280020B2
:1011100020F00040A0F20540F8B5032817D8DFE81A
:1011200000F0021728330C790F78A4F11B02534208
:1011300053414E88CD8801F108021948990015F0F5
:1011400025FF20B10771A0F80560C4710581F8BDC5
:101150000E784D888C8801F108021248002115F0A4
:1011600015FF0028F3D00671A0F80550A0F807403D
:10117000EDE70D480D784C6815F0D0FE0028E6D05C
:101180000571A0F80540E2E707480C7815F0C6FEA7
:101190000028DCD007234371002304718371D6E754
:1011A00078F2030074F2030070F20300002110B51E
:1011B000821D8388044608461AF024FA024648B184
:1011C0006188208817F065F80446034815F00DFF84
:1011D000848010BD1A24F8E720020A1737B5B0F84A
:1011E0000140C578007816F04FF968B10023214618
:1011F0002A46CDE9003317F0E2F90446034815F01A
:10120000F4FE848003B030BD2524F7E720020A04F1
:1012100040F2055320F0004098422DE9F0410BD8F0
:1012200040F20153984209D840F2014398420DD050
:1012300040F20A43984214D0BDE8F081A0F2035076
:10124000022816D8DFE800F024495C000D784C88AD
:101250002D4815F063FE0028EED00571A0F805407A
:10126000EAE72A480C7815F059FE0028E4D004710A
:10127000E2E727480F784E880D79CC8815F04EFEAE
:101280000028D9D00771A0F80560C5710481D3E7A3
:101290008C684E880D790F7884B1B1F8068001F121
:1012A00008021C48002115F071FE0028C4D0077107
:1012B000A0F80560C571A0F80880BDE72346224666
:1012C0002146144815F03BFE0028B5D00771A0F860
:1012D0000560C57104724472AEE70F4891F8008052
:1012E0004F880E79CD880C8915F018FE0028A3D000
:1012F00080F80480A0F80570C671058144819BE7E1
:101300000D784C680548A4E7A0F203008CF20300B6
:101310009CF2030098F2030094F2030090F20300A1
:1013200030B587B005460C4600930749134603A81D
:10133000022200F09FF828B9049B03A89D80DC805E
:1013400015F099FD07B030BDACF203007FB506463D
:101350000D4601A80749144600F06CF838B9029B05
:1013600001A81E71A3F80550DC7115F084FD04B0CE
:1013700070BD00BFA4F20300044A0346106810B118
:1013800002789A4200D170474069F8E7782100203E
:1013900038B5074D2C784CB915F0F4FC02F0BEFDC1
:1013A000044B1C60044B1C7001232B7038BD00BF24
:1013B000C328002078210020C228002070B5104EDC
:1013C00004463568B5B9B0F5006F15D20D4904343F
:1013D000084610F0ACFB20460BF0F0FB224601461D
:1013E0003060084810F0A8FB33683BB12846064B34
:1013F0001C6070BD1220FCE72120FAE71920F8E7F5
:101400008C210020B4F2030088210020084A1368D0
:1014100033B94178436141F0010141701060704778
:10142000197802789142FAD003F114025B69EFE770
:101430007821002038B5044608680D4618F007FAF0
:1014400050B9094B1B6800202A68C4E900531A6090
:10145000064B1B68A36038BD2028FCD1044B1B68D9
:10146000002BF0D10920F6E78C21002088210020F4
:10147000842100202DE9F0471D460C6816464FEAEE
:101480000429C4F3072309F4E06949EA03091B4B63
:1014900009EB050A1B680AF104029A4280462AD821
:1014A0000123F20093409D4225D2FFF7C3FF074678
:1014B000C8B924F47F4424F0C70444EA1A244FEA4C
:1014C0000A2AD8F804101FFA8AFA44EA0A0441F8F2
:1014D000044B89442A464846089919F09DF9012E83
:1014E00004D109F8015C3846BDE8F087022EFAD134
:1014F00029F8025CF7E71D27F5E700BF88210020E7
:1015000038B50446054B00681D684068D4E90123DE
:101510001146A8476368988838BD00BFB02B0020EB
:101520002DE9F84F0F46884657F8041B0546144628
:1015300000203A461E4615F026FCD8F800804046AA
:1015400015F099FB20B19DB941684FEA186359B96C
:101550000F2133462246404615F097FC0D461AE00F
:101560004A799A4204D008310D68002DF8D1EFE78E
:10157000DFF83490DFF83480D9F800B0D8F800A054
:101580003846C9F80040C8F80060A8470025C9F8E7
:1015900000B0C8F800A02246012052F8041B15F044
:1015A000F2FB2846BDE8F88F802100207C21002036
:1015B00070B50D4B04020E4604F4E064C0F307213D
:1015C0001B680C43094A04349C42126809D9052B54
:1015D00002D91D2115F059FC00231A46104633602C
:1015E00070BD1060043BF9E77C21002080210020C1
:1015F000054B186808B1C3681BB1003818BF01203B
:1016000070474069F6E700BF7821002008B539B17E
:10161000FFF7B2FE30B10020034B1B680B6008BD22
:101620002220FCE72D20FAE78821002037B50D465F
:101630001446CAB10F4B1B688B4217D815F042FCF9
:1016400001460190A0B100232A46204619F0DAFC99
:1016500001A819F0E8FC2246022052F8041B15F0FC
:1016600092FB002003B030BD2220FBE72120F9E7E8
:101670002D20F7E78821002070B504460D461B4A4F
:1016800013686BB393F87D10586811F0040129D1E9
:1016900010608C22184693F8706019F055F90346D3
:1016A00080F870602268C0F85A20A288A0F85E20F6
:1016B000A27980F860202868D864AA79A98883F87C
:1016C0005220FF2283F8752083F8762040F6FF72BF
:1016D000A3F86E20064AA3F85010116813605960F1
:1016E000184670BD1A1D0346CBE700BF94210020A9
:1016F00090210020054A0346106800B97047B0F8F1
:101700006E209A42FAD04068F7E700BF902100208F
:10171000054A0346106800B9704790F870209A4255
:10172000FAD04068F7E700BF9021002010B9024BC3
:101730001868704740687047902100200023114AC4
:101740002DE9F0418C2113608046024601200AF009
:10175000D5FF044620B905460B4E3060454502D3FF
:101760002046BDE8F08101200BF02EF807468C22C0
:101770000021013519F0E8F887F8705037603E1DF8
:10178000ECE700BF9021002094210020012310B538
:101790008B4090F87110044621EA030149B280F8A9
:1017A0007110002949D118F061F820461AF0EDFABD
:1017B000102104F1180019F048FF204601F020FA2A
:1017C00004F1380019F02FFC204617F03CFE214AA6
:1017D00013681BB19C42596830D11160A368590548
:1017E0000BD51A0509D443F40063A18994F870005D
:1017F000A36004F1780202F0B7FA00232046636088
:1018000019F02BFB15F003FC4FF48072B2FBF0F2E1
:10181000424394F870300344B3FBF2F102FB1133FE
:10182000DBB2591EC9B2FD29F5D884F87030002307
:101830006360094B1A6852B91C6010BD1A465B6898
:10184000002BCBD09C42F9D163685360C6E7131DCF
:101850005268F0E7902100209421002090F8743025
:1018600003F00B03013BDBB20A2B9ABF014AD05CA9
:1018700000207047C2F203001FB5014690F8703097
:101880008DF80430FFF7EAFFB1F862308DF80C00F4
:10189000ADF80630B1F8643001AAADF80A30B1F8FD
:1018A0006630054840F20311ADF8083019F0E9FA46
:1018B00005B05DF804FB00BFA821002007B590F833
:1018C00070308DF8051001AA40F2072103488DF809
:1018D000043019F0D6FA03B05DF804FBA82100200B
:1018E00038B50A4B04461B680D462BB143699B076C
:1018F00002D515F050FD30B12A4620680421BDE81C
:10190000384017F04EBDA3699D6138BD9821002075
:10191000014B1860704700BF98210020024B1868E7
:10192000003818BF012070479821002013B50446E5
:10193000019120B901A819F076FB212012E0084698
:101940000029FAD019F0F4FB80B20028F2D0094B3C
:1019500020461B6801994BB1984728B92046019948
:1019600000F04AFC02B010BD0020FBE701F086F851
:10197000F3E700BF9821002000487047B7210020FE
:10198000044890F8261000F10B020430012918BF1A
:1019900010467047AC21002038B58379044613F017
:1019A000280F25D00368134DC5F80B308388A5F8A0
:1019B0000F30837900206B740BF05AFA40B92B6812
:1019C000032043F002032B60BDE838400BF0F6BC67
:1019D000436A13F4404FEFD1226843F00803C0F884
:1019E0000120A288A0F80520A2794362C271E3E732
:1019F000212038BDAC2100204379024A9B09D05CEC
:101A0000704700BFDDF203000B6810B503608B88E0
:101A1000FF2A0446838002D10723A37109E0032A29
:101A200008D8054B9B5C072B837102D1FFF7E4FFBD
:101A3000A07110BD0023F0E7E1F203008379024AB0
:101A400003F00703D05C7047D5F2030010B582792C
:101A50008B79094C02F0070203F00703A25CE35CF8
:101A60009A4206D1062218F045FFB0FA80F04009EC
:101A700010BD0020FCE700BFCDF20300F722014BB0
:101A80001A8070476E2D002010B5044658B30068C8
:101A9000836CA3421FD1636883642246124919F004
:101AA000BCF904F10C0019F0D8F904F1440019F064
:101AB000BAFAA06948B1143019F0B5FAA069183023
:101AC00019F0B1FAA06919F0CAFD2046BDE810402E
:101AD00019F0C5BD1346002BDFD05A68A242F9D1D8
:101AE00062685A60D9E710BD2774030070B50546D7
:101AF00048200E4619F0B1FD044650B1FFF70EFF25
:101B000060B11C2019F0A9FDA06128B9204619F088
:101B1000A6FD0024204670BD002303700321284643
:101B200015F06DFAAB6C22466360AC641723268116
:101B300000266381144928462560267766640AF0EA
:101B400045FD01F06DFF3246014604F10C000AF03C
:101B50003DFD02232374FFF7E1FE18B90B4B1B7800
:101B6000002BD7D00A4B19881729D3D9204615F056
:101B7000D5FA0028CED11321204615F019FC63694F
:101B800043F002036361C5E727740300C428002003
:101B90006E2D0020F8B5054610B3002920DB114C4E
:101BA0002468247E8C421BDD3F2919DC032701F0C9
:101BB000030600EBA10191F831407600B74002F036
:101BC000030224EA0704B240224381F8312013B112
:101BD000002115F0A7FC2846BDE8F84015F0FFBC31
:101BE000F8BD00BFA421002070B5164600221A706F
:101BF00032800A7A0D46072A4DD8DFE802F0040940
:101C00000D111A1E304AE86830F8023B338043E079
:101C1000EB68981D5B88F9E7EB68981D9B88F5E7F2
:101C2000697B15F0CCFC02221C4B188018463280D0
:101C300032E002231A4833802EE01A4C2B7BE889CD
:101C400023702B88E11C013363702B8801331B1236
:101C5000A37000F0D9F90330308020461CE0124C0C
:101C6000A889EB89020AA3701B0A20706270E370D6
:101C700000F03CFA58B1C3681A88022A07D19A7852
:101C80002271DB78637106230748338004E0042364
:101C9000FAE780221A70002070BD00BFDE28002005
:101CA000E5F20300CB280020C5280020054A064B9A
:101CB0001860136843F001031360828B034B1A8092
:101CC000704700BF9C210020A4210020D6270020BF
:101CD00000232DE9F04FDFF8B89191B0D9F80070EA
:101CE000054617F00807CDE90633CDE908330AD0D9
:101CF000644B03F1100253F8041B934245F8041B94
:101D0000F9D1002015E01022394618F01DFE0320FD
:101D1000F4F7F6FE19F0A1FC804648B10620F4F76E
:101D2000EFFE19F09AFC064630B9404619F097FCD0
:101D30001A2011B0BDE8F08FCDE90477F7F786FEE1
:101D4000044668B1404619F08AFC304619F087FC19
:101D500040F2074021460BF0B3FF40F20740E8E7AE
:101D60000FF093FB4FF4A053DFF828A10002C6E95F
:101D7000023A454B7060336010223046776104AB05
:101D800006A911F0C9F80446A0B952464046049984
:101D900011F090F9044668B9BB463C4BBAB21B68D7
:101DA000D988914227D810222946404605AB11F028
:101DB0009FF90446404611F015F9404619F04FFCD2
:101DC000304611F032FB304619F049FC049810F00F
:101DD000B3FF002CBCD12B4B05F1100255F8041BAE
:101DE000954243F8041BF9D1D9F8003043F00803B9
:101DF000C9F8003085E71A68BCB2210102EB04146F
:101E00002046ADF80EB00191009215F0D2FF824647
:101E1000204600F03FF930B3DDE90021AAF520505B
:101E200080B2032802D9BAF5245F1ED1525A00208D
:101E30002146ADF828200DF10D030DF10E02ADF88D
:101E40002AA0FFF7D1FEBDF80E2001460BA818F01E
:101E5000E3FCBDF80E20404604320AA911F02DF92A
:101E600004460028A6D1013797E70AF55640FF300F
:101E700080B20428F7D8525AADF82AA0ADF828202D
:101E8000E7E700BFE028002000248000A421002014
:101E90009C2100200002C003134B01461B6870B553
:101EA00013F0040306D00022104B1C68E38990B2A3
:101EB000834209D80E4A14680022E58990B285420F
:101EC00009D84FF6FF7005E0A56835F812500132C9
:101ED0008D42ECD170BDA66836F8126001328E4298
:101EE000ECD1034498B2F5E79C210020A02100200A
:101EF000A4210020094B1B685B070AD5084B1A6810
:101F0000D389834203D9936833F810007047C01A0D
:101F100080B2044B1B689B68F6E700BF9C21002041
:101F2000A0210020A421002038B5046805460C2219
:101F30002046084918F0DEFC50B90222064904F197
:101F40000E0018F0D7FC18B902200C342C6038BDF4
:101F50001020FCE7E8F20300F6F203002DE9F74356
:101F6000102801910BD0022804D04FF6FF7003B067
:101F7000BDE8F083019B1888FFF78EFFF7E701A803
:101F8000FFF7D2FF0228F5D01028EED11B4B019F9E
:101F90001E6816F0040608D00024194BD3F8008000
:101FA000B8F81660A5B2AE421AD80025154BD3F882
:101FB0000080B8F81690ACB24C45D6D2D8F81000D4
:101FC000102200EB0510394618F094FC013500286A
:101FD000F1D1A0196FEA40406FEA504080B2C6E7E5
:101FE000D8F81000102200EB0410394618F082FCDB
:101FF00001340028D6D145F40040B8E79C210020E8
:10200000A0210020A4210020020408B51DD5124BF8
:10201000C0F30E001B685B0713D5104B1A68D38AF8
:1020200098420CD2136903EB001000F1100350F832
:10203000042B984241F8042BF9D1102008BDC01A96
:1020400080B2074B1B681B69EDE7FFF753FF087071
:10205000000A48700220F1E79C210020A021002006
:10206000A421002038B50446094B1B681D68A54211
:1020700009D2204621B915F0A6FE30B1103402E095
:1020800015F0AAFE08B1204638BD103CEFE700BFAE
:10209000A4210020437ADA0702D5C3F380007047F9
:1020A000034BC2881B881A4214BF012000207047CE
:1020B000D62700200A4B1B68DB0708D570B1094BF7
:1020C0001B68DB88834234BF00200120704728B1A1
:1020D000054B1B88834294BF00200120704700BF3E
:1020E0009C210020A4210020D827002070B50246A2
:1020F000FFF7E0FFE8B10F4B1968CD88954209D38F
:1021000002F180500B680138040103EB00101B5BE7
:1021100093420ED0002398B2854201D8002008E0F7
:102120000E681C01345B06EB0310944203F10103BB
:10213000F1D170BDA42100202DE9F34100250E4608
:10214000A846174F01903A68ABB2D18899421DD981
:102150001468ABB204EB0314B4F90430002B1CDA9E
:102160002046FFF797FFC0B1E1680B889E4214D16B
:1021700032460198023119F018FAE36882B21B88DE
:10218000934207D0114601A819F074F8404602B0F6
:10219000BDE8F08143441FFA83F80135D3E700BF5F
:1021A000A42100207FB5134B0E4605460446039339
:1021B000A0B115F0A0F978B900223146204615F0FB
:1021C000CAFA022807D1802331460093204604230F
:1021D00003AA15F08DFE0DB104B070BD204615F0B8
:1021E00059F904460028F7D015F085F90028F5D1F3
:1021F000E2E700BF0100FFFF2DE9F04F97B08346F3
:10220000099115F0BEF8099883790C33C45CC518A0
:1022100018F08EFF202C0646099F26D8012C28D9BD
:10222000C74BA21ED2B2D340DA0722D5384697F860
:10223000068018F07DFFBBF80A2083B29A4228D2AC
:1022400014F0010240F0A78004F07F03522B00F04D
:10225000A2801E2C00F09F80099B214600935846C7
:10226000042314F06CFF21240CE004F07F03522BB4
:10227000DCD02146062300225846009714F05FFF69
:1022800041F20614584615F081F8204617B0BDE813
:10229000F08F47443A7B013B202A9BB246D8012A63
:1022A000CED9023A1E2ACBD801A151F822F000BFA4
:1022B0004D2302004122020051230200412202006C
:1022C000452302004122020039230200412202007C
:1022D0004D2302004122020051230200412202004C
:1022E000552302004122020039230200412202004C
:1022F0008323020041220200412202004122020007
:1023000087230200412202008B23020041220200A7
:102310004122020041220200412202004122020029
:102320008F2302004122020055230200522A28D0A6
:10233000D22A85D10D2B06E0062B11D0142B7FF469
:102340007FAF0DE0052B7FF67BAF09E0022BF6E7B0
:10235000042BF4E7032B7FF673AFDB073FF570AF79
:10236000022C00F00281DBF800309B689F0516D438
:102370000BF1440018F057FE099BCBF844300024C1
:1023800080E7012BDFE7032BDDE7012BD7E7002BED
:102390007FF456AFE4E709A818F045FE63E71E2C6A
:1023A00000F03683584615F0A6F80746002840F09E
:1023B0008280584615F09AF800287CD004F07F03FC
:1023C000522B00F0CE80082C68D1B6B2152E14BF67
:1023D00002201020691D15F074F800285ED0DBF88B
:1023E0001430D8074BBF23F0010343F001033946F3
:1023F000012158464CBFCBF81430CBF8143015F0FF
:1024000091F809980D9014F008FE0446B0F8018088
:10241000B0F803900D9818F08BFE152814BF022514
:102420001025053421462846FFF798FD21460390E4
:10243000284615F046F80490B8F1000F00F05281DC
:10244000C84500F24F81022109200D9A14F008FEC0
:10245000BBF80A708246023FBFB23E4640464FF08C
:10246000FF354946039A15F028FB0446002800F082
:102470007B8115F0F8F8002800F0938101222146B5
:10248000584615F097F903468DF82E00002800F005
:102490002E810D9A009222460821B2E0DBF814301A
:1024A00013F001064ED023F0010300215846CBF86B
:1024B000143015F037F8202C72D8032C75D9231F4F
:1024C0001C2B72D801A252F823F000BFB9270200DA
:1024D000AB250200AB280200AB250200032402005A
:1024E000AB25020095290200AB250200B3290200AA
:1024F000AB250200C9290200AB250200B725020066
:10250000AB250200E1290200AB250200AB25020049
:10251000AB250200FD290200AB250200072A0200BC
:10252000AB250200AB250200AB250200AB25020063
:10253000AB250200112A0200AB250200D7290200B8
:102540005555515043F0010301215846CBF8143042
:1025500014F0E8FF1223324621465846009614F044
:10256000EEFD09A818F05FFD09E7099DBA4C284661
:1025700014F053FD2188B0F801602A46584614F043
:10258000F3FD2388BBF80A10B34228BF3346172B4C
:10259000B8BF17235846ABF80A3014F0DEFEEEE65B
:1025A000522C00F02482D22CDBD0099B0022009315
:1025B0002146062325E0099F384614F02EFD0546E6
:1025C000B0F80180B0F803A0384618F0B1FD152826
:1025D0000CBF20460220691DFFF7C0FCB5F805308E
:1025E00004900793B8F1000F07D0D04505D815F037
:1025F000C2FB50B91023009701E001230097424627
:102600001021584614F09BFDB9E63A4602211120EC
:1026100014F026FD44464FF0FF35BBF80A30059014
:102620009E1E0393063B9BB2B6B2089351462046CA
:10263000049A15F042FA814668B35146079A15F09C
:1026400089FA0446484615F00EF840B94FF6FF7374
:102650009C4201D00134A4B25445E7D91BE04FF0AD
:1026600000030DAAADF8343049460CAB584615F0BE
:102670003EF9039ABDF83430053A9A42089A06901A
:10268000D8BF1346002DADF8343009DB9D4202D18E
:10269000EB1CB34208DB691C1CD10A230097AEE790
:1026A000351F9D42A8BF1D46042211A93846ADF82A
:1026B0004490ADF8464018F078FF2A46384606990F
:1026C00018F073FF4FF6FF73043E761B9C42B6B2C0
:1026D000C0D1E0E73946059B04355D705846FFF7E9
:1026E000FFF84CE60D9B009301234246D4E6049B81
:1026F00013B1204614F09BFF204614F0CCFFD8B154
:10270000002D54DC0DA818F08EFC082358468BF8D9
:102710001C3050F80C2B40F2025192F870208DF8CA
:10272000483000238DF8442011AAADF84640ADF89A
:102730004A3018F0A6FB22E6ADF844000DF12E0356
:102740002146584611AA15F0D2F8BDF8443005903C
:10275000BB4228BF3B46002DADF844300ADBAB42FC
:1027600002D16B1CB34209DB6A1C0D9B1FD1009385
:102770000A23BAE7B51E9D42A8BF1D4602220CA936
:102780000D98ADF8304018F010FF2A4605990D98C5
:1027900018F00BFF4FF6FF73023E761B9C42B6B259
:1027A000E2D0601C80B28145BFF45BAEDCE702354D
:1027B0000D998AF8015091E7DDF82490484614F00D
:1027C0002CFCB0F80330B0F801800493B8F1000F8E
:1027D00044D0984542D84FF6FF774A46022105205B
:1027E00014F03EFC4546BA46BBF80A400590023C50
:1027F000A4B22946584615F042FA504506464CD038
:102800004FF400622946584614F0D4FF00283FD107
:10281000304615F0CCFA00280CBF02231023574590
:10282000039321D0304615F0C2FA0690384615F0D1
:10283000BEFA069B834203D1039B0133A34214DB00
:10284000384615F0B4FA059B0130194658705846C1
:1028500014F05EFC93E500BF6E2D00200123CDF83F
:10286000009042460421CCE637460DF14601304641
:10287000ADF84450FFF7C8FB039B48469A1C11A9CA
:1028800018F093FE039B023CE41A5545A4B2D7D03E
:10289000049B0135ADB2AB42ABD24FF6FF739F4202
:1028A000CED10A23CDF80090DBE7DDF82490002498
:1028B000484614F0B2FBB0F80530B0F803A0B0F809
:1028C000016007464846039318F032FCC51FADB2BD
:1028D000102D0C945AD82A46F91D0DA817F09CFF0C
:1028E000002E55D0564553D84A460121072014F0F2
:1028F000B7FBA046074633460A249A45049307D9F6
:102900003946BBF80A0014F08EFB0328049B04D858
:10291000B8F1000F1CD0394699E7ADF84430039B5D
:102920005846ADF848300DAB139300230BAA009323
:1029300011A90DF12E03ADF846A0ADF8505015F0D9
:1029400035F90A280446E3D0BDF82C3030B11E46D4
:10295000234632460621CDF8009052E6ADF83030DD
:10296000BDF82E300CAAADF8323039460423BBF83E
:102970000A0014F063FB4FF6FF72BDF82E3093424D
:10298000C9D001334FF001089BB2B6E70424DFE75A
:102990000124DDE70A23099C8BF81C30204614F043
:1029A0003CFB23460022B0F80110584615F070FB9E
:1029B000E5E4099C204614F030FB0C238BF81C3016
:1029C000B0F803202346EEE75A460F210E20099B5C
:1029D00015F0B7FBD3E45A4621212020099BF7E7E5
:1029E0005846099AB5F8011015F098FCC7E4584606
:1029F000099AB5F8011015F0ECFCC0E458460999A5
:102A000015F026FDBBE45846697815F08CFDA8E565
:102A1000584615F0A8FDA4E57FB5174A0646136889
:102A200042F6052023F00803136015F081F80546EF
:102A300050B16846FFF74CF9002014F02BFD044616
:102A400020B92946FFF7AEFB04B070BD10226846DE
:102A500004F1210117F04EFF38B10121204614F096
:102A600061FD636923F0010363611EB131462046B5
:102A700015F036F92046E0E79C21002037B58B7928
:102A80000A460C33CD180191C95C044611F00103CC
:102A900029D01D290AD101211E2014F0E1FA014696
:102AA000204614F035FB012003B030BD032916D1B8
:102AB0000E4BB5F801201B884189934228BF13466D
:102AC000172BB8BF1723438114F047FC636940F20A
:102AD000094123F002032046636114F066FC01A85B
:102AE00018F0A1FADFE71846DEE700BF6E2D0020E0
:102AF00038B5124B04461B8842898B4228BF0B46CF
:102B0000172BB8BF17231146438114F026FC6369C5
:102B100023F002036361A3699D693DB10022294648
:102B200020469A61BDE83840FEF7DABE40F209411E
:102B3000204614F03AFCA3691D7038BD6E2D0020AC
:102B40000148FEF7E5BE00BF552F0200014818F00E
:102B500088BA00BF0C22002040F6FF732DE9F34134
:102B60000D46B0F86E100192994205D101A818F0F7
:102B70005AFA02B0BDE8F0811146134601229BBB10
:102B80001E4818F037FBFFF7E1FF04460028F0D09D
:102B900018F0CEFA6379074603F001086FF30003DB
:102BA000637104212046A66818F005FC43790446A9
:102BB00068F300034371DB438179B6F86E200C3172
:102BC000866003F001036254C2F30322084442EA20
:102BD00003124270478022463046294616F047FECF
:102BE0002046F8F74DFFCEE75C79986024F00304A7
:102BF00014435C7100221B68C1E700BF0C22002057
:102C000070B50546064C206800B970BD8368AB42BC
:102C100004D1066809F046FE2660F4E70446F2E7B0
:102C20000C2200200146014818F0E4BA10220020CE
:102C3000014818F016BA00BF1022002001460148D2
:102C400018F0D8BA08220020034BD86818B103F155
:102C50000C0018F006BA7047FC210020044BDA681B
:102C600022B95869003818BF012070470120704709
:102C7000FC210020014800F0C1BA00BF812C0200F5
:102C80002DE9F04F867987B00C3605900546805BBC
:102C9000C0F30B00FEF72EFD044618B905A818F086
:102CA000C2F94EE090F87230022BF7D1AB5B059A77
:102CB000C3F30B0103F44053B3F5805F9060A95355
:102CC00042D153796FF300035371836B002BE5D02E
:102CD000042105A804F1380618F0A5FA3046059934
:102CE00018F088FAA06B002301465A1CA9BBDBB27E
:102CF000012B01D918F0EFFAA06B18F019FA03288C
:102D00001FD9D4F83890484699F8067018F010FA90
:102D10000C3709EB070539F80770A0F1040847459F
:102D200022D9524FD4F838A007F1100957F804BB44
:102D30005346424629462046D8474F4510D00028E2
:102D4000F4D007B0BDE8F08F383018F06CF9059A70
:102D5000537943F001035371BAE713460968C4E796
:102D60000028EED130469AE7A06B18F0E1F904375D
:102D70008742F7D36988A1F140033F2B0BD8042188
:102D8000304618F050FA2046A26B698816F053FBC3
:102D90000023A363D5E705290BD0062961D00429B8
:102DA000E0D1304618F03FFAA16BA06CFEF7BEFDF3
:102DB000EEE72946204616F03CFB02460028D1D11A
:102DC0002B79122B06D0132B36D02046697916F0BA
:102DD00008FBC7E794F87330022BF6D040F67A4030
:102DE00029898B1F9BB2834224D86A89931F9BB287
:102DF00083421FD891421DD8AB89B3F5FA7F19D20F
:102E000040F6764CEF89A7F10A0080B2604511D8F0
:102E1000B4F86A000290B4F86800CDE9007020466A
:102E200000F04AFB021E18BF01222046697916F005
:102E300094FA97E70122F8E794F87330012B03D155
:102E40002046697916F0CDFAA3681A048AD523F4CE
:102E50000043A3602B89012B84D120460AF0A0FBFC
:102E600080E72046A16B18F069FF91E7F8F20300B4
:102E70000138C0B20A289ABF014B185C0020704785
:102E800008F303000149024817F0C3BFB42B002028
:102E9000A82100201022074B28215A826422C3E96E
:102EA00005124FF6FF729A8300221A604FF4706287
:102EB000DA847047AC21002038B5114C94F82630E4
:102EC000EBB1226812F0010519D1201D0AF07CFF38
:102ED000236843F00203236016F016FB78B14EF628
:102EE000602294F827304FF48271534305482A46F4
:102EF00009F04AFB18B9236843F00103236038BD89
:102F0000AC210020A821002022F00042052A10B5A3
:102F100004D0B2F5827F0AD0002010BD0C4A1B8875
:102F2000918C00209942F8D190840120F5E7084B5C
:102F30001A6893F8264022F00102012C1A60F4D19D
:102F400018F0EEFCFFF7B8FF20460AF037FAECE77E
:102F5000AC21002030B5044685B00846039116F038
:102F6000DDFB830708D410F0010003D003A818F09C
:102F70005AF8012005B030BD03998B7903F10C029A
:102F800088188A5C013A202A00F21781DFE812F0E3
:102F900021001501B1001501B4001501BD00150196
:102FA000C4001501CC001501D4001501DB0015018A
:102FB000E9001501F100150115011501F3001501D6
:102FC00001011501030115010C0115011501150180
:102FD000E20003790BB103F588534278023A1E2AC6
:102FE000C4D801A151F822F0653002006D2F020013
:102FF0006F3002006D2F02007B3002006D2F020047
:10300000873002006D2F0200933002006D2F020006
:10301000B73002006D2F02009F3002006D2F0200BA
:10302000C33002006D2F0200CF3002006D2F02006E
:103030006D2F02006D2F0200D93002006D2F0200AB
:10304000E93002006D2F02006D2F02006D2F02008B
:103050006D2F02006D2F02006D2F02006D2F0200F8
:10306000AB30020017212046FFF742FD7EE7002229
:103070002046114615F0D4FC78E71A460021204678
:1030800015F07BFD72E700222046114615F025FF62
:103090006CE700222046114615F0CEFD66E71A4681
:1030A0000021204615F0BBFE60E71A4600212046AD
:1030B00015F0D4FE5AE71A460021204615F092FE7C
:1030C00054E700222046114615F0FAFF4EE7194654
:1030D000204616F05EF849E70093002320461A4682
:1030E000194616F060F841E71946204616F0ADF88B
:1030F0003CE7B0F80110B6E702338B710A460023B3
:103100004178204615F08CFC33E70133002220463D
:103110008B7115F032FD2CE702338B71427800235E
:10312000204615F0DAFE24E701338B710023204698
:103130001A4615F081FD1CE70133002220468B71F1
:1031400015F050FE15E70133002220468B7115F073
:1031500066FE0EE70133002220468B7115F07EFEDD
:1031600007E702338B7142780023204615F0A8FF51
:10317000FFE60021ACE705338B710023B0F8032094
:10318000B0F8010000930B460146204616F00BF8FC
:10319000EFE60021A9E703338B710A46B0F801106E
:1031A000204616F071F8E4E603338B710A46B0F856
:1031B0000110204616F071F8DBE60020DAE600BFC9
:1031C00007B5837801916A46082104488DF80030DC
:1031D00017F057FE03B05DF804FB00BFA8210020E4
:1031E0000022054BC3E90322C3E905221A70DA6104
:1031F0004FF6FF725A847047FC210020014B186083
:10320000704700BFF821002082780D4B13B55A603B
:10321000B0F8032091B2102910D040F60344A14227
:103220000CD041795B8C8DF80210ADF8042005219B
:103230006A460448ADF8003017F023FE02B010BD16
:10324000FC210020A821002073B5837901900C3364
:10325000C418C35C132B0ED8042B12D9053B0E2BBC
:103260000FD8DFE803F0200E0E200E0E0E0E0E1803
:103270001C0E0E0E25003E2B1FD0FF2B1DD0302B19
:1032800011D0F8F7C7FB019B834202D001A817F0C9
:10329000CAFE02B070BD2046FFF7B6FFF1E7E27844
:1032A0000E4B5A60EDE7204601A90AF089F9E8E7DC
:1032B000204601A916F0D6FAE3E70025084E019B47
:1032C0003BB1204656F8043B01A901359847102D23
:1032D000F5D101A817F0A7FED3E700BFFC2100201D
:1032E00014F3030007B5FFF7A3FC20B103B05DF8AA
:1032F00004EBFFF7A9BFFFF7A7FC019018B1054B3E
:103300001B681BB1984703B05DF804FB01A817F0D8
:103310008AFEF8E7F8210020024B1A78024B53F896
:1033200022301847FC21002054F3030010B5044656
:103330000120FFF7F1FF034B00201C70BDE8104097
:10334000FFF7EABFFC21002010B50446062142F237
:10335000050015F0C2FF2368C0F80330A388A0F869
:1033600007300648F8F778FB15F0E5FF407918B10B
:10337000BDE8104016F027BA10BD00BFC1BA010069
:1033800010B5044606214FF6284015F0A6FF236825
:10339000C0F80330A388A0F807300648F8F75CFBB4
:1033A00015F0C9FF407918B1BDE8104016F00BBA0E
:1033B00010BD00BFFDBB010038B505460C4669B91C
:1033C000022142F21B0015F088FFB5F86E30A0F81C
:1033D00003300D48BDE83840F8F73EBB122142F2F9
:1033E0001A0015F07AFF2146B5F86E30053020F846
:1033F000023C04F1100351F8042B994240F8042BCD
:10340000F9D10248E6E700BF435103007F510300B2
:1034100008B5002142F20E0015F05FFFBDE808403C
:103420000148F8F719BB00BFB152030038B590F856
:1034300072300446032B154606D1FFF7E9FF01233E
:10344000002084F8723019E0C9B9012B2DD903216D
:1034500040F2064015F041FFB4F86E304571A0F817
:1034600003301348F8F7F8FA15F065FF8378002B5E
:10347000E5D015F060FF807840F4805038BDA3B1EE
:1034800002214FF6044015F028FFB4F86E30A0F882
:1034900003300848F8F7E0FA15F04DFF4379002BA8
:1034A000CDD015F048FF4079E6E70220E6E700BFFF
:1034B000C5510300FB510300F8B507460E4642F222
:1034C00013000E2115461C4615F007FFB7F86E30A5
:1034D000A0F80560A0F80330BDF81830A0F8075038
:1034E000A0F80B30BDF81C30A0F80940A0F80D3052
:1034F000BDF82030A0F80F300648F8F7ADFA15F007
:103500001AFF807820B115F016FF807840F48050C3
:10351000F8BD00BF3D520300F8B507460D4642F224
:1035200019001C211C46164615F0D7FEB7F86E3060
:103530000F3020F80C3C2B6804F1100240F80A3CD4
:103540006B6820F8026C40F8063C234653F8041BD5
:10355000934240F8041BF9D10648F8F77DFA15F0BC
:10356000EAFE807820B115F0E6FE807840F48050C5
:10357000F8BD00BFED50030070B506460D4642F29F
:103580007A000421144615F0A8FEA0F803604571E6
:1035900084710648F8F760FA15F0CDFE407918B14D
:1035A000BDE8704016F026B970BD00BF4356030059
:1035B00010B50446022142F2300015F08EFEB4F838
:1035C0006E30A0F803300F48F8F746FA15F0B3FE56
:1035D000437963B915F0AFFEC088FEF78BF8044657
:1035E00028B115F0A8FE017A2046FEF767F915F01C
:1035F000A2FE407920B115F09EFE407940F4805043
:1036000010BD00BFB1BE010038B5FEF7B5F90446E4
:10361000FEF714FA0546064813F0E7FC0023037191
:1036200043712368C0F80630A3880573438138BD11
:103630002009020513B5C37A0093B0F80930D0F819
:103640000520D0F80110007818F095F904460348D9
:1036500013F0CBFC848002B010BD00BF2002040335
:10366000FF2337B50DF107008DF8073009F03EFD57
:10367000044604489DF8075013F0B7FC8480857118
:1036800003B030BD200304014B7937B55B07054615
:103690000C460CD420461421064A16F0E9F801A87D
:1036A000019413F034FC10B9A3791C44257403B0C1
:1036B00030BD00BF7CF30300837810B5132B0C469C
:1036C00008D1054B1B6803B198472046BDE8104060
:1036D00017F0A9BC10BD00BF2022002010B50021AA
:1036E0000446007816F090F848B16178207818F018
:1036F0002FF90446034813F078FC848010BD02249F
:10370000F8E700BF2002560110B54178007818F0A4
:10371000A3F90446024813F068FC848010BD00BF82
:10372000200256020020024B1870024B187070479E
:10373000F1280020F028002010B5B0F80110B0F8F2
:1037400003200023007809F079FD0446024813F0B5
:103750004CFC848010BD00BF2002050610B54178E6
:10376000007809F0FFFD044618B9044B1A78044BA1
:103770001A70044813F039FC848010BDF128002031
:10378000F028002020020503F0B583780D460D2BAC
:1037900091B04DD1821C09AC00F11A032646106885
:1037A0005168083203C69A423446F7D113881C2167
:1037B0003380284617F037FDBDF826402E6814F0F8
:1037C0000C043CD1304617F0B3FC871EA7420DDA3B
:1037D0004FF0FF3400239C428DF81C301EDB012289
:1037E0003146A31C07A817F00DFC17E0631C01224B
:1037F000314605A817F006FC9DF81430012BE9D0DE
:1038000023460122314607A817F0FCFB9DF81C3027
:1038100013B101331C44D9E78DF81C3009F026FDA3
:10382000012807D0022834D048B9284617F0FBFBFE
:1038300011B0F0BD9DF81C3013F0010FF5D09DF8CC
:103840002F0000F0B7FB04469DF8300000F0B2FBFB
:1038500007AF9DF828200DF12901064605A8FEF7BF
:10386000D3F838469DF836200DF13701FEF7CCF835
:103870000C4B1B78DB0711D405A813F0D6F9CDE962
:10388000010532462146009705AB09A800F00CF867
:10389000CBE79DF81C3013F0030FCFE74FF0FF305C
:1038A000EDE700BFF02800202DE9F74FB0F802C087
:1038B00006461CF0100F1C460C9F9DF934A0DDF845
:1038C00038B033D05FFA8CF51CF0080F184614BFDF
:1038D00005F0080505F00F0518F0A6F981463846F1
:1038E00018F0A2F996F90F3080465A460421134881
:1038F0000193767813F04AFB019BA0B10571226811
:10390000C0F80520A28880F80B90A0F8092080F864
:103910000CA0437386733B68C0F80F30BB8880F8F7
:103920001580A0F8133003B0BDE8F08FCDE90DABE2
:103930000C9703B0BDE8F04F15F07BBFA0F3030078
:1039400010461946F8B522F0004340F20A4293426D
:103950000ED8B3F5806F59D96FF480621344092BE8
:1039600054D8DFE803F00D101F3050505050530D65
:1039700040F20152934234D0A3F20253032B45D8B4
:10398000FDF746FC0CE00D784C688A6901F10803EC
:103990001F48002113F0D3FA10B10571C0F805409B
:1039A0000120F8BD0E784D880C798A6901F1080371
:1039B0001848002113F0C3FA0028F1D00671A0F8CE
:1039C0000550C471ECE70D784C884A690B1D12480C
:1039D000002113F0B4FA0028E2D00571A0F80540E8
:1039E000DEE70F784E880D79CC8801F108020B488C
:1039F000002113F0CBFA0028D2D00771A0F805609F
:103A0000C5710481CCE7FDF783FBC9E70020C8E757
:103A1000B0F30300ACF30300A8F30300A4F3030026
:103A2000004870474139020030B5124B0D469942AB
:103A3000144689B01BD1930011D505A906A808F03A
:103A400043FE062300220393059BE1B20293069BEB
:103A50002846CDE9003241F0005117F0AFF9064891
:103A600013F05CFA00B10471012009B030BD0020F0
:103A7000FBE700BF24220020D4F3030022F0004221
:103A8000B2F1A04F08B504D1034813F047FA012062
:103A900008BD0020FCE700BFD8F3030010B5047F89
:103AA000D4B1102C28BF102417F002FA621C81B286
:103AB00000230620D2B208F021FE044650B907497F
:103AC000074817F0A6F90748074917F0A2F9074871
:103AD00009F048F8204610BD0424E5E7CC2B00206F
:103AE0002822002024220020DC2B0020C42B0020D0
:103AF00022F00042B2F5887F2DE9F0471C4600F025
:103B0000E2800ED840F203139A423CD040F20913EF
:103B10009A4200F0C2800E2A00F0B3800020BDE877
:103B2000F08740F207239A4247D0B2F5037F56D080
:103B300040F206239A42F1D120684C30FDF77EFF17
:103B400025680746644895F8736095F870A095F964
:103B5000759095F87680A48813F0E0F90028DDD000
:103B6000EB6C4360B5F8503087720381731E5E4280
:103B70005E41C67280F80CA080F80D9080F80E802F
:103B8000A0F80F40CAE72078FDF7C2FD0028C5D095
:103B9000524894F800806788A688E588247A13F054
:103BA000BDF90028BAD080F80480A0F80570A0F80C
:103BB0000760A0F80950C472B0E72078FDF7A8FDAF
:103BC0000028ABD060782578FFF752F904464448C6
:103BD00013F0A4F90028A1D0057144719EE7A578DF
:103BE000012D1ED0022D2DD0CDB9E37894F80080A0
:103BF000023BDBB2022B8CBF01253A4A94F90470D8
:103C0000667998BFD55C94F90640374813F086F979
:103C100028B180F8048045718771C6710472012053
:103C20007DE7E37894F80080023BDBB2022B98BF7B
:103C30002C4A94F90470667998BFD55C94F90640D3
:103C40002A48E3E7E3782A48023BDBB2022B94BF21
:103C5000244A012594F80180277898BFD55C94F90F
:103C60000490667994F9064013F058F90028D6D0EC
:103C7000A0F804808771C57180F80890467284723C
:103C8000CDE723460822002113F8014B194813F011
:103C900056F90028C3D00471C1E7174894F8008092
:103CA0006788A688E588248913F038F90028B6D0FB
:103CB00080F80480A0F80570A0F80760A0F809500B
:103CC000A0F80B40ABE70D481C7813F027F900284B
:103CD0003FF424AF047121E714F4030010F403004F
:103CE00008F40300DCF3030000F40300FCF303001A
:103CF00004F40300F8F30300F4F303000CF40300EE
:103D00000022084B10B51A609A8002681A60187871
:103D100017F070FF044618B90349044817F079F802
:103D2000204610BDDA270020EC2B0020A82100201F
:103D300008B5034B588809F05BFB002008BD00BFA5
:103D4000DA27002010B50078FDF7E2FC40B113211E
:103D500017F052FF0446034813F047F9848010BD62
:103D60002524F8E72002060573B5144606460D46DD
:103D700020461421094A15F07BFD01A8019413F097
:103D8000C6F848B9A3790C331C44054BA6711B79BE
:103D9000A5800BB115F059FD02B070BDF0F3030022
:103DA000DA27002022F000420D2A73B51C460ED0FF
:103DB0006FF4C0631A440B2A12D80B2A10D8DFE81C
:103DC00002F03B12242C370F46505F84878E04226A
:103DD000002153F8044B444813F0B1F800B184803B
:103DE000002002B070BD2078FDF792FC0028F7D0CB
:103DF0003E48267894F90150A47813F08FF80028F3
:103E0000EED0067145718471EAE72478384813F0E2
:103E100085F80028E4D00471E2E725783548646825
:103E200013F07CF80028DBD00571C0F80540D7E717
:103E3000257831486468F3E730482578646813F0E2
:103E40006DF80028CCD00571A0F80540C8E72C48D3
:103E50002578646813F062F80028C1D005714471B8
:103E6000BEE7637827480D2B96BF274A0125D55C0E
:103E7000247813F053F80028B2D004714571AFE7ED
:103E8000637800210D2B98BF1F4A204898BFD55C4E
:103E90006368A27888BF0125267813F050F808B12E
:103EA000067145716378012B9AD88DF8073001228D
:103EB000002116480DF10703247813F040F800287C
:103EC0008ED00123047143718AE7247810489EE75D
:103ED0000021636822780F4813F031F880E70E481C
:103EE00013F01CF87CE700BF58F4030044F403000F
:103EF0004CF4030050F4030048F4030040F40300C2
:103F00003CF4030038F4030018F4030034F4030015
:103F100030F4030028F403002CF4030014220021E1
:103F2000014816F011BD00BF2C22002073B50546D4
:103F30001AF05AFB1D4C064663795B070ED42046E7
:103F400014211B4A15F094FC01A8019412F0DFFF24
:103F500020B130461AF043FB02B070BDA3790C3398
:103F6000234455B91A79FF2A01D001321A7130461B
:103F700002B0BDE870401AF032BB012D05D15A796C
:103F8000FF2AF4D001325A71F1E7022D05D19A7956
:103F9000FF2AECD001329A71E9E7032DE7D1DA79F3
:103FA000FF2A1CBF0132DA71E1E700BF2C2200209A
:103FB00054F40300042828BF0020014B185C70470C
:103FC0005CF4030030B585B005460A4901A8FDF749
:103FD00031FA044650B901A8FDF792FA044615B12A
:103FE000029B9B792B7001A812F041FF204605B07F
:103FF00030BD00BF68F403002DE9FF4180460F4645
:1040000001A80C4916461D46FDF714FA70B9029C2A
:104010009DF8283084F80480C4F80570C4F809605D
:10402000A4F80D50E37301A812F025FF04B0BDE819
:10403000F08100BF60F4030030B585B005460C4642
:1040400001A80649FDF7F6F928B9029B01A81D71E0
:104050005C7112F010FF05B030BD00BF78F40300B2
:1040600030B585B005460C4601A80649FDF7E2F9D2
:1040700028B9029B01A81D715C7112F0FCFE05B00D
:1040800030BD00BF70F403001FB50446054901A808
:10409000FDF7D0F920B9029B01A81C7112F0EBFECC
:1040A00004B010BD80F403007FB505460E4601A89C
:1040B0000C49FDF7BFF9044680B901A8FDF720FAC5
:1040C000029B044625B1D3F806202A605A89AA80AB
:1040D0000EB11B7B337001A812F0C9FE204604B05C
:1040E00070BD00BF88F403007FB506460D4601A8E9
:1040F00007491446FDF79EF940B9029B01A81E71BD
:10410000A3F80550A3F8074012F0B5FE04B070BD47
:1041100098F4030030B585B005460C4601A8064961
:10412000FDF788F928B9029B01A81D715C7112F096
:10413000A2FE05B030BD00BF90F4030010B50F4CD7
:1041400088B0206008F008FD2168684615F0C8FBBB
:104150006846F9F7E7FD044660B90A20084A0949AC
:1041600008F0F4F9044628B908F04EF80CF0DCFA2F
:10417000FEF790FE204608B010BD00BF6822002068
:10418000CB980300BDE1030070B58EB00EF06CF863
:10419000002302AD29460DF107008DF80E308DF891
:1041A0000730F4F753FD00286BD1284615F09FF92E
:1041B000002866D0302864D09DF80730012B17D135
:1041C00072238DF80E30F2F77BFBCDE90601030C6C
:1041D0008DF81230BDF81D30ADF81000ADF8133079
:1041E0009DF81F308DF8153049238DF816300AE000
:1041F00049238DF80E3095E80300ADF81410090C32
:1042000004908DF816109DF80E3013F0280F07D18A
:10421000DDE90401ADF80C10090C02908DF80E10C8
:10422000274E33681869002830D133685A690AB9B3
:10423000244A126824490A609A690AB9234A126812
:1042400023490A6093F82220D20727D404A815F046
:104250009FFB0446F8B9316806A815F041FB06A893
:10426000F4F794FC0446B0B9BDF92E0015F00CF932
:1042700015F093FB2846FDF78FFB164808F060F910
:1042800009E09DF80E3019079DD5B4E714F052FAF5
:1042900004460028C9D020460EB070BD93F82320F4
:1042A00000234FF0FF3006A9CDE906338DF81A2020
:1042B00015F05FFC0028C9D040F20C44EBE700BFCA
:1042C0006822002068F003004422002064F003000C
:1042D00040220020654302002DE9F041114812F010
:1042E000BFFDE8B919F06AFF05460E460D4F07F10C
:1042F0000C082846314615F0B4F807F0C1FF044613
:10430000384612F0A9FD10B9404616F08CFEFDF7B4
:104310006FF908B9002CECD1BDE8F04115F096BA60
:10432000BDE8F0817822002008B5054B1B782BB939
:1043300015F014FBB0FA80F0400908BD0020FCE73E
:10434000F2280020012310B5044C2370044B1B6895
:1043500003B198470023237010BD00BFF22800204E
:104360004022002050EA010337B504460D4604D12F
:1043700003B0BDE83040FFF7E5BFB1F1FF3F08BF34
:10438000B0F1FF3F13D019F019FF221845EB0103DC
:1043900008490948C1E9002300239D420CBF21467A
:1043A0004FF0FF31CDE90033044A1AF05CFA03B054
:1043B00030BD00BF700B002048220020C143020026
:1043C000D3B51AF011F9044619F0F8FE0B46104A5D
:1043D000D2E90067B04273EB070107D3FFF7B2FFE2
:1043E000204602B0BDE8D0401AF0F9B8D2E9006723
:1043F0000022311A67EB03039342CDE900221346F2
:1044000018BF4FF0FF31034A03481AF02CFAE7E7D0
:10441000700B0020C1430200482200200023044A00
:1044200052E8000F42E800310029F9D1FAF7BABD8D
:104430006C220020054A52E8003F034342E8003165
:104440000029F8D1024B1B68184700BF6C220020DE
:104450004422002037B51C68E10705D514F0F4FFAD
:104460001649174816F0D5FCA20723D5FEF7F6FB30
:10447000D0B9144D01901AF0B7F80446284616F04A
:10448000F0FD019020461AF0AAF8019890B1437906
:104490009B070CD401A8022116F0C5FE0198FEF777
:1044A000CDFB15F0A1F9E6E715F09EF9DEE7FEF782
:1044B000B9FBF6E7002003B030BD00BFFC2B0020A5
:1044C000A82100207022002008B5054807F0A8FEAA
:1044D000044B01211870BDE8084007F0B1BE00BFD1
:1044E0000C2C0020F328002038B5044648B11AF0FF
:1044F0007BF805462146084816F07CFE28461AF04F
:104500006EF8064B022193F9000007F099FEBDE812
:104510003840FFF717BF00BF70220020F3280020AB
:104520002DE9F0410A4B0B4F04460E4638681968D6
:104530001546F0F779FA40B933462A46386844F40C
:104540008021BDE8F041F0F791BCBDE8F08100BFEB
:10455000742B0020942B00202DE9F0410A4B0B4FC7
:1045600004460E46386819681546F0F75DFA40B9FA
:1045700033462A46386844F48021BDE8F041F0F71C
:1045800021BBBDE8F08100BF742B0020942B0020DC
:1045900038B5084D084B044619682868F0F744FA06
:1045A00030B9286844F48021BDE83840F0F7A2BC57
:1045B00038BD00BF942B0020742B00202DE9F04360
:1045C000134B0E461968134B05468DB018681746F5
:1045D000F0F72AFA80B933460A222846009702A942
:1045E0000CF0EEFC4FF0000804460DF108094445BC
:1045F00005D1002CEFD120460DB0BDE8F083284650
:1046000059F8041BF0F776FC08F10108EFE700BF4A
:10461000742B0020942B0020F8B50B4B0B4F064653
:104620000C4638681968F0F7FFF9054648B9E243C7
:1046300016FA82F2386842F4802246F48021FFF7AD
:10464000BDFF2846F8BD00BF742B0020942B00202E
:10465000F8B50E46074630B329B300F03FF80446DC
:10466000F8B9124D01461822284616F06DF920239C
:104670002B7033692E616B607369AB6008F098FA38
:10468000FCF786FEBE6A002E08BF4FF480763046E7
:10469000FCF794FE044620B9054B28461E60FCF743
:1046A000B5FE2046F8BD2124FBE700BF782200209C
:1046B00074220020014812F095BB00BF7822002030
:1046C00010B5054812F0A6FB044618B900F018F81A
:1046D00016F0CAFF204610BD78220020074BDA6989
:1046E000D20407D51B6A40F2044013F0010F18BF33
:1046F0000020704740F20440704700BF0080E00F88
:1047000030B5002485B002A8F2F7C4F801A8BDF8BE
:10471000085001940DF099FD00B101940F48019CDF
:1047200012F0FCFBB8B100234371C3714372837272
:10473000C3726FF04F030A2283743E230271C37465
:10474000012272238271037502226FF01603027236
:10475000C4600582437505B030BD00BFA0F40300FE
:104760001046044A1368591E033102D80021116013
:10477000184770471C2C0020034B1868034B002877
:1047800008BF1846704700BF9022002050F5030074
:10479000014815F061BB00BF9822002013B50B4CF7
:1047A0000229226005D10A4815F056FB002002B00C
:1047B00010BD0A4600930146064B054815F02EFB36
:1047C000003818BF01204000F1E700BF1C2C00207A
:1047D0009822002061470200014815F04EBB00BF3F
:1047E000982200200021014815F069BB9822002082
:1047F00008B5064B1B68013305D0FFF7EDFF80F0CD
:104800000100C0B208BD0020FCE700BF1C2C002046
:10481000F0B50D4604468BB018B9002420460BB005
:10482000F0BD1A4E3768002FF7D12022394602A872
:1048300016F08AF8236801A80193154B1B88ADF880
:104840001430144B1B68079300F0BEF80446002890
:10485000E3D0306000F0DEF82046394615F0A3F9C9
:10486000204615F0F3F838B10020306000F0D2F89F
:10487000204615F0E6F8D0E7204600F041FA00287F
:10488000F2D1002DCAD02046A847C7E794220020C5
:1048900084F5030088F50300024B1868003818BF40
:1048A000012070479422002038B50C4601F07CFFAF
:1048B000A3780B4A13705A1E55425541A8420CD09A
:1048C000012B04D02846BDE8384001F04FBF2046F8
:1048D00001F01EFF0028F5D038BD0020FCE700BF26
:1048E000F4280020002108B5024B08465B68984771
:1048F000002008BD302C002010B5FFF73DFF0D4B08
:104900000C461A1A534253418B4201D1002010BD6C
:10491000094B1B683BB9094A064B002C08BF1346DC
:10492000074A1360F2E715F0D1FB0028F3D002200C
:10493000EDE700BF28F503009422002050F50300A6
:1049400090220020431E033306D8044B984228BF10
:104950001846642838BF6420704700BF40420F00EB
:1049600038B505460C4641B10B6833B11B680133BD
:1049700003D0CB680BB18B684BB902F0E5FE002089
:104980004FF4C172412100F0EFF9212038BD0846F3
:1049900002F04AFF00230A4A85F83031C5E937435F
:1049A000C2E9003363694BB1064A422110684FF4F3
:1049B000D272C31A5842584100F0D6F90020E5E7F8
:1049C000202B002044250020F8B5044619F003FEF2
:1049D000002607460E4B1B6893B19E68AEB196F851
:1049E0002420D20711D435460FCC0FC50FCC0FC5EC
:1049F00023682B6096F8243043F0010386F82430B6
:104A0000384619F0E3FD3046F8BD1B68E4E700BF07
:104A1000242C002010B5044618B9054B054A136034
:104A200010BD00F043FED4F8E830002BF6D1F4E7D7
:104A30002B9A0300202C002008B502460868FFF7D7
:104A400081FF08604868FFF77DFF48608868FFF7CE
:104A500079FF8860C868FFF775FF0B69C860581C4C
:104A600003D00B48834228BF03460B614B69581C97
:104A700003D00748834228BF034688694B61FFF78C
:104A800061FFBDE808408861104601F0C1BD00BF6C
:104A900040420F00D0F8E0302DE9F04105460C46C9
:104AA00013B1838D8B424CD0D5F8DC30002B4BD02A
:104AB0009E68002E48D0D868002845D0013800B242
:104AC00000281ADB002106E0128A591CA24217D2E4
:104AD00009B2884211DB0B1803EBD3735B1003EBB5
:104AE000C30206EB8202B2F80EC003F1FF3EA445FA
:104AF000EAD90FFA8EF08842EDDA2120BDE8F08184
:104B00004FF6FF7299B29142F7D09BB203EBC30309
:104B100006EB83062846B6F9122095F82411D5F83D
:104B2000F080F1F7E5FE0746B8F1000F04D000234E
:104B3000324628461946C047AC85C5F8E06085F87E
:104B40002D710020BDE8F0810E20BDE8F08100BF8E
:104B50002DE9F04782B004460F46164601F084FF67
:104B6000002864D1444D2B68D4F8DC90D4F8E08060
:104B70000BB14B455FD04FF0000AAF6001F0C8FFAA
:104B80000128074604D001210022084600F0D6FD86
:104B90002B68D9F80010D8F8002013B118688842A3
:104BA00054D0204615F0AEFBC5E90098D4F8F0507B
:104BB0008DF80760002D50D00022204611460DF1DF
:104BC0000703A847204601F05DF90546BAF1000F3A
:104BD00010D07EB9D4F8883013BB012F06D0002D39
:104BE00047D0264B002103205B689847284602B037
:104BF000BDE8F087B5FA85F040F2FA42332140096A
:104C000000F0B2F83146204601F072FB1C4B05461D
:104C10001B68414620469847D4F88830002BDCD0EA
:104C200000224FF40073204600F050FDD5E700232A
:104C3000114D6B6097E76B68002B9CD043459AD170
:104C4000AB689F4215D04FF0010A96E7696811B131
:104C500009689142A8D05968A3E794F8281094F8FD
:104C60002D313246994228BF1946204601F05CF8A2
:104C7000A8E70025BAE700BF202B0020302C002039
:104C8000202C0020F8B50E46054619F0A4FC31464C
:104C900007462846FFF7FEFE044620B1384619F0C5
:104CA00095FC2046F8BD01F0B7FE22463146284665
:104CB000FFF74EFF0446384619F088FC2046F8BD41
:104CC00013B50446694615F03EF8204615F026FA5D
:104CD000FF28024606D020469DF80010F1F786FE18
:104CE00002B010BD0048FBE70080FFFF0029034B26
:104CF00008BF0023C0F8F03000207047BD9B0300C0
:104D00004FF4007307B50A490DF10602ADF80630FD
:104D100015F050F8BDF80630B3F5007F05D1022834
:104D200008BF002003B05DF804FB2120FAE700BFB4
:104D3000B0220020024B1860024B1960FEE700BF52
:104D4000B0240020282C002038B5044D044C054B1D
:104D5000286021601A60FFF7EDFF38BDB024002005
:104D6000282C0020B424002010B550B90548064B6B
:104D70000160064802601868054B18601868FFF764
:104D8000E3FF10BD282C002094220020B424002032
:104D9000B0240020054B1B680BB9184670478342AE
:104DA00001D01B69F8E70120704700BFBC24002038
:104DB000094A13680BB918467047834207D11B692B
:104DC00001201360054A1368013B1360704703F12B
:104DD00010021B69EEE700BFBC240020B8240020AD
:104DE0002DE9F74F064619F0FFFBDFF82881012374
:104DF00098F800B0DFF820910190BBF1000F06D0C9
:104E000089F8003003B0BDE8F04F19F0E8BB3F4F20
:104E100088F8003089F800B015F09FF808B115F057
:104E20009AF83D683A495DB9DFF8F0A0DAF8002059
:104E30000024AA423B682FD84FF0FF3134483BE0B2
:104E40006B7D8BB12B68B34202D09A1B8A420BD97F
:104E50006A6813442B60AB68003A18BF0122003B1C
:104E600018BF01236A75AB752D69DCE7907D20B111
:104E7000107D88429CBF014614461269002AF5D174
:104E8000002CD9D0D4E90001A275411AD4E902322C
:104E9000204698470135C9E71A46FF21EEE75A7DBB
:104EA0004AB11A68B24224D0921B824221D8914260
:104EB00001D311461C461B69002BF0D15CB1204682
:104EC000FFF776FF38B13B683C602361DAF80030C9
:104ED0000133CAF800303B685A7D6AB915F039F8D9
:104EE000064699F80030002B94D1019888F80030DC
:104EF00088E71C460021DEE7186800F0D3F8044676
:104F000015F027F80646002C84D1EAE7BC240020DF
:104F1000FCFFFFBFF6280020F5280020B824002061
:104F200038B5054608B31822002115F00DFD19F01B
:104F30005BFB02462846FFF72DFF20B1104619F013
:104F40004EFB022038BD0A4B1C6854B909491D604C
:104F50000B68104601332C610B6019F040FB2046B2
:104F6000F0E704F110032469EFE72120EAE700BF2E
:104F7000BC240020B824002038B50446FFF70AFFFF
:104F800019F032FB05462046FFF704FF637D23B985
:104F9000284619F024FB0E2038BD00236375064B0C
:104FA0001B68A34203D114F0D4FFFFF719FF284672
:104FB00019F015FB0020EFE7BC2400202DE9F84F85
:104FC000DDF82890984604460D469246FFF7E2FE2B
:104FD000DDF830B019F008FB074614F0BAFF0646BA
:104FE0002046FFF7D7FE637D23B12046FFF7C4FFBD
:104FF0000023A375BAF1010F23D175B9B8F1000FE1
:1050000021D1B9F1000F03D05A4631462046C84796
:10501000384619F0E4FA002019E035440D4BAA1B7C
:105020009A4210D8012363759DF82C303046C4E9AC
:105030000058C4F808902375C4F80CB0FFF7D0FEF0
:10504000E6E7AE42EAD1384619F0C9FA2120BDE8B8
:10505000F88F00BFFCFFFFBF2DE9F04107468846EF
:10506000FFF798FE19F0C0FA3D68064614F071FF8C
:105070007B7D7BB185420DD0094B2C1A9C4209D80F
:10508000304619F0ACFAB8F1010F08BF25462846A2
:10509000BDE8F081304619F0A2FA0025F7E700BF1D
:1050A000FCFFFFBF0023024A194600F017BD00BFF6
:1050B0001D9F03000C232DE9F74F06460F461446AB
:1050C00000254FF00609DFF854801370EBB209FB9E
:1050D00003F3D8F80010CA185079012804D92378AE
:1050E0000C2B14D1212013E031F903B01179B2F95E
:1050F00002A030460022019114F0F4FE58B101994B
:105100002170B7F900305B4505DB534503DC002017
:1051100003B0BDE8F08F0135D8E700BF2C2C00208C
:10512000014914F01CBF00BF556D0200014914F085
:1051300016BF00BF296D020070B5164E0328044645
:105140000D4633781ED023FA04F202F00102AA427F
:105150001DD053B10122A240A54023EA02032B43F4
:10516000DBB233704BB1012070BD2DB10A4B012071
:105170001B6898473378EDE73570074B00201B68B4
:105180009847F0E79A07DED003F0FC03E9E7002038
:1051900070BD00BFF8280020FC240020F8B50546AB
:1051A0000C4619F018FA104F06463B7833B1012D22
:1051B00004D01CB90D4818F087FF3C7021462846E2
:1051C000FFF7BAFF0A4B04461B783BB93B782BB973
:1051D00015F0CDF810B1074B1B689847304619F011
:1051E000F5F92046F8BD00BFF9280020D0240020A2
:1051F000F8280020302C0020054A0B46117831B1E8
:1052000000211170034A0121526818781047704735
:10521000F9280020302C002038B5074D04462B78A3
:10522000834207D001F05EFC20462C70BDE8384078
:10523000F3F7CCBA38BD00BFF728002038B50446D4
:1052400080B119F0C8F901210446084618F0AAFBFC
:1052500001210B4A08460CF0B7FF2046BDE8384054
:1052600019F0B4B919F0B7F905462146012018F034
:1052700099FB01202146024A0CF0A6FF2846EDE7E3
:105280009EF503001B4B022910B5187002D00329AC
:1052900004D010BD184B1B78002BFAD1FFF7FCFA95
:1052A0000028F6D04FF00052144BC3F88020BFF313
:1052B0004F8FBFF36F8F01F0EDFB0028E9D001F0B5
:1052C00037FA0028E5D10E4B1C6834B123689847A3
:1052D000BDE81040002001F0F9BB14F09BFD094B24
:1052E000186019F044FB084B1860204601F0DAFB07
:1052F000EEE700BF912D0020F728002000E100E03C
:1053000020250020F8240020F424002038B504468D
:105310000D46FFF7C1FA80B14FF00052124B1A60F0
:1053200001F0B8FB48B9012D07D8012001F0CEFBF0
:105330000E4B1B6823B15B6898470D4B1C7038BD42
:1053400019F015FB0B4B1A68801A186018F074FFDF
:105350004FF47A72084B1B6802FB003014F05CFDBE
:10536000012001F09FFBE8E700E100E0202500209C
:10537000912D0020F4240020F8240020F0B585B001
:1053800019F029F9344D04462B7823B1334818F02D
:105390009BFE002852D118F02BFF02AA03A914F09B
:1053A000D0FF0346002838D014F0DFFF029B98425C
:1053B0001CD100202A4B03991B682A4E9942307059
:1053C00020D90027C91A012324482B70264A3346C6
:1053D000CDE9007719F082FA002837D1234A1378F3
:1053E000D90701D53178F9B1204611E014F0BBFF9F
:1053F000029B984228D0002318461949194A096887
:10540000137003910121FFF797FE002320462B70B4
:1054100019F0DCF8002005B0F0BD20462B7019F023
:10542000D5F8212005B0F0BD03F0FE031370002B6A
:10543000DAD10F4B1B6898472046E9E7204619F060
:10544000C5F80E2005B0F0BD0220B3E703232046C7
:105450002F703370F3E700BFF9280020D02400201C
:10546000F0240020902D0020F9510200F82800209F
:10547000FC24002070B519F0AEF8184D04462B78C6
:1054800023BB174A17491370174B184A18481A605C
:10549000184A194E5A60F3F743F918491848F3F7B8
:1054A0003FF9184B80203360F0F74CFA052804BF11
:1054B000154B3360154B5B6F03F44073B3F5007FFE
:1054C00002BF0222124B1A6001232B70F3F78EFAEF
:1054D000204619F07BF8002070BD00BFFA2800209C
:1054E000F9280020A4F50300302C00207D53020091
:1054F000C02400209D510200FC240020ACF50300D4
:10550000C8240020195202003D5202000040005001
:10551000F024002037B50C46234D59B90A46012125
:1055200005F0C4FF214BEC645C6003B0BDE8304083
:1055300005F0DABF0122114605F0B8FF07221C4B27
:105540000121DA60237901A885F84C306379019351
:1055500015F04EF9019BC2B2D34000F00F0040EAB3
:10556000031085F84D00A27985F84E20E27985F880
:105570004F202068286501939BB1012102888B424E
:1055800008D82379013B13440A4A136205F0ACFFA3
:1055900003B030BD30F811500131AA4228BF2A466D
:1055A000EDE71A46EDE700BF003F00B04C3F00B00A
:1055B000006000B8004000B810B5054C237823B156
:1055C00003F028FC0020207010BD0E20FCE700BF77
:1055D000FC28002008B503F0EBFB0122014B002062
:1055E0001A7008BDFC280020431C07D06FF0FF0292
:1055F000034B10405A62A3F580535862704700BFB6
:1056000000E000B810B504234FF03A4101240A4AE3
:10561000D1F81801C2F81831C2F814314C634FF4B4
:1056200000511163410742BFC2F81431A2F5805204
:10563000C2F8183110BD00BF002000BAF8B504460A
:105640000F46164618F0C7FF0546A047044620B18E
:10565000284618F0BBFF2046F8BD05F0E7F8042205
:105660000549D1F8F03E23EA07033343C1F8F03E81
:10567000024B1A64ECE700BF003000B0002002B813
:1056800000F01803182B0AD003070AD440F20113C4
:1056900010F0100018BF1846034BD8677047002061
:1056A000FAE70120F8E700BF003F00B038B1036817
:1056B000044A002B08BF1346034A13607047014B8E
:1056C000FAE700BF1FA003003C2C002010B4D0E973
:1056D000524122400B4052EA030104D003495DF8D5
:1056E000044B096808475DF8044B70473C2C0020C8
:1056F0000F2938B505460C460ED801F009FA0128E5
:105700000CD1074A2846936E23F00F032343936678
:1057100014F04DFE002038BD2120FCE70220FAE7FE
:10572000003F00B0014BD86E704700BF003F00B093
:10573000014B0020D9667047003F00B003282DE9D7
:10574000F74F0C46914678D83D4B13F800A03D4BDF
:105750001E5C3D4B13F800B018F03DFF804604F08E
:1057600079FE074640B100230022CDE90033012035
:105770000023002104F09AFC04F074FE48B10023D9
:105780000022CDE90033002000234FF4004104F053
:105790008DFC002E44D02D4BDD6C05F008050AEB86
:1057A00006002B4B23305844DD64C0B202F074FB7A
:1057B0003146504605F098F85A463146504605F0B5
:1057C00021F9244BDD646FB1234B1868D0F8901099
:1057D000F83003F0E7F821490868FFF705FF4FF0BC
:1057E000FF330B60B9F1000F04D01D4B00210320E3
:1057F0005B689847B4B14FF480621A4B1D6F03F594
:105800000053C5F380251A67404618F0DFFE01F00B
:105810007FF9012808D15DB9002003B0BDE8F08F01
:105820003546BCE72546EFE7002CF0D10520F4E72C
:105830004FF480620C4B1A67EEE72120EDE700BFC2
:10584000BCF50300B8F50300B4F50300004000B850
:10585000006000B8005000B894220020382C0020CE
:10586000302C002000C001B800D001B80F4A136CE2
:1058700013F0A00F15D1506C10F0040013D10C4B95
:10588000D3F8F03E23F07F4323F0FF035BB1D368EE
:10589000C3F30362092A07D0B2F10C0018BF01203C
:1058A0007047002070470120704700BF000002B819
:1058B000003000B070B50D46064620B91A4B1B6883
:1058C000A3B10E2011E001F023F9012829D1174BD3
:1058D00093F90040C4F12704641BC4F11C03002B9E
:1058E000B8BF5B42232B0CDD212070BDA1F10B035F
:1058F000002BB8BF5B42232BF6DC0C4B1970002049
:10590000F3E786F8265018F066FE094AE402136AA7
:1059100004F4FF2423F4FF231C43146218F056FE02
:10592000EDE70220E1E700BF94220020FB280020E1
:1059300000C000B8094B08465A6A91020BD4D3F84C
:105940000021D20708D4D3F8803013F4706F14BF4D
:105950000120002070470120704700BF004001B8BF
:10596000F8B50D46D0F8903002EA010423EA0103AD
:105970002343C0F890303D4A01F00B0323EA0401B1
:10598000D1642340A2F580526F070646D36410D538
:105990000121FFF7CFFF60B104F048FF4FF400731F
:1059A00014F0040F14BF324A324A53620422324BBD
:1059B0001A64E90606D514F0100F14BF00221B224A
:1059C0002E4B5A652A061DD5230616D54FF4001214
:1059D000274B1A62012203F58053C3F8002118F007
:1059E000FAFD0E210746032002F064FF40F2012277
:1059F000224B3846DA6218F0E9FD214606F1F8003C
:105A000002F0D0FFEF0503D5E00529D502F040FFF5
:105A1000A90503D5A20526D502F046FF15F0600FB3
:105A200009D0D6F8E410304614F0FAFA8022144B6C
:105A30009867144B1A612B0510D504F0F7FE124A33
:105A400014F4006FD2F8F03E14BF43F0006323F06B
:105A50000063C2F8F03E0422074B1A640020F8BD30
:105A600002F010FFD4E702F019FFD7E7006000B89A
:105A7000005001B8006001B8002002B8004000B832
:105A8000003F00B0000002B8003000B0014B1868C1
:105A9000704700BF1025002037B518F09CFD00248A
:105AA00001230022CDE900340023054619461046A3
:105AB00004F0FCFA022002F0B9FA064B21461C6001
:105AC000054B02205B689847284618F07FFD20466A
:105AD00003B030BD18250020302C00202DE9FF41F7
:105AE00002290D4616469846039004D1FFF7D4FFCD
:105AF00004B0BDE8F08118F06EFD1E4F04463B680F
:105B00003BB1B34205D018F061FD002321203B607A
:105B1000EEE7194B0022C3F800803E600023012607
:105B20004FF0000810461946CDE9006604F0BEFAB1
:105B3000124B022083F8008002F078FA43462A468E
:105B4000022003A902F090FA0D4B039A1A6008B9DB
:105B50002046D8E70B4D2B689847212804D02046D3
:105B600018F034FD0020C3E731466B6802209847E7
:105B7000F5E700BF1825002014250020FE2800208E
:105B800010250020302C0020044B5B6E5B054EBFBF
:105B90000120034B187800F00100704700C001B8E5
:105BA000FE28002090F825305A1F012A01D9082B21
:105BB00005D14B7C2BB1012B05D0022B05D014F065
:105BC00088BA03487047034870470348704700BFCE
:105BD00020A1070048E8010040420F000A78022A8D
:105BE00011D0101F4242424152004B781201022B49
:105BF0000BD0191F4B424B415B000549054842EA57
:105C00008312FFF71BBD0122EFE70123F5E700BF79
:105C1000F0FFFF00596B02000B78022B10D0181F09
:105C2000434243415B004A78022A0BD0111F4A428B
:105C30004A4152000F21044843EA8202FFF7FEBCAA
:105C40000123F0E70122F5E7856B02002DE9F84317
:105C50000E780446042E0D4690F824810BD10027BF
:105C60005FFA87F9484601F04DFE08B14E4602E062
:105C70000137042FF4D1304601F044FE002849D00A
:105C800094F82431B34209D1AA88D4F8A4309A42B6
:105C900004D16A88B4F826319A4238D084F8246155
:105CA000AB883046A4F828316B88A4F82631AB883D
:105CB00004F59275C4F8A430FF2384F8293014F059
:105CC00014FC84F82800284601F0DCFD18BB2846A7
:105CD00001F00EFEF8B9D4F8E03053B194F8241175
:105CE000414506D02046B3F91220F0F701FE84F8B2
:105CF0002D01204601F04AFE0949A4F8280101239C
:105D0000084AD1F8FC1004F1F80003F0A5FF0020C8
:105D1000BDE8F88321200C2384F82431F8E700BF84
:105D2000004F00B0A43F00B070B5054690F82401C4
:105D30000C460C281FD0FF2901D1212070BD1AB1BB
:105D40004FF0FF320D4B1A6014F0CFFB064695F86A
:105D5000240101F00DFE844228BF0446E4B2B4429F
:105D600038BF3446E0B285F8290001F00BFFFF2868
:105D7000E3D00020E2E70220E0E700BF402C002053
:105D800010B590F8243104460C2B44D0D0F8E03004
:105D900080F82810DBB3D0F8F020D2B990F82D317C
:105DA0008B421CD300222046FFF7BEFF48BB1B4B93
:105DB0001B7813F0FD0F23D1204601F0E7FD1849B1
:105DC0000123184AD1F8FC1004F1F80003F044FF55
:105DD00016E0B0F94020B3F912309A42E2DD002219
:105DE000204694F82D11FFF79FFF50B9C4F8E0004A
:105DF000204613F08CFE4FF6FF739842014601D106
:105E0000002010BD2046BDE81040FEF73BBFFF2339
:105E100080F82930F4E70220F3E700BF722D00205C
:105E2000004F00B0A43F00B0F0B51D46144B04462F
:105E30001B780F46164685B05BB1D0F8E030E3B171
:105E400002AAB3F91230009200220BF016FB05B043
:105E5000F0BD02A913F077FF9DF808103A462046DE
:105E6000F0F746FD014626B92A462046FFF75CFFBB
:105E7000EDE72046FFF784FFE9E71846E7E700BFB4
:105E8000C2EE0300D0F89830012B01D100207047FA
:105E900070B5054650498EB014F081FBD5F8E0602E
:105EA0000146AC8DC5F8E40026B1336813B15B68D8
:105EB000002B6BD118F08FFB18F088FB0123D5F86D
:105EC000E4108DF80E30B389D6E90120E31A9BB2B5
:105ED00000FB03224148ADF80C300368029299425E
:105EE00007D0284614F09CF880223D493D4B886736
:105EF0001A613D4C3B4E00F00BFE0128FBD1236C98
:105F0000D907F8D4336CDA01F5D4D5F8E410284673
:105F10000D919DF80E20029908AB03F049FB002873
:105F200031D100F0F5FD0128FBD12E4A2E49136C2A
:105F3000DB01FCD40B6CDE07F9D408A901A803F03F
:105F400059FD00BBAA8D294B5A6495F8243060F3A3
:105F5000410385F8243014F04EFAD5F8E0300246BB
:105F60005B691968431EDBB2FD2B049114D9CC1C6C
:105F700012D91F4B01311B6815D0D81C10D82846E8
:105F800004A904930AE002200EB070BD1A68032A27
:105F900090D99B6A5B0E94E7284604A914F013FA83
:105FA00000200EB070BDD91C04D8284604A9049363
:105FB00014F009FAD5F84C319B0506D495F8243035
:105FC00043F0020385F82430EAE728464FF4803195
:105FD00013F0BDFEE4E700BFFC4F00B00425002035
:105FE000003F00B0000002B800C002B8008001B855
:105FF0004C2C002038B590F830510446002D37D095
:1060000018F0E9FA1F221B4B013D5A621540A3F517
:1060100080535D62D4F83421A3F580539A66D4F896
:106020003821DA66D3F80031DB071AD5D4F8E4302A
:10603000DBB11A68122A18D9196D4FF0FF332029E5
:106040000A4628BF202219B1C2F120029340DB4347
:10605000084AC2F80431D4F89C201340064AC2F81A
:106060000431BDE8384018F0B1BA4FF0FF33EFE724
:1060700038BD00BF006001B8005001B82DE9F84FED
:10608000074615460B4611B92120BDE8F88F002AB6
:10609000FAD0032905D8002201F0A4FA034600280B
:1060A000F2D01C889A78B4F5804F02F0070180F096
:1060B000CE80A1F1070C187993F805B0DE88DCF1E9
:1060C000000343EB0C0305292B7394BF0023C2F399
:1060D0000013C2F3801C6B73930985F810C003F0A2
:1060E0000203C2F3C00C43EA0C03C2F34012E8748B
:1060F0006B74AA74D7F89030AE82D80600F1938002
:106100000639012900F28F80B7F81290D7F81C8069
:1061100009F1FF394F4B083C04EA09045B6D18F89C
:1061200004300021802B0CBF6FF07F03323B04F161
:10613000010418BF5BB204EA0904AB73631D03EAF0
:1061400009035A1CA96002EA090218F8022018F88B
:10615000036097F825A046EA022636B2BAF1000F8E
:106160005FD1F10456D5D7F8E43013B11B68022B88
:1061700005D841F2D3724C210020FEF7F5FDD7F887
:10618000E420C6F30B0392F82420DB000AB1B3FB32
:10619000F2F39B4508D83BB1CBEB0B2BBBFBF3FBDE
:1061A0006FEA0B0B5FFA8BFAD7F8EC3023B150464D
:1061B00095F90E1098478246013485F80FA004EA3D
:1061C000090418F80410013404EA090418F804302A
:1061D000013404EA090441EA032118F804300134C7
:1061E00004EA090441EA034118F8043041EA036172
:1061F00016F4804305D0184BDB6EB3FA83F35B09CA
:106200005B0038466A7C03F0EFFD06232860AB7123
:1062100000203AE718F804A04FEA4A0A5FFA8AFA1F
:10622000C2E78A46C8E700230020EB730B4BDA690C
:10623000C2F30723120448BF63F0FF035AB212F1FE
:10624000800F1CBF323B5AB2AA730346DEE702201E
:106250001BE700BF004000B8003F00B000C000B81E
:10626000F8B507460D4614468BB1FFF7CBF9294622
:106270003846BE8A00F06AFEB44228BF3446A4B253
:1062800022462946044800F07DFF2046F8BD13F061
:106290008EFF0646F0E700BF0C0000BA70B54FF065
:1062A0003A434FF480640A4DD3F818610020C5F8D2
:1062B0001841C5F8144104F07DFB4FF400532B67DF
:1062C000730542BF034BC5F81441C3F8184170BDB4
:1062D000002000BA001000BA082310B1024A13646B
:1062E0007047024AFBE700BF001002B8002002B866
:1062F000F8B504460E4619B990F824305A0647D42A
:106300004FF6FF73218ED4F8E470994204D0354BD8
:106310001B680BB120469847334D2B68BB4255D0C4
:10632000324B1B683BB11FB13A68002A50D0BF689E
:106330003946204698470727204601F027FB002EC4
:106340003AD005F0D1F80620294B94F9262093F98C
:1063500000302849C3F127039B1A0A6ADB0222F4A2
:10636000FF2203F4FF2313430B62D4F8E420224BF3
:106370002A60986701F06EFC002501211F4A204B1E
:106380001170204683F8845014F011F82846F8BDA7
:106390004FF6FF71144DD0F8E4702A6866F3861347
:1063A0009742018680F8243017D0104B1B68002BD1
:1063B000B9D101F0EBFA072712493B46124AD1F84E
:1063C000FC1004F1F80003F047FCBAE70127B3E73B
:1063D0001746204639469847ADE701F0D7FA01271E
:1063E000EAE700BF0C250020042500200825002036
:1063F000FB28002000C000B8006000B8FD28002085
:10640000003F00B0004F00B0A43F00B0054A126842
:106410001AB190F81E1119B91047084602F05CBA7B
:10642000014870470025002000FEFFFF334B2DE997
:10643000F7431C6801F4007900F00103174653EAA2
:10644000090206460D4632D04FF0000823B3002360
:10645000002201200021CDE9008803F027FE4146FB
:106460002046FFF7D3FF01224146E085104613F096
:1064700028FBD4F8901004F1F80002F093FA2049B8
:106480000868FFF7B1F84FF0FF330B6094F8243041
:1064900043F0040384F82430B9F1000F07D0012140
:1064A000204613F054FC25F4007506430D432B469B
:1064B00032462046FFF70AF9FB070FD51149124A69
:1064C00008680021136811600121104A117003B19E
:1064D00098470F4B002102205B68984717F00E0F7A
:1064E00008D04FF409723B21002003B0BDE8F0430F
:1064F000FEF73ABC03B0BDE8F08300BF9422002051
:10650000382C00201425002018250020FE2800200B
:10651000302C002008B558220021064814F014FA47
:106520001022FF21044814F00FFA04F0DDFF0020D0
:1065300008BD00BFF43E00B0383F00B073B5742111
:106540000C236D22A0F81411822180F824314FF61B
:10655000FF734FF0FF35C0E941120026C0F800215B
:1065600064220446838580F82A301E4BC0E943220A
:10657000C36300F1480343641B4B80F82660C0E905
:106580000C35C0F8A450058503F074FF2046FFF7D2
:10659000C1FF94F926102046FFF78CF96023134AB7
:1065A00040F6FF71D3644FF03A4211631167104A0D
:1065B0002946D36440220F4B20461A64D4F8902019
:1065C000FFF7CEF90E230022CDE9003340F202237B
:1065D0001046194603F06AFD01F0A8F9304602B0F2
:1065E00070BD00BF0700FFFFFFFF4000004000B884
:1065F000005000B8002002B8044BD3F8F03E13F06E
:10660000806F14BF23200020704700BF003000B00F
:106610000246F8B5B0F8284100F1F805FFF7ECFFA5
:106620000B688E68013304BFD2F800310B604B68F1
:10663000013304BFD2F80C314B60771C3BD1D2F848
:106640000831CF688B607E1C3CD1D2F804610F69A1
:10665000CE60013704BFD2F8F8700F614F6901377F
:1066600004BFD2F8FC704F618F69013704BFD2F8C4
:1066700010718F618F6967BBC0F1640408688C6119
:1066800010B16D2838BF6D20C2F808314B68C2E9DF
:106690004006C2E943340B692846C2F8F8304B691A
:1066A0000F49C2F8FC30D1F8FC1007230D4A03F063
:1066B000D3FA0020F8BD04F16D031B1AB34238BFB2
:1066C0003346BEE704F17406361ABE4238BF3E4672
:1066D000BDE76D34241ABC4238BF3C46CEE700BF4C
:1066E000004F00B0A43F00B038B50446074D214626
:1066F0002868621C003818BF012002F021FB2B68BB
:106700000020003B18BF0123A37038BD1C250020CA
:1067100038B5054C054B417800782568236002F0B8
:1067200051FA00B1256038BD1C250020C8F50300D2
:1067300070B517F050FF05460B4E00F0E9F901283F
:1067400005D0284617F042FF0224204670BDF368AA
:1067500013F0706FF1D1F46814F08054EDD1284635
:1067600017F034FFF1E700BF000002B80A4B10B584
:106770001B68044673B1094B48B10121084A1A60ED
:10678000022003F0A3F90020064B1C7010BD014647
:106790001860F5E70220F9E71C25002020250020DD
:1067A000C0F50300FF280020014B1878704700BF98
:1067B000FF28002038B517F00EFF4FF6FF710A4A88
:1067C00013888B4203D117F001FF0E2038BD074C10
:1067D000074D1B046566A4F580546366118017F0AD
:1067E000F5FE0020F2E700BF702D0020006001B828
:1067F0000000FFFF2DE9F74304460F4615461E46ED
:10680000FFF734F838B3A38A2BB3204613F0E8FA25
:1068100078B9744BD3F8F02E1EB10E2003B0BDE84A
:10682000F08302F03003102BF7D002F0C002402AB0
:10683000F3D0DFF8E08103F035F9D8F81430DE0743
:10684000EBD517F0C8FE0646032001F0EDFC20B1A1
:10685000304617F0BBFE0220E0E7D8F8142012F013
:106860000608F5D1304617F0B1FE5E4B4FF40061DB
:106870002046D3F8F09ED3F8D06E04F02BFE40B142
:106880004FF400720121584B08461A64424613F037
:1068900018F939462046FEF7F5F9524BC3F8F09E39
:1068A000C3F8D06E0028B9D194F82430980601D4EA
:1068B000002D57D0C5F3400003F07EFF022315F4EE
:1068C000807F1FBF494A002113644FF03A420BBF3B
:1068D000454A91611364536303F0A8FF4FF480634A
:1068E00015F0040F14BF424A424A15F0400F53629C
:1068F0004FF004023C4B28461A644FF0400314BF8B
:106900003D4A3E4AC2F88830FEF7BAFE204613F0F0
:106910000DFC38B14FF4807315F0010F14BF334AEA
:10692000314A1364A90647D54FF6FF72E38F9342AD
:106930000FD0334A3349526E100CC2F301120132A8
:10694000B3FBF2F308802A4A2A492F481B04486601
:106950005366003D18BF012594F8243065F34513B4
:1069600084F82430204613F01FFDF0B1204613F0C8
:10697000DDFBD0B14FF40031204604F0ABFD431CE9
:1069800003229BB2214801A913F075FD9DF8042054
:1069900002F00703052B9DF8053016D112070ED41F
:1069A00043F480731A4AC2F8D83040F2366003B01C
:1069B000BDE8F04300F016BFFFF7FCFEC9E713F097
:1069C000040F09D19DF80630EAE703F03002202ACF
:1069D00005D113F0010FF4E74FF48073E2E79DF85F
:1069E0000630DFE7003000B0002002B8001002B827
:1069F000005001B8006001B800D000B800E000B855
:106A0000004001B8702D00200000FFFF0C0000BA0C
:106A1000003E00B000C001B808B50F4BD3F84C21C0
:106A2000531C17D012F0804214D10C4B1B78012B51
:106A300010D9082B0ED00A4B1B681BB1114603203E
:106A4000FEF77CFE4FF08062064BDA6401225A6149
:106A500002229A6208BD00BF0080E00F922D002044
:106A600094220020001002B84FF40022034B186C4F
:106A700003F500531A64C0F3C0407047000002B829
:106A8000024B034A00201A60704700BF082500200F
:106A900015550200024B586900F00100704700BF15
:106AA00000C001B8084B5A69D10707D508B901F0F1
:106AB00099BA5B69DA0706D401F086BA5B69DB072D
:106AC00001D40028F8D1704700C001B84FF08063AE
:106AD00010B1024A53617047014AFBE7001002B847
:106AE000002002B8202350B1064AC2F8F433064B06
:106AF000196C11F0010104D1032002F0E7BF034A31
:106B0000F3E77047001002B800C002B8002002B8D6
:106B10000F4BDB68C3F30363013B0B2B0FD8DFE89C
:106B200003F006060C06060606080A0808080220F6
:106B30007047042070470520704703207047054BBD
:106B40005B6913F0060F0CBF01200420704700BFE3
:106B5000000002B800C001B8094AD368C3F3036358
:106B60000B2B08D06FF49050184100F0010080F01A
:106B7000010040007047106C10F48030EDD1704778
:106B8000000002B80C4AD368C3F30363062B07D88E
:106B9000042BD8B20BD8C31E58425841400070474E
:106BA000072B06D1D2F844010028ECD1704702200F
:106BB00070470020704700BF000002B8094BDB6837
:106BC000C3F303639A1E012A8CBF00220122012B0A
:106BD00002701EBF4FF4026222FA03F303F00103B6
:106BE0000B707047000002B8F0B5CF072CD5002A13
:106BF00014BFAA2555250E461E24154F01F0030388
:106C000083F001033B449B7806F0070C17F80CC097
:106C1000013C63444FEA5606F6D10E4E73436FF4BF
:106C200081769B0C33448AB991FAA1F195FAA5F5C6
:106C30004A082D0F490042EAC57201F0020480F8AB
:106C40002740C0E92723F0BDAA25D4E7024AF6E78A
:106C5000E0F5030036FC1000B756351230B547F6A4
:106C6000FE74174BC3F83042D0F8A05004EA450434
:106C7000144DC5F830420F245C66CC071ED5EAB926
:106C800001246C664FF0FF34C3F80441D0F89C50E7
:106C90000C4CC4F804514FF0F045C3F8105190F873
:106CA0002730DB062B40C4F8103132B1436C02228E
:106CB00019604FF03A43C3F8F42030BD0224E0E7F6
:106CC000006001B8005001B813B590F825300446B3
:106CD000033BDBB2072B96BF104A0021D15CFEF7C5
:106CE00027FD012001F0E4F84FF4F0620C4BDA6468
:106CF0004FF40072A3F58053DA6494F82530053B15
:106D0000012B08D80421074B01229B6E0DEB0100DB
:106D1000019300F0FDFA02B010BD00BFD8F50300EA
:106D2000006000B8004001B8012310B580F81631AA
:106D30002823C0F8FC300423044680F82530044B97
:106D4000196812F0C0FE2046FFF7BEFF002010BDFC
:106D500024F60300012310B580F816312823C0F86B
:106D6000FC300223044680F82530044B196812F0E9
:106D7000AAFE2046FFF7A8FF002010BD28F603005A
:106D8000012910B5044604D90239012915D90E206C
:106D900012E00C4B19680523012284F816214FF4E8
:106DA000BC7284F82530C4F8FC20204612F08BFE1B
:106DB0002046FFF789FF002010BD034B196806230A
:106DC000EAE700BF20F603001CF60300012310B51C
:106DD00080F816314FF4BC73C0F8FC300823044629
:106DE00080F82530044B196812F06DFE2046FFF73D
:106DF0006BFF002010BD00BF18F6030038B5184B1C
:106E000004461D6845B1EB6833B1286801F07EFC8B
:106E1000AB68186801F07AFC124B1B682BB1DA687A
:106E20001AB19B68186801F071FC0F4B1B682BB1FD
:106E3000DA681AB19B68186801F068FC0B4B1B6894
:106E40002BB1DA681AB19B68186801F05FFC204624
:106E5000FFF780FF2046BDE83840FFF735BF00BF91
:106E600028F6030024F6030020F603001CF60300B6
:106E7000F8B5D0F8343104468B420D46164603D19E
:106E800090F83031202B0ED0324629462046FFF7AD
:106E9000ABFE202384F830310023C4F83451C4F809
:106EA0003831FFF7A7F84FF00077074B32461F64E1
:106EB00029462046FFF7D2FE8022044B1A6103F5D3
:106EC00000531F64F8BD00BF001002B8000002B8F4
:106ED00010B50724144BDC6331B94FF48041A3F59E
:106EE0008053C3F8041115E04421104B5963104935
:106EF000096891F8251007291CBF40F040009863ED
:106F000001230C484FF48041C363074B002AE8D0AB
:106F1000C0F804114FF48042C3F80821C3F80C21D3
:106F2000C3F8102110BD00BF006000B8004000B8D9
:106F300094220020005000B8034BD3F8F80780F0EB
:106F40000070C0F340607047000002B810B590F8C0
:106F50002500A0B1304BD3F8BC2012F0060F01D0B1
:106F600004280DD94FF470622C4BDA604FF4807214
:106F7000A3F58053DA600022274BC3F8B82010BD78
:106F800002F0020412F0040202D00B789B0637D400
:106F9000002C39D00B7803F00F03072B34D14B783A
:106FA000022B31D98B7813F03E0F2DD0CC7814F012
:106FB000040F29D014F0010F0CBF04230A23A407E7
:106FC00048BF0633CB5CFBB1002A14BF022201226A
:106FD000042840F6FF7003F01F0108BF4900013983
:106FE00040EA01310E4801654FF470600B4912020E
:106FF000C860A1F58051CA60074AC2F8B830BEE740
:10700000002CC7D18B7823B90023054A13650122D0
:10701000EAE70222DCE700BF003E00B0006000B8F3
:10702000004000B80A68064B12F0802F1CBF42F2E5
:107030000101C3F82812C3F88822C3F88C227047D4
:10704000004001B8F0B585B06C460E460B4B0746C4
:1070500015460FCB84E80F00094BD3F84822009265
:1070600026B16B1EDBB2FD2B88BF32602A4621465B
:10707000384613F0A8F905B0F0BD00BFE8F50300ED
:107080000080E00F30B50823054685B080B9094A75
:10709000C2F8FC3351B96C46074B0FCB84E80F00A4
:1070A000064B2A4621461868FFF7CCFF05B030BDD5
:1070B000034AEDE7001002B8F8F50300942200201F
:1070C000002002B84FF03A43D3F81421D2031ED562
:1070D0004FF480320E49C1F81421A1F58051C1F856
:1070E00018215A6DD1B2C2F30722C3F8A410C3F815
:1070F000A4200422C3F8A4200022C3F8A420C3F8CB
:10710000A420C3F8A420C3F8A420C3F8A420704787
:10711000002000BAF0220B4B01219A64A022A3F5B3
:1071200080539A644FF03A43426CC3F8F410FC2148
:10713000C3F8CC10C3F8D0204FF40052C3F8F020AD
:10714000704700BF006000B8F8B50D464FF03A44F4
:107150001746064617F03FFA01230421074A6363E6
:10716000E76026616561C2F81411054AC2F88431EE
:1071700017F02CFA0DB102236363F8BD002000BAAA
:1071800000E100E02DE9F04105460124006800F02F
:107190000700063004FA00F3A868EC685E1EA042FF
:1071A00062D000EA060E6C6810441E430640A3EB52
:1071B0000E000EEB040C8242644618D9D31A0EEB73
:1071C000030298B1431E052B04D94B1CACEB0303FF
:1071D000022B59D80B460844ACEB010E03EB0E0111
:1071E00013F8014B83420C70F8D101466C688AB1E8
:1071F000531E052B01F1010302D9E01A022812D80F
:107200000A44611E00E0013313F8010C934201F8B7
:10721000010FF8D117F0DFF90223AE60AB62BDE8D1
:10722000F04117F0D3B90B46204622F0030E8E44EE
:1072300053F804CB734540F804CBF9D122F0030393
:10724000D01A920701EB030C04EB0307E2D0CA5CEF
:107250000128E254DED09CF8013002287B70D9D09E
:107260009CF80230BB70D5E7042A35D90878043A77
:10727000A86148780431A86111F8020CA86111F8DE
:10728000010CA861A8688CE70B4620F003070F44A7
:10729000ACEB010E1C684EF803400433BB42F9D13D
:1072A00020F0030310F0030F01EB030EA0EB030427
:1072B0000CEB030728D011F80380012C0CF8038095
:1072C00022D09EF80130022C7B7018BF9EF802304D
:1072D000084418BFBB7088E7013A032A12D8DFE8D8
:1072E00002F00F1507020B4613F8012B1946AA618D
:1072F0000A4612F8013BAB61114611F8013BAB6144
:107300000B78AB61BDE8F08108446EE70A46F3E70D
:1073100038B50B46154601464FF03A4468B1012294
:107320001048C4F8F4201A46FFF72CFF25B14FF09F
:107330003A430422C3F8F42038BD73B1D4F8D820FE
:107340009A4284BF0122C4F8F4204FF03A42C2F8B6
:10735000D4300223C2F8F430E8E70123C4F8F43053
:10736000E4E700BFCC0000BA38B5044617F033F9A3
:107370004FF03A420121238F054651674BB3B3FAD0
:1073800083F3C3F11903DBB2A069C2F8B410C2F8E9
:107390008C300723C2F89000C2F8B0304FF4A0231D
:1073A00002F50052C2F81431A2F58052C2F8183129
:1073B00000220C4B1A600C4B1B6C5B0209D54FF47E
:1073C00080020A4B04F1F8001A64D4F8901001F01E
:1073D000E9FA0023638707232846A387BDE83840DE
:1073E00017F0F4B824250020000002B8002002B8ED
:1073F0002DE9F84305460C46B1B1D0F81880078F47
:1074000017F0E9F8B5F83AC0791E01EA0C0323F049
:107410000702032C0646DFF8F8E042445ED1DEF8AE
:10742000004024B917F0D2F80E20BDE8F88324F00C
:107430000104DEF8000020F00100A04253D1002337
:10744000CEF80030238894426FEA43436FEA5343F7
:1074500023803ED1AB8F08EB07091846083880B26D
:1074600002F108044C4528BF4446082804D9B4F862
:1074700000E0BEF5804F40D263440F431B1A3B40EF
:107480009BB26B87A887947811884FF03A42C1F37A
:107490000C019165C2F89830C2F8B0004FF4802218
:1074A000174B04F00704C3F814210122154BC3F84D
:1074B0008421FFF707FE042C0BD14FF48002124BFE
:1074C00005F1F8001B6C114B1A64D5F8901001F00F
:1074D00069FA304617F07AF80020A6E7601E012806
:1074E00098BF1446A5E7A88F4344E31A48BFDB19A9
:1074F00008389842A6DC304694E72246AEE700BF43
:10750000002000BA00E100E0000002B8002002B84C
:1075100024250020154B10B519688A8F4B8F088FD2
:1075200013440138073B8C69034023F007031C44D4
:1075300002F108034FF03A429BB28B87C2F8B03099
:107540004FF480220A4BC3F814210122094BC3F8DF
:107550008421A07800F00700042803D1064AD368EC
:107560001B03FCD4054B1C6010BD00BF94220020FF
:10757000002000BA00E100E0000002B8242500204D
:1075800010B5064C216839B1CB0703D4044B1868F9
:10759000FFF72EFF0023236010BD00BF242500202D
:1075A000942200204FF480320C4B0D49C3F818216F
:1075B0004FF03A43C1F81421D3F8AC10D3F88C2023
:1075C000012302F0070206329340C1F30C01083B8D
:1075D000994201D8FFF776BD704700BF002000BA7E
:1075E000001000BA2DE9F04780460C461646876920
:1075F000058F16F0F0FFB8F83A2005F1FF3C02EADB
:107600000C0323F00701032C82463944B8F83C00F0
:1076100019D14A4C24689CB90244073A02EA0C0288
:1076200022F00702BC183B44E31A48BF5B198342AF
:1076300010DB504616F0CAFF00242046BDE8F08754
:1076400024F00104EFE7012C02D0022CEBD1083822
:107650000C46E8E7002E3FD08C4241D14FF03A4231
:10766000D2F858904FF03A41D1F8AC20B8F81270E7
:10767000C2F30C02934247DA2588B5F5804FD8D281
:10768000A378C5F30C0503F007037A1EA5EB0905E3
:107690003A43052B337005EA02052DD82DB2E84395
:1076A00040F241420421C00FFDF75EFB7580E37894
:1076B0003374D8F81C207B1E03EA0903D118B1608B
:1076C000A9B213FA85F5AF422FBF0023FF1AB78086
:1076D000F26024BFB180F360504616F077FFACE74C
:1076E000A4F10802974284BFED0802EBC502B2F88C
:1076F0000090C9F30C09B5E7114B5B6D003B18BF57
:107700000123A5EBC305C9E74B6D7A1EA3EB090363
:107710003A431A400B4915B2002DCB680BDCC3F37A
:107720000363D81E43424341DB0033708B6C72808D
:107730001B0A3374BDE70823F7E700BF24250020A8
:10774000004000B8000002B81022024B1A70FFF788
:1077500063B900BF922D0020054A1378102B04D086
:1077600018B123EA010313707047FFF7EDBF00BFA4
:10777000922D002008B5134B1349D3F84C215B68B8
:1077800023F0404323F440031B0C1B048B4216D10F
:107790000E4B13400E4A93420CD10E4A0E4B9042B0
:1077A00008BF13461B1A584258410121FFF7D4FF66
:1077B000002008BD094A934201D1094AEEE7064B71
:1077C000F0E700BF0080E00F00001602007FF01F0E
:1077D00000026000E17DF95F690345EC0004600090
:1077E0009839F49608B550B1064B1A88824206D2F1
:1077F000002018800421FFF7AFFF002008BD012002
:10780000F8E700BFE027002010B5044612F087FF1C
:1078100000B1A08A034BBDE8104018800020FFF79C
:10782000E1BF00BFE027002010B5104CD4F84C3168
:107830005B0004D401F038FE0221FFF78DFFD4F87D
:107840004C31591C0FD05A000DD4094B187801281F
:1078500009D9A0F1080358425841A822BDE81040B8
:107860003121FDF781BA0120F7E700BF0080E00F6A
:10787000922D0020024A137843F0080313707047DA
:10788000922D002038B5134D0446297819B92022CD
:10789000114813F059F86188104A2378518000216B
:1078A00013700F4A022BC2F8CC104FF0FF010D4AA3
:1078B0000D4B11704FF007010C4A4FF00000C2F859
:1078C000FC130CBF04220122C3F8FC2301232B70FC
:1078D00038BD00BF00290020E03F00B0722D00201D
:1078E000004001B8952D0020001002B8002002B819
:1078F000034B1A6802609B8883800020704700BF9A
:10790000722D002010B5044600F012FE064BD3F88D
:10791000F83724B983F40033C3F3404010BDA31EED
:1079200058425841FAE700BF000002B84FF63F72D4
:107930000A4BD3F8FC37934206D0094AC3F301132C
:107940001370E022074B1A7041F66A02064B1B685F
:10795000B3FBF2F3054A1360704700BF000002B8A2
:10796000962D0020972D002044250020282500205A
:1079700020B1022804D1034B18787047024BFBE773
:1079800000207047962D0020972D00202DE9F74FFD
:10799000D0F8A4204C21022A38BF0222064690F8D3
:1079A00024B16B48013A036AD0F8CC506948C3F35C
:1079B0008213D9400368DFF8C0A19342DFF8BC917D
:1079C000654BDFF8BC8101F0010116D11C788C42B7
:1079D00013D19AF800405C450FD1D6F8A84064B1A5
:1079E000AC420AD196F8295099F80040A54204D13A
:1079F000B8F8040003B0BDE8F08F98F800400260CA
:107A000020461970FFF7B4FF002900F08880042396
:107A10004FF07F4000255149C1F8B830504BC3F8B2
:107A2000B80096F829301B06C1F8B8304FF08051E5
:107A30004A4B2C04C3F8B41040F27121494B1B6827
:107A4000B3FBF1F319215343182BB3FBF1F173D8B6
:107A5000002C7BD0B4FA84F2C2F12002C2F10F03F1
:107A6000012B38BF0123D440A14201D2013B64085D
:107A70006A1C03F01F0152008A403B4F121B920800
:107A8000C7F8B0201A0242EA03121343019305EB30
:107A9000052305EB0325354B40F6970218682B218B
:107AA000003818BF0120FDF75FF9FA222F4B02FBC7
:107AB00004F01B6840F6FF72B0FBF3F00A23584352
:107AC0002B4B00F57A74C3F8C420019AA3F58053B8
:107AD000C3F8C420A3F58053C3F8CC50D3F8CC30FE
:107AE00000F58C50C7F8FC30C6F8A850214D143072
:107AF0002C6002F03BF84FF47A72C7F8A400C7F884
:107B0000F8002B68B4FBF2F0B3FBF2F3A8F80430F2
:107B100096F829308AF800B089F800306AE7002C1E
:107B200014BF1025202596F82930834294BFED1804
:107B30002D1805F0FF0579E7B1FA81F234B1B4FAF6
:107B400084F3D21A002A89DC0F238DE70F238FE7F5
:107B5000004001B8402C002001290020001002B88C
:107B6000002002B844250020003F00B02825002056
:107B7000006001B82C250020942D0020932D0020BA
:107B8000722D002010B5114B01461B78104C0C2BA8
:107B900002D1FF20207010BD184612F0A6FC02464C
:107BA0001846FFF7E5FE884228BF0846C0B290425B
:107BB00038BF10462378C0B28342ECD0054B20700A
:107BC0001868FFF7E3FE2078E5E700BF722D00207C
:107BD000952D00209422002010B50446FCF75CFE91
:107BE00078B1154B1B786BB964B1144B1B784BB152
:107BF000134B1B78013B012B04D84FF40042114B6F
:107C0000DA6410BD104BDB6C1B04FAD416F0E3FCF5
:107C1000044602F00BFE4FF400420C4B2046BDE838
:107C20001040DA6402220A4BC3F87C240422054B7C
:107C30001A6416F0CBBC00BF0229002003290020E3
:107C400030250020002002B8000002B8001002B861
:107C500000D003504FF48022014B9A64704700BF5C
:107C6000005000B8F7B50646544C00F061FC012105
:107C70003A20EDF703FD524B2578524F1E7085BB1D
:107C80002846FFF7A9FF2378013B012B19D8E37B96
:107C900001A88DF80430237C8DF80530EBF786FCC5
:107CA000C7F87C544FF6FF72474BC3F88420F82284
:107CB000A3F58053C3F884200022424BC3F87C24F0
:107CC0000DE04FF6FF72404BC7F87C54C3F8842098
:107CD000F822A3F58053C3F88420C7F87C543B4BAB
:107CE0005BE00020FFF778FF2378013B012B08D8E9
:107CF000E37B01A88DF80430237C8DF80530EBF789
:107D000055FC0023C7F87C34002ECBD062685AB3F0
:107D10002F4B1B6803EB5203B3FBF2F3013B1B0237
:107D200043F0F80326782849022E2A4A1ED0032E53
:107D30004FF6FF75234826D0012E38D143F00203B9
:107D4000C1F88450C2F884300723C0F87C34E37B48
:107D500001A88DF80430237C8DF80530EBF7FAFB91
:107D60000120FFF739FF17E0F823DBE74FF6FF703C
:107D700043F00103C1F88400C2F884300622114B9D
:107D8000C3F87C24E3E743F00503C1F88450C2F84C
:107D900084300423C0F87C340F4B4FF08042002025
:107DA000DA644FF480220B4B9A6403B0F0BDC1F843
:107DB0008450C2F884300023ECE700BF3025002057
:107DC0000329002000C00350006000B8002002B862
:107DD00044250020005000B8001002B8F0B52B4F29
:107DE00006463D4604460FCE0FC5336885B02B606E
:107DF00000F09EFB01213A20EDF740FC0022244BCD
:107E0000C3F87C24A17A627A42EA0142C3F888244A
:107E1000217CE27B42EA0142C3F88424217B627B1D
:107E200041EA0240C3F880043B78032B2AD8DFE8FC
:107E300003F022020C178DF8041004218DF80520A0
:107E40000DEB01000022EBF751FBE37B00228DF8E4
:107E50000830237C042102A88DF80930EBF746FB9B
:107E6000637A01228DF80C30A37A042103A88DF8DF
:107E70000D30EBF73BFB074B187805B0BDE8F04041
:107E8000FFF7F0BE212005B0F0BD00BF3025002077
:107E900000C0035003290020034BDB6C002BBCBF48
:107EA000024BC3F888007047000002B8004000B8D9
:107EB0004FF0006338B1064AD364064B4FF40032EA
:107EC000C3F884207047044AD364044BF6E700BF2C
:107ED000001002B8005000B8002002B8006000B8DE
:107EE0002DE9F04700F07EFB4FF47A762D4BB0FB86
:107EF000F6F618604FF4FA73734307462A48190ED2
:107F00001B021818294A4FF0000341F1000103F049
:107F100033FB274BA0F5807205461A6320B948222F
:107F20002B21FCF721FF01254FF47A724FF0000A54
:107F30006A4353465008310203F01EFB1C4B1D4A96
:107F4000B7F57A7F9A601C4B4FEA056819601B4BA6
:107F50008946044618604FEA152505D29B222B213D
:107F60005046FCF701FF01264FF47A73A8FB03018A
:107F700003FB05117308C01841F1000100233246CC
:107F800003F0FAFA0E4B023419600E4B49F1000966
:107F9000A408186044EA8974054B013C9C63BDE861
:107FA000F08700BF4425002020A1070040420F00B9
:107FB00000C001B802110100542500205025002006
:107FC0004C250020482500201022044BC3F88421B2
:107FD0005A600122024BDA60704700BF00E100E006
:107FE00000C001B81022064BC3F88421C3F88420D6
:107FF000BFF34F8FBFF36F8F0422024BDA607047DD
:1080000000E100E000C001B810B50446A242A2EBB6
:108010000000A3EB010104D2034B01399B6B013338
:10802000184401F0030110BD00C001B838B50125A6
:108030000A4B02019D504FF480730446084A834066
:10804000536616F0C8FA074AA540137823EA0503D9
:108050001370BDE8384016F0B9BA00BF00E101B8AE
:1080600000E001B80C2900202DE9F84F164605461E
:108070008A461F4616F0AFFA022E00F09180804625
:1080800016F0B2FA5A4B5B4AD3F8209092F891401E
:108090005A6EE4B2520744BFD3F82090013404F082
:1080A000030416F09CFA4846214600F013F9844672
:1080B000DAF80000012E04BF01306044ACEB000C84
:1080C00008BFCAF80000BCF1804F7DD300F014F95E
:1080D0008145A1EB040188BF454BDFF838C188BF5B
:1080E00001F1FF3101F0030188BF9B6BA0EB090E8A
:1080F0000CF80510A1B1F90742BF41F61F723E4BC3
:108100005A67BA0742BF3C4B3C4A5A677B0742BF9B
:108110000022374B9A673C0742BF0022344B9A65D6
:1081200011244FF0010A324B05F11002120103EB4A
:10813000051BCBF80C0132499C501A6A0AFA05F467
:10814000586E0B78A2EB0902E4B2234372450B7020
:1081500025D34FF48073AB40034220D11CF8052097
:10816000002A40D10EB3274AF807536607D541F6D7
:108170001F7140F20110204B596750675967B907CA
:1081800006D51D4B1D4A1F491F485A6748675A6745
:108190007A0742BF01221D4B1A613B071AD44046A1
:1081A00016F014FA0120BDE8F88F194A2D0142F8A3
:1081B00005A042F89C3C16F00EFA11490B7823EA10
:1081C00004030B7016F002FA404616F0FFF9002087
:1081D000BDE8F88F2120FFF75FFE4FF48032044B9B
:1081E0004046DA60DCE7074A40465366D8E700BFFE
:1081F00000C001B8003E00B000E001B800001F1F41
:108200000C29002000D001B800000101000002B8D4
:1082100000E101B804290020024B1878003818BF8B
:10822000012070470C290020034B10300001185822
:1082300000F00100704700BF00C001B870B50646ED
:10824000FEF728FC044608B1FFF7CCFE00230A4DD8
:108250003046AB61EB612B6200F04EF8074BC9B2C0
:1082600083F8911028622CB1FFF7AEFE4FF08062C8
:10827000034B1A64002070BD00C001B8003E00B07E
:10828000002002B838B516F0AFF9084B084A1D6A4D
:1082900092F891405A6EE4B2520744BF1D6A01340D
:1082A00016F09DF9284604F0030138BD00C001B85E
:1082B000003E00B00346064A103302EB00111B01DA
:1082C000D1F80C01D158C1F3400112F02CB900BF14
:1082D00000C001B8064B1B68434303EB8171054B9B
:1082E0001B68A3FB003013F1004341EB0000704713
:1082F0004C250020482500200C4A20F04043014630
:1083000010B5002014684FF00042E4FB0320084A37
:10831000890F126802FB0300064B9B6B984204D93D
:1083200001330131C01A01F0030110BD50250020B6
:108330005425002000C001B8044B01F0F07110304A
:1083400041F0030100011950704700BF00C001B89F
:1083500008B52220FFF7A0FD4FF48022014BDA6020
:1083600008BD00BF00C001B870B51646054600B391
:10837000F9B1F2B14268104B006803321B689208F1
:1083800000F130409847044688B9EA68A86803328B
:108390003146920800F1304012F0E5F8044630B959
:1083A000D5E90402214600F1304012F0CDFA204612
:1083B00070BD2124FBE700BF482C002070B50C687D
:1083C000651C15D0C4F302669E42C4F3074530D144
:1083D000A4B294422DD804EB8506B24229D2141BD4
:1083E000A50824F003040E59340F04D0012C08D042
:1083F0000022212402E06B1C51F82320C0E9002454
:1084000070BD0E4C34F8133042EA03431A686B1CFB
:1084100051F8234001EB83014B6822405E4036F067
:10842000704404D11B0F032B04BF8B681A43002434
:10843000E4E7013501EB8501C1E700BF10F6030059
:1084400007B501A8EEF7D4F89DF80530022B02BF5E
:1084500040220B4BC3F8FC23C8220A4B5A650A4B37
:108460000A4AD3F86032DBB2FF2B08BF03239B001C
:1084700043F47F53C2F8F83303B05DF804FB00BF48
:10848000001002B8008001B80080E00F000002B8C0
:108490000022012108B51E4B1A645A649A641D4AD1
:1084A000516102219162DA68C2F303620D2A01D0A0
:1084B000002AF8D1112218499A631848184AFFF780
:1084C00053FF01F0ADFC174A93685BB9164A9368F5
:1084D0009BB94FF080620F4B5A61012203F5805324
:1084E0005A6108BD1149D268096803F13043032A73
:1084F000ECD943F8041B043AF9E70C49D26809683F
:1085000003F13043032AE4D943F8041B043AF9E7A2
:10851000000002B8001002B890F6030074F60300E1
:108520008CF603005CF6030044F603005C2C00208C
:10853000012341F6FF710D4AC2F8803291660C4A60
:1085400053600C4A53600C4A5360A2F5804253605A
:10855000A2F54042536002F5C032536002F58042FA
:108560005360A2F500425360704700BF0090005076
:1085700000D000B8001000BA005001B838B503248C
:10858000FFF7D6FF114A124B124DDA64FFF758FF7E
:10859000114BC3F8E0400123EB6401F083FA4FF480
:1085A00060736B614FF40073EB6411F024FF0021E2
:1085B000FEF768FD8022094B1C64A3F580535C64C0
:1085C000074BC3F884215A6038BD00BF0048F00053
:1085D000000002B8001002B8005001B800A002B8B4
:1085E00000E100E008B514F0C1FE044B1B6FC3F3BB
:1085F00000430133B0FBF3F008BD00BF0080005022
:108600002DE9F04F044687B00290894659F8043BA3
:108610005A1C06D12360029BE01A801007B0BDE807
:10862000F08F3748C3F301615FEA137B30F8110024
:1086300008BFC3F307429BB218BF012243EA0040C0
:1086400011F09AFF4FEAC20A05460AF104032D48C9
:10865000234483421BD807230127C846CB4003F09D
:10866000010301939300049307FA0BF705EB8203D0
:10867000039307F0940304F108060593039B08F1A4
:108680000408AB4208D1049954444944BDE71E4B49
:108690009C42E0D80020C1E7059B53B917F0420F78
:1086A00019D117F0280F0BD146F8085C58F8042CA4
:1086B00021E04FF4206232210020FCF755FBF3E764
:1086C00040F6042232210198FCF74EFB05F580525A
:1086D00046F8082CEAE740F60D2232210198FCF713
:1086E00043FB05F50052BBF1010F46F8082CDDD124
:1086F00058F8042CD24346F8042C04350836BDE75C
:1087000008F60300DF4F00B0E04F00B0F8B50646B2
:10871000E0B10024144B25461F46144953F8042B9E
:10872000AAB91348314600EB8500FFF769FF30B95D
:1087300040F6AE323621BDE8F840FCF715BB0D4BD4
:108740000135281847F8246023F81400F8BDB24218
:10875000FCD001340C2C02D031F81450DEE740F686
:10876000C83236210020E6E758250020E027002007
:10877000404000B0E227002070B5044698B1B1B186
:108780003A4A52F8043B834213D10023384A116C11
:10879000C907FCD4374800EB830011F0EDFE364BDF
:1087A000106001221A6470BD01330C2B02D1334DCD
:1087B0002CE0012352F8041BA142F5D1304A32F8D3
:1087C0001330E3E7C2F3016335F81300110C93B2E1
:1087D00011F0FE0F43EA0043606820D00434CAB2AF
:1087E000022A216808D9D4E90160033AC3E90016D6
:1087F00098600C340C33F3E704D16268C3E90012CB
:10880000083403E0012A01D1043419602268531CA2
:10881000D8D10022164B1A6003F58053C1E7120F1E
:10882000072AEDD8DFE802F00704090D1013181D20
:10883000C04303F500531860E2E71A6842401A602B
:10884000DEE703F58053F6E711F062FED8E7012278
:1088500003F580538240F2E7012203F50053824082
:10886000EDE71A6830EA0202FBD1C9E7582500207B
:1088700000C002B8404000B000D002B810F60300BB
:10888000E02700200122014BDA647047001002B893
:108890000122014BDA647047002002B84022014BEC
:1088A000DA647047002002B84022014BDA64704756
:1088B000001002B8064BDB68C3F30363984206D18D
:1088C000044A936E23F0F00343EA01119166704766
:1088D000000002B8003F00B02DE9F743064611F052
:1088E00010FE00248046DFF8909015F074FE0DF124
:1088F000070105460DF10600FEF760F99DF8063008
:108900008BB9721C29D011F0FCFDA0EB080428469D
:1089100015F05CFE9DF8063013B99DF807303BB3A7
:10892000A642E2D824E0D9F80C3013F4603FE8D036
:10893000D9F8180011F073FE731C074603D011F02C
:10894000E0FDA0EB0804284615F040FE17F5007F77
:10895000E0D0384603B0BDE8F083284615F036FE77
:108960009DF80630002BC0D19DF80730002BBCD1FC
:10897000004FEEE700FEFFFF00C000B80122024BEF
:1089800098611A61704700BF000001B8044BD3F82A
:10899000AC3010B1C3F30332027003F00F00704724
:1089A000000002B8094B01F080011B6C03F4800346
:1089B0000B4309D14FF40012054B1A62837F1BB1A0
:1089C0000122044BC3F80021704700BF000002B829
:1089D000006001B8005001B810B515F0FCFD084B5F
:1089E00004461B683BB1984728B1002200204FF491
:1089F000806101F035FB2046BDE8104015F0E6BD72
:108A0000882500204FF604014FF60502044B012093
:108A10001B6C9BB28B4208BF1346024A1366704719
:108A20000080E00F00C001B8074BD3F8483203F0D4
:108A30000303012B03D0022B03D00020704715F055
:108A4000BFBD14F0D7BC00BF008000502DE9F74F28
:108A500081460F464FF0FF35FFF714FC00260190CA
:108A60008A462C463046DFF8D8B006F110031B01C9
:108A70005BF8033003F00308B8F1010F15D130465D
:108A8000FFF718FC02460B4601985146FFF7BCFA67
:108A9000DBF8643006F10802D340DB0739D5002F3C
:108AA00040D000252C463E6040460136082EDCD1E1
:108AB00060B3234A0027D2F808C0916B0CF440330E
:108AC0000131A4FB0141641941F10001B3F5003FFC
:108AD00030D1536B0CF4405C013347F10006BCF518
:108AE000805F22D1156B15F5807505FB06F647F101
:108AF000000203FB0266A5FB03323244594304FB28
:108B00000212A3FB04341444C9E9003403B0BDE8E5
:108B1000F08FA84271EB0403C6D207B13E60054650
:108B20000C46C1E73D463C46BEE7320242EA1362CC
:108B30001B02E3E7136B13F5807347F10002DDE7D7
:108B400000C001B8F8B5062011F0FEFC044611F093
:108B5000D8FC42F21073041B9C42054618D94FF012
:108B600080624F240B4B1A6441F26F770A4E0BE080
:108B700011F0C7FC401BB8424FF4837221468CBFF2
:108B800000200120FCF7F0F8336C5B01F0D5F8BD54
:108B90001A24E9E7002002B8000002B808B511F075
:108BA00052FD0122054B93F88D3002335B00DBB29E
:108BB00002FA03F3024A536108BD00BF003E00B051
:108BC000002000B8FF2870B505D1FF2931D007205B
:108BD00001292CD804E0FF2927D10B2827D801210F
:108BE0004D4B83F88C0083F88D104C4B5B689D05D2
:108BF000C3F340223BD44FF038435A60484A506E8A
:108C0000440205D5474B5B6803F00303022B13D1E5
:108C100010F4001077D140F237121B21FCF7A4F8B2
:108C200001223F4BC3F8482209E00B28D0D921206C
:108C300068E001210720D3E70223C2F8483201226D
:108C4000394B9A604FF038435A60DA60996A0807E6
:108C5000FCD11969C907F8D540F2FF32334B9A614C
:108C60005A614FF400722D4BC3F884215A602A4C8C
:108C700001213B20ECF702FD94F88D3094F88C2014
:108C80002B4943F44023063243F4106341F8223069
:108C9000284B1D68FFF7C8FE6E08ED07024600234B
:108CA0002846314602F068FC090241EA1061C0F32F
:108CB000C05040EA4100204BE067186B10F580700F
:108CC00005D14FF4D6722B21FCF74EF80220024654
:108CD00000230020012102F04FFCC4F88000FFF7C0
:108CE000A3FE40F649435843000DFF2828BFFF204C
:108CF000022838BF0220002184F89000012000F0F3
:108D0000E5FE002070BD0D4B586800F003000238EE
:108D100018BF01207FE700BF003E00B000E100E087
:108D20000080005000000250001000B8002000B881
:108D3000008003504425002000C001B800400250CC
:108D400038B1064B93F88C00087093F88D3013708F
:108D5000704707230B700123F9E700BF003E00B006
:108D60002DE9F34105460F4668461146FFF76EFEB2
:108D70000646B0B1AFB1DDE900321B0A43EA026337
:108D8000A5FB0384094B120A05FB02441A6812B9B9
:108D9000FFF728FC024600234046214602F0ECFB88
:108DA0003860304602B0BDE8F08100BF44250020A5
:108DB00070B5FFF7C7FE0021022000F087FE11F01A
:108DC000A0FB04460F4D104ED5F8F4331B070BD50E
:108DD00015F001FCBDE8704002220C4BDA60012264
:108DE0000B4B1A7015F0F2BB11F08BFB001BB0425D
:108DF0004FF405724FF045018CBF00200120FBF7B6
:108E0000B3FFE1E7000002B83F420F0000C001B825
:108E10000D290020244938B50B78002B42D00122BF
:108E2000224C234894F88D3002335B0002FA03F59C
:108E3000DBB29A40856142614FF400721D4BC3F86A
:108E4000842100230B701C4B40F2C322186C392183
:108E5000C0F38060FBF788FF4FF48041174B184A3E
:108E6000C3F894100C2194F88D304B4303F1384330
:108E70005B6BD4F88410994202BFD2F86C31C4F80D
:108E80008830D2F86431D4F8880008BFA4F8923052
:108E9000B4F8921000F0DCF8BDE83840012102205F
:108EA00000F014BE38BD00BF0D290020003E00B008
:108EB000002000B800E100E0000002B800E001B8C6
:108EC00000C001B810B50446FFF7AEFD6043044B87
:108ED00000F5F42000F59070B0FBF3F010BD00BF7A
:108EE00040420F002DE9F74FFFF7ECFF0446FFF774
:108EF00029FE15F070FB0021DFF848810546684621
:108F000088F80010FFF7A2FD4FF038431E6A03F502
:108F10000033DB68074613F0706F1BD1444B5B696D
:108F200013F0060A16D1D8B1424B611D1868A1FB97
:108F300000B9FFF779FD534602464946584602F00C
:108F40001BFB009B090241EA106100029842019B51
:108F5000994105D3284603B0BDE8F04F15F036BB64
:108F60000021022000F0B2FD11F0CBFA8146DFF8BB
:108F7000D8B0DFF8D8A0DBF8F4331B0742D5002FB8
:108F80004FD0DDE90079FFF74FFD390A41EA096169
:108F90004FEA1923A0FB019700FB0377254B1A68C2
:108FA00012B9FFF71FFB024600233946484602F07C
:108FB000E3FA4FF00C0E844601211F4B013493F865
:108FC0008D20361B931C0EFB02F25B00DFB21B48A8
:108FD000664402F1384201FA07F747615663184EBA
:108FE00001FA03F3B3614FF03846366A526BA4EBD3
:108FF0000C04B21AA24214D283614761022000F02D
:1090000065FDA7E711F07DFAA0EB0900504540F29D
:109010006A224FF045018CBF00200120FBF7A4FE1F
:10902000A9E70222024BDA60012388F8003091E7B9
:1090300000C001B844250020003E00B0002000B868
:10904000001000B80D290020000002B83F420F00B8
:109050002DE9F04F4FF00C0A0027B54A054692F86B
:109060008D4088460AFB04F303F138431F6392F8EE
:109070008C20B04B87B0C3F8B4204FF40032AE4B15
:1090800046461A610222A3F58053DA604FF0384356
:10909000AA4A1B6A92F82413AB46C9B2059192F80A
:1090A00029130134C9B20491012104F0010482F8AA
:1090B000247382F82973A21C0AFB04F4500001FAFD
:1090C00000F003F1FF390290019004F13844A3EB62
:1090D0000903002B40F3FE800137022F63D9F422ED
:1090E0000D210020FBF740FE4FF080539449934A36
:1090F0004B66059B934C03F0F00382F82433049BEA
:1091000003F0F00382F82933894A4FF40033C4F89E
:109110006CB1C2E9219BC4F86461A2F89260002698
:109120000B61844BC3F8B4600C2392F88D205A4332
:1091300002F13842166315F04EFA334632464FF4C8
:10914000807E276AD4F864C003F1100109016158D8
:1091500001F00301012910D10EFA03F111EA0C0FFD
:109160000BD104EB0316BD42D6F80C6100F2D98096
:10917000B54202D2B74280F0D7800133082BE3D149
:10918000714D2C68012C40F2E5803AB16849B1F884
:109190008E301343A1F88E30674B5A6607B0BDE896
:1091A000F04F15F013BA4FF0000B614E96F88D306A
:1091B0000AFB03F303F13843C3F830B015F00BFAA0
:1091C0004FF080515E4B039059664FF0384396F84C
:1091D0008D201B6A00920AFB02F203F1010902F1E1
:1091E0003842C2F83490544A02331167C4F830B0A0
:1091F000029A6363554B53485A61019AA3F5805311
:109200009A61016B8368DB0340F18880D6F8843073
:10921000F26FA9EB0303A3FB022CD6F8803001F513
:109220008071ACFB0360A2FB03E39B19A1FB03E687
:1092300040F1000001FB0066B2EB0E026CEB06068B
:10924000120A42EA06624244B2EB112F4FEA11269B
:1092500003D3013340F10000921B043E964228BF25
:1092600016463849324A8E6192F89120D1F820C0D2
:10927000EB18D2B2896B40F10000654584BF02F162
:10928000FF32D2B2B1F1FF3F0ED04FF0000E01F12C
:10929000010C99427EEB000B08D20132B3EB0C03B8
:1092A000D2B260F10000F4E70244D2B29B462049FA
:1092B000244B02F0030281F89120C3F820B002226F
:1092C000009B03980AFB03F303F138431A632263FC
:1092D00015F07CF94FF038431B6A009315F07BF9C9
:1092E0001B490A6922F004020A6130BF4FF0805125
:1092F000019B164A936102F5E032116700221021AA
:1093000022630E4AC2F8841115F060F90D4A009BE1
:10931000526E12F0805F3FF4DAAEE5E64646AB46A9
:10932000CDE7B542BFF426AF11438AB225E700BFAF
:10933000003E00B00080035000D001B800E100E022
:1093400000E001B800C001B8F0240020002000B8FF
:1093500000ED00E011490B78142B01BF0023104EE3
:109360000B7033700B7801330B70002A3FF416AF8B
:109370000C4EB6F88E301343A6F88E300A4B5A6660
:10938000074A13780133DBB2022B13707FF406AF68
:10939000002301342C600B701370FFE60F290020AE
:1093A0000E290020003E00B000D001B84FF000525E
:1093B000014B1A60704700BF00E100E04FF000521F
:1093C000034BC3F88020BFF34F8FBFF36F8F7047FD
:1093D00000E100E037B50446FFF7AAF801213A2082
:1093E000ECF74CF9E17822791B4841EA0243C0F8D6
:1093F000DC34E579A37943EA0543C0F8E034237807
:109400004BB18DF8041004218DF805200DEB0100FF
:109410000022EAF76BF863785BB10421A37900229C
:109420008DF80430E3790DEB01008DF80530EAF793
:109430005DF8227801235AB1084AC2F8D83462781C
:1094400002233AB1054A0020C2F8D83403B030BD37
:10945000034AF2E7024AF6E700C0035000D0035087
:1094600000E003500C4A10B5D2F84C3154680B4A56
:109470000B49944201EA030106D103F4FE43B3F51C
:10948000807F08BF41F4A061064811F0E5F821464D
:10949000BDE8104011F0E0B80080E00F14001501A5
:1094A000E0FFF01FCF13468B2DE9F84F044610B9AB
:1094B0000020BDE8F88F00F11703B3F5002FF7D2B5
:1094C0001E4A002390461E4F3D789D4218D8002624
:1094D0004FF0240AFFF7C6FF216811F0E3F8616836
:1094E00011F0E0F8D4F80C90B14511D12369834212
:1094F000DED1062D08D048F8254001353D7003E047
:1095000052F8041BA14201D10120D2E70133DCE76C
:109510000AFB06F3A26812EB030B0CD00BF123013C
:10952000B1F5002F07D2D15811F0BCF804220BEB93
:10953000020111F0ACF80136D6E700BF8C250020FF
:1095400010290020F8B50B46002213F8044B944272
:1095500025D91D68854224D106245A791D79124BDC
:1095600088181E6804FB0503104F33F8063C7B4344
:10957000B3420ED900238A5A7A43964202D804FB9A
:109580000300F8BD9D42FAD9013304FB03F2825A6D
:10959000F2E740F244423D210020FBF7E5FB0020CA
:1095A000EFE708330132D2E7A425002040420F0044
:1095B00000202DE9F84FA2FB018BC74EC74F18EBD7
:1095C000060699466BF10003B74270EB030307D21E
:1095D00040F23E220E21FBF7C7FB0220BDE8F88FC8
:1095E000D9F814A00C461546BAF1000F04D0DAF8E9
:1095F0000030032B00F21B81B94BBA4A9F6BA3F5D5
:109600008043D3F8EC30C7F314075E00B64B48BF75
:1096100047F400171B6ED2F8FCA058074EBF4FF45A
:1096200040039B0503F0E0731F43B04BD3F8E430D5
:10963000990748BF47F0807747EA456713F0D0FEA7
:10964000012D0646C9D10028C7D0A94B984200F089
:10965000FD8003F5122303F5F863984200F05A8168
:10966000A44B984200F0A781002502462B4600201B
:109670004FF0007101F080FF2B46013008FB03F32F
:10968000C7F3130100FB0B33A1FB0662A8FB0080AC
:1096900001FB0522034420339B09C9F80030F60C76
:1096A000954B46EA4236FA021C6058BF7642934B0D
:1096B000934D34441E602C60BAF1000F00F0088115
:1096C000FB014FF000038F49C7F381528A5C1946B2
:1096D00048BF6408002EB8BF764292066008C2FBFD
:1096E0000601224601F048FFDAF800100E2908D9D9
:1096F0007D4B7B4A926BDE69D3F80C31F60600F1A4
:109700002881C0F3130017F40017C9F8040014BF30
:10971000C42040F207107C4ADAF81860A2FB04C2A9
:109720004FEA521200FB02F24FF4FA73B2FBF6F268
:1097300018BF002702FB03F3A4FB00C0FA33A3FB0E
:10974000063604FB07006345864138BF0132D2B2BA
:1097500042F4006CC9F808C0002A00F0BB80DAF8B7
:109760001C70A2FB070624B1B4FA84F30E2B40F35D
:10977000D880E303002E40F0D180B3FBF0F67000F8
:1097800000FB0220A0FB07834FEA044EC6454FEAC8
:10979000144474EB030309D352001044A7FB008365
:1097A000C64574EB030306F10106F6D2C6F30E03B9
:1097B0004CEA033C4CF000630629C9F8083049D94B
:1097C000DAF83030002B45D00023C9F80C30C9F846
:1097D000103013F005FEDAF83010FFF7B3FE044640
:1097E00018B18378002B40F0CC8013F0B9FDDAF883
:1097F0003010FFF7A7FE0446002869D08378002BBD
:1098000066D040794FF4AE62003818BF01203D2188
:10981000FBF7AAFA207940F2715200384FF03D016F
:1098200018BF0120FBF7A0FA237962794BE0042BE3
:10983000DAF828707FF402AFFB014CBF4FF440030D
:1098400007F0E07327F0E0771F43F7E600232F4887
:109850001D4613E713F0C4FD2C68002C00F0AF8008
:10986000B4FA84F3D3F1020358BFDC40284B9C4286
:1098700088BF6408002875D0B4FBF0F3642100FBB6
:10988000134201FB02F2904203F1FF3200F2A68084
:109890005D085308013D1B0243EA0515C9F80C5049
:1098A00013F064FD002800F09080B4FBF0F2642116
:1098B00000FB124401FB04F4A04200F28D80531E11
:1098C00052085B08013A1B0243EA0213C9F8103040
:1098D000002083E6212081E6006CCA88807C814AD2
:1098E000008001B8004F00B0004001B8000002B88D
:1098F00000F04902005A6202AC250020A825002091
:10990000A42500202CF60300D34D62100A3BB2DFE1
:109910003FBE4025002335481D46AFE610460026D1
:1099200030E7C3F10F0E03F1110806FA08F820FA28
:109930000EF040EA0800AEF1200826FA08F840EAE6
:10994000080026FA0EFE013004FA03F34EF1000679
:1099500010E702F4801203F400131A4308BFC0F5A5
:109960008010CEE6631EA51E5B086D08013B2D022C
:1099700045EA031540F2C2422B210020FBF7F4F91F
:109980008CE7407940F25552003818BF01203D2144
:10999000FBF7EAF9207940F25652003818BF01204F
:1099A0003D21FBF7E1F9237962791B0243EA0213B7
:1099B000C9F80C3019E700230D481D465EE66FF02C
:1099C0001F0500287FF46AAFD4E740F2E5422B215F
:1099D000FBF7CAF9621E72E71446FBE79D1E6D088D
:1099E0005308013B2D0245EA031557E7313641DCA8
:1099F000D694BFD610B5044686B059B9214B4168FC
:109A0000D3F8FC30827A2048059300686B46FFF754
:109A1000CFFD69461D4B0A685A631A4BD3F8FC30D8
:109A200033B34B6843B11A4B1A4AC3F80C214A6846
:109A3000A3F58053C3F80C218B6843B1144B164A2D
:109A4000C3F8EC208A68A3F58053C3F8EC20134ACE
:109A5000C868D2F8743123F4EE630343C2F874315A
:109A6000D2F86C31096923F4EE630B43C2F86C3110
:109A7000002022890A4B9A6203F5A033186406B0CD
:109A800010BD00BF004F00B094220020008001B83C
:109A9000006001B8FFFF0F00FFF8FF0F000002B8E1
:109AA000004000B8064B9A6E920607D55B6E002BFD
:109AB0004FF48043B4BF034A034AD3640020704785
:109AC00000800050002002B8001002B8064B1A6C4B
:109AD0009207FCD4022240EA01205860034B1A642A
:109AE0000122034B1A70704700C002B800D002B8C0
:109AF0001129002040B10368012B05D90069034BEF
:109B0000002808BF184670470048704734F6030025
:109B100010B590B10468012C0FD902696AB11168BF
:109B2000094B102C196051685960916888BFD26840
:109B3000996094BFD960DA6010BD102200210248FC
:109B400010F002FFF8E700BFB4250020064B586E66
:109B50005B6AC0F30112000C02FB000003F01F035C
:109B600001331844704700BF004001B8084BC117CB
:109B70001A68A2FB000302FB013310F1807043F16D
:109B80000003400E40EAC310803820EAE0707047BE
:109B9000C42500200722194B70B5DA63184B194A07
:109BA0001D68194BEC08E005C0184FEA153141F16A
:109BB0000001002301F0E0FC144B154E186015481D
:109BC000FFF7D4FF4042C6F8DC0049F65800FFF723
:109BD000CDFFC6F8A8001048FEF78EFB024660B124
:109BE000E301500818184FEA15714FF0000341F1D6
:109BF000000101F0C1FCC6F8B40070BD000002B85D
:109C00004425002065CD1D00B2E60E00C4250020CD
:109C1000003F00B07011010040420F0010B5044633
:109C200098B10B4BD3F8FC00FFF772FF4FF47A7337
:109C300003FB04F0074BA0F57A60DA689B681044D8
:109C4000C01ABDE81040FFF791BF49F64040F8E761
:109C5000004F00B0B42500202DE9F8430546084622
:109C600014461E46FFF754FF05B306F0020716F030
:109C700004061DD1D7B14FF47A706B685843002B9E
:109C800040F08C80FFF772FF20636B69002B00F0BF
:109C90008C804A4AD0684FF47A7202FB0300A0F528
:109CA000FA50FFF763FFE062002E58D1BDE8F88359
:109CB0002869002869D04FF47A7358433F4BA0F5C8
:109CC0007A609B68C01AFFF751FFA062A88B00283A
:109CD0005ED04FF47A735843384BA0F57A609B6896
:109CE000C01AFFF743FFE061354BE968D3F8008005
:109CF000002950D04FF47A735943304BA1F57A6163
:109D00009A685B68891AC91A2E4BC8171A68DFF857
:109D1000BC90A2FB011302FB003311F1807143F1EF
:109D20000003490E41EAC3118039274B2162D3F861
:109D3000C4306362D9F8003053B1404610F034FBB0
:109D400030B12246D9F800301C49D8F8D8009847DD
:109D50000021A869FFF762FF6063002F8BD1A8681C
:109D600030BB47F23050FFF701FF60614FF47A706B
:109D70002B6858432BB1114B1B6803F51C53103350
:109D80001844FFF7F3FEA06190E749F640409AE7D8
:109D900049F64040A5E749F64041B5E7074B1B6847
:109DA00003F51C53103318446CE747F2305078E742
:109DB0004FF47A735843A0F5FA50D4E7B425002045
:109DC00094220020C4250020003F00B0B0250020D0
:109DD00008B9FFF7BBBE034881420CBF2F20BC204F
:109DE000704700BF48E8010038B5054608461C46E4
:109DF00010F0B1FB0246D5F8E400FFF77BFE4368A4
:109E0000A018002B044AA8BF4FF4FA721A44034B5F
:109E100092FBF3F2104438BD0CFEFFFF18FCFFFF6D
:109E200070B588B06D46124C0FCC0FC594E80F008A
:109E300085E80F00D82200210E4810F085FDAC22E5
:109E400000210D4810F080FD202200210B4810F069
:109E50007BFD10F0BDFC0A4B1B783BB16D46044EF8
:109E60000FCD0FC695E80F0084E80F0008B070BD55
:109E7000E03F00B07C3E00B0543F00B0E04F00B087
:109E800000290020084BD3F84C31591C0AD05A0045
:109E900008D4064B1878012804D9A0F108035842C9
:109EA00058417047012070470080E00F922D00203C
:109EB00008B514F090FB0E4B1A78A2B90D4A12683F
:109EC00012F4843F0FD10C4A1021D1641B7863B97E
:109ED000084B1B68DB0508D4074B2022DA64BDE879
:109EE000084014F073BB054AEEE7044BF5E700BFEA
:109EF00017290020A00D0020002002B8001002B891
:109F00000A4B197801F0FF0229B1002119700849A4
:109F10009202C1F80421597801F0FF0229B1002111
:109F200059709302024AC2F8083170471229002082
:109F3000005000B8064BD3F8F00E064B5B6C1A01CC
:109F400003D4054B9B6E1B0401D500F58070704750
:109F5000003000B0000002B8004000B810B514F0A6
:109F60003AFB0E2104460320FEF7A4FC40F2012236
:109F7000034B2046BDE81040DA6214F027BB00BF57
:109F8000004000B838B514F026FB4FF00043244CD5
:109F90000546C4F88030BFF34F8FBFF36F8F0123A6
:109FA000C4F88430BFF34F8FBFF36F8F0223C4F820
:109FB0008430BFF34F8FBFF36F8F0423C4F8843016
:109FC000BFF34F8FBFF36F8F0823C4F88430BFF304
:109FD0004F8FBFF36F8FFFF7F1F91023C4F8843070
:109FE000BFF34F8FBFF36F8F2023C4F88430BFF3CC
:109FF0004F8FBFF36F8F4023C4F88430BFF34F8F70
:10A00000BFF36F8F4FF48063C4F88430BFF34F8F7A
:10A01000BFF36F8F2846BDE8384014F0D7BA00BFB1
:10A0200000E100E038B514F0D6FA05464FF00043E1
:10A030000A4C236001236360042363600823636088
:10A04000FFF7B4F91023636020236360402363604B
:10A050002846BDE8384014F0B9BA00BF00E100E07E
:10A06000012370B5074C2370074B1E68074B324025
:10A07000D3E9005319402840FCF7D8F90023237096
:10A0800070BD00BF15290020CC250020A00D0020A8
:10A090000022044B1A70044B197811B11A70FFF7A3
:10A0A00007BF704716290020172900202DE9F04727
:10A0B000DDF820A003EA0108099B06460D4602EAE6
:10A0C000000703EA0A09BAF1000F40F05281031FAA
:10A0D0000B4300F01281052871F1000380F0E88045
:10A0E00050EA010300F07881431E0B4300F0288101
:10A0F000FFF748FFB94AD2E9004323EA050324EAFF
:10A1000006043C4343EA0807B54BC2E900471E6812
:10A1100026EA0A0646EA09061E60FFF7C9FE14F0A1
:10A120002A4F14BF48F202034FF40043AD4AB00770
:10A13000D26EAD4848BF43F4005383EA020122EADD
:10A140000302C266A94A0B408166D366C4F380420B
:10A150001203210348BF42F48072E30648BF42F471
:10A160000052A34BA50648BF42F400726006D3F824
:10A170000C3248BF42F48062210648BF42F40062BC
:10A180009C4882EA030123EA0203C0F80C329A4B8E
:10A190000A4017F4007FC0F80812C3F80C22974B4E
:10A1A00007F4007200F0048101224FF4802583F847
:10A1B0008820E30448BF45F48035A00348BF45F438
:10A1C0008015A10748BF45F4001514F4001FDFF8FF
:10A1D000688206D0D8F8000010F01CFB08B945F4DE
:10A1E0000025E20248BF45F40035FB06844B48BF1A
:10A1F00045F480051A6A834985EA020323F00103C6
:10A200001A400A621D40CB617F4B16F0010F1D62A0
:10A210007E4B7F4A18BF1A467E4B7D071B6F48BF97
:10A2200042F000627C4882EA030123EA02030367EA
:10A230007A4B0A4041661A67794A04F00103926C2E
:10A24000A0F5803083EA020122EA03028264754AA3
:10A250000B4041649364D8F80020200248BF724B41
:10A2600092F8F62058BF714B610748BF43F48063F2
:10A2700022B114F4C06F18BF43F4807332074FF05B
:10A280003A42BDE8F047D2F8181148BF43F0004306
:10A2900083EA010222F4A02265481140C0F8181197
:10A2A0001340C0F81421634AC2F81831FFF7BABE50
:10A2B000A0F580630B4306D020F48063A3F5007300
:10A2C0000B437FF415AF14F086F94449D1E900320D
:10A2D00023EA060322EA050242EA08023B43C1E9F7
:10A2E0000032554A126892F8F610514A09B313F435
:10A2F000C06F1ED04FF4807311E014F06CF9374A30
:10A30000D2E9003123F004033B4341EA080157EA54
:10A310000807C2E900314FF48063454A0BD0C2F808
:10A320001431A2F58052C2F81831BDE8F04714F09C
:10A330004DB94FF48073C2F81831C2F81431F4E704
:10A3400014F049F9254AD2E9003123F001033B43D7
:10A3500041EA0801C2E900310123384A57EA0807F7
:10A360001BBF5364A2F580529364936408BF536487
:10A37000DBE750EA01037FF4BBAEBAF1010F7FF4D3
:10A38000B7AE14F028F9164A136823F0010343EA24
:10A39000090313604FF480631F4AB9F1000F04D022
:10A3A0005366A2F580521367BFE713675366BCE795
:10A3B00093F8881071B183F88820214BD3F8A4104A
:10A3C00003F50053C3F8A410C3F8A0104FF05023B6
:10A3D000C3F8A4200025ECE6BDE8F087A00D00201E
:10A3E000CC250020004000B8006000B8005000B844
:10A3F000004001B8006001B8005001B8003F00B053
:10A40000000002B8002002B8001002B8041C0003CB
:10A410000418000300C001B800E001B800D001B882
:10A4200000C000B800D000B80D0A0A09090A0A09DC
:10A43000002000BA001000BA9422002000E000B80A
:10A4400000400050024B5868C0F3C000704700BF86
:10A45000A00D0020024B186800F00100704700BFFB
:10A46000A00D0020024B5868C0F3C030704700BFF9
:10A47000A00D002010B50446FEF780F8FFF782FD1E
:10A480002046FCF747FEFEF703F8FDF729FDFDF730
:10A490009BFDFFF77FFB13490723134AD1F8FC10FC
:10A4A00004F1F800FFF7D8FB4FF080710020FDF7B2
:10A4B00043FF4FF000720D4B4FF400110120C3F821
:10A4C0000021FDF739FFFEF79DFA20B940F29232E4
:10A4D0001421FAF749FC10F079F9BDE81040012089
:10A4E000FDF7C0BB004F00B0A43F00B000D001B8E2
:10A4F0008023074A1364082340B11364054AD2F845
:10A50000C83E23F02003C2F8C83E7047024AF4E771
:10A51000001002B8003000B0002002B810B514F0EE
:10A520005AF8012104460020FFF7E2FF044B1961AD
:10A53000044B5B6898472046BDE8104014F046B8CD
:10A54000000002B8302C00202DE9F04182B0144602
:10A550000646FFF7A7FAFCF79DFA002800F0B58041
:10A560005E4B5D6915F0060540F0AF8014F033F8DE
:10A5700023790095022B05464ED1237B022B39D03F
:10A580000320FDF751FE20B9554BDB685B0440F119
:10A590009E80A37B94F80C80003B18BF0123A26827
:10A5A0005049B8F1010F01920B7074D000234E4A4C
:10A5B0004E4E13703278002A79D10420FDF736FD13
:10A5C0000420464F42467B6F0DEB000123F0F85309
:10A5D00023F4F81343F0506343F480337B67022382
:10A5E000FDF742FD0446002865D001213022404B92
:10A5F0003170DA643F4E336898472128044604D10D
:10A6000001210020736898470024284613F0DEFFDC
:10A61000204602B0BDE8F0810320FDF705FE0028CA
:10A6200055D12279D6F80031012A226830D0D01ACB
:10A6300000900020294B304A30495A679867637B65
:10A640002F4A23F040000028C3F380130B700CBF87
:10A650000123002313702B4B2A4AD3F8C83E4FF036
:10A6600003000CBF43F0200323F02003C2F8C83ED0
:10A67000FDF7DCFC194B244A03205A676946012385
:10A680002279FDF7F1FC20B30122204B1A7074E708
:10A690009A42CDD3CBE72379022B87D0009BD6F803
:10A6A00000114FF000080B44134401937EE7337010
:10A6B000FFF7FEFB81E70320FDF7B8FC28460E4AB2
:10A6C000124B7A671C7013F081FF0E24A0E7284616
:10A6D000F9E7284613F07AFF212499E700C001B872
:10A6E000000002B81A29002016290020172900208E
:10A6F000001002B8302C00200000010118290020B1
:10A7000019290020003000B0010C0100142900209C
:10A710002DE9F3410D460024074613F05CFF214B61
:10A7200006462046DFF88C801C70FFF7E1FE1E4BCA
:10A73000C8F87430C8F878406879431E58425841C8
:10A74000FBF7CAFD40F60143C8F878302A7929683A
:10A75000012AD7F8083101D1994200D3CC1A042339
:10A7600003200DEB03010194FDF77EFC50B9882214
:10A770000E4B30461A6413F029FF2124204602B004
:10A78000BDE8F0810A4D2B6898472128044604D182
:10A79000012100206B6898470024304613F016FF13
:10A7A000ECE700BF1429002000000101002002B8DE
:10A7B000302C002000C001B8F8B5194C05462078AF
:10A7C00040F2E442B0FA80F03E214009FAF7CCFAB8
:10A7D00055B9607840F2E442BDE8F840B0FA80F044
:10A7E0003E214009FAF7C0BA4FF440660D4F0E4DB6
:10A7F000D7F8043140F2E442C3F381232370C5F853
:10A80000046160783E21B0FA80F04009FAF7ACFAB2
:10A81000D7F80831C3F381236370C5F80861F8BD28
:10A8200012290020004000B8006000B8F8B5084CBC
:10A83000084D236C0423084F2B64236C5B0300D466
:10A84000F8BD042602203E640FF062FE2E64F4E799
:10A85000000002B8001002B8002002B8A82238B5E3
:10A860001A4B1D6C03F500531A6410229A60A3F56D
:10A87000804302F100521A675A66FFF741FB144BFE
:10A880001B7813B90320FDF7D1FB0024114B9C6703
:10A89000FFF7CCFF104A114BD2F8F01E0B40C2F864
:10A8A000F03E04220E4B1A640E4BAA06C3F8D040A9
:10A8B00008D503F580739B6FB3F5817F22BF80229B
:10A8C000024B1A61BDE83840FBF774BF000002B8C4
:10A8D0001429002000C001B8003000B0DF0000FFE4
:10A8E000002002B8003E00B010B551B920B3154B9E
:10A8F000DB681B0E13F00E0F1ED1134B1B6CD90718
:10A900001AD4FFF72BFB0F4C0020FEF73FF803286B
:10A9100001D0092805D1A36ADA07F5D4636CDB03FB
:10A92000F2D4FFF783FF0122084B5A6102229A6298
:10A93000042203F580531A644FF4C062044BDA62B8
:10A9400010BD00BF000002B800C002B8001002B87D
:10A95000006001B808B503210920FDF7ABFF2022F4
:10A96000014B1A6108BD00BF000002B80D4A10B5C6
:10A97000D2F8A030D2F8A4100B40B3F1804F0CD322
:10A980004FF040400849094CC1F8A400D467C1F811
:10A99000A0004FF48021064AD161034AC2F8A030DA
:10A9A00010BD00BF00400050006000500000FF01DB
:10A9B000001002B838B5054613F00DFE0E4B0446E4
:10A9C0001868FCF7D1FC35B1FFF762FB2046BDE803
:10A9D000384013F0FBBD094B1B78002BF6D0084B19
:10A9E0001D78002DF2D1FFF753FB2A464FF480402B
:10A9F0000021FFF735FBE9E794220020162900200B
:10AA0000152900202DE9F84F584B06460D461446EF
:10AA10001B6C002A40F0A68013F0A00F14BF4FF06B
:10AA200001094FF00009FBF7C5FEA0234FF0000A13
:10AA3000DFF858810320C8F84030FDF7F7FA04200A
:10AA4000FDF7F4FA4A4FFFF723FB4A4B4FF0040B94
:10AA50007B67C7F878A0FFF7E9FE474B4FF480719A
:10AA6000D3F8C82E42F02002C3F8C82EFF22C8F83F
:10AA700008203E4A1161D3F8F02E40491140C3F836
:10AA8000F01EC8F840B0C3F8D0AE7B6913F0060FD3
:10AA900004D0FDF75DFC5846FDF7C8FAB9F1000F88
:10AAA00008D04FF40062364B1A644FF40042A3F50D
:10AAB000E0339A6666B1334BDB6C190701D4FFF7BC
:10AAC0004DFAFFF747FF0420FDF7B0FAFFF718FA39
:10AAD000264B5A69D20743D5DA6812F0706FFBD162
:10AAE000294B2A4E2A4A3364936E23F0F00393666F
:10AAF00015B12046FFF75EFFFFF7C4F908B1012347
:10AB000073616CB31F4BDA6E03F500539A6603F55D
:10AB1000D0331B6A1D4A23F00103D3611D4BD3F8C8
:10AB20000C1203F50053C3F8081203F50053D3F8D1
:10AB3000841003F5005399674FF03A43D3F8181186
:10AB400003F50053C3F81411134B996C03F500532C
:10AB50005964124903F5803359664FF6084313646C
:10AB6000BDE8F88F4FF000095DE700BF000002B8B4
:10AB700000C001B800000101003000B0DF0000FF9C
:10AB8000001002B8004000B810003000002002B8E9
:10AB9000003F00B0004001B800C000B85000002FD6
:10ABA0009D4B2DE9F04F9F6EDB6E85B01F409B4B98
:10ABB0009F664FF03A43D3F81451D3F818311D4033
:10ABC000974BC3F81451974BD3F80822D3F80C32A3
:10ABD00002EA0309944BC3F8089203F52043DA69AB
:10ABE0001B6A02EA0308914B08F47702DA61904B82
:10ABF000D3F80422D20605D4D3F80431C3F30016E7
:10AC0000DB0653D513F0E7FC8A4B5A695E6E1B6F67
:10AC100012F0060F06EA0306874A26F0007314BFF7
:10AC20004FF0010A4FF0000A23F4006374075366E3
:10AC300006D5824A92F891300133DBB282F8913026
:10AC400013F0C4FC002F00F0E48017F4004300F080
:10AC5000D58013F0C0FC0146FFF76CF90446784B31
:10AC6000D3F800B0DBF80020DBF800309A42FBD0CC
:10AC7000DBF800209A42FBD0FFF75CF9A04217D125
:10AC8000084613F0A3FC6F4B1C606F4BD3F840B029
:10AC90001BF4E0520ED124F07F4424F0DF040CB901
:10ACA000FFF7DCFD4FF0807B002414E0B246C9E7DB
:10ACB0000446D7E70192FFF7D1FD5C4B019A1BF4E4
:10ACC00080541A6440F09C801BF4806F0CBF4FF0DE
:10ACD000805B4FF0806BB80715D55B4A5348126C08
:10ACE00002F460410164002900F08D80110400F13C
:10ACF0008D8012F4005F0CBF4FF000524FF00062E5
:10AD000000244BEA020BC7F340377F004F4A2A402A
:10AD1000002A4BD015F4206F0AD040F6A31206216A
:10AD20000020FAF721F80020FFF744FE25F48025E3
:10AD3000EB0506D5FF213D4A4BF4C06B9160FFF750
:10AD40000DF915F0090F0BD040F6B81208210020BC
:10AD5000FAF70AF8FFF7FEFD4FF03A42012151637E
:10AD600015F0106F0CD040F6C11209210020F9F740
:10AD7000FBFFFFF7EFFD002211461046FCF7C8FA73
:10AD800015F4202F0AD040F6C91207210020F9F748
:10AD9000EBFF0020FFF70EFE25F48025E80301D528
:10ADA000FCF700FC002DB8BF47F0080769070ED577
:10ADB0004FF03A42126B12F4005F4FF4005217BF8B
:10ADC000174923490A634BF4000B08BF0A636A055D
:10ADD00048BF4BF0040B15F48023019300F0A480CE
:10ADE000FCF798FB0138062834D8DFE810F01A0188
:10ADF0001D011A0120012301260126019B4653E76C
:10AE00004FF0804B50E74FF0007279E74FF000426F
:10AE100076E7BB463C4679E7004000B8006000B8E2
:10AE2000002000BA004001B8006001B8002002B85C
:10AE300000E100E000C001B800E001B8003E00B051
:10AE4000D4F50300C8250020000002B8090B0B89C7
:10AE5000001000BA40F6FA1203210020F9F784FF2F
:10AE60004FF03A400121D0F88C20D0F8AC3002F0FD
:10AE70000702063201FA02F2C3F30C0CA2EB0C0239
:10AE800092B2072A12D9774A126C53020ED4764B2B
:10AE9000C26CC06E5B6D5BB102F00702063291407E
:10AEA000C0F30C00091A89B2072901D84BF4007BC2
:10AEB0006E4A1278002A37D04FF03A42D2F8142165
:10AEC00012F4A02F30D16A4A6A4912789AB9F20472
:10AED00011D40A787AB14FEADB02674842EA447239
:10AEE00082F00102D0F8F00E02F00102520020FAC6
:10AEF00002F2930718D10420FDF798F85F4A6048E2
:10AF00005067FFF7C5F85B490A784AB95D4A12787D
:10AF100032B15D4A5D4912680BEA02020A4201D170
:10AF20004BF4804B26F48056B9F1000F1DD019F474
:10AF3000805F18BF4BF4802B19F4807F18BF4BF44F
:10AF4000002B19F4005F18BF4BF0100B19F4007FB1
:10AF500018BF4BF0200B19F4806F18BF4BF0400B5B
:10AF600019F4006F18BF4BF0800BB8F1000F3AD006
:10AF700018F4802F18BF44F4007418F4803F18BFF1
:10AF80004BF4805B18F4801F18BF4BF4003B18F49F
:10AF9000001F18BF4BF0020B18F4003F18BF4BF412
:10AFA000801B18F4800F18BF44F0100418F4002F11
:10AFB00019D0314AD2F8C82E12F0C00F13D0294947
:10AFC000CA68C2F30362032A01D0072A05D14A6C7A
:10AFD000D00602D48A6C110732D54FF400212C4AD6
:10AFE00028F40028D161002E00F01881320540F1CC
:10AFF0008A802848DFF88490C2782749002A51D0F7
:10B000004FF40063013AD2B24B66C27032B9234AA0
:10B010001278C2B140F60141214A51670022002155
:10B020006EE04BF4803B1BE74BF4006B18E74BF4EE
:10B03000806B15E74BF4807B12E74BF0080B0FE7B2
:10B040004BF4001BCFE7D9F8782012F4A05F15BFAE
:10B050004FF4807240F60142C9F85820C9F87820B0
:10B06000DCE700BF000002B8004000B8172900204C
:10B070001629002019290020003000B000C001B8B6
:10B080000000010118290020A00D0020088D0100FA
:10B09000002002B80429002000E001B81429002093
:10B0A00000D001B80320FCF7C1FFD9F81420A34B4E
:10B0B00012F0060F04BF41F61F72A149A14808BF54
:10B0C0004A674FF400619E4A5166D9F8142012F085
:10B0D000060208BFC9F87820B3F88E2012F4006188
:10B0E0005DD022F40062A3F88E20027802F0FF09FE
:10B0F000002A58D1FDF72CF9FFF7B0FB4A46202172
:10B100004BEA020B0C43B30009D52E20FCF7C4FE1A
:10B110004FF000518A4A44F0080411675166F00666
:10B1200006D52B20FCF7B8FE1021854A1167516621
:10B1300016F0306F05D1F1045DD5BAF1000F00F0C3
:10B14000A780320111D52920FCF7A6FEFFF77AF976
:10B1500048B17D4A7D487A494A66026700F5405009
:10B16000C068430422D444F0040416F0007A28D0C6
:10B170000420FCF75BFF2720FCF78EFEFFF76EFB39
:10B180004FF000716E4A5166714AD2F8F01E4906BE
:10B1900078D4704A0221916044F0020428E00278D9
:10B1A0004FF40052ACE74FF4004238E70A67202022
:10B1B0004A66FCF771FE2D2044F00C04FCF76CFE8F
:10B1C000D3E716F0807FDFF8909146D00420FCF79B
:10B1D0002DFF2820FCF760FED9F87820002A39D10D
:10B1E000FFF73CFB564A584944F001041167516689
:10B1F0000021594A9165320405D5584A1268904792
:10B200004BEA000B0C43730508D555498A78002A90
:10B2100000F08E80013A8A70002217433A46584661
:10B220002146FEF71DFF019B0BB1FCF7A9F9012296
:10B230004C4B05F00435C3F814514B4B18F4002F58
:10B24000C3F884211EBF4FF40022424BDA6105B0DF
:10B25000BDE8F08FC9F878A0C4E7F004C8D5042091
:10B26000FCF7E4FE414AC9F87420FDF771F8D9F8FB
:10B27000642012F0407FBBD12A20FCF70DFEFFF7BF
:10B28000EDFA81E7D2F8C82E930685D4384A81E7D3
:10B2900033490A7952B1013AD2B20A7112B92B4A32
:10B2A0003449516700224BEA020BA4E70420FCF763
:10B2B000BDFE0320FCF7BAFE274A2C49516713F064
:10B2C0008AF981460DF10F00FDF760FB2A4A82469C
:10B2D00012780AB1FEF742FEBAF1030F0ED1DFF881
:10B2E000A0A00020FDF752FB032807D1DAF82820A0
:10B2F000D007F6D4DAF84420D103F2D49DF80F2019
:10B30000032A06D101211D4A4846117013F05EF947
:10B31000C8E74FF03A42D2F8142112F4A02FF1D12D
:10B32000FEF7B6FE484613F051F94FF48042BAE7F3
:10B330000220FCF77BFE01226FE700BF003E00B059
:10B3400000E001B8142900201000002000D001B84E
:10B35000003000B0002002B800C001B8442C00202A
:10B3600004290020002000BA00E100E000000101F3
:10B37000001002B80000010D1A2900201629002033
:10B38000000002B80122024B1A62DA61704700BF66
:10B39000002002B8094A08B5D369116A0B40084970
:10B3A00023F47F00DB07C86106D5D1684FF0FF307A
:10B3B000C1F303610FF015FA08BD00BF000002B829
:10B3C000002002B80C4A08B5536C926C13400B4A2B
:10B3D0005364DB070FD50A4B40F6634218781221FD
:10B3E00000F00100F9F7C0FCBDE808400022012090
:10B3F0000021FEF735BE08BD00C000B800E000B86F
:10B40000A00D002070B5174D2C6C6B6C1C40164BBA
:10B4100024F00202E1071A6405D540F6CA42002072
:10B420002968F9F7A1FCA2071AD502220E4B1A646B
:10B430006B68DBB2A3B9FCF725FF04460D460B4E43
:10B44000D6F8F433DB060BD5FCF71CFF02460B469F
:10B4500020462946FCF7D8FD652871F10001EFD39D
:10B4600070BD00BF008002B800A002B8000002B8A2
:10B4700038B50B4C0B4DD4F88430DB0706D4A36FE2
:10B48000D4F884201340084A936738BDD5F80431B6
:10B490001A06F0D5FFF7B6FF8023C5F88431EAE736
:10B4A000008001B800E100E000A001B838B5144602
:10B4B0000D4613F090F8064BD3F8C82E54402C409C
:10B4C0005440C3F8C84EBDE8384013F07FB800BF01
:10B4D000003000B0034BD3F8C83E99430CBF0120A5
:10B4E00000207047003000B01E4BD3F8C83E13F068
:10B4F00001001ED01C4B93F84C001C4A40F0807396
:10B50000C2F8CC304FF480131949C1F8B430A1F51A
:10B510008051C1F8B830D2F80C31DBB2FF2B1FD00C
:10B52000984294BF0020012040F621623C21F9F7A7
:10B530001BBC1A06E1D40F4A92F84B1121B1DB066D
:10B5400002D592F84801D8E74FF480120020084B4A
:10B550000649C3F8B820C1F8CC00C3F8B42070473E
:10B560000120E1E7003000B0003F00B0004000B82B
:10B57000006000B8003E00B053B94AB9002908BFC6
:10B5800000281CBF4FF0FF314FF0FF3000F082B9B0
:10B59000ADF1080C6DE904CE00F006F8DDF804E02A
:10B5A000DDE9022304B070472DE9F04F099D0C46F8
:10B5B000002B4DD18A420F4684469646B2FA82F35A
:10B5C00060D94BB102FA03FEC3F120029F4000FA9A
:10B5D00003FC20FA02F217434FEA1E461FFA8EF4CC
:10B5E0004FEA1C42B7FBF6F106FB117701FB04F0B2
:10B5F00042EA0742904208D91EEB020201F1FF37EE
:10B6000002D2904200F231813946121A1FFA8CFCA4
:10B61000B2FBF6F006FB102200FB04F44CEA024CED
:10B62000644508D91EEB0C0C00F1FF3202D26445D0
:10B6300000F21E81104640EA0140ACEB040C0021F0
:10B6400025B12CFA03F30022C5E90032BDE8F08FE2
:10B650008B4205D90DB1C5E9000100210846F5E787
:10B66000B3FA83F100294DD1A342C0F0F380904298
:10B6700080F0F080064623460846002DE6D0C5E956
:10B680000063E3E7002B40F0A3808A1A4FEA1E47CD
:10B690001FFA8EF60121B2FBF7F407FB14204FEAE4
:10B6A0001C4242EA004206FB04F090420FD91EEB16
:10B6B000020204F1FF382CBF4FF001094FF00009DE
:10B6C000904203D9B9F1000F00F0CC804446121A21
:10B6D0001FFA8CFCB2FBF7F007FB102200FB06F60A
:10B6E0004CEA024C664508D91EEB0C0C00F1FF3207
:10B6F00002D2664500F2B3801046ACEB060C40EA7D
:10B7000004409DE7C1F120068B4004FA01FE22FAB5
:10B7100006F720FA06FCF4408A401F434EEA0C0369
:10B7200000FA01FE4FEA17484FEA13491FFA87FC57
:10B73000B4FBF8F008FB104449EA044400FB0CF9A0
:10B74000A1450ED93C1900F1FF3A2CBF4FF0010B77
:10B750004FF0000BA14503D9BBF1000F00F08B8027
:10B760005046A4EB09041FFA83F9B4FBF8F308FB75
:10B77000134403FB0CFC49EA0444A44506D93C19D4
:10B7800003F1FF3801D2A4457BD8434643EA004089
:10B79000A4EB0C04A0FB02984445CC46434602D3DC
:10B7A00006D1CE4504D20138B9EB020C68EB070391
:10B7B000002D6CD0BEEB0C0264EB030422FA01F303
:10B7C00004FA06F6CC4000211E43C5E900643DE7BB
:10B7D00002FA03FEC3F1200104FA03F200FA03FCAB
:10B7E000CC404FEA1E4720FA01F11FFA8EF6B4FB57
:10B7F000F7F00A4307FB1044110C41EA044100FB37
:10B8000006F48C420ED91EEB010100F1FF382CBF6B
:10B810004FF001094FF000098C4202D9B9F1000F35
:10B820002CD04046091B92B2B1FBF7F407FB141170
:10B8300042EA014204FB06F1914207D91EEB0202E3
:10B8400004F1FF3801D291421ED84446521A44EA0C
:10B85000004120E7861A64EB030301200DE7F4445E
:10B8600002384AE7023C724431E702397244CCE6BE
:10B87000F4440238DFE602383C4472E7023871448F
:10B88000D0E7023B3C4481E7023C7244DEE72946B4
:10B89000DCE600BF704700BF08B5064B044613B195
:10B8A0000021AFF30080044B1B6803B1984720468A
:10B8B00005F0E8FE000000000827002070B50D4DDF
:10B8C00000260D4C641BA410A64209D10B4D002686
:10B8D0000B4C13F075F8641BA410A64205D170BD83
:10B8E00055F8043B01369847EEE755F8043B01361E
:10B8F0009847F2E7982D0020982D0020982D0020E1
:10B900009C2D00200B46034902460868816800F020
:10B910006DB900BF602C0020002310B50446836081
:10B92000818119464366C28108228361C0E90033E0
:10B93000C0E904335C300FF007F80D4B24626362FA
:10B940000C4BA3620C4BE3620C4B23630C4B9C42ED
:10B9500006D003F16802944202D0D0339C4205D154
:10B9600004F15800BDE810400EF0F6BF10BD00BF56
:10B9700033A8030055A803008DA80300B1A8030055
:10B98000D0250020024A034903480EF095BF00BFAE
:10B99000B02C0020D9AC0300642C002041680C4B73
:10B9A000994210B5044601D00FF096F9A168094BF1
:10B9B000994202D020460FF08FF9E168064B994278
:10B9C00004D02046BDE810400FF086B910BD00BF7E
:10B9D000D025002038260020A026002010B50B4BD3
:10B9E00004210B4C0B4A20461A600022FFF794FFFB
:10B9F00004F1680001220921FFF78EFF04F1D00055
:10BA000002221221BDE81040FFF786BF0827002060
:10BA1000D025002085B9020001480EF09EBF00BF6E
:10BA20001B29002001480EF099BF00BF1B290020F0
:10BA300010B50446FFF7F0FF236A1BB1BDE81040C4
:10BA4000FFF7F0BF044B2362044B1B68002BF5D1BA
:10BA5000FFF7C4FFF2E700BF9DB9020008270020EE
:10BA60002DE9F7431D46574B04460E461F68904686
:10BA700027B13B6A13B93846FFF7DAFFB8F1020F76
:10BA800006D0B8F1010F00F29980002DC0F2968027
:10BA9000636ED90705D4A3899A0502D4A06D0EF070
:10BAA0005CFF214638460FF017F9616B41B104F194
:10BAB0004403994202D0384606F0A4FA0023636397
:10BAC0000023A3616360A3891B0603D5216938465F
:10BAD00006F098FAA389B8F1020F23F44A6323F021
:10BAE0000303A38160D001AB6A46214638460EF0BD
:10BAF00036FFA3891843A0812DBB009D284600F086
:10BB00001FFB0646002851D1DDF80090A9453FD122
:10BB10004FF0FF35B4F90C3043F00202A28100224D
:10BB2000A26004F147022260226101226261626E1A
:10BB3000D60704D4980502D4A06D0EF00FFF284656
:10BB400003B0BDE8F083002ED8D03B6A13B9384665
:10BB5000FFF76EFFB8F1010F266002BFA38943F023
:10BB60000103A381B4F90C3013F00802C4E90465A1
:10BB70001ED0D90745BF00226D42A560A26048BF14
:10BB8000A561626ED20701D49B0513D50025D6E7C7
:10BB9000484600F0D5FA06460028B9D0A3894D469C
:10BBA00043F08003A381D0E70025B3E7A946F5E77A
:10BBB000A260E6E7A06D0EF0D1FEE7E74FF0FF359B
:10BBC000BDE700BF602C002038B50446064D08468E
:10BBD000114600222A601A4605F06CFD431C02D172
:10BBE0002B6803B1236038BD0C2700202DE9F04FEE
:10BBF0000D469DB014469846064618B1036A0BB927
:10BC0000FFF716FF6B6ED90705D4AB899A0502D4EE
:10BC1000A86D0EF0A2FEAB891B0701D52B699BB95D
:10BC20002946304600F0FAF870B16B6EDC0704D597
:10BC30004FF0FF301DB0BDE8F08FAB899805F7D409
:10BC4000A86D0EF08BFEF3E70023CDF80C804FF0CB
:10BC50000109DFF8B481099320238DF829303023BE
:10BC60008DF82A3023469A4613F8012B0AB1252A6B
:10BC7000F9D1BAEB040B0BD05B462246294630467D
:10BC80000EF0E5FE013000F0A780099A5A440992AF
:10BC90009AF80030002B00F09F8000234FF0FF3215
:10BCA0000AF1010A049307938DF853301A93CDE9F2
:10BCB000052354460522544814F8011B0FF034F8AC
:10BCC000049AD8B9D10644BF20238DF85330130706
:10BCD00044BF2B238DF853309AF800302A2B15D00F
:10BCE000079A544600204FF00A0C214611F8013BF8
:10BCF000303B092B4BD9B0B1079214E0A0EB0803FD
:10BD0000A24609FA03F313430493D2E7039B191DD8
:10BD10001B68002B0391BBBF5B4242F002020793FA
:10BD20000793B8BF049223782E2B0AD163782A2B6D
:10BD300032D1039B02341A1D1B6843EAE37303925A
:10BD40000593DFF8D4A00322217850460EF0ECFFD3
:10BD500038B1A0EB0A004022049B01348240134317
:10BD6000049314F8011B062228488DF828100EF0C1
:10BD7000DBFF00283FD0264B1BBB039B073323F080
:10BD8000070308330393099B3B4409936AE70CFBC1
:10BD900002320C460120A8E7002301344FF00A0CC0
:10BDA00019460593204610F8012B303A092A03D989
:10BDB000002BC6D00591C4E70CFB012104460123EA
:10BDC000F0E703AB2A4604A930460093114BAFF3CA
:10BDD00000800746781CD6D16B6ED90705D4AB8995
:10BDE0009A0502D4A86D0EF0B9FDAB895B063FF54C
:10BDF0001FAF09981EE703AB2A4604A930460093FB
:10BE0000044B00F061F8E4E7902504009A25040053
:10BE1000000000004FAA03009625040038B5294B06
:10BE200005460C46186818B1036A0BB9FFF700FE07
:10BE3000B4F90C30190722D4DA0607D409222A6093
:10BE400043F040034FF0FF30A38133E0580712D591
:10BE5000616B41B104F14403994202D0284606F0D7
:10BE6000D1F800236363A38923F02403A381002373
:10BE7000636023692360A38943F00803A3812369D6
:10BE80004BB9A38903F42073B3F5007F03D0214697
:10BE900028460EF089FDB4F90C3013F001020AD0E7
:10BEA0000022A26062695242A261226942B913F083
:10BEB0008000C5D138BD990758BF6269A260F4E718
:10BEC0000020F7E7602C00202DE9FF470F7E914608
:10BED00080460C46782F9A460C9E01F1430207D803
:10BEE000622F0AD8002F00F0DD80582F00F0C380A9
:10BEF00004F1420684F842703AE0A7F16303152B7F
:10BF0000F6D801A151F823F061BF020075BF02000D
:10BF1000F1BE0200F1BE0200F1BE0200F1BE02005D
:10BF200075BF0200F1BE0200F1BE0200F1BE0200C8
:10BF3000F1BE02008BC0020003C0020043C0020039
:10BF4000F1BE0200F1BE0200ADC00200F1BE02006F
:10BF500003C00200F1BE0200F1BE02004BC00200AD
:10BF600033681A1D1B68326004F1420684F84230BF
:10BF70000123A8E031682368081D30601E0601D542
:10BF80000D6803E05D06FBD5B1F90050002D616836
:10BF900078DA2D200029A16084F843002DDA6D4263
:10BFA0005D480A231646B5FBF3F103FB1157C75D45
:10BFB00006F8017D2F460D46BB42F4D9082B0BD164
:10BFC0002368DF0708D5236961689942DEBF302303
:10BFD00006F8013C06F1FF36921B22614B4603AA8C
:10BFE00021464046CDF800A00EF081FD01306FD112
:10BFF0004FF0FF3004B0BDE8F08723F00403236066
:10C00000CDE721683368080653F8045B02D449067B
:10C0100048BFADB26F2F33603F4814BF0A230823D7
:10C02000002184F843106668002EA660BADB216800
:10C0300021F004012160002DB4D1002EB2D11646AA
:10C04000BCE7236843F02003236078273348236844
:10C0500084F845701F06316851F8045B02D45F060E
:10C0600048BFADB23160D90744BF43F0200323601D
:10C070001DB11023D4E72848E9E7236823F0200303
:10C080002360F6E724480A23CDE733682568181DA6
:10C09000616930602E061B6801D5196002E06806F0
:10C0A000FBD5198000231646236197E733680021EA
:10C0B0001A1D32601E68626830460EF035FE08B107
:10C0C000801B606063682361002384F8433085E748
:10C0D0002369324649464046D047013088D023681C
:10C0E0009B0714D4E068039B9842B8BF184681E7C9
:10C0F0000123324649464046D04701303FF478AFED
:10C100000135E36803995B1AAB42F1DCEAE70025ED
:10C1100004F11906F5E700BFA1250400B2250400CB
:10C1200038B50023054D044608462B6005F0A8FAF3
:10C13000431C02D12B6803B1236038BD0C270020BB
:10C14000024B0146186805F05ABF00BF602C002062
:10C1500038B50023064D0446084611462B6005F00D
:10C1600092FA431C02D12B6803B1236038BD00BF93
:10C170000C27002038B50023054D044608462B60E7
:10C1800005F086FA431C02D12B6803B1236038BD49
:10C190000C27002038B50446064D084611460022FB
:10C1A0002A601A4605F076FA431C02D12B6803B1C7
:10C1B000236038BD0C27002038B50446064D0846DC
:10C1C000114600222A601A4605F066FA431C02D185
:10C1D0002B6803B1236038BD0C270020094A516841
:10C1E000C84390FAA0F048B1B0FA80F0042805DC0A
:10C1F000012383400B43536040B270474FF0FF3040
:10C20000704700BF382700200021034B2822034835
:10C21000C3E900110EF098BB38270020102700203A
:10C2200038B50546FFF7DAFF04460448294600EB17
:10C23000C4000EF0EEFD204638BD00BF10270020E0
:10C24000C3B2042B10B515D804230B4A03EBC0036B
:10C25000134453E8002F0A4343E80024002CF8D18C
:10C2600001220649824051E8003F134341E8003073
:10C270000028F8D110BD00BF10270020382700206B
:10C28000F7B54FF0040C01260827184A1849194D34
:10C29000106800B30B7806FA03F420421DD0E04387
:10C2A00052E8004F044042E8004EBEF1000FF7D1C3
:10C2B00017FB03C32B4453E8000F43E800E4002CB2
:10C2C000F9D1019048B1087801AA0B4905EBC000EB
:10C2D0000EF0D7FD012003B0F0BD0B78506883420B
:10C2E0002EBF00230133DBB20B70D1E738270020CB
:10C2F0001C2900201027002078563412024B1868A1
:10C30000003818BF012070473827002038B505468F
:10C310000C4612F069F9084B1B6853B1D3E90423AA
:10C3200095429C412CBF0124002412F058F920466C
:10C3300038BD1C46F9E700BF502700202DE9F04129
:10C340004FF0FF3425460746884612F04DF9144B4E
:10C350001E68A6B912F043F9B5F1FF3F08BFB4F16A
:10C36000FF3F08D0BC4275EB080316D3E71B65EB13
:10C3700008083C46454620462946BDE8F0817269DA
:10C38000D6E903315B1842F10002A34272EB0501CA
:10C390003CBF1C4615467668DBE734463546EAE77F
:10C3A000502700202DE9F74F109F0E46DDE90CA91C
:10C3B00015469DF83CB008B1026882B93FB12946E4
:10C3C0003046B84740F2034003B0BDE8F08F002D7F
:10C3D000F8D0002EF6DB28460FF041F9F2E7019085
:10C3E00012F002F98046584600F0EEF90446404645
:10C3F00012F0F5F8019B8CB947B129463046B84791
:10C400000320314600F0C4FB1A20DDE7002DF7D0F1
:10C41000002EF5DB28460FF022F9F1E72562002512
:10C420002360DFF880800E9BC4E906A9A660E36064
:10C43000A762D8F8003084F824B0656098471AEBFA
:10C44000000649EB010912F0CFF8144B0746D3F868
:10C4500000E0C4E9046972462AB1D2E904018642C7
:10C4600079EB010111D2A5B9C4F804E01C600C4BB2
:10C470001C682CB1D8F800309847FFF75FFFA04741
:10C48000384612F0ACF800209EE7516815460A467F
:10C49000E2E76A6862606C60E9E700BF502700204D
:10C4A00040270020482700202DE9F74F4FF00008D3
:10C4B00081460D4692461E4612F096F84746DFF832
:10C4C0007CB00190DBF800408CB9B8F1000F08D0C7
:10C4D000184B1C682CB1184B1B689847FFF72EFFB0
:10C4E000A047019803B0BDE8F04F12F078B8226879
:10C4F0004A4511D12DB1A268296822F000428A4232
:10C500000AD126B9626857B9CBF8002008E0514635
:10C51000206AB0470028F5D027466468D4E77A60DF
:10C52000D4F8048020460EF020FC44464FF0010869
:10C53000CAE700BF402700204827002050270020DE
:10C54000014B1860704700BF4027002070B50E46B1
:10C55000094904460846154605F0E9FA0023074A4A
:10C5600030211360064A05201660064A15602246EF
:10C57000BDE8704000F0C2B8C32504005027002079
:10C58000482700204427002070B504461646184668
:10C590000022002386B0CDE904230B4B0D461B6817
:10C5A00013B9212006B070BD04A998470028F8D11E
:10C5B000DDE904230290CDE90023294632462046D6
:10C5C0000EF00DFCEEE700BF44270020F8B505464D
:10C5D00010200F46164600F0F1FA044601461022DC
:10C5E000074805F0A9FA44B101230020E3602B6855
:10C5F000C4E9017623602C60F8BD1A20FCE700BF77
:10C60000C32504002DE9F84F814688460027DFF84E
:10C61000B4A0294E48464146FFF778FED8B911F03C
:10C62000E3FF264B06461B689847FFF787FE054643
:10C630000C464FB1B1F1FF3F08BFB0F1FF3F03D04F
:10C640001F4B1B6803B19847304611F0C8FF2846BE
:10C650002146BDE8F88F11F0C7FFDAF8004084B139
:10C660006368CAF8003011F0BAFFA368346033F091
:10C6700000430AD130680EF078FB002301273360B5
:10C68000C8E711F0ACFF3460C4E72368002BF1D099
:10C690001D68002DEED0A26832F00043EAD0D5E943
:10C6A000007B236A2168A868D8470028E2D1002FC0
:10C6B000E0D03D46EFE700BF4C2700204827002090
:10C6C0004027002050270020F8B504460D4611F001
:10C6D0008BFF094B1B684BB1D3E90667C4E90067C0
:10C6E000DB682B60BDE8F84011F079BF0026002719
:10C6F000C4E90067F5E700BF4C2700202DE9F047AB
:10C700004FF6FC78002416461B4F03311B4B07EBFA
:10C71000001501EA08084FEA001A1B686A80814682
:10C7200027F80A8002FB08F0EC60984718FB06F334
:10C730009BB2024668602B81D8B11149284651F856
:10C74000291005F0F6F921462A8968680EF0FCF8F0
:10C75000214623469E4204DC002057447E80BDE8EB
:10C76000F0876A68E868541850500133EC6041441F
:10C77000F0E71A20F3E700BF401C002054270020F8
:10C780008426040038B5094C04EB00156B682BB106
:10C79000284605F0D0F968680EF061FF2846BDE82C
:10C7A0003840102200210EF0CFB800BF401C0020FE
:10C7B000034B0201C3E90010002102480EF0C4B887
:10C7C00054270020401C002038B5094B020103EB20
:10C7D0000015EC68284621469A5A05F0ADF924B1B7
:10C7E0002368EB606B88013B6B80204638BD00BF3F
:10C7F000401C0020024B03EB00139878704700BFE9
:10C80000401C002030B4064C04EB0013DD685A884D
:10C810000D600132184630BCD9605A8005F08DB9E0
:10C82000401C0020044A010102EB0013505A10B1D1
:10C830001B89B3FBF0F07047401C00200020124B16
:10C8400010B51870114B124C1860124B2060187004
:10C850006060A060FFF7E6FF80B2A0F10E03638086
:10C86000A0F11403013060810B49201DE38005F025
:10C870005EF92046094905F05AF904F10800084913
:10C88000BDE8104005F053B91E2900207427002090
:10C89000FA2700201D290020B8260400C126040024
:10C8A000CB26040070B5044680B311F09DFE637979
:10C8B00005466FF382036371237913F0100605D0E8
:10C8C00010232371BDE8704011F089BE104903F0B8
:10C8D000030331F823203046013A21F82320214672
:10C8E000FFF790FF0B4B0C4E1C681CB90A4B2846F7
:10C8F0001C70E7E7237A1BB933781BB92468F4E787
:10C90000012BFBD1204663689847F7E770BD00BF55
:10C91000FA270020742700201E29002010B50446A5
:10C9200011F062FE034B1A6822601C60BDE81040E3
:10C9300011F055BE7427002010B5064B00F0E00042
:10C940001A78541C1C70044B03F8320003EBC2032A
:10C95000596010BD1D2900205C2700200022F8B579
:10C960000E4C0F492378934214D951F83260551C6C
:10C9700086424FEAC2070ED15E1E0A48B21AD200A2
:10C9800007F1080101449D4288BF002238440DF0A0
:10C99000C1FF2670F8BD2A46E5E700BF1D2900202B
:10C9A000602700205C2700202DE9F04F0446460751
:10C9B00089B048BF00F0F7040492029111F014FE10
:10C9C000604E04F0030706EB870336F827205B88E8
:10C9D00081469A4204F0EF0A4FEA870830D20020DD
:10C9E000FFF7F2FE054638B336F8273048460133E4
:10C9F00026F8273011F0F3FD28460EF0CCFC029B00
:10CA0000029AAB71049B85F804A01344EB7111F0FA
:10CA1000EBFD80464C4B1C68002C40F08B80404660
:10CA200011F0DDFD06EB87004522294605F084F86C
:10CA3000284609B0BDE8F08F01224846434B1A70E2
:10CA400011F0CDFD25071DD51F2C1BD904F0E003E7
:10CA5000B044039311F0C8FDB8F8023036F82790BF
:10CA60004FF0000B99452CBF00230123DFF8E48031
:10CA7000019311F0B4FD06EB87030593344B1B784B
:10CA80009B4508D384F004005146C0F3800000F0B9
:10CA90007FF80025C6E798F80030039A1A4204D0C0
:10CAA000D8F80490D9F8003023B90BF1010B08F144
:10CAB0000808E3E707935A79D00708D51A79510790
:10CAC00005D5019941B98AEA0202920704D0994634
:10CAD0001B68002BEFD1E5E748460EF0C2FA057956
:10CAE000079007A80EF09FFA2946002000F050F8A2
:10CAF00011F07AFD059B36F827205B8805469A429F
:10CB000034BF01230023019309D20020FFF75CFE0C
:10CB1000079058B136F82730013326F827302846D9
:10CB200011F05DFD079D002DBCD065E70122074B8C
:10CB30001A70F4E7237A012B02D1204663689847E4
:10CB4000246869E7FA270020742700201E290020A6
:10CB50001D2900205C2700200022014B1A6070472D
:10CB60007827002010B5044611F03EFD074A1368EF
:10CB70002BB914602360BDE8104011F030BDA34212
:10CB800002D01A461B68F3E710BD00BF78270020CB
:10CB900070B505460E46054B1C6804B970BD636848
:10CBA0003146284698472468F7E700BF78270020D9
:10CBB0000149084604F0BBBFD8260400012838BF4D
:10CBC000012038B5C41C24F00304204605F0E0F829
:10CBD000054601462246084804F0AEFF2DB921461D
:10CBE0000220FFF7D5FF284638BD224600212846FF
:10CBF0000DF0AAFEF7E700BFD826040010B5064CDA
:10CC0000237823B9ECF722FF18B901232370002001
:10CC100010BD40F20740FBE71F29002038B50B4B41
:10CC200004461B780D464BB12146284606F019FBF9
:10CC3000002840F2074008BF002038BD04490548DD
:10CC4000FFF7DCFF0028EFD0F7E700BF1F29002027
:10CC5000EFBEADDEBEBAFECA436A70B559040446E3
:10CC600016D4154A03F4004392F82620012A10D165
:10CC7000826A92040DD4002B00F101010CBF5320F5
:10CC800014200AF033FB18B9636A43F008036362A7
:10CC900070BD002BFCD1094D661C29463046F4F7C7
:10CCA000D5FE0028F4D12B68C4F80130AB88A4F875
:10CCB0000530AB79E371E7E7AC210020B721002014
:10CCC0002DE9F0411E4E3071C0B333460022482199
:10CCD000EBF70CFC38B905464FF0480807463379A6
:10CCE000AB4202DC0020BDE8F0813468002108FB83
:10CCF00005441422A76104F134000DF025FEA022A2
:10CD00004FF4A073C4E90723072304F1100084F84B
:10CD10003130E773E7710EF086F904F114000EF07C
:10CD200082F920460EF0A1FC40F20113E3857F2337
:10CD3000A76284F8323067620135D0E73060D1E70E
:10CD40007C270020084A03461179814209D91068DE
:10CD500040B103EBC30300EBC300406A00F00100E5
:10CD600070470020704700BF7C27002038B504467C
:10CD70000D46FFF7E7FF034640B10020044B04EBEC
:10CD8000C4041B6803EBC4032B6038BD2120FBE700
:10CD90007C2700202DE9F04F0446344A93B01068F8
:10CDA00051680FAB03C3906812AA1860E37B94F834
:10CDB0002E7002EB430333F80C1C636A94F82F6067
:10CDC000DA0444D40126374641F0100194F80E806D
:10CDD000C3F340495B0348BF49F002098BB288F0B6
:10CDE0000808012F94F800A094F831500B9304F137
:10CDF000080BD4E90723C8F3C00894F9324005D0E2
:10CE0000022F03D0042F14BF00270327012E05D0C3
:10CE1000022E03D0042E14BF002603265046CDE96F
:10CE20000C230EF0C6FCDDE90C230121CDE90760DF
:10CE3000CDE900515046CDE90547CDE903B90B993D
:10CE4000CDF8088000F06CFD13B0BDE8F08FA26A49
:10CE5000950648BF41F02001500648BF41F040010F
:10CE6000DA0348BF41F00401B0E700BFE226040046
:10CE700037B5044648B104782046FFF763FF10B980
:10CE8000002003B030BD0134E4B2074D2B79A3423A
:10CE9000F6D9204601A9FFF769FF08B90198F0E724
:10CEA0000134E4B2F2E700BF7C2700202DE9F04F07
:10CEB000054600F1100A87B0504605F1140B0C46E8
:10CEC00017460EF0B0F858460EF0ADF800200EF000
:10CED0006EFA0646002800F00381012F40F27268C6
:10CEE00018BF4FF01F08012C60D0022C0CBF062485
:10CEF0000424022130460EF0C2FB012130460EF020
:10CF0000BEFB214630460EF0BAFB30460EF010F95B
:10CF1000012384B2A8EB04010A22009389B242F6ED
:10CF2000072330460EF0FBFB04230444A4B2A8EB15
:10CF300004010093122242F60423304689B20EF017
:10CF4000EEFB0719BFB2A8EB0709B9F1010F049670
:10CF50002EDC0024644F97F82630002B00F0A080D0
:10CF600050460EF060F86B6A2E6143F080026A62F0
:10CF7000DB0400F1A78097F82600002840F0A2808B
:10CF80000EF015FA0590002800F09C8041460EF046
:10CF900081FB002800F0A0805846059C0EF043F865
:10CFA0006B6A6C6143F480736B628BE00524A0E7CD
:10CFB00000200EF0FCF905900028CAD00221F5F7F8
:10CFC000BBF8A8F10204E41BA4B28442074611D2C4
:10CFD00024F001018BB2411A05A803930EF04AF91F
:10CFE000039B1F4602233FB90598E0B905A80EF040
:10CFF0001AF8AEE70323F6E7791C0498C9B2039345
:10D000000EF03DFB039B049819460EF038FB059982
:10D0100004A80EF0A8F900200EF0C9F90590002828
:10D0200032D0E41BA4B2022C38BF0224A31E9BB250
:10D030000F2B30D910210393F5F77EF8039B04469C
:10D0400083421ED223F00F018BB2411A05A803932D
:10D050000EF010F9039B1C460623611C0498C9B20C
:10D0600003930EF00CFB039B049819460EF007FB8C
:10D07000059904A80EF077F9BB1C1C44A4B23FB973
:10D0800068E740B10723E8E705A80DF0CCFF3C4670
:10D090000234A4B25EE705A80DF0C5FF3C46EEE7FA
:10D0A000A9EB040189B230460EF0F4FA044650466A
:10D0B0000DF0B9FF6B6A2E6143F080026A62002CAA
:10D0C0003FF456AF686A10F010000AD0284607B047
:10D0D000BDE8F04F0EF0A8BB05A80DF0A4FFF1E7E6
:10D0E0001A2007B0BDE8F08FAC21002070B5144BBA
:10D0F0000546197918680023994201DC1A201AE0C4
:10D10000426AD60718D490F83940640714D4DCB2C8
:10D1100003460C4903F8014BD1F80B6042F00902B9
:10D12000C0F80160B1F80F60497C9E80997142623D
:10D13000FFF730FE2C7070BD01334830DCE700BFD4
:10D140007C270020AC2100208378F7B5122B0D46F8
:10D1500032D10B6801A99A790C3213441E79DF7819
:10D160003046FFF703FE88B9019C636A23F0100381
:10D1700063628FB93146A069621C104B00F0DAF986
:10D18000222239460D48A7610DF0DEFB284603B088
:10D19000BDE8F0400DF047BF20460EF066FA636A26
:10D1A0005A0603D523F040036362EFE7304604F1EB
:10D1B0003401F6F769FAE9E703B0F0BDD4210020A5
:10D1C00073B5144D144C2A68236802F0400103F033
:10D1D00002030B431BD093064CBF0126A67AF4F73B
:10D1E000CFFB0196837983F00803C3F3C003009358
:10D1F000E388A288217A607A00F04EFB40B9236868
:10D2000023F0020323602B6823F040032B600020EF
:10D2100002B070BDAC210020842700200121002035
:10D22000054BA3F10802C3E9000043F8081C4FF0C6
:10D2300010135172536070478C270020032910B5DA
:10D2400010D9032A0ED991420CD301280AD8064CD2
:10D2500020720020A3722368A18043F00203E280C1
:10D26000236010BD2120FCE784270020014B187BA0
:10D27000704700BF84270020024BD87A003818BFBF
:10D28000012070478427002070B51F4D2B68590777
:10D2900007D50021084600F025FB2B6823F0040386
:10D2A0002B601A4E2B68326803F0080302F002026A
:10D2B000134310D0F4F764FB83791A071FD5F6F7F0
:10D2C0005FF80446C8B92B6823F008032B60336865
:10D2D00023F002033360FFF773FF044668B9EB7A6B
:10D2E0005BB12B685B0708D40121084600F0FAFA0D
:10D2F00040B92B6843F004032B60204670BDF6F75D
:10D3000023F8DEE70446F8E784270020AC2100205C
:10D3100070B5124C257B637B22689D42B8BF1D46C9
:10D320009207E37AEEB201D4B34215D01BB10023C9
:10D33000E372FFF7A9FFE67275B1094B93F8263047
:10D34000012B05D1236843F002032360F5F7B4FDF8
:10D35000BDE87040FFF798BF002070BD8427002013
:10D36000AC210020022938B504460D4601D9212000
:10D3700038BD0EF0B3FB0028F9D00E4B1A7BB2B9C2
:10D380001A68D10742BF22F0010242F002021A607D
:10D39000094A525D1A735A7AA2421FBF1A685C7218
:10D3A00042F002021A60BDE83840FFF7B1BF022028
:10D3B000DEE700BF84270020EE260400032805D105
:10D3C0000A4A136843F00803136008E0012808D1F3
:10D3D000064BDA7A42B11A6842F008021A60FFF787
:10D3E00053BF10F0FD0FEBD00020704784270020C2
:10D3F000A0F11B03E02B10B5044618D8042142F21B
:10D4000024000BF06AFF6FF06F0343714223A0F812
:10D41000034083710748EEF71FFB0BF08CFF407948
:10D4200020B10BF088FF407940F4805010BD2120DE
:10D43000FCE700BFE152030037B504460D460EF08D
:10D4400086FB6988204609F0D7FD6A7E2B7E204640
:10D4500043EA0223A4F862306A7F2B7F43EA022367
:10D46000A4F86430EA7EAB7E43EA0223A4F8663077
:10D470001B23A4F86C302D4B5A8B9B8BA4F868208F
:10D48000A4F86A30022384F872300CF0EEF92046DA
:10D490000EF056FC94F87330022B15D100F06CFBA3
:10D4A00070B194F9753001330AD105212046A36883
:10D4B00043F48053A36003B0BDE830400EF09CBB42
:10D4C0000021204609F09BFD00212046F4F70EFBC9
:10D4D0004FF6FF73288C984225D000F0C7F90094CE
:10D4E00000F0B2F96A46ADF8040040F20621104897
:10D4F0000DF0C7FC002240F2022120460DF07DFC19
:10D500002046F4F7B9F920460EF026FC2046F6F73F
:10D510004FF8A368012123F480432046A3600EF056
:10D520006FFB03B030BD0020D9E700BFAC21002065
:10D53000A8210020F7B504460F46164668465A79DA
:10D54000991D1D46F4F760FA2CB969463046F4F788
:10D5500093F80446A0B140F2032384F87670A4F84F
:10D56000723033682946C4F85A30B3882046A4F88C
:10D570005E30B37984F86030FFF75EFF03B0F0BD32
:10D58000032140F206400BF0A8FE6B88A0F80330A0
:10D590000D2343710148EEF75FFAEFE7C551030031
:10D5A00007B590F870304FF4887101AA03488DF8E0
:10D5B00004300DF066FC03B05DF804FBA8210020E8
:10D5C0002DE9FF4103780446302B0E4639D006D8AA
:10D5D000052B25D0082B41D004B0BDE8F0813E2BAF
:10D5E000FAD183780C2B4BD8022BF5D9033B092BAE
:10D5F000F2D801A252F823F091D60200D1D702004E
:10D60000D9D50200D9D5020069D70200D9D50200C8
:10D61000D9D50200D9D50200D9D50200BDD7020064
:10D62000B0F80300F4F766F828B1617909B141F464
:10D6300080510EF065FA304604B0BDE8F0410DF0BF
:10D64000F2BCB0F80300F4F755F80028F3D0A17845
:10D6500009B141F480510EF0ACFAECE7B0F80300E8
:10D66000F4F748F80028E6D0627990F8743022B1D7
:10D6700043F0010380F87430E9E703F0FE03F9E7B3
:10D68000212B00F0BA80292B1FD0202BD3D0A3E769
:10D690008088F4F72FF80028CDD0E278002ACAD18C
:10D6A000E179A27942EA0122A0F86220E17AA27A25
:10D6B00042EA0122A0F86420227A617A42EA012239
:10D6C000A0F86620F4F7D8F8B5E7C778851C3C2F9A
:10D6D00002D10EF0E7F9AEE790F80680B8F1000F3E
:10D6E00023D1564A146AC2F82080CFB12946204679
:10D6F00047F480570EF02BFAE76084F8728040F20E
:10D700000121204601AACDE901470DF0BAFBA3682B
:10D71000414643F480632046A360F4F737F88AE774
:10D7200029462046FFF788FE85E74FF6FF73408CB9
:10D7300098420BD000F09AF840B1F4F721F92B464B
:10D740000246FF210020FFF7F5FE74E72B463C4A16
:10D750002234154618685968083303C5A3422A467F
:10D76000F7D11B882B8066E7B0F80300F3F7C2FF00
:10D7700000283FF460AF40F20911B4F8053090F88A
:10D780007020A0F86C308DF80420ADF80630227AB5
:10D79000E37943EA0223ADF80830A27A637A43EAD8
:10D7A0000223ADF80A30227BE37A43EA0223ADF884
:10D7B0000C3001AA23480DF064FB3CE78088F3F7A6
:10D7C00099FF00283FF437AFA179F4F777F832E7F3
:10D7D0008088F3F78FFF00283FF42DAF90F870306A
:10D7E0000E218DF80430D4F8063001AACDF80530AA
:10D7F000D4F80A30CDF80930DCE78088F3F77AFFF7
:10D8000000283FF418AF90F870304FF403718DF892
:10D810000430E37801AA8DF80530A3798DF806303D
:10D82000E3798DF80730237A8DF80830637A8DF824
:10D830000930A37A8DF80A30BCE700BFAC21002084
:10D84000D4210020A821002050B11422064B1B68CF
:10D85000C31AB3FBF2F3007C40EA032080B27047A6
:10D860004FF6FF70704700BFBC2C002002460949EC
:10D870000B7A0968FF2B01D10020704703EB83036B
:10D8800001EB830031F82330C3F30B039342F4D050
:10D89000437CEFE7BC2C0020F8B507460E4642F269
:10D8A0004100082115461C460BF017FD9DF8183065
:10D8B0004771C3709DF81C3086710371A0F8075042
:10D8C000A0F809400648EEF7C7F80BF034FD4079A0
:10D8D00020B10BF030FD407940F48050F8BD00BF1E
:10D8E00059BB010038B505460C4642F242000621FC
:10D8F0000BF0F3FC0023C57043718371C371037295
:10D9000004710648EEF7A8F80BF015FD407920B138
:10D910000BF011FD407940F4805038BDC1BB0100CF
:10D920002DE9F041154606460F4642F23600192110
:10D930001C46DDF824800BF0D0FC2B0AC371230AAF
:10D9400083729DF81830857103739DF81C30447202
:10D9500043739DF820302D0C240CC670878005720F
:10D96000C4728373D8F80030C0F80F30B8F80430B0
:10D970008676A0F813309DF8283043759DF92C3039
:10D9800083759DF83030C375002303769DF83430DD
:10D9900043769DF83830C3760648EEF75DF80BF015
:10D9A000CAFC407920B10BF0C6FC407940F48050AD
:10D9B000BDE8F08161BC010038B505460C464FF664
:10D9C000194005210BF089FCC57044600548EEF74D
:10D9D00043F80BF0B0FC407918B1BDE838400EF0C8
:10D9E00030B938BDED4E030038B505460C464FF64C
:10D9F0001A4005210BF071FCC57044600548EEF734
:10DA00002BF80BF098FC407918B1BDE838400EF0C7
:10DA100018B938BD1D4F030070B50D4606460121EB
:10DA2000DAB1FFF7C9FF0446A8B9072142F2350071
:10DA30000BF053FCC6702B684360AB880381084829
:10DA4000EEF70AF80BF077FC437923B10BF073FC87
:10DA5000447944F48054204670BDFFF7C5FFE2E7E7
:10DA6000595003000A4610B50421044642F237001B
:10DA70000BF03EFC032303710023C47043718371D8
:10DA80000548EDF7E9FF0BF056FC407918B1BDE809
:10DA900010400EF0D6B810BD4D4F03000A4610B529
:10DAA0000421044642F238000BF022FC03230371E8
:10DAB0000023C470437183710548EDF7CDFF0BF06F
:10DAC0003AFC407918B1BDE810400EF0BAB810BD6C
:10DAD000994F0300F8B506460F4642F23900062179
:10DAE00014461D460BF0F9FB01238471240A0371CF
:10DAF000C7704671C47105720548EDF7ADFF0BF0B4
:10DB00001AFC407918B1BDE8F8400EF09AB8F8BD9B
:10DB1000E54F03000C4B01461A789AB95B689B07E6
:10DB200010D490F97520013218BF012291F85230BB
:10DB300013F0400005D091F8600010F0400018BFCD
:10DB4000D0B270470122F1E794270020024B5868B9
:10DB500000F00200704700BF94270020024B586875
:10DB600000F00800704700BF94270020014B1B689D
:10DB7000184700BFC82C002008B509F01AF8012882
:10DB800009BF034B0020586800F0100008BD00BF1B
:10DB90009427002007B502460846042802F0010138
:10DBA00013D9B1B903200C4B5A6002F080030193E2
:10DBB00002F04003009302F0200302F0040200F0A0
:10DBC000ABFB002003B05DF804FB0029EBD0032879
:10DBD000E9D12120F6E700BF9427002038B50D4990
:10DBE0000D48FFF70BF80446054688B90B4B0C4A65
:10DBF0001A600C4A5A600C4A9A600C4ADA6000F0CB
:10DC0000F7FB032104462846FFF7C4FF084B1D70AD
:10DC1000204638BDEFBEADDEBEBAFECAC82C00201D
:10DC20000DE3020017C1030059E3020069FB020083
:10DC30009427002038B504460320FEF7BFFF0546B1
:10DC4000D0B194F87030037094F87530437020466A
:10DC5000F3F704FE2A46A87040F2026107480DF06F
:10DC6000CCF8074B2046DB680121984794F97500F2
:10DC7000BDE83840F2F75CBF38BD00BFA8210020E6
:10DC8000C82C002070B5054608200E46FEF796FF0A
:10DC9000044680B195F8703000210370064B466051
:10DCA000DB68284698472246BDE8704040F2016193
:10DCB00002480DF0A2B870BDC82C0020A821002099
:10DCC00038B5054608200C46FEF778FF024638B105
:10DCD000C0E90054BDE838400D2102480DF08DB870
:10DCE00038BD00BFA821002038B5054608200C46E5
:10DCF000FEF764FF024650B195F8703040F20561BE
:10DD0000037044600248BDE838400DF076B838BD75
:10DD1000A821002013B504460191114612B301A9B0
:10DD20000420FEF77BFF019B104A2046B3FBF2F173
:10DD300002FB113345F218020021019301AB0EF0F2
:10DD400055F90820FEF73AFF024648B194F87030C2
:10DD500040F204610370019B436005480DF04DF8EB
:10DD600002B010BD45F2180201ABE8E740420F00D7
:10DD7000A821002010B504460120FEF71FFF02462F
:10DD800048B194F8703040F203610370BDE8104070
:10DD900001480DF032B810BDA821002038B5054665
:10DDA00008200C46FEF70AFF024650B195F8703085
:10DDB00040F20761037044600248BDE838400DF04E
:10DDC0001CB838BDA8210020014B5B68184700BF74
:10DDD000C82C002010B50F4C2368D3B10022D3F813
:10DDE000A0001A7783F83D2083F85E2004F0A4FF9A
:10DDF0002068442160300DF028FC206821211D306E
:10DE00000DF023FC20682121BDE810403E300DF0CC
:10DE10001CBC10BDA0270020F0B5062087B0E8F795
:10DE20006FFE0DF01AFC054640B901461A20FFF7B7
:10DE300047FF6FF08C04204607B0F0BD2F4E3068CE
:10DE400004F07AFF044640B110F1880F05D0014676
:10DE500040F20740FFF734FFEDE708F0AAFE032881
:10DE6000074622D10024346003F00FFB00026860F3
:10DE70006C6140F2011128460DF0B5FF204B694658
:10DE8000EB60204B2B6000230093EBF7ABFD0446C7
:10DE9000E0B1014640F20740FFF712FF284605F0C7
:10DEA000C4FA28460DF0DBFBC5E732686B686A618F
:10DEB000DAB222B923F0FF0343F001036B6003F0F1
:10DEC000E4FA000240F001006860D2E7032FE5D1D8
:10DED00001AB102202A9009804F099FF102104461A
:10DEE00002A80DF0A4FB02A910200DF0BBFB10212D
:10DEF00002A80DF0AAFB009B3360CFE79C2700200F
:10DF00000044400400248000FF282DE9F84316BF98
:10DF10001C4D1D4B45EA002581464FF00600884602
:10DF2000174608BF1D68E8F7EBFD0DF096FB0646A7
:10DF300018B30146284604F024FF0446304605F095
:10DF400074FA30460DF08BFB14F1880F0FD1B9F144
:10DF5000FF0F0ED1FFF760FF044660B90A4B1D6842
:10DF60000020C8F8005007B13C60BDE8F883002CE1
:10DF7000F6D02120F7E70025F2E71A206FF08C0495
:10DF8000F1E700BF068004009C2700202DE9F04146
:10DF90008AB006AC884615460346264600F11007AF
:10DFA000224618685968083303C2BB421446F7D1A9
:10DFB000102130460DF03BFB002306200593E8F7C7
:10DFC0009FFD0DF04AFB044610B310274FF48071FB
:10DFD0000DF009FF194B1A49036005ABC1603246C9
:10DFE00028460293CDE900873B46EBF757FC0546F0
:10DFF000F0B9394640460DF01AFB394630460DF06F
:10E0000024FB204605F011FA20460DF028FB0BE01A
:10E010006FF08C0140F20740FFF752FE10213046AE
:10E020000DF013FB6FF08C0528460AB0BDE8F081B7
:10E03000014640F20740FFF743FEDEE70024800080
:10E04000004440042DE9FF41054606208846164657
:10E05000E8F756FD0DF001FB044648B901461A20C9
:10E06000FFF72EFE6FF08C05284604B0BDE8F08166
:10E0700003F00BFA2A466D4600232F46000260602B
:10E080006361204606F580710DF0ADFE144BE36030
:10E09000144B236002F110032E46106851680832B9
:10E0A00003C69A423546F7D1102138460DF0BFFA23
:10E0B000434610223946204604F02EFF054620B183
:10E0C000014640F20740FFF7FBFD102138460DF0F6
:10E0D000BCFA204605F0A9F920460DF0C0FAC3E7C6
:10E0E00000444004002480002DE9F0434FF0000973
:10E0F00087B0044606200E4617469846CDE9049997
:10E10000E8F7FEFC0DF0A9FA054670B303F0BDF97F
:10E1100000024FF480516860C5F8149028460DF055
:10E1200062FEDFF874901B4B21462B601022C5F86D
:10E130000C9004AB04F0F0FE044628BB05AB029340
:10E1400010233246CDE9008349463B46049805F04A
:10E150000EF80446C0B9049804F0EEFD284605F018
:10E1600064F928460DF07BFA0AE06FF08C0140F26A
:10E170000740FFF7A5FD049804F0DEFD6FF08C0466
:10E18000204607B0BDE8F083214640F20740FFF784
:10E1900097FDE0E7002480000002C003F0B50E46C2
:10E1A0000446154693B02022304643490CF0A2FBAA
:10E1B00068B92022284641490CF09CFB38B9404BF5
:10E1C0001B681B7D002B64D040F203401BE0246CD5
:10E1D0002022304604F151010CF08CFB38B920228A
:10E1E000284604F171010CF085FB0028ECD00620D4
:10E1F000E8F786FC0DF031FA044630B901461A20E2
:10E20000FFF75EFD1A2013B0F0BD0027009703F062
:10E210003CF9000260604FF48041204667610DF0D8
:10E22000E2FD284B3046E360274B06F120022360D5
:10E2300004238DF804300DF1050350F8041B9042BF
:10E2400043F8041BF9D10DF1050020210DF0EFF981
:10E2500028460DF1250305F1200250F8041B9042D9
:10E2600043F8041BF9D120210DF125000DF0DFF951
:10E2700001A96B464122204604F04EFE014650B9EA
:10E28000204605F0D2F820460DF0E9F9009804F098
:10E2900053FD0020B7E710F1870F03D040F207408D
:10E2A000FFF70EFD204605F0C0F820460DF0D7F927
:10E2B000009804F041FD87E704280400E4270400E7
:10E2C000A0270020000002091241000100F0C00355
:10E2D000402B07D1094B1B6873B100F03F0053F886
:10E2E00020007047802B01D1054BF4E7054A064812
:10E2F000C02B08BF1046704703487047A82700206E
:10E30000A427002019C20300FDE70200014B1B688F
:10E31000187A7047A0270020003918BF0121003B60
:10E3200018BF012310B50B4C003A246818BF012216
:10E33000A3749DF808302070003B18BF0123E374DC
:10E340009DF80C302174003B18BF012362742375C3
:10E3500010BD00BFA027002001280AD002280ED03F
:10E3600098B90B4B1A68936943F00103002093613D
:10E370007047074B1A68936943F00203F6E7044BB2
:10E380001A68936943F00403F0E72120704700BF47
:10E39000A027002038B5094D2C6854B9A4200DF0F1
:10E3A0005CF9286038B1224605490648FEF70EF9A7
:10E3B00038BD0020FCE71A20FAE700BFA0270020A4
:10E3C00035BE0300AC270020024B034A00201A6030
:10E3D000704700BFA8270020A0270400024B034A73
:10E3E00000201A60704700BFA4270020782704008F
:10E3F00010B5144CFFF7EEFC2068A4210DF025F9B0
:10E4000003224FF0FF3123681A70D96000221021D7
:10E410001A7783F83D2083F85E201A829A74197265
:10E420009A61EBF713FB044648B908F0C2FB0328D6
:10E43000054B08BF00232046044A136010BD40F27C
:10E440000740FBE7A0270020370004009C2700209E
:10E450002DE9F04383680446590687B040F1B18046
:10E4600023F0400383600DF086FD802802D0402811
:10E4700040F0AA8094F9758004F13409B8F1FF3FA7
:10E480001DD108F096FB012871D1636B04201A8816
:10E490008DF808201A4632F8021B090A8DF8091077
:10E4A000D3F8023002A9CDF80A3053680A22CDF819
:10E4B0000E30F2F7CBFAB0F1FF3F804657D0A56897
:10E4C00015F4807553D10620E8F71AFB0DF0C5F856
:10E4D000074698B901461A20FFF7F2FB204641F2A1
:10E4E0000601FFF7CFFB20460021F4F765FF04F19A
:10E4F000340007B0BDE8F0430DF08DBD20460DF0AF
:10E500003AFD802828D1494D394645EA0825284654
:10E5100004F037FC0646384604F087FF16F1880FF2
:10E520001BD1434D394645EA0825284604F029FC0D
:10E530000646384604F079FF38460DF090F896B953
:10E54000606B2A4602A90A30FFF720FD70B3102144
:10E5500002A80DF07AF8C1E72E4620460DF00BFD1B
:10E560004028E9D1DDE7314640F20740B4E794F8AE
:10E570007430DA0702D4A368DB05AFD5002201A905
:10E5800004F118000192FFF75DFD18B1019804F045
:10E59000D3FBA3E7606B019A02A90A30FFF7F6FCF0
:10E5A0000546019804F0C8FB002DD0D1204602A9F1
:10E5B000F4F702FF02A810210DF047F848460DF0CD
:10E5C0002AFD07B0BDE8F083636B1A88002A85D165
:10E5D000882801D04B2881D10021013313F8012F65
:10E5E000002A7FF47BAF01310829F7D1206C01A903
:10E5F00000F598700192FFF725FD0028C6D1606BE9
:10E60000019A02A90A30FFF7C1FC0546019804F0FF
:10E6100093FB002D9BD1204602A9F4F7CDFE02A862
:10E6200010210DF012F804F13400C8E70580040051
:10E63000038004002DE9F043804693B006200F4686
:10E6400016469946E8F75CFA0DF007F8044648B913
:10E6500001461A20FFF734FB6FF08C05284613B0F3
:10E66000BDE8F08302F011FF0023000260606361E7
:10E670004FF4804120460DF0B6FB5A4BE3605A4BF5
:10E6800023605A4B1A68137F022B21D102F16003D9
:10E6900002F1800153F8040B8B4247F8040BF9D1C7
:10E6A00002F1A00153F8040B8B4246F8040BF9D198
:10E6B000D2F8A0302046C9F8003004F0B6FE20465B
:10E6C0000CF0CDFFB8F1000F40F085800025C5E7C4
:10E6D0009369DB072DD5464B03F1200253F8041B49
:10E6E000934247F8041BF9D1424B03F1200253F83F
:10E6F000041B934246F8041BF9D14B4620223E49A5
:10E70000204604F009FC0546204604F08EFE204613
:10E710000CF0A5FF002DD5D0294640F20740FFF7A9
:10E72000CFFAB8F1000F99D0082140460DF052FD04
:10E7300094E74946EBF756F9054690B1014640F299
:10E740000740FFF7BDFAB8F1000F03D0082140469B
:10E750000DF040FD204604F068FE20460CF07FFFDF
:10E760007CE76B46412201A9D9F8000004F0A9FB1F
:10E770000546204604F059FE20460CF070FF4DB1CE
:10E78000294640F20740FFF79BFAD9F8000004F051
:10E79000D3FAC6E73A460DF105030DF1250153F80A
:10E7A000040B8B4242F8040BF9D132460DF14501BE
:10E7B00053F8040B8B4242F8040BF9D101A8412114
:10E7C0000CF043FF384620210CF031FF2021304669
:10E7D0000CF02DFF76E7002245F2160140460DF0C1
:10E7E000F5FB73E70000020912710001A027002069
:10E7F000F1260400122704002428040045F2060331
:10E80000994210B5044637D01FD840F203239942ED
:10E8100007D045F2020399423FD040F201239942CA
:10E820001FD1244894F870100CF0BEFA94F873309D
:10E830004FF4A041012B14BF80204020FFF746FD7C
:10E8400000220346204698470BE045F21703994201
:10E850002ED045F21A03994205D045F20C03994295
:10E860001FD0482007E0C0210DF095FB072120466E
:10E87000FFF708FA002010BD93791A44517C41F447
:10E880009051FFF7FFF994F873302046012B14BF25
:10E89000802140210DF07FFBECE705210DF09AFC73
:10E8A000E8E70DF068FB4128E4D005212046F5E7B4
:10E8B0000220E0E7AC270020B1F5A04F2DE9F041A0
:10E8C0000446164600F01481A1F5A043DD1F042D77
:10E8D00000F215819279083B0C321644026C92F8D2
:10E8E0005021032B05D8DFE813F043009B00B9004B
:10E8F0000001D10719D5771D1022394682480BF047
:10E90000F9FF002862D008F054F90128206C0ED1DC
:10E9100003213A4690F95E01F2F736F810210546D8
:10E9200038460CF092FE002D4CD100276BE03B46A0
:10E930001022032190F95E0108F03DF994F873303C
:10E940000546012B0DD13B4604F11802153653F84C
:10E95000041BB34242F8041BF9D1A36843F480734B
:10E96000A360102138460CF070FE002DDDD011E0C0
:10E9700012F00107D9D008F01CF901282DD1236C21
:10E98000062093F95E81E8F7BBF80CF066FE0546B9
:10E9900018B91A250021284612E001465B4840EAD2
:10E9A000082004F0EEF98046284604F03EFD284693
:10E9B0000CF055FEB8F1000F0FD0414640F2074071
:10E9C000FFF77EF9082120460DF004FC20460821BF
:10E9D0000DF000FC40F2034020E0206C06F1050839
:10E9E00043460A22022190F95E0108F0E4F8D6F8C5
:10E9F00005300546A362D6F80930E362B6F80D305B
:10EA000023860028C6D1226C92F8503123EA0703EE
:10EA100082F8503120460DF09BFC0020BDE8F081CB
:10EA2000920782D508F0C5F8012806F10506206C8A
:10EA300009D10621324690F95E01F1F7A5FF1021B8
:10EA4000054630466DE706213346102290F95E01F7
:10EA500008F0B1F810210546304684E793077FF5AA
:10EA600064AF08F0A6F801281AD1236C062093F9A8
:10EA70005E71E8F745F80CF0F0FD0546002888D0F7
:10EA80000146234840EA072004F07BF90746284660
:10EA900004F0CBFC28460CF0E2FD0FB139468DE7BF
:10EAA000717989B90A46731D13F8010F60B90132F3
:10EAB000062AF9D194F85210206C81F0080104F173
:10EAC0004C03C1F3C00106E000394FF0060218BF45
:10EAD0000121206CB31D90F95E0108F06CF8054629
:10EAE00000287FF457AF02278DE702F004078AE77A
:10EAF0000DF0ADF90022236C83F85C218AE7BDE8B4
:10EB0000F041FFF77BBE00BFD42704000380040060
:10EB100006800400F0B5B1F5A04F05468DB008D0D1
:10EB200045F21304A14244D00DB0BDE8F040FFF718
:10EB300065BE0023046CCDE90833CDE90A3394F8AF
:10EB40005D310DF1200C042B2CD11F4B1B6893F869
:10EB50005E205AB1674603F13E024E333E461068CE
:10EB60005168083203C69A423746F7D104F58473D8
:10EB7000069305F15303059305F15A030493237992
:10EB800028460393637904F1C8020293A37904F140
:10EB9000F801CDE900C304F1B8030DF050FE0020E8
:10EBA0000DB0F0BD013B022B9CBFD4F82C31089373
:10EBB000DCE7016C01F584710DF065F94A21284606
:10EBC0000DF0E9F9EBE700BFA0270020F0B545F212
:10EBD0000E06B142044613468DB00BD045F2130326
:10EBE000994260D0B1F5A04F77D10DF030F90020F7
:10EBF0000DB0F0BD9979026C0C310B44591D02F532
:10EC00008C72153351F8040B994242F8040BF9D178
:10EC1000256C102205F58C7105F584700BF06AFEE9
:10EC200020B90B2120460DF0D5FAE0E70023CDE90D
:10EC30000833CDE90A3395F85D310DF1200C042B32
:10EC40002AD1284B1B6893F83D205AB1674603F13F
:10EC50001D022D333E4610685168083203C69A42A1
:10EC60003746F7D105F5A073069304F15A030593CF
:10EC700004F153030493EB7A204603932B7B05F1B5
:10EC8000B80202936B7B05F1F801CDE900C305F1F1
:10EC9000C8030DF0D4FDAAE7013B022B9CBFD5F8B9
:10ECA0002C310893DEE7056C102205F5A07105F5FF
:10ECB0008C700BF01FFE0028B3D1D5F858314B21D2
:10ECC0009B0748BF94F87430204644BF43F00203CA
:10ECD00084F874300DF05FF989E70DB0BDE8F040BD
:10ECE000FFF78CBDA027002073B545F21406B14292
:10ECF00004461AD045F21906B14221D0B1F5A04F11
:10ED000028D10DF0A4F8216C204601F594730193ED
:10ED100001F1B803009301F1110201F1C80351316F
:10ED20000DF02EFE002002B070BD036CD3F8282138
:10ED30000B4BB2FBF3F103FB1121FEF7D5FFF1E71B
:10ED400013781BB90C210DF045FAEBE749210DF0C2
:10ED500022F9E7E702B0BDE87040FFF74FBD00BF02
:10ED600040420F002DE9F04F97B01546DDE920989D
:10ED700004AA06468C4692461C46524B229F03F13B
:10ED8000100B9646186859680833AEE803005B45D7
:10ED90007246F6D16B46202261465046FFF7A4F931
:10EDA0008346002871D1484B05F110020893652372
:10EDB0008DF824300DF12503184655F8041B9542B3
:10EDC00043F8041BF9D110210CF031FC0DF135038F
:10EDD000184604F1100254F8041B944243F8041B33
:10EDE000F9D110210CF023FC99F80630062183F0AC
:10EDF0000803C3F3C0038DF84530D9F800300DF196
:10EE00004600CDF84630B9F804300124ADF84A3058
:10EE10000CF00DFC98F80630062183F00803C3F3CC
:10EE2000C0038DF84C30D8F800300DF14D00CDF80E
:10EE30004D30B8F80430ADF851300CF0F8FB002339
:10EE400035228DF854306846239B08A98DF853402D
:10EE5000FFF74AF98346C0B9102123980CF0E7FB6D
:10EE60003B463522684608A98DF82040FFF73CF95B
:10EE7000834650B9B27C0146C2F1100238460BF00D
:10EE800063FD102138460CF0D2FB102168460CF0CF
:10EE9000DCFB352108A80CF0D8FB102150460CF003
:10EEA000D4FBBBF1000F06D0082130460DF092F9DB
:10EEB00017B0BDE8F08F5A4645F2120130460DF00A
:10EEC00085F8F5E7332704000062746C70B51E46C0
:10EED0000423054696B014468DF8143001F1200243
:10EEE0000DF1150351F8040B914243F8040BF9D1CD
:10EEF00020210DF115000CF09AFB22460DF135038F
:10EF000004F1200152F8040B8A4243F8040BF9D1B2
:10EF100020210DF135000CF08AFB04AB0293202375
:10EF200001931A9B314600930E48412305AA04F031
:10EF300031F90446412105A80CF087FB54B1214664
:10EF400040F20740FEF7BCFE082128460DF042F9CA
:10EF500016B070BD224645F2150128460DF036F870
:10EF6000F6E700BF0000020945F20D039942F7B52C
:10EF7000044627D00DD8B1F5A04F1DD045F20403AB
:10EF8000994200F08F80204603B0BDE8F040FFF7C3
:10EF900035BC45F21103994200F0A68045F21503F5
:10EFA0009942F0D1006C90F85D31052B06D8DFE86E
:10EFB00003F0503A423A55500CF049FF00273846CA
:10EFC00003B0F0BD93790C331A44561D02F12505A8
:10EFD0002A463146FFF7E2F8074620B10B212046CA
:10EFE0000DF0F8F8EBE73146236C113351F8042BA0
:10EFF000A94243F8042BF9D1236C01F120023133EB
:10F0000051F8040B914243F8040BF9D1216C2046CE
:10F0100001F1D8030093D1F8943001F1310211319C
:10F02000FFF754FFCAE7204645210CF0B4FF204605
:10F03000FEF7A0FEC2E7204645210CF0ACFF364BA0
:10F0400020461B68D9684B1C5A425A41FEF762FEA3
:10F05000B4E7462120460CF09EFFAFE72E4B1B681D
:10F0600093F85E5065B1002100F1110200F5A07027
:10F0700001900091204611463E330DF0F9F89DE7CE
:10F080001021C8300CF0BDFF00283DD008212046DB
:10F090000DF0A0F8294640F20740FEF711FE40F2BD
:10F0A00007478CE79179036C0C310A44511DA83352
:10F0B000153251F8040B914243F8040BF9D1256C39
:10F0C000102205F1A80105F198000BF013FC20B9FE
:10F0D000042120460DF07EF870E7D5F8583143F052
:10F0E0000103C5F8583169E70B4B056C196810220C
:10F0F0004E3105F5A0700BF0FDFB0028E8D1102182
:10F1000005F1C8000CF07DFF216C2046C8310CF0E1
:10F11000D6FE47219EE700BFA027002045F2160338
:10F120009942F7B5044600F0B0810CD8B1F5A04F74
:10F130000FD045F20303994210D0204603B0BDE83A
:10F14000F040FFF75BBB45F217039942F5D102206F
:10F1500002E00CF07CFE002003B0F0BD9379056C5A
:10F160000C33D618F379DF070CD4FEF7EFFC18B98F
:10F1700094F97530013305D0052120460DF02AF8A9
:10F180002120E9E7A24F337A3A68127A9A4202D8EC
:10F19000A27C9A4201D90621EFE7D6F80530C5F8DE
:10F1A0000B30B6F80930A5F80F300223AB7294F992
:10F1B000523094F85210002BB2BF012381F00803A3
:10F1C000C3F3C003AB7094F8603083F00803C3F35B
:10F1D000C0036B70337A102B28BF1023A374F3790C
:10F1E000D8072BD5AB79DA0728D5737A2A7A13405A
:10F1F00085F85131B37A6A7A134085F8503195F920
:10F200005E3101331ED0206C90F850319B0719D429
:10F2100081F00801062290F95E0104F14C03C1F36C
:10F22000C00107F0C8FC68B140F21B412046FEF760
:10F2300029FDA3685907A3D508219EE7002385F877
:10F240005131DAE73B68F079597C00F0080229B1C6
:10F2500012B1AA79120703D403218EE7002A73D0D2
:10F26000AA79110770D5D5F8581141F00401C5F8F5
:10F270005811B5F8501121F4807121F00101A5F861
:10F28000501193F81CC0B179BCF1020F03D00029D2
:10F2900037D0022171E729B3012283F83D20DA7CBF
:10F2A00052BB042385F85D3194F91330022B03D14E
:10F2B000D5F858315B07CFD507F07BFC01285CD12E
:10F2C00094F97500461C58D0002201A9C0B2FEF77F
:10F2D0001BFE002851D1236C93F85021900748D48D
:10F2E0000A214AE793F85E20002AD2D083F83D1025
:10F2F000DB7C002BCDD1D4E793F85E30002BD0D14E
:10F30000C7E7024312F0040209D185F85D211B7C96
:10F31000002BA1D194F8743098079DD4C4E772797A
:10F320001878052A28BF03223A4902EB82020A44D0
:10F33000125C85F85D211B7C1BB994F87430990729
:10F34000B2D5002AB0D187E71A7F012A02D1B2795B
:10F35000002AA6D1420703D4AA7912F00402D4D01D
:10F3600072791878052A28BF03222B4902EB820202
:10F37000DDE793F851319907B2D594F97500421C35
:10F3800018D0226C0821D2F8583143F04003C2F85B
:10F39000583107F027FC052194F9750007F0F6FBBA
:10F3A000032194F9750007F0F1FB062194F975002B
:10F3B00007F0ECFB95F85D31206C042B00F598709C
:10F3C00021D13B6803F11D022D3352F8041B9A42F0
:10F3D00040F8041BF9D1D5F8583195F85D2103F0B8
:10F3E0000401DAB923F00203C5F85831E2740029A8
:10F3F00046D0216C204601F1940301F17102513194
:10F40000FFF718F9A7E6102200210BF09DFAE2E7BA
:10F41000A0270020442704005D27040043F00203D6
:10F42000C5F8583149B90123013AE374032A3FF67C
:10F4300092AEDFE802F010181025A37C0F2B89BFD5
:10F4400094F87430012343F0080384F8743088BFC3
:10F450000223E374CDE7204645210CF09CFD2046B5
:10F46000FEF788FC77E6204645210CF094FD3B68CA
:10F470002046D9684B1C5A425A41FEF74BFC6AE6BB
:10F48000432120460CF087FD65E60CF050FD42213B
:10F49000F7E700BFF8B50446FEF73CFB266C0546CF
:10F4A00028B394F975305F1C0BD086F85E31FEF7F7
:10F4B0004DFB072101200CF0DAFC024638BB1A2173
:10F4C00011E02046F1F718FC86F85E01236C93F9F1
:10F4D0005E310133EBD1FEF739FB60B1A3685D0704
:10F4E0000FD441F205212046FEF7CCFB0DE0FF23AF
:10F4F00086F85E31EFE794F975300133EED10025DF
:10F50000D7E7052120460CF065FE0020F8BD324902
:10F51000867909680C3691F800C0831983F801C018
:10F5200091F81CE0281E18BF0120BEF1010F0DD17B
:10F5300083F802E0D870487C00B3D87800071DD467
:10F54000A3685B07DDD441F20321CCE78F69BEF1EC
:10F55000020F07F002070ED191F85EE0BEF1000F36
:10F5600009D04FF0010E83F802E0D870002FE2D1ED
:10F5700040F00800DEE74FF0000EF4E7BCF1030FA7
:10F5800007D0096911F0FF1F1EBFD97841F00401AF
:10F59000D97094F874108F0708D5D978480705D426
:10F5A000BCF1030FCFD041F00401D970002D18BF7A
:10F5B000032510215D7119719D71216C9059C1F85D
:10F5C00003009888A1F807009B7920464B7206211A
:10F5D00009F0E7FE012099E7A0270020F0B545F2E9
:10F5E0000E06B142044615468DB00ED045F2130604
:10F5F000B1425CD0B1F5A04F40F0BD800CF027FCCB
:10F60000236CD3F85831190757D5236CD3F85821F8
:10F6100012070CD4AA7903F584730C3215446A1DC1
:10F62000153552F8041BAA4243F8041BF9D10023F4
:10F63000256CCDE90833CDE90A3385F85C3195F8BE
:10F640005D310DF1200C042B2AD14D4B1B6893F832
:10F650003D205AB1674603F11D022D333E46106826
:10F660005168083203C69A423746F7D105F5A073B0
:10F67000069304F15A03059304F1530304932B7981
:10F6800005F1C80203936B790293AB79CDE900C30E
:10F6900005F1B803204605F1F8010DF0D0F80CE0B3
:10F6A000013B022B9CBFD5F82C310893DEE7056C9B
:10F6B00095F85C3123B1012B54D000200DB0F0BD82
:10F6C000102205F5A07105F584700BF013F920B137
:10F6D0000B2120460CF07EFDEFE7D5F858310DF1F7
:10F6E000200C9B0742BF94F8743043F0020384F867
:10F6F0007430012385F85C310023CDE90833CDE96E
:10F700000A3395F85D31042B25D11D4B1B6893F806
:10F710005E205AB1674603F13E024E333E46106802
:10F720005168083203C69A423746F7D105F58C7303
:10F73000069304F15303059304F15A030493EB7AFF
:10F7400005F1B80203932B7B02936B7BCDE900C3D9
:10F7500005F1C8039EE7013B022B9CBFD5F82C3175
:10F760000893E3E705F58C710CF08DFB88212046AA
:10F770000CF011FCA1E70DB0BDE8F040FFF73EB87A
:10F78000A027002045F21403994213B504462BD05C
:10F790000CD8B1F5A04F13D045F20E03994232D0E8
:10F7A000204602B0BDE81040FFF728B845F2190323
:10F7B0009942F5D1137813BB0C210CF00BFD10E02E
:10F7C0000CF045FB216C204601F59473019301F187
:10F7D000B803009301F1510201F1C80311310DF09A
:10F7E000CFF8002002B010BD036CD3F82821114BD4
:10F7F000B2FBF3F103FB1121FEF776FAF1E7872163
:10F800000CF0C9FBEDE79179036C0C310A44511DF2
:10F8100003F58473153251F8040B914243F8040B3D
:10F82000F9D1226CD2F8583143F00803C2F85831AC
:10F83000D7E700BF40420F0045F2100330B59942B0
:10F84000044685B000F0A6800CD8B1F5A04F27D0B3
:10F8500045F20503994228D0204605B0BDE8304066
:10F86000FEF7CCBF45F21103994200F0B08045F29B
:10F8700012039942F0D1016C91F85D3113B1043B50
:10F88000012B03D82046B8310CF019FB236C93F8F8
:10F890005D31042B40F2DF80052B03D1862192E0FD
:10F8A0000CF0D5FA002005B030BD9179036C0C3115
:10F8B0000A44511DC833153251F8040B914243F8E4
:10F8C000040BF9D1206CD0F8583113F0040354D054
:10F8D00090F85D31042B22D1604B1B6893F85E5089
:10F8E00065B1002100F111020091114600F5A070F0
:10F8F00001903E3320460CF0BBFCD3E71021B8301A
:10F900000CF07FFB58B1082120460CF063FC40F25C
:10F9100007402946FEF7D4F940F20740C3E7216CBF
:10F9200091F85D3101F1C80213B1043B012B12D8EB
:10F9300001F1F803039301F59873029304F15A035C
:10F94000019304F15303009301F1B8032046D83129
:10F95000FFF708FAA6E701F5A073019391F85C019F
:10F96000D1F82C31C34003F0010343F0800300932E
:10F97000134601F151021131BCE780F85C3100F10E
:10F98000C802009300F5987100F5A07320460DF0B1
:10F990006BF887E7056C102205F1980105F5A0705A
:10F9A0000AF0A8FF20B1042120460CF013FC79E7EF
:10F9B0008821D5F858319B0742BF94F8743043F042
:10F9C000020384F8743020460CF0E5FA6AE7056C0F
:10F9D00095F85D3105F5A070042B1ED11F4B102248
:10F9E00019684E310AF086FF0028DCD1102105F19C
:10F9F000B8000CF006FB216C01F1F803039301F54C
:10FA00009873029304F15A03019304F15303009392
:10FA100001F1C80201F1B80398E70146102205F18F
:10FA200098000AF067FF0028BDD105F1B801204613
:10FA30000CF045FA216C91F85C310133DBB2142BE8
:10FA400081F85C31D8D0D1F8583123F00103C1F8E6
:10FA500058318421B7E78721B5E700BFA0270020F0
:10FA600045F215039942F7B5044651D00CD8B1F5CB
:10FA7000A04F19D045F20D0399421BD0204603B088
:10FA8000BDE8F040FEF7BABE45F216039942F5D143
:10FA9000016C01F1D8030093D1F8943001F13102E7
:10FAA0001131FFF713FA01E00CF0D1F900273846C5
:10FAB00003B0F0BD93790C331A44551D02F12506AD
:10FAC00032462946FEF76AFB074620B10B21204645
:10FAD0000CF080FBEBE72946236C113351F8042B23
:10FAE000B14243F8042BF9D1236C01F120023133E8
:10FAF00051F8040B914243F8040BF9D1216C2046D4
:10FB000001F1940301F171025131FEF793FDCDE74C
:10FB10000CF00DFA236C93F85D31052BC6D8DFE8A5
:10FB200003F0190311111E19204682210CF033FA3B
:10FB30000C4B20461B68D9684B1C5A425A41FEF7B1
:10FB4000E9F8B3E7204682210CF025FA2046FEF7BB
:10FB500011F9ABE7832120460CF01DFAA6E78521B9
:10FB6000F9E700BFA0270020204B10B51B68044612
:10FB70009B6913F0040310D141B180F8773090F8FD
:10FB80007010BDE810401A480BF00EB990F87330B1
:10FB9000012B03D18368580705D410BD022B02D175
:10FBA00083685907F9D494F9772094F87730002ABC
:10FBB000F3DBB3B9012384F8773094F877305B082E
:10FBC000EBD04FF47A7294F8701053430848002237
:10FBD000FCF7DAFC94F8773063F07F0384F8773031
:10FBE000DBE75A06E9D45B00E5E700BFA027002069
:10FBF000AC27002045F21E0330B599420446154655
:10FC000089B010D845F21603994213D845F2010382
:10FC1000994200F0828145F20C03994222D0B1F55D
:10FC2000A04F00F080812A46204609B0BDE8304050
:10FC3000FEF7E4BDA1F5A043173B072BF3D801A2C3
:10FC400052F823F029FD020027FC020027FC0200E5
:10FC500027FC0200D5FE020027FC0200A1FE0200E4
:10FC600015FD020090F97730002B02DB8268530704
:10FC700007D5204609210CF0ADFA41F2092009B060
:10FC800030BDAB792B44914D5B7C2D6803F00801AE
:10FC90006D7CD5B121B903210CF09CFA2120EEE74F
:10FCA00013F0040F03F0010308D042F00802826051
:10FCB00093B9A36843F02003A36013E0002BF8D0AE
:10FCC000836843F010038360F3E7580744BF42F0B2
:10FCD0000802A260DB0703D5A36843F01003A3600A
:10FCE0000029E6D1A368224643F00403A3607849C3
:10FCF0002046FCF76BFC0221204607F080F947F212
:10FD00003053002245F21A012046FCF73DFCA3685F
:10FD10009D054AD5A368580747D594F8700009B0E7
:10FD2000BDE830400BF0A1BF90F87430D90745D53D
:10FD300090F9753001333AD094F9131001291DDC84
:10FD4000A26893060DD5614B15071B6801D4187C7A
:10FD500038B1187F10B91878032802D09B6998072A
:10FD60002CD501290AD0594B11071B6801D41A7CE4
:10FD700022B11A7F12BB1B78032B1FD10023CDE9C0
:10FD80000433CDE9063306F014FF012801AB2DD072
:10FD9000A06AE16A228E03C31A802046BDF80420BF
:10FDA00004AB0DF10601F3F7B7FB002067E78368AA
:10FDB000DA0616D4FDF7CAFE0028BDD0434B1B68F7
:10FDC000197F022929D1DA7C3AB393F85E3023BB3C
:10FDD000A3685A0717D520460CF0FCF941F202201F
:10FDE0004DE7FDF797FE0028E4D0E7E70A2202215D
:10FDF00094F9750006F020FF0028CED1CDE901006E
:10FE0000ADF80C00C9E7204641F20221FDF73AFFA8
:10FE100001212046FFF7A8FEE0E720460BF0E9FFAE
:10FE2000A56860B96B0705D5082120460CF0D2F90A
:10FE30001A2024E71A212046FDF724FFF8E715F0E1
:10FE4000040508D0FDF78AFEC8B1204694F9751064
:10FE5000FDF7A4FFA9E722461D492046FCF7B6FBA3
:10FE60000221204607F0CBF847F230532A4645F2EC
:10FE70001A012046FCF788FBA3685D07E2D4226CD8
:10FE8000D2F8583143F020032046C2F85831FFF72A
:10FE900001FB002889D0412120460CF07CF884E742
:10FEA000FDF75CFE002868D0226C002A65D0A368AC
:10FEB000580762D5D2F8583199065ED429780029BE
:10FEC000E0D1052120460CF085F96EE7A02700203F
:10FED000EDBF030090F87430D80707D440212046C6
:10FEE0000CF059F829462046FDF7CCFEA3685907C7
:10FEF0007FF55BAF204645F21A010AF055FF204618
:10FF000022461F490AF089FFA368022123F03C031F
:10FF10002046A360F1F73AFC47E702461849194822
:10FF2000FCF754FB41E745F21A010AF03DFFA368D4
:10FF300023F03E03A360236C6BB193F95E01421C76
:10FF400009D094F97520013203D0D3F858315B06FB
:10FF500001D5F0F7F7FD2246204609490AF05DFF7A
:10FF60002246074907480AF058FF20460221F1F7C8
:10FF70000DFC20460CF08EF817E702207FE600BF4C
:10FF8000EDBF0300A821002045F21E0399422DE990
:10FF9000F3410446154611D845F21603994214D888
:10FFA00045F20103994200F0438345F2020399426E
:10FFB00000F09C80B1F5A04F00F040832A46204617
:10FFC00002B0BDE8F041FEF719BCA1F5A043173B14
:10FFD000072BF3D801A252F823F000BFFDFF020067
:10FFE000BDFF0200BDFF0200BDFF0200EB050300E4
:10FFF000BDFF0200BD01030083010300874E33688B
:020000023000CC
:100000001A7F022A11D1DA7C7AB193F85E3063B993
:1000100041F20221FDF736FE20460121FFF7A4FD43
:1000200041F2022002B0BDE8F081A368590701D572
:100030000220F7E72046FDF76DFD3368051E1A78AC
:1000400018BF0125032A07D019696AB211F0FF1FF2
:1000500028D042F0040503E094F87420920729D4D4
:100060009A69960723D41A7F012A20D045F0080503
:1000700002210B200BF0FBFE024600B38379034400
:100080005D7394F97530013303D094F87430DD0753
:1000900003D5A36843F00203A3600621204609F0BC
:1000A00080F90CE094F874108F07D2D4D8E75B7C09
:1000B000002BDDD041F203212046FDF7E3FDA368CC
:1000C000224643F00403A36055492046FCF77EFA1C
:1000D0000221204606F093FF47F23053002245F2FA
:1000E0001A012046FCF750FA00209BE78368580766
:1000F00003D494F97730002B05DB236C53B1D3F88C
:100100005831D90606D5204609210CF063F841F292
:10011000092087E720460BF06CFE28B9082120460D
:100120000CF058F821207DE7206CD0F8583143F0CE
:100130001003C0F85831AB790C332B445A68C0F81F
:1001400003201A89A0F8072001229B7A4372236CAE
:10015000DA70A26812F0040610D122463049204617
:10016000FCF734FA0221204606F049FF47F23053EB
:10017000324645F21A012046FCF706FAA3689A05B2
:10018000B2D5236C002BAFD0D3F85831DB06ABD5FA
:10019000FDF7E4FC94F9751030B1A3689F0703D410
:1001A0002046FDF7FBFD9FE70846F0F7CFFB28B19F
:1001B00094F87430DE0701D40521B0E7236C002BDE
:1001C0003FF436AFD3F85831D8067FF531AF9906F2
:1001D0003FF52EAFFDF7C2FC48B1A3689A0706D4DD
:1001E0002B7823B9052120460BF0F4FF7CE7A368A8
:1001F000256C23F00203A360D5F85831074F43F074
:100200002003C5F858313B68EA791B7A934202D83B
:10021000A37C934206D9062181E700BFA0270020D6
:10022000EDBF030094F9521094F852300029B2BF88
:10023000012383F00803C3F3C003102A28BF102250
:100240006B7094F86030204683F00803C3F3C0035A
:10025000AB70A274AE79FDF75DFC90B3F30730D5B7
:1002600094F97530D4F84080581C20D088F85E315D
:1002700006F00D063B689A69910704D41A7F012A9B
:1002800001D0320701D406F0F7061A78032A1BD0F2
:100290001B6913F0FF1F01D046F00406072102205E
:1002A0000BF0E5FD0190A8B940F20340BAE6204604
:1002B000F0F722FD88F85E01236C93F95E3101337B
:1002C000D6D106F00C06D5E71B7F002BE6D106F051
:1002D000FB06E3E790F806C03A680CF10C0C1378C3
:1002E00000EB0C014B70137F012B06D0022B45D184
:1002F00092F85E30003B18BF01238B701023CE7044
:1003000016F0010608BF32460B711FBF2B7A6A7ABE
:1003100003F003034B71236C14BF02F003024E7110
:100320008A7183F851214A7983F8502150F80C20C2
:10033000C3F80A208A88DA818A791A7406B3206C95
:1003400090F8501111F002061AD194F852100622BA
:1003500081F0080190F95E0104F14C03C1F3C00182
:1003600006F029FC60B13146FDF7AAFC20460821C1
:100370000BF030FF01A80AF056FE95E70023BCE71A
:10038000019E002E90D0FDF7E1FB95F806C018B94C
:1003900094F9753001330FD01CF0010F04D0236C99
:1003A00093F95E31013307D1052120460BF012FF8E
:1003B0003046FCF777FAB5E63B680CF00802597C4A
:1003C00029B112B16A7B100703D40321EDE7002A9B
:1003D00070D06A7B11076DD5D5F8581141F0040132
:1003E000C5F85811B5F8501121F4807121F00101C0
:1003F000A5F85011187F697902280FD091B942EA07
:100400000C0212F0040240D185F85D211B7C002B08
:10041000DBD194F874309807D7D40DE021B993F864
:100420005E203ABB0221C0E7012283F83D20DA7C3E
:1004300032BB042385F85D3194F91330022B03D1CC
:10044000D5F858315A07C0D506F0B3FB01284DD175
:1004500094F97500431C49D0002201A9C0B2FDF7F0
:1004600053FD002842D1236C93F85021910737D4D3
:100470000A219AE783F83D10DB7C002BD2D1D8E724
:1004800093F85E30002BD4D1CCE72A791978052A6D
:1004900028BF03227C4801EB810101448A5C85F876
:1004A0005D211B7C1BB994F874309907C4D5002AD0
:1004B000C2D18AE71A7F012A02D16A79002AB8D10B
:1004C0001CF0040F03D16A7B12F004029CD02A793D
:1004D0001978052A28BF03226C4801EB8101DCE76B
:1004E00093F851319A0701D40A2118E694F975005E
:1004F000431C18D0226C0821D2F8583143F0400335
:10050000C2F8583106F06EFB052194F9750006F02B
:100510003DFB032194F9750006F038FB062194F9A0
:10052000750006F033FB32460621204608F039FFFD
:1005300095F85D31206C042B1DD13B6800F5987057
:1005400003F11D022D3352F8041B9A4240F8041B9C
:10055000F9D1D5F8583195F85D2103F004018AB935
:1005600023F00203C5F85831E274B9B18121204665
:100570000BF011FDB8E51022002100F598700AF08B
:10058000E3F9E6E743F00203C5F8583141B9012326
:10059000032AE37412D9042A7FF4A6AD8421E6E786
:1005A000A37C0F2B89BF94F87430012343F0080318
:1005B00084F8743088BF0223E374D7E7012A07D098
:1005C000204682210BF0E7FC2046FDF7D3FB8BE5AC
:1005D000204682210BF0DFFC3B682046D9684D1C89
:1005E0006A426A41FDF796FB7EE590F87430D807C1
:1005F00007D4802120460BF0CEFC29462046FDF78B
:1006000041FBA36859077FF56FAD45F21A012046FB
:100610000AF0CAFB224620461D490AF0FEFBA368E9
:1006200023F00403A36002212046F1F7AFF85BE555
:10063000024617491748FBF7C9FF55E545F21A016D
:100640000AF0B2FBA36823F03E03A360236C6BB1F6
:1006500093F95E01421C09D094F97520013203D050
:10066000D3F858315B0601D5F0F76CFA22462046E4
:1006700007490AF0D2FB2246054906480AF0CDFB9D
:1006800020460BF007FDCEE7442704005D27040059
:10069000EDBF0300A821002007B506480AF0E1FCE1
:1006A000042101900DEB01000AF0BDFD019803B09B
:1006B0005DF804FBB0270020F7B5186810F00200C1
:1006C00003D0164E316811B9012003B0F0BD0024EB
:1006D000042223460DEB020001940AF093FCBDF8BE
:1006E0000630DB0702D4FFF7D7FF044600250C4F86
:1006F00057F8043B23B12146BDF80400984748B1A0
:100700003368002BE0D0074B022193F90000FBF780
:1007100097FDD9E70135062DEAD1F1E7B027002092
:10072000B42700202029002010B50948FBF778FDE8
:100730000024084B0849187020200C60FCF7FCF8D6
:10074000064BC3E90044C3E90244C3E9044410BDB5
:10075000D82C002020290020B0270020B42700201A
:100760007047E2F7A3B808B5E8F746F9FFF7F8FFD6
:1007700001F04BFDFFF7F5FF0DF06CF9F8E710B550
:100780000446E2F79BFA2046E2F7A0F82046E1F79C
:100790006BFE10BD0120704700B5C3B0F3F79CFDA0
:1007A00009F0D2F848B1FFF7F5FF30B101A809F020
:1007B0007EF810B901A8FFF7E2FF43B05DF804FB33
:1007C000704770477047E8F72BBA704708B5E2F7F3
:1007D000C3FC00F0EDFEE2F7B5FCE2F779FDBDE801
:1007E0000840E4F72BBCE2F75BB808B5E2F7ACFDD4
:1007F000E2F760FEBDE80840E2F7B4BC08B500F0DF
:1008000034F8E7F753FA00F03EFEE9F71FF900F07D
:1008100038FE00F03CFE00F0C6FE0DF062FFE2F78D
:1008200025FABDE80840E2F76BB908B5E6F740F9EC
:1008300000F025FEE6F74CF900F01EFEBDE808408A
:1008400001F0FFBCE2F710BB7047E2F737BCFFF7DF
:10085000A3BF7047E2F718BA82B002AB03E9030006
:10086000012002B07047704770470F20704770B585
:10087000002506462C46052C20D8DFE804F00307A7
:100880000B0F13175B210820E2F7C4FD0C21082091
:10089000E2F7C0FDD1210820E2F7BCFD802108204D
:1008A000E2F7B8FD00210820E2F7B4FD6C1C2946F0
:1008B000E4B208202546E2F7ADFD0624A4F10E03BC
:1008C000012B05D85A210820E2F7A4FD0134D2E714
:1008D000102C05D1BDE870405D210820E2F79ABDDB
:1008E000B31F195DEFE7012307B520F07F4040EA11
:1008F0008170019068460093FFF7B9FF03B05DF87F
:1009000004FBFEE700239A4200D1704710B550F86F
:10091000234041F8234001339A42F8D110BD00230F
:100920000360704703680B6001607047036813B988
:100930000B60016070471846F8E70346006818B17D
:1009400002681A600023036070474FF06042012381
:10095000D2F8001E83400B430020C2F8003E7047CF
:100960004FF060410122D1F8003E824023EA0203A9
:100970000020C1F8003E704710B588B004460E98BC
:10098000009207900D98224606909DF83000059041
:100990000B9804909DF8280003900020CDE90130C9
:1009A0000B460121E2F74EFE08B010BD4369426CD0
:1009B000D91C143AB1FBF2F103EBC1000330B0FBD8
:1009C000F2F00230704738B505460C46FFF7EEFFEF
:1009D0006A6CE31D143AB3FBF2F3013304EBC30476
:1009E00002FB004038BD38B5054644692146FFF793
:1009F000EAFF6A6CE31D143AB3FBF2F3013304EB34
:100A0000C304204438BD73B506460D460024F36B7D
:100A100001225B6901A928199847019B013309D17B
:100A2000736C043462196A405B421A42EFD020466C
:100A300002B070BD0024FAE770B505460C46E4F735
:100A400007FBEB6B2046BDE87040DB68184770B5CC
:100A50000025044686B00562E369AB4202D8206AED
:100A600006B070BD666C2068E36B05225B6901A966
:100A700006FB0500984701A800F030FC00F053FC8D
:100A800010B1236A013323620135E5E738B5044626
:100A9000456C006804F1400305FB0101E06B00F0C8
:100AA0004FFC05462046FFF7D2FF284638BDF0B57B
:100AB0000546002687B0EC69013CB44203D80C46D9
:100AC000204607B0F0BD01B14C1E6F6C2868EB6B7F
:100AD00005225B6901A907FB0400984701A800F003
:100AE000FDFB00F020FC0028EAD121460136E2E7B8
:100AF000F0B504460D46466CE36B006887B00522EE
:100B00005B6901A906FB0500984701A800F0E6FB18
:100B100000F009FC20B101A800F0B7FB07B0F0BD60
:100B200029462046FFF7C3FF0646676C2068E36B43
:100B300005225B6901A907FB0600984701A800F0A0
:100B4000A4FB431CEAD0B54238BF0130E6E72DE9EB
:100B5000F0434FF6FF79D0F8248004460E46C8458E
:100B600014BF45460025002787B0E369BB4202D881
:100B700007B0BDE8F083E26B2368606CD2F814C064
:100B800000FB0530052201A9E04701A800F0A6FB03
:100B9000022806D0C8450CD1721C29462046FFF712
:100BA00075FFE3690135B5FBF3F2013703FB12551D
:100BB000DBE729462046FFF79BFFB0F1FF3F14BF5C
:100BC000024632460132E8E70368F0B5CC1A436CBE
:100BD0000646B4FBF3F4002587B0F36937685A1E64
:100BE0009542706C08D3706C336800FB043007B01A
:100BF000BDE8F04000F0A2BB0134B4FBF3F203FB0C
:100C00001244F36B05225B6901A900FB047098474D
:100C100001A800F063FB00F086FB0028E3D101355A
:100C2000DBE710B423F0030422449B070A44436C1F
:100C300018BF04325B4282EA0104234203D05DF80C
:100C4000044BFFF7C1BF10465DF8044B70472DE918
:100C5000F041D0E90A369E42044686B028D11422DB
:100C6000C369456802FB1355284606B0BDE8F0810C
:100C70002068676C331AB3FBF7F3E26B07FB0300E2
:100C8000D2F8148001A90522C04701A800F026FB74
:100C9000012804D0636C1D44013B3340ED1A3146FA
:100CA0002046FFF791FF0646A36AB342E0D1DBE797
:100CB0000025F9E708B508301346D1E90012E4F73A
:100CC0004DF9012008BD13B50C4600212176009393
:100CD000616813462246E2F7BFFE18B1E37D03B117
:100CE000A07EA075A07D02B010BD73B5164600F1C0
:100CF00008050C46284609680DF1070200F0A1F925
:100D0000032E06D16368834203D12846216800F090
:100D10007FF9012002B070BDD01E009B42424241CB
:100D2000187E824211D11A688A420ED85A688A42C5
:100D30000BD35A6901325A61D3E9030282423FBFA1
:100D4000986840F8221001321A610120704710B5EE
:100D5000032A029C07D1A26A5340626C524213429A
:100D600001D100F055F9012010BD08B5C36800207D
:100D70009847BDE80840E4F773B9012814BF042080
:100D8000022070B5002442431C70CC7D101D02F07F
:100D900002024CB91AB1012220F003001A7000F1CE
:100DA00008034868184470BD1AB1012220F00300FE
:100DB0001A7000230C7E01F12005DAB2944201D8AA
:100DC0000020F0E735F833205E1C824206D901EBA3
:100DD000C30300F10802D8691044E4E73346801ADF
:100DE000EBE773B5054690F842601C4630460DF1BE
:100DF0000303FFF7C2FFEB6B012E5B690DD1324697
:100E000001A998479DF8033013B1BDF8063001934E
:100E1000BDF80430236002B070BD0122214602B04B
:100E2000BDE870401847F0B5054600244868EB6BF4
:100E300087B00E4601225B69029402A908309847E8
:100E4000274695F84230012B40F08480632C02D96C
:100E5000029807B0F0BD612C08D805AB2246314698
:100E60002846FFF7BEFF9DF814301BB305AB2246A2
:100E7000314628468DF81070FFF7B3FF95F84230E1
:100E8000012B059B55D14FF6FF72934200F09680DF
:100E9000082205A904A800F06DFA059B9DF8101022
:100EA000C3F30722914240F08980DBB2029A1A44D0
:100EB000029283E095F84230012B30D12246314630
:100EC000284603ABFFF78DFF3146284604AB621C72
:100ED000FFF787FF3146284605ABA21CFFF781FFCD
:100EE000102208230DEB02010DF107008DF80730E9
:100EF00000F040FA102205A90DF1070000F03AFABF
:100F0000039BDAB2002A52D19DF80720B2EB132FCF
:100F10004DD1DDE9043203EB0243029347E0302C6C
:100F20002BD944E09DF80720B2EB134F3FD1049B2F
:100F3000F3E7013342D0102205A90DEB020000F0C7
:100F400019FA059B9DF81010C3F30742914235D161
:100F50009BB2ABE7312C3FF67BAF87D005AB224687
:100F600031462846FFF73DFFBDF81430002B7FF4D3
:100F70007DAF95F84230012BA0D02246314628465D
:100F800003ABFFF72EFF3146284604AB621CFFF788
:100F900028FF102320220DEB03010DF107008DF82F
:100FA000073000F0E7F9039B9AB2002ABAD095F80F
:100FB0004230012B14BF012302231C44013440E7BB
:100FC00013B500240194049C0094E3F72BFA02B0BB
:100FD00010BD13B501240194049C0094E3F722FA98
:100FE00002B010BD00234FF0FF3230B544689C4280
:100FF00002D10023037230BD016801EBC30541F843
:1010000033206A600133F2E7C0E90012FFF7EABF5C
:101010000023F0B545689D4210D00468DF0054F805
:10102000332004EBC306B2F1FF3F08D0C2F3130232
:10103000914204D14FF0FF33E3517360F0BD0133AF
:10104000E9E70023F0B545689D4202D14FF0FF303B
:101050000EE00468DE0054F83340671C09D0C4F386
:101060001307B94205D1240D14700368334458683E
:10107000F0BD0133E8E7704770B59400224605469D
:101080000E460DF0B1FC431C0AD058B92246314639
:10109000284609F02FFC002814BF3D20002070BD19
:1010A0006E20FCE77120FAE713B5044601A8E5F7C6
:1010B0009FFA9DF8063023804FF480736380E5F734
:1010C000B7FA6060002002B010BDE5F717BA08B5A6
:1010D000E5F704FA002008BD10B5044644EA010310
:1010E00013F00303084609D1934201D1002010BD3B
:1010F00054F8231040F823100133F5E721469200FD
:1011000009F08AFBF2E710B504460DF069FC431CB8
:1011100010D088B9E5F78CFA234620F0030020446C
:10112000984201D1002010BD53F8042B0132F7D0B2
:101130003E20F8E76E20F6E77120F4E70A46013911
:101140000144E7F763BA13B50023044601461B22A6
:101150000DF107008DF8073000F00CF922689DF8BA
:101160000730B3EBD26F0CBF0120002002B010BDDE
:1011700013B500230446014620220DF107008DF827
:10118000073000F0F7F80DF107001A22211D00F0DA
:10119000F1F862689DF80730B3EB926F0CBF012045
:1011A000002002B010BD0068431C584258417047EF
:1011B000006810F07E0F0CBFC0F3C16000207047C4
:1011C0000068C0F3D3107047006800F07F0001286A
:1011D0008CBF002001207047036813F07E0F14BFFE
:1011E000042008207047036813F07E0F03D1406885
:1011F00020F07C40704713F078001CBF03F07F03A1
:10120000D81F7047006800F07F007047032809D09E
:10121000022803D1C1F10201C8B2704700290CBFF6
:1012200007200020704737B5054601F10C044369DB
:101230006946012220469847BDF8003001220193FB
:101240002046AB6901A9984703B030BD37B501F11D
:101250000C044369012269460546204698474FF62B
:10126000FF72009B99B291420DD11B0C1B0443F4F9
:10127000254343F0A503019301222046AB6901A950
:10128000984703B030BD0020FBE737B50446002582
:101290001B22011D0DF107008DF8075000F06AF8C0
:1012A00060689DF80720B2EBD06F03D120F0784042
:1012B00003B030BD0DF107001B2204F108018DF8C9
:1012C000075000F057F8A0689DF80730B3EBD06FD7
:1012D00001D1C043EAE74FF0FF30E9E74BF29A2231
:1012E000036810B5B2EB134F044613D19BB2012B28
:1012F00013D1FFF7CAFF01300CD04FF6FF72E06840
:10130000B2EB104F4FEA104309D180B2C01A18BF98
:10131000012010BD2368013303D00420F9E7022027
:10132000F7E70320F5E701288CBF00200120704774
:10133000033801288CBF002001207047143070470B
:101340002DE9F04105469846036908460E461746C2
:101350009847044638B943463A4631462846E3F7AB
:10136000EFFE044618B131462846FFF75CFF2046E1
:10137000BDE8F0811F2A0B689EBF4FF0FF319140FE
:101380008B43590801F055315B1A03F033319B0848
:1013900003F033330B44017803EB13130A444FF08B
:1013A000013103F00F334B43A2EB1362027070471D
:1013B00008B50CF00DF8BDE808400021E4F738B995
:1013C0000029CCBF01210021E4F732B902214FF4FA
:1013D0002070E4F7BFBC704770470020E4F7CEBD33
:1013E0000120E4F7CBBD704770B5054614460E46A4
:1013F0000DF0F1F82B685C4034405C402C60BDE897
:1014000070400DF0E3B84FF0B0435A6812B19A6AD9
:10141000002AFAD17047012200F580535A60CB436D
:10142000934003F00A034361416111B900F5005094
:101430004260704783695B06FCD5C163704770B535
:10144000054614460E460DF0C6F82B685C40344045
:101450005C402C60BDE870400DF0B8B801224178C6
:1014600003788A4030214B4342F2100103F1A0433C
:1014700003F570335A507047704700207047F3F7F8
:10148000F9BF00207047FFF7FCBF00207047002025
:10149000704770B506460D4614468CB0CAB110228E
:1014A000002108A809F050FA002207AB029305AB0F
:1014B000019306AB00933046294608ABCDE90522DF
:1014C000E5F788FB18B9099B6360059B23600CB0A6
:1014D00070BD6FF08600FAE71FB504A800E90E00A2
:1014E00011460198E5F7B2FD30B1E7F7F5FE05B01A
:1014F0005DF804EB00F067B805B05DF804FB70B56B
:1015000005460E46E5F704FB044648B93146284631
:10151000E5F79CFD044628B1E7F7DEFEE5F704FB9E
:10152000204670BDBDE87040E5F7FEBA10B5436ACD
:101530008AB0041DCDE901430023CDE90523102223
:101540003C30CDE90331CDE908230790E5F7E0FA17
:1015500060B907AB1A4604A901A8E7F73BFD0446AA
:10156000E5F7E2FA002C18BF6FF092000AB010BD48
:10157000E6F7FEB808B528B14C22002109F0E4F9DD
:10158000002008BD6FF08600FBE70020704738B5EB
:101590001C4600230846236011461546FFF7AFFF9F
:1015A00000B9256038BD08B50DF09BF8002008BDD6
:1015B00000F005B809B1E6F7B1B922207047002064
:1015C0007047E6F7F3B9E1F7ADBE40B2E6F7EABA25
:1015D00070B50C46154610B9E6F75CFB38B14368A8
:1015E0002BB12A462146BDE87040006818472320E9
:1015F00070BDF7B50D4616461C4648B103B901AC9F
:10160000C7685FB12346324629460068B84706E0FE
:10161000E6F740FB04B901AC0028F1D1232003B068
:10162000F0BDF8B50C461546064658B9E6F732FB4C
:1016300020462946FAF766F90446002CD4BF372025
:101640000020F8BDE6F726FB86420746F0D030467C
:10165000E6F714FB29462046FAF754F904463846C3
:10166000E6F70CFBE9E70EB403B503AA52F8041B36
:101670000192FFF7D6FF02B05DF804EB03B07047AC
:1016800000207047FEE74FF4005300204B60704786
:10169000012070470020704707B5002001AB019082
:1016A000FFF7A7FF0198002808BF4FF0FF3003B0F5
:1016B0005DF804FB10B514460020FFF789FF2046B3
:1016C00010BD80F89910704790F89900704790F815
:1016D0009600704713B504460DF10701007D0BF02D
:1016E000B9FE9DF8073043B1236DD4E912020244DC
:1016F000934218BF184602B010BD3022237D5343D9
:1017000003F1A04303F58023DB6EEEE7002350696D
:1017100010B5903000F8043C1446FFF70EF908B1FC
:10172000E6F730FB63681BB100212046A2689847AA
:10173000002010BD90F8943070B505460C46C3B13A
:101740000B69B3F5006F16D80CF04EFF95F88C308E
:10175000064665614BB1214605F19000FFF7E6F8BA
:1017600030460CF03CFF002070BD2046E6F70AFB37
:10177000F6E70E20F8E72120F6E792F8543037B567
:10178000144633B1936D0BB1D06D9847002384F8A4
:10179000543094F89A301BB32046E6F791FAF8B12A
:1017A000236E132120465B6898471025236E204640
:1017B0001B680DF10701984778B99DF8073003F0D1
:1017C000FD02112A05D1A3F111025342534184F8BD
:1017D000A030013D15F0FF05E8D12046E6F700FBFB
:1017E000002084F8540003B030BD2DE9F04790F894
:1017F000949004460D461646B9F1000F40F08B80D8
:1018000090F899800CF0F0FE94F89530074673B18B
:1018100094F898305BB184F895900CF0DCFE0121CF
:10182000814608460CF0BEF848460CF0CFFE38461C
:101830000CF0D5FE2E44B54205D1236E0121204681
:101840009B68984754E094F89A30002B3DD0207D57
:10185000E2F788F82046E6F751FA0746207DE2F7DE
:10186000A1F897BB0CF0C0FE0746207DE2F77AF89E
:101870002046FFF72FFFA26C00F1FF39914538BFDA
:10188000E36C94F854A038BF03F1FF33207D38BFD8
:1018900002EB0309E2F786F8BAF1000F12D14B46CA
:1018A000D4F89C108B420BD013F80129112A01D0D7
:1018B000132A20D1A2F111035A425A4184F8A020E0
:1018C000C4F89C9038460CF08AFE94F8A030002BA7
:1018D000B1D0236E2F462A785B68B8F1000F12D181
:1018E000236E20465B683978013598470028A2D0DE
:1018F0000020BDE8F087A26C9A4282BFE36C03F13E
:10190000FF339B18CEE70A2AEAD10D2120469847DB
:101910000028E5D0ECE70E20EBE7F8B504460D46CD
:101920000CF062FE94F896300646ADB17BB994F89F
:10193000983063B10CF04FFE0121054608460CF0CB
:1019400031F828460CF042FE012384F896303046E8
:10195000BDE8F8400CF043BE002BF8D00CF03BFE85
:101960000746294601200CF01DF838460CF02EFEE3
:1019700084F89650EBE738B548B1002405680CF0C0
:1019800033FEC5E916440CF02AFE204638BD22205D
:10199000FCE770B50468054694F8946086BBFFF7D1
:1019A000EAFFE6F777F9854202D13046E6F766F9B5
:1019B000236E93F91000E6F753F9236E93F91000A4
:1019C000E6F720F9236E93F91100E6F749F9236E43
:1019D00093F91100E6F716F9207D0BF01BFD207D31
:1019E000E1F740FFE1F71CFF0023C5E90033C5E93B
:1019F0000533EB60236E2046BDE87040DB68184776
:101A00000F2070BD0068E6F7EBB92DE9F041044600
:101A10000CF0EAFD94F89530054603F0FF08A3B9F1
:101A20000127236E41469B682046984784F89570AD
:101A30000CF0D1FD0646414638460BF0B3FF304668
:101A40000CF0C4FD022384F8A1302846BDE8F04123
:101A50000CF0C5BDD0F8A4309A69120643BF5B6A8A
:101A600000200B701B20704710B50446D0F8A4204E
:101A700093695906FCD5002394F8AD101A4694F8E2
:101A8000AC00E4F70FFC002394F8AF101A4694F86A
:101A9000AE00E4F707FC94F8B430DA0707D500236A
:101AA00094F8B1101A4694F8B000E4F7FBFB94F8F0
:101AB000B4309B0707D5002394F8B3101A4694F866
:101AC000B200E4F7EFFB0122D4F8A400002100F5F6
:101AD0000053DA64FFF79FFCD4F8A8000021E3F775
:101AE000CDFD002010BD08B5D0F8A400FFF7A2FC82
:101AF000002008BD0122D0F8A43019B103F58053AD
:101B0000DA64704703F50053DA649A64704700683A
:101B1000D0F8A4309A6CD20708D5012103F5005201
:101B200091649B699B0601D5FFF76FBF70470E203C
:101B300070470E207047704770477047F8B50C46E5
:101B40008D18073552421540A5F10807064638465C
:101B500000F05BFAA0883B1B618800EBE30080B2D9
:101B6000A1EBE30125F8040C25F8061CA188DA1086
:101B7000D1B1A4EBC101B1F802C0C88002EB0C00E6
:101B80004880E188B9B18A1A92B204EBC10125F804
:101B9000022C8A80A2888AB9B2681344F268B360C2
:101BA000934288BFF3600EE015F8081C41F0020173
:101BB00005F8081CE5E725F8021CEBE7A4EBC204D6
:101BC0002278D207E8D43846F8BD2DE9F04F4FF01F
:101BD000000887B09946531C109B0546174614BF52
:101BE00014460824CDF81480002B00F0C980C3F8F7
:101BF0000080002900F0C68042688A4240F2C2801C
:101C0000073121F007060CF0EFFC05AACDE90082B0
:101C100082463A464B463146284600F0FAF9059F7F
:101C2000834607B130B950460CF0D9FC192007B0F3
:101C3000BDE8F08FB7F8028029694FEAC802C0EB0F
:101C4000C8080139B8F1270F29617ED9B9F1000F11
:101C500055D1864206F108084CD02246394628461E
:101C6000FFF76CFF04460590059B9844404600F042
:101C7000CCF9059906F10F004A88C308A2EBD002FF
:101C8000A8F80220CA88A8F80430002A34D0D31A51
:101C90009BB201EBC202A8F8063093808B88F6084D
:101CA000A380B8F804303A46E38041460023284632
:101CB000668000F01BFAAB68EA6808339342AB60B9
:101CC00088BFEB60237843F0010323702B69013355
:101CD0002B616288AB68504603EBC203EA68AB60D5
:101CE000934288BFEB600CF07AFC109B0834002014
:101CF0001C609CE73C46B7E7A8F80620CEE707EB58
:101D000008042046039200F080F90BF10703DB087A
:101D10000599638008F10703DB08A380CB8893B1A2
:101D2000DB00039AD81D821A5A44C2F3CF020B4437
:101D3000E2809A80A38808F1FF384FEAD808A1F81A
:101D40000280CB80B7E7E380F4E7B9F1010F1BD144
:101D500007F10803B3FBF4F204FB1233B3B12246DC
:101D600039462846FFF7EAFE044623783A4643F010
:101D70000103237021460123284600F0B7F9A8E7A4
:101D8000222054E7212052E78642E8D13C46ECE786
:101D900007B500224FF0FF3101AB0192E6F798FB47
:101DA000019803B05DF804FB07B5009313464FF0AC
:101DB000FF32FFF70AFF03B05DF804FB2DE9F04F97
:101DC00005460C4685B0002900F0E680D0E905689C
:101DD0000CF00AFC14F808EC34F806CC1EF0010FE5
:101DE000019002D0BCF1000F06D101980CF0F7FB76
:101DF000012005B0BDE8F08FA968D5F810B034F81F
:101E0000049CA1EBCC010BF10103A4F108070CF138
:101E10000102A9602B61B9F1000F43D04FEAC90359
:101E20000293A7EBC903D888B3F802A003901878EF
:101E30000EF0020EC00725D4BEF1000F25D1039885
:101E4000A0EB0A0EBEF1010F2CD10CF102020839F1
:101E50005244C5F810B0A96034F802ECBEF1000F8E
:101E600022D114F8081C24F806EC6EF3000104F8E3
:101E7000081C013A5A801A786EF300021A70002288
:101E8000DA8045E0BEF1000F0CD002984A44091AEE
:101E9000A96014F8081C6FF3410104F8081C002124
:101EA0009980D9E73B46D7E707EBCE0AD5E9001082
:101EB00001EB0009CA450ED314F8081C013A6FF370
:101EC000000104F8081C002124F8061C5A801A7826
:101ED00061F30002D2E717F83E70514617F0010790
:101EE0002FD014F8087C013A6FF3000704F8087C3F
:101EF000002792B224F8067C5A801A7867F3000211
:101F00001A70C3F107020A44C2F3CF02DA808A8052
:101F1000002E3FD0B3423DD37288002A08BF1E4630
:101F2000B8F1000F06D0434504D8B8F80220002AC3
:101F300018BF43460198C5E905630CF050FB00202B
:101F400057E7AEEB0C0EBEF1010FCAD1BAF802C0D2
:101F5000AAF802709444BAF80620CAB10AEBC2018A
:101F600000272A69013A2A61AA68083AAA6014F887
:101F7000082C24F8067C6FF3000204F8082C1A7869
:101F8000A3F802C067F300021A700029B9D176E7FE
:101F90001146E5E71E46C3E722202AE710B50446AE
:101FA000E6F7BCFA2146BDE81040FFF707BFFFF790
:101FB000F5BF70B5049E15461A4696B100233360EE
:101FC0008DB181B14D4333462946FFF7EDFE0446FE
:101FD00028B9306818B12A46214608F0B5FC2046D9
:101FE00070BD2224FBE72124F9E707B5002201ABED
:101FF0000192E6F77BFA019803B05DF804FB08460E
:10200000FFF7C6BE0846FFF7D2BF00230360436058
:102010007047F0B5D0E90540551C08BF0822002BD9
:102020004FF0000518BF0446DDF818C0CCF800508A
:10203000002C37D09DF814706588FF0007EBC505AC
:10204000C2F1000E2078C00708D51BBBE088A0B104
:1020500004EBC004658807EBC505F3E78D42F4D3B4
:1020600063B904F10806B6FBF2F002FB10667018C3
:102070000EB1A842EAD8CCF80040F0BD082A0FD033
:102080006088013004EBC000461A06EA0E06801B89
:102090008542F0D2A0880028EFD0A4EBC004D9E795
:1020A0000846E8E72046E8E7034610461A69DAB131
:1020B00008B921B918680378DB0702D4704798691A
:1020C000F9E739B9C3887BB100EBC3000378DA07BD
:1020D000F8D47047012907D183882BB1A0EBC30046
:1020E0000378DB07F8D47047002070472DE9F041F2
:1020F000D0E90545074688461646F3B194420FD00D
:1021000042B1954215D1424601213846FFF7CCFF36
:1021100005460EE00A463146FFF7C6FF0446F2E7E1
:102120000A460021FFF7C0FFB5420446EBD0002E5F
:10213000E9D0C7E90545BDE8F081944208D08C425A
:1021400028BF0C46B54205D0454538BF4546F0E7A7
:102150000C46F7E74546ECE738B51C46C3E90001F5
:102160000023C4E90500C4E90233236122776362D6
:10217000FFF74BFF23690139C9080133418023610F
:10218000A368E268083393424FF00000A36088BF61
:10219000E36038BD08B5E6F7B1FA08BD002307B51E
:1021A000684600938DF80430E3F77AFF03B05DF8DA
:1021B00004FB10B50CF00FFA04460BF095FB20461B
:1021C000BDE810400CF002BA70474FF4C870E6F753
:1021D00025BB7047704708B5FEF7F8FAFEF705FB18
:1021E000FEF70CFBFEF721FBBDE80840FEF72ABB1B
:1021F000704708B5FEF7E5FAFEF7E4FAFEF7E3FAF2
:10220000FEF7E3FAFFF7F4FF08BD08B5FEF71CFB85
:10221000FEF71BFBFEF71BFBBDE80840FEF719BBF2
:1022200000F000B807B512200DF10601FFF7C2F962
:10223000BDF8060003B05DF804FB70477047E1F796
:1022400067B8F2F73DBAF2F7E9B830B5002485B0C7
:10225000054601A8CDE901440394E1F723F820469F
:10226000029B2B6005B030BD704713B51AB1002436
:10227000009400F0F4F802B010BDF0B58DB005ACDC
:1022800084E807001C46A1420D4628BF2546129B44
:102290000DB304B311462846002603F53813CDE9E3
:1022A0000A468DE8030003F241135F02C5EB4323A6
:1022B000099302950CAA059B12E90700069500F008
:1022C00057FAA54207D23146621B381B0DB0BDE854
:1022D000F04000F04BBA0DB0F0BD30B591B001AC9C
:1022E00084E807001C461346DA0049BF029A6200E0
:1022F000033222F00302014604A8FFF7B6FF04A848
:1023000000F0C2F81499224601F5381101F241118A
:102310004D0208A8C4EB41210023FFF7A6FF05F5F5
:10232000007100232246091B0CA8FFF79EFF0CA892
:1023300000F0AAF808A904A800F086F811B030BD92
:1023400070B590B001AC84E807001C46149916469D
:1023500001F5381101F2411122464D0208A8C4EBE3
:1023600041210023FFF781FF05F50071224600237C
:10237000091B0CA8FFF779FF0CA800F085F8F30003
:1023800048BF029A334648BF033201994CBF22F03E
:102390000302620004A8FFF768FF04A800F074F8C5
:1023A00004A908A800F050F810B070BD10B58CB0AA
:1023B00005AC84E807000E9ADDE9060102F5381243
:1023C00002F5A0725202CDE9092300228DE8030034
:1023D0000B9202930CAA059B12E9070000F0C8F9C2
:1023E0000CB010BD2DE9F04B4FF0000899460746A0
:1023F000164645468AB003AC84E8070002F0805BCD
:1024000007AC049A424502D80AB0BDE8F08B139B92
:1024100013B9AA1E012A0AD9129BCDE90779099698
:1024200000955BB194E807004B46FFF726FFBBF130
:10243000000F00D14F440135C844E2E74B4694E811
:102440000700FFF7B3FFF2E708B5E6F7FBFCE6F796
:102450002FFDE6F737FDBDE80840E6F747BD10B5AC
:10246000044622F07042103060602160A26039B1F1
:10247000A26803F070431343A360029BE36010BDA6
:10248000A36843F08043F7E701234360C36843F048
:102490002003C360836843F000538360704737B5FF
:1024A00015464A6804463AB18C680093096845EAC3
:1024B0000403FFF7D4FF0446204603B030BD2DE9E6
:1024C000F04FD3B0CDE90123DDE95D7BDDE95FA904
:1024D00000230390042003ACCDE9050307C907AB33
:1024E00083E8070021461846619E0494E6F712FD32
:1024F0008046002840F0B3805C9A0AAB07CADBF83C
:10250000045083E80700DAF804304C421D44D9F83F
:1025100004306D425B420093BB6805F00F05DA00A2
:1025200048BF7B6804F00F0442BF033323F003036A
:102530007B60B368DB0041BF7368033323F00303A0
:1025400073600023DBF80400DAF80420CDE91533CA
:1025500081182944CDE90E1379680D93494201F0A1
:102560000F01CDE9103171681293494201F00F015A
:10257000CDE91331CDE9173319935C9B5B684BB9F7
:10258000D9F804301343184301BF1024CDE90B40A0
:1025900016AB0A9311234FF0005204A932A8FFF79B
:1025A0007EFF40F611034FF0005207A9FFF777FFB7
:1025B00042F611034FF000520299FFF770FF44F604
:1025C00011034FF000520199FFF769FF41230022E8
:1025D0005946FFF764FF2B024FF00052514643F07B
:1025E0004103FFF75CFF23024FF0005243F0010369
:1025F0000AA9FFF754FF009B4FF000521B0203F49F
:102600007063494643F00103FFF749FF1038FFF7B5
:102610003BFF00230DA91A461AA8FFF740FF00232D
:1026200039461A46FFF73BFF002310A91A46FFF769
:1026300036FF002331461A46FFF731FF002313A966
:102640001A46FFF72CFF002362991A46FFF727FF6F
:102650001038FFF719FF1AA932A8FFF7F5FE404618
:1026600053B0BDE8F08F084611461A465B68102B40
:1026700001D1E6F7D7BC0720704782B000B589B01A
:102680000DF1200C20290CE907000B9312D8DDE98D
:102690000E0102AB83E803005CE902018DE8030050
:1026A0000BAA059B07CA00F0EAF809B05DF804EB35
:1026B00002B070470120F8E782B070B586B00B9386
:1026C000119B03AD202B85E807003CD80C9AB2EB98
:1026D000430F3AD10F9EB34237D106225A438A4262
:1026E00003D003EB83038B422FD1012231462220FA
:1026F000129BE6F7E9FA0446F8B90123CDE9003365
:1027000095E807000E253346FFF76CFE00950EAAEC
:1027100007CA3346FFF7B1FD2346062229460220A9
:10272000E6F7BEFAE6F7ECFA0623044678B900931A
:102730000BAA334607CAFFF703FE204606B0BDE8E2
:10274000704002B070470124F7E70724F5E71C4604
:10275000F3E7034610461944CA1A012A00D5704708
:1027600011F8012D02440A701012F5E708F0ECB8D8
:1027700082B02DE9F0438BB005AE86E80700079DD7
:102780001F4615F0804513938046DDE914328946D3
:10279000169C16D18C4228BF0C46D20016D584B1A7
:1027A0000F2C1AD8A9EB0502042A3B6828BF042283
:1027B00008EB050009A90435099308F02DF8AC428F
:1027C000F0D80BB0BDE8F04302B070479C4228BF80
:1027D0001C46002CF5D00F2C13D9DDE914018DE82F
:1027E00003000294139B96E80700E6F733FBE6F735
:1027F0005FFBE6F767FB0BB0BDE8F04302B0E6F71E
:1028000075BB224639460BB0BDE8F04302B008F074
:1028100003B882B070B586B00E9E0B930C9B03ADCF
:10282000B3EB460F85E8070027D101223146262069
:102830000F9BE6F749FA0446C8B90123CDE90033F6
:1028400095E8070006253346FFF7CCFD00950BAA57
:1028500007CA3346FFF741FD234622462146284654
:10286000E6F71EFAE6F74CFA041E18BF05242046C8
:1028700006B0BDE8704002B070470724F7E782B0A9
:102880002DE9F04F89B01D461393149B01AC8B4288
:1028900084E8070006460C4605D0072009B0BDE8CD
:1028A000F04F02B070476B1813F8013CDB07F4D50A
:1028B0000027EB5DB3B34FF0FF084FEA480111EA80
:1028C000030A5FFA81F8F8D13A46514606EB070948
:1028D0003046E71B08F038F804F1FF3BCDE9067AF3
:1028E000CDF814900DF1140A9AE80E00DDE91607F0
:1028F000B847002101278C46084699F8003023EAA2
:10290000080389F80030A1420ED1BCF1000FC4D0F9
:102910000028E9D1002FE7D101223046FFF719FF47
:102920003846BBE70137C4E76A5C735C8B4508BF78
:1029300002F0FE02A2EB030E5FEA1E2E07F0010E6C
:1029400008BF4FF0000E5340013B1B0A07F0010780
:1029500040EA0E0008BF00270131002A18BF4CF0E2
:10296000010CD0E708B5E6F7E5F910F00E03FAD050
:10297000022BF8D010F4806018BF062008BD10B5F7
:102980000446E6F7FBF92046E6F744FC18B9BDE833
:102990001040E6F7ABBC10BD10B5044608B1E6F731
:1029A000C9FC2046BDE81040FFF701BB00F4E04041
:1029B000B0F5805F04D0A0F50053584258417047ED
:1029C00001207047F0B51F4600F0FE43B3F1106FD1
:1029D000164687B015D120F01F6424F4702484B902
:1029E000D1E908234C68240A0BD10E9C009604946C
:1029F0000D9C03940C9CCDE90174E4F7FFFB07B038
:102A0000F0BD6FF08500FAE73AB1002918BF002346
:102A10002121D21A184407F097BF704738B50379BF
:102A200004460D464BB9636900202B60237E012BC1
:102A30000AD028606FF0960005E0D0E9081200F097
:102A4000DAFD0028EFD038BD02232376FBE72DE91D
:102A5000F04F9B46002389B08DF81B30159B9146A3
:102A6000DDE912A7002B0E460B460CBF4FF40062A7
:102A70004FF4806207A9DDF85080E6F7DDFD0446DB
:102A800000BB079D304629880DF11B02E6F742FE88
:102A90000446B8B99DF81B30BB4225D8D5E90812C9
:102AA0006868000A23D1CDE9033828463346CDE9CA
:102AB00001BACDF80090E4F7F3FD10F1860F04465B
:102AC00000D008B1C8F800703A4621465046D8F800
:102AD0000030FFF799FF079800F05CFD002C18BF4D
:102AE000204609B0BDE8F08F6FF08904EAE76FF087
:102AF0008604E7E700232DE9F3414668D0F8148007
:102B000004460F4630461146136000F045FD054669
:102B100088B9304600F042FD054660B9F6B276B994
:102B2000B8F1000F05D1A06820F47F4020F0030029
:102B300060B16FF08605284602B0BDE8F08101461D
:102B4000606900F001FD0028EDD1F2E74FF6F8735F
:102B500062889A4219D894F80480B8F1000F00D125
:102B600001A83946E7F704F805460028E3D10FCC61
:102B70003F683E460FC694E8030086E80300B8F1BC
:102B8000000FD8D1019B7B61D5E76FF08505D2E7B7
:102B900041F2052398421AD8B0F5905F09D241F26C
:102BA000010398420CD0B0F5885F09D06FF0850022
:102BB00070472923A0F5905080B2C340DB07F5D5BC
:102BC00011F0070F0CBF00206FF086007047B0F5C2
:102BD000105FEBD121F04003802B06D0B1F5807F50
:102BE0000CBF00206FF0860070470020704770B562
:102BF000046A05460E463CB90120FFF7F6F9286243
:102C000028B120466E6270BD6FF08A00FBE76FF05E
:102C10008C00F8E7F8B50F46114606461546FFF753
:102C2000E6FF044620B92A463946306A07F0F4FD2B
:102C30002046F8BD2DE9F041089D88461F460488CE
:102C400002B32046FFF7B2FEE0B12B680BB9D30008
:102C50002B6020462968FFF79BFF044678B9CE1DFC
:102C6000B2EBD60F11D1069B9A4211D84146384695
:102C700007F0D2FD2B68079A0733DB081360204664
:102C8000BDE8F0816FF08504F9E76FF08604F6E7A0
:102C90006FF08904F3E72DE9F04F476885B03F0AEC
:102CA0000446DDE90E9A0D4616469846DDF840B01A
:102CB00015D1CDE901ABCDF80090E4F729FC10F176
:102CC000860F0ED14346324629462046CDE90FAB4A
:102CD000CDF8389005B0BDE8F04FFFF7ABBF6FF00F
:102CE000860005B0BDE8F08F10B50446006A10B14B
:102CF000616AFFF751FE0020C4E9080010BD38B535
:102D00000546FFF7F1FF2B7E0446012B0ED0023B58
:102D1000012B0ED8EB69012B18BF6FF09604282207
:102D20000021284607F010FE204638BDEB69002B35
:102D3000F2E76FF09604F2E713B50446C0B101A9BB
:102D4000E6F756FF044698B9019B1A7E022A12D173
:102D500003221A761A79FF2A10D01AB1586900F0A6
:102D60002FFC0446019800F000FC002818BF044620
:102D7000204602B010BD6FF09604F3E76FF08404B4
:102D8000F0E773B5054608460C4600F04EFB0023FD
:102D900028461A4601A9E6F74FFC50B9019E354670
:102DA0000FCD0FC495E8030084E80300304600F01F
:102DB000F1FB02B070BD70B5144602881D46104686
:102DC000049EFFF7F3FD68B944F2010322F440507A
:102DD000984207D002F44F42B2F5824F02D0B2F5CA
:102DE000844F0ED1B4420FD82246284607F014FD76
:102DF0000021321B281907F0A7FD0020059B1C604D
:102E000070BD6FF08500FBE76FF08900F8E72DE9F2
:102E1000FF4188461F46164622B3002301223B602D
:102E200003A9E6F709FC044650B9039D6B68D5E990
:102E300008121B0A08D0284600F0ACFB6FF086048D
:102E4000204604B0BDE8F08143462846CDE900673E
:102E5000FFF7B1FF0446284600F09CFB002C08BF9A
:102E60000446EDE76FF08904EAE770B5144602887E
:102E7000049D02F4E040B0F5804F1CD144F2010003
:102E800022F44056864207D002F44F42B2F5824FF8
:102E900002D0B2F5844F0ED1AC420FD8184622466C
:102EA00007F0BAFC00212A1B204407F04DFD00204A
:102EB000059B1C6070BD6FF08500FBE76FF089001B
:102EC000F8E7F0B50F461E46154685B00AB3002355
:102ED00003A91A463360E6F7AFFB044638B90398F6
:102EE00003885B0406D400F055FB6FF0860420468F
:102EF00005B0F0BDCDE900563B46D0E9081200F020
:102F0000F4FA0446039800F045FB002C08BF044681
:102F1000EDE76FF08904EAE72DE9F0411F46002351
:102F200088B0054688461646CDE905333B60002A41
:102F300052D0B2F1005F52D206AA05A9FFF7DAFD1E
:102F40000446A0B90598036AB3B1059B41465A8867
:102F50002846079207AA029203F1240201925A6AB4
:102F600000921B6A3246FFF796FE044688B1059828
:102F700040B3FFF7C4FE25E06B681B0A02D06FF078
:102F80008604F4E73146FFF732FE04460028DCD021
:102F9000EDE70598079B4288C2B943804FF6F87267
:102FA000934216D82B8813B102889A42E7D16B88D6
:102FB00013B142889A42E2D13946FFF72FFD044609
:102FC0000028D4D1204608B0BDE8F0819A42D6D17D
:102FD000E4E76FF08504CAE76FF08604F2E76FF06C
:102FE0008504EFE710B50446006868B106280CD1E7
:102FF00004F10800FEF7BEFA00232360A38823F43F
:10300000FF7323F00103A38010BD6FF08600F3E788
:103010002DE9FF4105469846002303932B68084697
:103020001746002B3AD1B8F1000F134603A914BF7D
:103030004FF480624FF40062E6F7FEFA044678BB74
:10304000039E384631882A1DE6F764FB044638BBE8
:103050006B7968F300036B717168D6E90823090A7C
:10306000B8F1000F12D011BB3146009705F10800EE
:10307000E4F77EFB044698B9062303982B6000F022
:1030800089FA0446204604B0BDE8F08179B931469A
:10309000009705F10800FEF76BFAEBE76FF0880484
:1030A0002846FFF79FFF039800F074FAEAE76FF0F5
:1030B0008604F5E70123FFF7ABBF38B50546006886
:1030C00098B112B90024204638BD06280AD105F16E
:1030D0000800E4F77FFB04460028F3D02846FFF7FA
:1030E00081FFF0E76FF08604F8E76FF08804EAE705
:1030F0002DE9F041054600680E4617469846C8B1CE
:103100006A79D20716D52A79A2B1BA4215D806280B
:1031100016D105F10800E4F7ADFB044698B1002391
:10312000C8F800702B71A6B92846FFF75BFF204650
:10313000BDE8F0816FF08804F1E76FF08904EEE7F5
:103140006FF08604EBE726B92846BDE8F041FFF7AB
:1031500049BF21463A463046D8F80030FFF754FCC4
:103160002846FFF73FFF002C08BF0446DFE71FB5E6
:1031700001240394089C0294079C0194069C0094EB
:10318000FFF765FC04B010BD036819430CBF0120B4
:10319000002070472DE9F04707469A46002386B085
:1031A000059307F0FE43B3F1106F0846DDE90E58B2
:1031B0009146109E0BD0002D48D12846356000F076
:1031C000E9F96FF08604204606B0BDE8F0873B467B
:1031D0004FF4804205A9E6F72FFA044628B175BBE3
:1031E0003560059800F0D6F9EDE705990B8823F0D6
:1031F000FF03B3F5E24F02D0B3F5E44F0CD14B8897
:103200000733B8EBD30F07D21DBB0846356000F07B
:10321000C1F96FF08904D6E753464A463846CDE9EE
:1032200001860095FFF7CEFB04463DB90598356051
:1032300000F0B0F9002C08BF0446C4E760B1414675
:103240002846E6F7DBF9C6F80080CAE76FF0860487
:10325000F5E76FF08904F2E7059800F09BF9044662
:10326000B1E7E6F7CBB908B50088DDE90221FFF741
:103270009DFB20B1BDE808401046E6F7BFB96FF0EE
:10328000850008BD2DE9F04F1F46002389B0904608
:10329000129ACDE905331360438805460E46002B8C
:1032A00000F0C080038803F4E043B3F5804F00F0E2
:1032B000B98039463046FFF767FF002800F0B2803A
:1032C000284606AA05A9FFF715FC044600287DD16B
:1032D000059A6B68126A72B1059B9A46D3F820B0C2
:1032E0006B685AF8249F1B0A75D06FF08604059806
:1032F000FFF7FAFC6AE01A0A61D1B5F800A0698804
:103300005046FFF753FB80B15046FFF741FC04469F
:1033100000285BD10AF4E043B3F5805F02D0B3F537
:10332000005F0AD10731CA0817E02AF0FF03B3F59E
:10333000E24F37D06FF0850448E00AF44F43B3F50D
:10334000844FEFD047F201039A450FD1490801316C
:10335000C90801EBC10101F13B02079207990598E9
:10336000FFF745FC04460028B6D02FE044F20103E5
:103370009A4503D1C90801F11002EEE747F20203B2
:103380009A4505D1C90801EB410101F15A02E4E770
:1033900044F202039A4505D1C90801EB410101F14C
:1033A0004A02DAE72AF0FF00B0F5E24FBAD0B0F5F2
:1033B000824F01BFCC1DE4086400621CCDE72846A3
:1033C00007A900F036F804460028C7D00598D0B108
:1033D000FFF795FC17E02B885B0418D43B46424668
:1033E00031462846CDE9019ACDF800B0FFF73BFF02
:1033F00004460598002C7FF47AAF1299FFF70EFB74
:1034000004460028E2D1204609B0BDE8F08F5346BB
:103410004A4659462846E3F79DFF10F1860F0446B9
:10342000E7D1DBE76FF08604EDE71822002107F013
:103430008BBA028843884068000A51D102F4E04008
:10344000B0F5805F02D0B0F5005F05D10733DB082F
:1034500040D16FF08500704702F44F40B0F5844FC3
:1034600003D10733DB080AD1F3E747F201008242B8
:1034700008D15B080133DB0803EBC3033B330020B7
:103480000B60704744F20100824202D1DB08103326
:10349000F5E747F20200824204D1DB0803EB430365
:1034A0005A33ECE744F20200824204D1DB0803EB1A
:1034B00043034A33E3E722F0FF02B2F5E24FD0D0F4
:1034C000B2F5824FC5D10733DB085B000133012B16
:1034D000D5D1BEE722F0FF02B2F5824FCFD1F6E799
:1034E00000236FF086000B6070472DE9F3474768B3
:1034F0000446DDE90A9A3F0A0D461646984611D160
:10350000CDE9009AE3F790FF10F1860F0CD1434606
:10351000324629462046CDE90A9A02B0BDE8F04776
:10352000FFF7A3BC6FF0860002B0BDE8F087037E12
:10353000022B06D1C3695A1C03D00133C36100209A
:1035400070476FF09600704703466FF040420846A0
:10355000591E914207D338B103F1404393428CBFC7
:1035600000200120704701207047034668B1017EAA
:103570008A1E012A0BD80329C26903D1012A01D16D
:10358000FFF7BDBB1AB1013ADA61002070476FF056
:1035900096007047FFF7E9BF00207047C0B2FF28D0
:1035A0000CBF6FF086000020704707B500216A4607
:1035B000FDF76FFF8C3018BF012003B05DF804FBEE
:1035C00013B500216A460446FDF763FF8C3002D133
:1035D000002002B010BD00212046E3F7EFFC0146B9
:1035E00010B16FF09800F4E76A462046FDF751FFEE
:1035F0008C30EDD0F5E72DE9FF41074614468846AB
:1036000000293FD0002A3DD0B2F5005F3DD202F143
:10361000240631460120FEF7E8FC0546C0B3034608
:103620003A4621464046E6F741FB7F69002438468A
:10363000FFF7BBFF01281FD021462B4632463846F4
:103640000094E3F7F5FB0146C8B9384602AAFDF736
:1036500020FF044620B9029B9E4205D06FF09804DB
:1036600038460021E3F7AAFC31462846FFF794F9D3
:10367000204604B0BDE8F0816FF08A04F4E76FF0F3
:103680009804F1E76FF08604F2E76FF08D04EFE73E
:103690006FF08C04ECE7FFF77FB92DE9F047D0F825
:1036A00014A086B08146884617465046002104AAD9
:1036B000FDF7EFFE044610BB049E01203146FEF7E5
:1036C00094FC0546002837D02146504604AA0394AE
:1036D000FDF7DFFE044670B903AB02462146CDE993
:1036E000005350463346E3F713FC039B04469E42C7
:1036F00009D06FF0980431462846FFF74DF920466F
:1037000006B0BDE8F0870028F5D13B464246314679
:103710002846CDF80090E6F7E7FA04460028EAD1FB
:10372000D8F800302BB13B68002B08BF6FF0910434
:10373000E1E76FF09104DEE76FF08C04DFE78B695F
:10374000184700207047704770474FF000007047DF
:103750000020704770477047002070470020704776
:103760000020704700207047002070477047704766
:103770000020704770471120704700207047704745
:10378000704750E8003F0B4340E80032002AF8D170
:103790007047C94350E8003F0B4040E80032002A20
:1037A000F8D17047431E032B06D8DFE803F002046C
:1037B00002040320704704207047704700207047C0
:1037C0000020704770477047002070470020704706
:1037D000704770477047704700207047002070475F
:1037E000704770477047002070470020704770474F
:1037F000002070470020704770474FF0FF3070473F
:1038000000207047704770470020704700207047C5
:103810004FF0FF30704711207047002070470120A3
:1038200070470020704700207047002070477047A5
:103830007047704701F059BB38B504460AF0D4FE12
:10384000D4E90A1205462046E6F798FAB4F84C1077
:10385000B4F84E20E060521A40F2712101FB0203DD
:1038600003F59C53083328462361BDE838400AF02D
:10387000B6BE08B52030FFF784FFBDE808404FF022
:103880008050F0F7D7BD38B50D4604460830E8F74C
:103890001FF885F001010025204602F0C4FEE06B10
:1038A000A56110B1E7F720FBE56304F14000BDE836
:1038B000384007F0B8BB10B5044619B390F856204D
:1038C0008AB190F857300133DBB29A4280F8573012
:1038D00009D10121FFF7D7FF4FF080712046BDE8E5
:1038E0001040FFF7C6BF236ADA030BD5636A62682C
:1038F0009B1A002B06DA01212046FFF7C4FF4FF088
:103900008061EBE7236A1B0424D402F0F6FF112345
:10391000B0FBF3F394F9682003EB0313C01A83B2EE
:1039200012FA80F0102888BFC3F110035BB2083A86
:103930001A4484F8682040F27121B4F84C202046E3
:103940001A44636801FB023301216360BDE8104043
:1039500002F07ABE0023EEE72DE9F74F16461D462A
:1039600082699DF85830044688460E9F9DF8409025
:103970009DF848B09DF850A00193002A40F0D280F5
:1039800005F01C021C2A04BF0626B046EB0600F117
:10399000A98005F00302032A08BF05F0FD0505F024
:1039A000F70505F01402142A40F0A080A80600F1E3
:1039B000AA80BDF844209DF85C00A4F85420FFF7CD
:1039C000F1FE00221BF0020F84F86900A26740F0AC
:1039D0009D801BF0040F00F09B8000F0FD0001288B
:1039E00014BF0323042384F874309DF86000FFF7AC
:1039F000D9FE00231AF0020F84F88E00C4F8883034
:103A000040F088801AF0040F00F0868000F0FD007E
:103A1000012814BF03210421606C84F88410FFF78F
:103A2000A9FE49F6FF7104F12000FFF7B2FEFF2363
:103A300084F85A30019B1BB1236A43F480532362FC
:103A400005F01803182B02BF236A43F400432362D6
:103A5000236A6A0723F4C04323620CD419F0010FD0
:103A60001CBF43F400532362236A19F0020F1CBFEA
:103A700043F480432362236AA4F850502B4323620B
:103A800004F16203002F49D03A68C4F86220BA8872
:103A90009A809DF83430012B03D14FF48061FFF7F9
:103AA00070FE236A9DF8302023F4407343EA02231A
:103AB000236202F022FF9DF85430C0F30B0040EA6D
:103AC00003309DF83C30A4F88C00A4F84C802046CC
:103AD000A4F84E6084F85830FFF7AEFE002003B023
:103AE000BDE8F08F4FF0010AD3465AE70022204686
:103AF000A16AE6F743F940F2712272438242BFF4B1
:103B000055AF4520EBE705F0FC0552E702236AE7D5
:103B1000012368E702217FE701217DE7C4F8627095
:103B20009F80BEE70C20DAE72DE9F7438946174668
:103B30000446019330B901A807F075FA422003B09A
:103B4000BDE8F083012920D0022910D089B983690A
:103B5000C3B900F128054FF40036236AD9061ED5F3
:103B60005A0726D501A807F05EFA0020E7E7406C67
:103B700020B901A807F057FA0C20E0E71946FFF733
:103B8000FAFDDCE700F13005E5E7836923B900F1D0
:103B90002C054FF48026E0E700F13405F9E79B0798
:103BA00007D5B9F1000F04D101A807F03CFA1220A3
:103BB000C5E704F1200840463146FFF7EAFDF80763
:103BC00002D5284607F02FFA019921B1284607F0BF
:103BD00011FB00230193286807F0AAFA236AD9068B
:103BE00005D51F2801DC032F16D02846DDE740F25B
:103BF0007262904204DD284607F015FA07209EE71E
:103C0000B9F1000F08D1BF2806DD9A0704D0284675
:103C100007F009FA452092E72046D4E90C12E6F7AE
:103C2000ADF8A36983B140F27122B4F84C3053432C
:103C3000984209D9B4F84E308342E8D300F51C709D
:103C4000B0FBF2F0A4F84C000AF0CEFCA3690546E4
:103C50007BB1BB070DD531464046FFF792FD636847
:103C6000C3F57A7602F08AFEF04202D52046EAF7E2
:103C70001DF828460AF0B3FC77E708B548B1CB0732
:103C800001D4002008BD4FF480112030FFF779FDEA
:103C9000F7E74220F6E708B548B1CB0701D400208A
:103CA00008BD4FF480112030FFF773FDF7E7422085
:103CB000F6E7E6F74BBB38B5836904460D463BB1E2
:103CC000036A13F0010011D194F85930FE2B0CD087
:103CD00004F120004FF40011FFF753FD01202B6881
:103CE000C4F85B30AB88A4F85F3038BD0020FCE737
:103CF000036A10B5044613F4602025D09A0307D553
:103D000004F1280007F08FF9236BA36200232363DB
:103D1000236A5B0307D504F12C0007F084F9636B79
:103D2000E362002363634FF4602104F12000FFF796
:103D300030FD2046FFF780FD0120B4F88C305A1C7E
:103D400062F30B03A4F88C3010BD10B5044640306C
:103D500007F050FA2046BDE810404FF00071FFF721
:103D600088BD012313B54189009304468389C28924
:103D7000084601F01DFDE0B1E279531E072B1AD869
:103D80006389934217D922899A4214D8237C43B974
:103D9000637C33B9A37C23B9E07C10B9237D0F2B5E
:103DA00007D9607D1B3000F01F000B288CBF00205E
:103DB000012002B010BD0020FBE7F8B58D790C465C
:103DC0000C354B5D4F1903F0400343F004034B5592
:103DD0000623B91C7B70164600F00FF8635D002EB9
:103DE00060F386136355A3797A7803F102031344D1
:103DF000E371A4BF06367E70F8BD37B50246136A7C
:103E0000084603F4007403F48015DB0505D47CB97F
:103E100002F0FDFC204603B030BD4CB9B5FA85F484
:103E2000D2F85B1064090160B2F85F208280F1E78C
:103E3000019092F95A30B5FA85F4009300231A469E
:103E400019461846FFF7E7FC6409E3E750E8003F2E
:103E50000B4340E80032002AF8D17047C94350E8CC
:103E6000003F0B4040E80032002AF8D1704738B5D7
:103E700005460C4602F064FE20B149F640439C42E0
:103E800028BF1C46EA68A2420BD240F27121B5F865
:103E90007A304B43934238BF1346A34228BF234690
:103EA0001A462A6138BD03469A6A4430920404D502
:103EB000D3F82821998FECF7D7BC93F86F10ECF763
:103EC000C9BC002070470120704700207047704730
:103ED000002070470020704701207047C8207047BD
:103EE00000207047002070477047704711207047CE
:103EF0007047704700207047704700207047704738
:103F0000012070477047704790F8852010B5531C0A
:103F100003F00F03072B28BF0023044663F30302BB
:103F2000034480F8852083F87E1090F885306F2B4D
:103F30004FEA13129EBF013262F3071380F88530F7
:103F4000FFF7E1FF204694F83011FFF7CEFF10BDD8
:103F500070477047704710B101F1B000704701F130
:103F6000D4007047F8307047806A70472830FFF7F8
:103F70006DBF2830FFF772BFC06A70472C30FFF763
:103F800065BF2C30FFF76ABF00F59C70704708B51D
:103F90000B79DB0702D4FFF7DBFF08BD91F90510B1
:103FA000BDE80840FFF7B0BF70B540F2712606FBD0
:103FB00001F345685643826A1D4412070446456072
:103FC0000ED500F14005294600F13402E7F79CFFC9
:103FD000334629462046BDE87040012201F0DEBB91
:103FE00005EB5605456070BD836A590505D4D0F8C8
:103FF000A03013B15B799A0708D4D0F8A40000B9B7
:10400000704743799B0701D40068F8E701207047A7
:1040100080F87710704738B504460D46E6F758FC2F
:1040200080B2FFF7CDFB78B14288022DA08F11D06E
:10403000032D0BD0012D06D1238F626B1B01B3FB27
:10404000F2F3184480B238BD0122EEE74FF47A4310
:10405000626BF4E7638F5B00073313FB0200F1E749
:1040600038B5044601F085FD04F1A40006F0DBFF3D
:1040700004F1A80006F0D7FF04F1AC0006F0D3FF6E
:1040800004F1A00006F0CFFF2046E6F721FCC4B201
:104090002046FFF761FB05462046FFF75FFB014620
:1040A0002846FFF758FB38BD38B5836A04461B071E
:1040B00013D50246B0F87C3052F8341F4B4340F21F
:1040C00071214B4300F14001E7F71EFF236C2046AE
:1040D0009D08E6F755FB2844E06040F27125616BCE
:1040E000204601396943FFF7C2FE636BB4F87C20B8
:1040F00020465A436368012105FB02336360BDE833
:10410000384002F0A1BA38B5D0F83431044600F591
:10411000947543B3B3F90030A4F832312046E6F782
:10412000D7FBC0B2FFF7DAFE94F8303194F83121B2
:1041300004F1440102F0FDFC01462846ECF73AF98F
:10414000D4F83431B4F9322183B1B3F900309A4252
:104150000FD0A36A9B030CD52046BDE838404FF42E
:104160000041E6F7CBBB47F6FF73D5E747F6FF7391
:10417000EDE738BDFFF7C7BF836A0A4600F1440187
:10418000C3F34030ECF71CBB38B504460D463AB9D2
:104190004FF4C0212830FFF761FE9DB9002038BDE3
:1041A000FFF7A8FE98B128344FF4C0212046FFF74E
:1041B00055FE1DB14FF40031FFF748FE4FF480214A
:1041C000204601E04FF40031FFF740FEE6E7112002
:1041D000E5E72DE9FF41836A04469B032CD5D0F81F
:1041E000343163B3B3F900500020B4F93281EBF7F6
:1041F000A3FFA842B4BF0026012602F09FFCC822FC
:1042000094F83011EBF7A6FF07462046E6F760FB6F
:10421000AF42CCBF00270127A5EB08080FFA88F3AF
:104220000293002346EA4706CDE900561A4694F861
:10423000301180B200F00BFE04B0BDE8F08147F60B
:10424000FF75D1E7FFF7C5BF86307047F8B5044664
:104250000E4600295AD040F27123476B30465F4327
:10426000A7F28A277F08394602F016FA94F88E30B2
:10427000851FADB29D4239463046A8BF1D4602F0AB
:104280000BFA94F88F20831F9BB29342A8BF13466A
:10429000F21E012AB4F88610B4F888202BD8B1F5A4
:1042A000296F44F29020B8BF4FF429618142A8BF22
:1042B0000146B2F5296FB8BF4FF429628242A8BF08
:1042C00002461B2DB8BF1B251B2BB8BF1B23304636
:1042D00084F8913084F89050A4F88A10A4F88C20C7
:1042E00002F0DAF9831F9BB2AB42A8BF2B46DBB2C8
:1042F00084F89230F8BDB1F5A47FB8BF4FF4A47133
:10430000B2F5A47FB8BF4FF4A472DAE71B23EFE73E
:104310002DE9F341476B490089B28F4204461646A6
:104320001D4639D040F271224368416302FB0733D6
:1043300002FB11334360E6F7CBFA4FF0000887B277
:1043400033464246012138460195CDF80080FFF7FB
:104350003FFA3846FFF744FA41463846FFF739FA44
:104360000123618F228FB14218D09542668700D019
:104370002587238F626B1B01B3FBF2F3204694F871
:104380003011A4F89C30FFF761FF0421204602B0F1
:10439000BDE8F041E6F7B2BA0023E2E79542E7D183
:1043A000A26A1207E5D5002BE3D102B0BDE8F08187
:1043B000F0B585B004460E466A4600F1860300F16A
:1043C0008E07154618685968083303C5BB422A464C
:1043D000F7D11868314628609B882046AB80FFF7EC
:1043E00035FF9DF80B2094F891309A4211D1BDF819
:1043F0000620B4F88C309A420BD19DF80A2094F82C
:1044000090309A4205D1BDF80420B4F88A309A421F
:1044100007D04FF48141204605B0BDE8F040E6F7F3
:104420006DBA05B0F0BD37B5044694F88E50BDF8AE
:1044300018008D420BD1B4F88650954207D194F8FC
:104440008F509D4203D1B4F8885085421BD08DF81F
:104450000610ADF80420019D84F88E1084F88F308A
:10446000A4F8880094F830112046C4F84051A4F80C
:104470008620FFF79DFFB4F88A30A4F88630B4F8A0
:104480008C30A4F8883003B030BD70B504461646B1
:104490000D4690F83031B1B1994214D00122FFF7A6
:1044A00027FD294600222046FFF720FD2946204609
:1044B00084F83051FFF77CFF2046BDE870404FF490
:1044C0008441E6F71BBA19462046FFF771FF002E1C
:1044D000F2D170BDF8B51D46C36A04465B070F46AE
:1044E000164610D404212C30FFF7B0FC84F89A70E3
:1044F0002046A4F89660A4F898504FF40061BDE8F7
:10450000F840E6F7FBB9F8BD10B511B190F89A4044
:104510000C7012B1B0F89610118013B1B0F8982059
:104520001A80C06AC0F3800010BD4FF400412830EB
:10453000FFF78CBC00F5A270704790F8300170470F
:10454000F8B504460AF050F86568064602F016FA17
:104550002B1AB3F5FA7304D53046BDE8F8400AF0DB
:104560003EB840F27122616B94F870505143B3FB36
:10457000F1F3A28F98B2121AA28794F86F2000FB71
:104580001522252592FBF5F705FB1722002AB8BF57
:10459000521984F86F20B4F89C20121AA4F89C20B9
:1045A000626800FB112200212046626002F04CF894
:1045B000D2E700232DE9F3474E790446B20758BFEE
:1045C00006F00106084648BF0326ADF8043058BF80
:1045D00001360D46FFF7B9F8074607F01F03002B19
:1045E000E36A15BF4FF001084FF000084FF00309D0
:1045F0004FF002099B050CD59DF80430294666F35F
:10460000010368F345138DF804302046019A00F049
:1046100019FB284606F08CFD82464946284606F0DE
:1046200042FD9DF80430AA7966F3010368F345134F
:104630008DF804308DF805A0BDF804300C32AB5273
:104640009DF80430A91898066B7948BF8F7043F025
:1046500001036B7109F0C8FF06462046294650F851
:10466000A47F06F0C7FD94F846312046013384F854
:104670004631E6F72DF980B2FFF7A2F880B1438802
:10468000A26A12070ED5B4F87C209A4202D92046BD
:10469000FFF756FF304602B0BDE8F04709F09FBF74
:1046A0000123EDE7656802F069F98046E9F7F8FA59
:1046B0008442EFD1A5EB0805B5F57A7FEADD1FB19D
:1046C000D4F8A030002BE5D1E9F754FEE2E7F0B5CD
:1046D000036B0446990790F8775087B001D5FFF730
:1046E000BFFC236BDA0733D5A76A3B0723D517F442
:1046F000002F14BF032601262046E6F7E9F894F8B8
:104700009B30314605930023049394F83E30C7F361
:1047100080020393238F80B20293638F0193636BB4
:10472000C3F34F03009304F1710300F010FE30B99E
:10473000002007B0F0BDBE0C06F00206DCE7012148
:1047400004F13000FFF78AFB4FF40051FFF77EFBC6
:10475000236B980410D52046E6F7BAF8A16AC0B2D8
:10476000C1F3403100F058FB0028E1D04FF4005174
:1047700004F13000FFF772FB236BD90409D5002147
:104780002046E6F7C7FD4FF4805104F13000FFF7F3
:1047900065FB236B5A0512D52046E6F799F80023EE
:1047A00094F89B60C2B21946304600F073FC0028B2
:1047B000BED04FF4806104F13000FFF74FFB236B54
:1047C0005B0711D52046E6F783F8616B238F628F74
:1047D000C1F34F0180B200F09AFD0028A8D0042157
:1047E00004F13000FFF73AFB236B1F0709D5204681
:1047F00001F0AEFB00289BD0082104F13000FFF748
:104800002DFB236BDE0618D52046E6F761F8E16A3A
:1048100080B211F4805100F0DB80002100F00CFE2A
:10482000002885D04FF4805104F12C00FFF716FBCF
:10483000102104F13000FFF711FB236B580613D54C
:104840002046E6F745F894F8773080B20093D4E933
:10485000082300F0D4FD00283FF46AAF402104F1A2
:104860003000FFF7FBFA0025236B190516D520460B
:10487000E6F72EF800230093B4F89830B4F89620A9
:1048800094F89A1080B200F07AFA00283FF450AF02
:104890004FF4006104F13000FFF7E0FA236B13F4EA
:1048A00080462FD19A0513D52046E6F711F83346F6
:1048B000324694F8301180B2E7F7D2FA00283FF47C
:1048C00037AF4FF4007104F13000FFF7C7FA3546F7
:1048D000236B1B0616D52046E5F7FAFFB4F88C309B
:1048E00080B2009394F89130B4F88A2094F8901034
:1048F00000F0D4FD00283FF41BAF802104F130000C
:10490000FFF7ACFA236B9F0610D52046E5F7E0FFD2
:1049100094F8771080B200F0A6FD00283FF408AFAD
:10492000202104F13000FFF799FA0025236BDE0502
:1049300008D504F130004FF48071FFF78FFA20465C
:1049400001F031F9236B180408D504F130004FF45D
:104950000041FFF783FA2046FFF774FC236BD9036D
:1049600008D504F130004FF48031FFF777FA204684
:10497000FFF7BAFA236B9A0308D504F130004FF41D
:104980000031FFF76BFA2046FFF7BCFA236B9B0759
:104990001AD5002220461146FFF7B2FA2046FFF74B
:1049A000B1FA2046E5F794FF94F8771080B200F052
:1049B00010FE00283FF4BCAE04F130000221FFF7E6
:1049C0004DFA2046E6F790FA012084F87750B0E6D9
:1049D00000F049FD24E708B5022006F0E8FC10B11C
:1049E00000F0DDFD012008BD10B504464FF4407114
:1049F0002830FFF733FA2046BDE810400021E6F7E3
:104A000089BC012310B5A1F12002C1F1200423FAD1
:104A100004F403FA02F222438B40D0E90841234018
:104A20000A40134314BF0120002010BDC36A10B513
:104A3000044613F0080012D00123A1F12002C1F1B5
:104A4000200023FA00F003FA02F202438B40D4E97B
:104A5000080103400A40134314BF0120002010BD89
:104A600010B50C46C9B2FFF7E1FF70B1EAF7A4FB3D
:104A7000C4F12002A4F12003E04001FA02F2104345
:104A800021FA03F3184300F0010010BD70B504468D
:104A90000E46E7F791FB09F0A7FD054602212046E7
:104AA00084F87760E5F72AFF2046012101F0BBFD7D
:104AB0002846BDE8704009F092BD70B504460D4629
:104AC00009F092FD0646E9F7EBF8844201D1E9F7D7
:104AD00031FC304609F083FD29462046BDE8704090
:104AE000FFF7D4BF0B68C0F84031704738B540F6C7
:104AF0004805D0F840310C460B609BB2AB4204D95C
:104B00000B21FFF7ADFF08B9258038BD44F2902393
:104B10002380FAE708B5E6F799F800F0DDFA00F02F
:104B200008F8E7F749FAE8F76DF8BDE80840E8F754
:104B3000E9B8704770B515460E461C46FFF712FAE5
:104B40002B684EB103606B6843602368C0F8253062
:104B50002368C0F8153070BD83606B68C36023683C
:104B6000C0F829302368C0F81930F4E770B505465D
:104B7000FFF7F8F9044609F037FD06464FF4807157
:104B80002846FFF7F3F94FF400612846FFF7F6F9DE
:104B9000304609F024FD0023284623612375236253
:104BA00084F82430FFF7E0F9802310F0080F14BFD9
:104BB000237584F8243070BD10B50446FFF714FF48
:104BC0002046BDE810401021E5F798BE10B5044618
:104BD0004FF46061FFF7D5F92046BDE81040FFF7BC
:104BE00003BF7FB506460C46FFF7BCF94FF4C06122
:104BF00005463046FFF7C2F94FF400613046FFF733
:104C0000C0F94FF48060EAF751FA224670B969465C
:104C10002846EBF70FFD6B4605F1100213F8011B58
:104C200002F8011DAA42F9D104B070BD6C4602F130
:104C30001006234610685168083203C3B2421C466E
:104C4000F7D1E8E737B50D46ADF80420FFF78AF94C
:104C5000044600F12003024601992846EBF71AFCAE
:104C6000236A0133236223B994F82430013384F892
:104C7000243003B030BD37B50D46ADF80420FFF742
:104C800071F901990446024600F110032846EBF73A
:104C900065FC30B123690133236113B9237D0133EE
:104CA000237503B030BD41F0004141F4E0210160C3
:104CB000704707B501A8019106F0B5F9002003B0CF
:104CC0005DF804FB704770470020704710B5DC1D8D
:104CD000043383734379C47123F0030343F0030364
:104CE0000E244371012344738371C3730182827460
:104CF00010BDD31CC371FF2343734379827323F028
:104D0000030343F0030343710123C17383717047AD
:104D1000D31CC3713E2343734379827323F003038F
:104D200043F0030343710123C173837170470F2361
:104D30004373042383734379A0F8111023F0030312
:104D400043F00303437140F20173C3800123C27334
:104D500003747047D31CC3714379417323F0030379
:104D600043F003034371012382738371704708B5D5
:104D70000023FFF7ABFFBDE80840E6F70BBE2DE9C7
:104D8000F84380460220894617461E4606F00FFB70
:104D9000D0B10C2343730823837340F60133457964
:104DA000C38025F003059DF8203045F003054571CB
:104DB000A0F8108080F81290A0F81370A0F8156089
:104DC000C373E6F7E7FD0120BDE8F88308B50220CC
:104DD00006F0EDFA30B101221121FFF799FFE6F755
:104DE000D9FD012008BDF8B504460F46164613212B
:104DF0001D460922FFF78CFF83790C331C44A170F8
:104E0000E77026712B68C4F80530AB88A4F8093028
:104E1000BDE8F840E6F7BEBD70B5064602200D4677
:104E200006F0C5FA044668B114210422FFF770FFAA
:104E300083790C331C44A170A4F803606571E6F714
:104E4000A9FD012070BD08B504F0A9FD08BD2DE93C
:104E5000F041074602200D4690461E4606F0A7FA8E
:104E60000446E0B109222121FFF752FF0A2283798B
:104E70000C331C44BDF9183084F8038093FBF2F323
:104E800023729DF81C30A7806372BDF92030A67193
:104E900093FBF2F3E571A372E6F77CFD0120BDE818
:104EA000F08137B5044606F043F93E22A379C0B23B
:104EB0000C33E518E254831E6B700D23AB70AB7995
:104EC0001C38012BE8768DF8073009D10023E91D45
:104ED0001A460DF10700FEF795FC9DF80730AB71FF
:104EE0002046E6F757FD03B030BD704710B5E6F732
:104EF0008BFD837900210C33C418E078E4F7ACFF14
:104F00006168FEF7BAFE0446E6F784FD2246BDE876
:104F1000104000234FF61941FFF7D8BE10B5E6F751
:104F200073FD837900210C33C418E078E4F794FF13
:104F30006168FEF7B0FE0446E6F76CFD2246BDE868
:104F4000104000234FF61A41FFF7C0BE2DE9F04193
:104F5000E6F75AFD837900250C33C418E678E6F7A6
:104F600053FD0768E6F750FDA6F1FE03594259418B
:104F700005603046E4F770FF3B4629462279FEF78C
:104F8000D3FD0446E6F746FD2B462246BDE8F04138
:104F900042F23701FFF79ABE2DE9F041E6F734FD02
:104FA000837900250C33C418E678E6F72DFD0768F1
:104FB000E6F72AFDA6F1FE03594259410560304645
:104FC000E4F74AFF3B4622790121FEF7ADFD044696
:104FD000E6F720FD2B462246BDE8F04142F23801BB
:104FE000FFF774BE2DE9F047E6F70EFD83790C3329
:104FF000C418277994F8038027B9B8F1010F27D096
:10500000E5F78CF900260534BE420ADB0025E6F7F9
:1050100001FD2A46BDE8F047002342F23901FFF7BF
:1050200055BE2078B4F80150A0F1FE035942594111
:1050300094F803900434E4F70FFF58B12A464B4626
:105040004146E5F765F805460028E0D10136DBE783
:105050001225DCE74225DAE710B5E6F7D5FC8379BF
:1050600000210C33C418E078E4F7F6FE80B1211D6E
:10507000FEF721FE00280CBF0C240024E6F7CAFC32
:105080002246BDE81040002342F23501FFF71EBE64
:105090004224F3E7FE282DE9F84306468946904668
:1050A0001F4616D0022006F082F9044690B106226F
:1050B0001221FFF72DFE1223A57920460C35254439
:1050C000AB7085F803902E71A5F80580EF71E6F7B7
:1050D00061FC0120BDE8F883704710B5E8F724F8BB
:1050E0000446FEF787FB2043C0B210BD38B5E6F793
:1050F0008BFC8379C17903F10C020244CB1A0220A4
:105100000021B2F8035006F07DFA044640B9E6F7F4
:1051100081FC0722BDE8384042F21901FFF707BEC3
:105120002846E5F7C1FB38B12146E7F77FFD044685
:10513000E6F770FC2246EDE72046F7F7B3FB0224C2
:10514000F6E770B5E6F760FC83791844B0F80F60B5
:10515000B0B2E5F7A9FB80B1002100F0A1FE054641
:10516000E6F758FC044602232A4642F21B01FFF7E9
:10517000ADFDA3791C44668270BD0225F0E770B5D1
:10518000E6F742FC83790C33C418B4F80350284680
:10519000E5F78AFBA0B1611D00F082FE0646E6F746
:1051A00039FC04460223324642F21A01FFF78EFD13
:1051B000E37923449D72E3792D0A1C44E57270BDA6
:1051C0000226ECE710B5E6F71FFC83790C33184490
:1051D0004479B0F80300E5F767FB60B12146E7F7D3
:1051E00001FB0446E6F716FCE2B240F20641BDE8D8
:1051F0001040FFF79CBD0224F4E770B5E6F704FC0D
:1052000083791844B0F80F5009F0EEF904462846A7
:10521000E5F74AFB80B11621FFF74FFC0025204639
:1052200009F0DDF9E6F7F6FB2A46BDE870400023F9
:105230004FF60441FFF74ABD0225F0E7F8B5E6F75F
:10524000E3FB847905460C340444B4F80300E5F725
:105250002BFB064640B9E6F7DDFB0222BDE8F8402D
:1052600042F21301FFF763BDAB79E97903F10C0258
:105270000220CB1A2A44002106F0C4F9014618B9CD
:10528000E6F7C8FB0722E9E78379033383713046E9
:10529000B4F80D50B4F80F70E7F74AFA04463A46EE
:1052A00029463046E5F76CFEE6F7B4FB2246D5E723
:1052B00038B509F099F90446FFF70FFF00280CBF35
:1052C0000C250025E6F7A6FB2A4642F20E01FFF761
:1052D0004EFDE8F7A5FA2046BDE8384009F07FB951
:1052E00010B5E6F791FB83790C330344B3F8030060
:1052F000B3F80510C0B2E5F7A5FEE6F78BFBBDE8F5
:105300001040002342F224011A46FFF7DFBC2DE9CA
:10531000F84381460220884617461E4606F047F8A5
:10532000044690B10A220321FFF7F2FC0023A5797D
:1053300020460C352544EB70A5F80490A5F80680AE
:105340002F816E81E6F726FB0120BDE8F8832DE969
:10535000F043814685B002200E461F469DF84480EA
:105360008DF80F2006F023F80546002844D02222AD
:105370002921FFF7CDFC0022AC7930460C342C44B7
:1053800004F10E0304F11401C4F80E209A80626146
:10539000228300913A460DF10F01FEF734FA9DF891
:1053A0004030A4F80490E37006F00103A3719DF867
:1053B0000F3016F0FD0FE3713B68A360BB88A3813B
:1053C0004FF6FF7304D0032E08BF43464FF0FF088B
:1053D000BDF8302028466283BDF8342084F821804F
:1053E000A283BDF838206384E2839DF83C2084F8D2
:1053F0002020E6F7CFFA012005B0BDE8F083F8B52C
:105400000746022016461D4605F0D1FF044690B11E
:105410000C220421FFF77CFCA1799DF818300C3197
:10542000214420468F80C1F80660C1F80A50CB7035
:10543000E6F7B0FA0120F8BD70B5064602200D4629
:1054400005F0B5FF044668B103223021FFF782FC66
:10545000A37920460C332344A3F803609D70E6F73C
:1054600099FA012070BD70B5064602200D4605F080
:105470009EFF044688B104220821FFF76BFCB5FAB1
:1054800085F2A37952090C3323442046A3F8036024
:105490005A719D70E6F77EFA012070BD2DE9F84340
:1054A00081460220884617461E4605F080FF0446C6
:1054B000B0B10B220721FFF72BFCA579BDF82030F6
:1054C0000C3525442046A5F80390A5F80580A5F8DD
:1054D0000770A5F80960A5F80B30E6F75BFA012024
:1054E000BDE8F883F8B5074602200E46154605F0DC
:1054F0005EFF0446A0B10D220521FFF709FCA37948
:1055000020460C332344A3F80370A3F80D602A68E7
:10551000C3F805206A68C3F80920E6F73BFA0120C2
:10552000F8BD2DE9FF4116466A4680460F461546EE
:105530000A9C03F1100E9446186859680833ACE8C9
:10554000030073456246F6D124B9022005F02FFF0F
:10555000044608B31D22ED212046FFF7CAFBA379BC
:105560000C332344A3F80380A3F80D702EB13268E6
:10557000C3F805207268C3F809200F3304AE2A4629
:1055800003CAB24218605960154603F10803F6D108
:105590002046E6F7FFF9012004B0BDE8F08113B51D
:1055A0001321827901900C32841881544FF4407297
:1055B000C280E5F7DFFFA07020B901A805F033FD38
:1055C00002B010BD8000013060700198E6F7E2F98A
:1055D000F6E770B5064602200D4605F0E8FE0446E3
:1055E00078B104220521FFF7B5FB0022A3792046FC
:1055F0000C332344A3F803605D719A70E6F7CAF98F
:10560000012070BD13B5837901900C33C418C05CC0
:10561000E5F74AF920B901A805F005FD02B010BD73
:105620006378019913F0300F0CBF012200228B79AF
:1056300004338B714B7962F300034B71E5F76AFE1B
:10564000ECE72DE9F041E6F7DFF983790C33C41874
:10565000B4F803801FFA88F0E5F726F9054600B391
:10566000A2796179FEF790FD0646E6F7D3F9074681
:105670000223324642F27A01FFF728FBBB79384613
:105680003B44A3F81280E6F785F946B9A37933B114
:105690002846FEF752FF01462846FEF72DFCBDE8DE
:1056A000F0810226E1E700F0B2BE704738B504464B
:1056B00001F044FA054658B9C820EAF79DFEC82211
:1056C00002212846EAF746FD8442A8BF044624B2D8
:1056D0002046EAF791FE01F031FABDE83840C822D1
:1056E0000221EAF737BDB0F90020B1F900302DE909
:1056F000F0479A4204460D4648DC08F075FF8046A4
:10570000E5F788FB00283ED1EAF716FD824601F056
:1057100015FAC8220221EAF71DFD47F6FF73B5F915
:10572000002081469A4202D1EAF730FD288047F6F0
:10573000FF73B4F900209A4202D1EAF71FFD2080DE
:10574000B5F90000FFF7B2FFB4F900300746834215
:10575000C8BF2080B4F90000EAF738FEFEF7C0FBAE
:10576000064658B15046EAF731FE4846EAF744FE8D
:10577000404608F034FF3046BDE8F087EAF7DCFC2D
:1057800020802F80F4E741F20C06F1E72126F2E7B2
:105790004368143B4360A0230B6070471AB942680A
:1057A000A2EB530242600A6802EB83020A60704770
:1057B000884210B51BD8052819D9B1F5486F16D8FD
:1057C000B3F5FA7F13D240F67644A2F10A0080B214
:1057D000A0420CD8BDF8080001339BB243434B43B1
:1057E0005B00B3EBC20F94BF0120002010BD00206E
:1057F000FCE7C94350E8003F0B4040E80032002A74
:10580000F8D17047002070472DE9F04104460E465C
:1058100000250127214685F00100FEF79CFB4FF48F
:105820008051FFF7E6FF8368804633B938460DB1F3
:10583000BDE8F08101250746ECE7028AB24206D1B5
:1058400000220121204698470028EFD1EFE70268A7
:10585000D10502D500221146F4E79307E6D520468C
:10586000FEF7C2FB02460028E0D10521D8F8083037
:10587000E8E708B5FEF788FB00230380436008BD16
:1058800070B506460C4608F0AFFE05463046FEF7FA
:105890007BFB30B103781C4304704FF40070EEF7CB
:1058A000C9FD2846BDE8704008F099BEE5F732BD55
:1058B00007B542798DF8071022F0030242F0030287
:1058C000427140F203320DF10701C280012205F05E
:1058D00086FB03B05DF804FB70B50C460546072156
:1058E00020461646FFF7E4FF2046E6F7D5FB2146A3
:1058F00046702846BDE87040E5F70CBD38B50C464B
:1059000000210546FEF787FB47F6FE73241AA4B272
:105910009C4205D928462821FFF7B8F8002038BD59
:105920000120FCE738B504460D4601460020FEF78D
:1059300012FB03689B0505D429462046BDE8384084
:10594000FFF7DCBF002038BD2DE9F04115461F46AA
:105950009DF81880FEF7FFFA044608F045FEB8F1FE
:10596000010F064623D154E8003F43F4807344E816
:105970000032002AF7D105B354E8002F42F4007238
:1059800044E80023002BF7D1FF212046FFF731FF29
:1059900054E8002F48EA020244E80023002BF7D124
:1059A0003046A5602782BDE8F04108F018BE4FF4EC
:1059B00080712046FFF71DFFDDE74FF400712046A0
:1059C000FFF717FFE0E773B5064601200C46FEF728
:1059D000C2FA002305461A46009321463046FFF7D7
:1059E000B3FF6B6863B14FF480712046E4F786FF24
:1059F00055E8003F43F4007345E80032002AF7D130
:105A000008F0F2FD05462046FEF7BEFA28B10388ED
:105A10001BB14FF40070EEF70DFD284602B0BDE853
:105A2000704008F0DCBD38B505460C46FEF793FA29
:105A300083684BB102212046002298472146284620
:105A4000BDE83840FFF7BFBF38BD012938B505466E
:105A50000C4608D0CC1E012C03D801460120FFF7CC
:105A6000E2FF012038BD2221FEF7D2FA2046294666
:105A7000FFF7D9FF0020F5E708B5FEF76CFA0068DC
:105A800000F0F00008BD10B5014604460120FFF704
:105A9000F3FF20B92146BDE81040FFF7EDBF10BD70
:105AA00070B506460C4601460120FEF754FA314611
:105AB00005460020FEF74FFA2B680268014643EACC
:105AC0000200C0051ED49B0502F4007203D49AB9EB
:105AD0004FF0FF3070BD2B8A1B1B98B27AB1098A38
:105AE000091B89B28842A8BF08464FF6FF73984247
:105AF00008BF4FF0FF30EDE74FF6FF70EFE74FF6CE
:105B0000FF71EFE70120E5E72DE9F341044601913C
:105B1000014601201546FEF71EFA214606460020E2
:105B2000FEF719FA80462046FEF71EFA810606D5D2
:105B300001A805F078FA0C2002B0BDE8F08108F069
:105B400053FD336807469A0503D4D8F800309B0507
:105B500009D50199301D8D6005F04CFB384608F0E1
:105B60003EFD0020E8E708F03AFD20460199A847ED
:105B7000E2E738B5014604460120FEF7ECF9054698
:105B80000C3005F050FA281D05F04DFA2146002092
:105B9000FEF7E1F904460C3005F045FA201DBDE89A
:105BA000384005F040BA70B5014605460120FEF7C1
:105BB000D2F90646043005F0B3FA044670B14FF44A
:105BC00000713046FFF715FE21462846A368984726
:105BD00020B12046BDE87040F6F764BE70BD0023DA
:105BE0008260C0E90031704708B50B46014618468F
:105BF000FEF7B1F90068C0F3402008BDFFF725BFEC
:105C0000CB1E012B70B504460D46164606D81A2148
:105C1000FEF7FEF940212046E4F770FE32462946A1
:105C20002046BDE87040FFF710BF38B504460D466A
:105C3000FEF7DAF928B1012D04D122212046FEF722
:105C4000E7F9002038BDF8B50C468B7907460B44C0
:105C5000D3F80D60D3F811303246E5F73DFB09214A
:105C60002046FFF725FE2046E6F716FAA579E9F764
:105C7000A3FA0C3566F0FF0625440640C5F801601E
:105C8000E9F79AFA3846C5F805102146FFF70EFEE7
:105C900002213846FFF7F4FDF8BD70B50E46054603
:105CA00001460020FEF757F9012E044603D0022ECC
:105CB00011D0012070BDC16828468B7919440D317F
:105CC000FEF75AFAE068F6F7EDFD00202946E0609D
:105CD000FFF779FEEDE7C068F6F7E4FD0023E36027
:105CE000E7E738B50D46044601460120FEF733F9D3
:105CF000012D08D100F112012046FEF73DFA2146A0
:105D00002846FFF760FE012038BD08B5FEF72CF9E4
:105D1000C0F3C00008BD08B5FEF72EF900F0010081
:105D200008BD38B50C4602210546FEF727F90C21BF
:105D30002046FFF7BDFD2046E6F7AEF94FF0FF33F2
:105D400083700223C3700E2343706FF02F0303711F
:105D50000523214643712846BDE83840FFF7A6BD1C
:105D6000F8B504460D46E4F7B3FD4FF0FF3180B2BD
:105D7000FDF737FD2046FFF7C8FF80F00107FFB2AF
:105D800021463846FEF7E7F80646C068012D8379BC
:105D900003D0022D20D00120F8BD0C33C5182B896B
:105DA0002046EA88A988FEF7B3FA69886A7849002C
:105DB0005200204689B2FEF7F7F8F068F6F772FD58
:105DC000002320464FF48031F360FEF7DAF82146D5
:105DD0003846FFF7F8FDDEE7F6F764FD00234FF4E1
:105DE00080312046F360FEF7CCF8D4E7042910B5E3
:105DF000044601D0002010BDFFF787FFC0F102006C
:105E0000E9F754F90028F5D105F0D1FA014608B9AF
:105E10000220F0E72046E6F7AFFC0028F8D1012089
:105E2000E9E708B5FEF7A0F8C0F3C00008BD2DE90A
:105E3000F0410F4604469046FFF7F3FF80F001055E
:105E4000EDB221462846FEF786F8012F064603D01C
:105E5000032F0FD001200BE02046FEF7B7FE2221D2
:105E60002046FEF7D5F828462146FFF7DCFD002046
:105E7000BDE8F081C068F6F715FD00232046F36009
:105E8000FEF7A4FE204698F80410FEF7C1F820465D
:105E90002021E4F733FD21462846FFF7C4FDD9E76A
:105EA00037B504460D46FEF767F803054CD50220CA
:105EB00005F07DFA0190002848D0204645B3FFF751
:105EC000B0FF50B105210198FFF7F2FC0198E6F709
:105ED000E3F820460199FFF7E9FC20462946FEF742
:105EE00080FE2046FFF79DFF78B94FF40061204601
:105EF000FEF73FF806210198FFF7DAFC0198E6F774
:105F0000CBF820460199FFF7D1FC002003B030BD4B
:105F1000FFF787FF68B10199032306222046E6F7C1
:105F2000CDF82046FEF752FE21462846FFF77BFDBE
:105F3000EBE701A805F077F820463D21FEF7A6FD26
:105F40002046FEF743FEE0E70C20DFE70720DDE711
:105F5000F7B5014604460020FDF7FDFF054600F1B8
:105F600012074FF48060E9F7A1F850B92046E4F732
:105F7000AFFC3A46698B80B203B0BDE8F040FFF752
:105F8000B1BA2046E4F7A4FC064620466D8BFDF727
:105F9000E9FF00220346009229463A46B0B2FFF7D5
:105FA000C0FA03B0F0BD83781A2B09D81B23837085
:105FB0000288B2F5A47F07D24FF4A473038007E0F0
:105FC000FB2BF5D9FB23F2E744F290239A42F5D854
:105FD0007047F0B50446CA798B7987B043EA02234B
:105FE000ADF80C308B8803A88DF80E30CA788B780A
:105FF00040F6480543EA0223ADF810300B8805A9A6
:106000008DF81230FFF7CFFF04A8FFF7CCFF204632
:10601000FEF76CFD0B212046FEF722FD44F2902393
:10602000002818BF1D46BDF80C709DF80E30BDF855
:106030001460BDF810209DF816009DF81210AF42B4
:10604000D4BF00970095FB2BA8BFFB23B242A8BF8B
:1060500032468142A8BF01462046FEF7E4F907B068
:10606000F0BD37B5144605461046FFF721FC204623
:10607000E6F712F801A904462846FEF737FD0B2182
:106080002846FEF7EDFC6FF004036370002344F232
:106090009022A37040F64803002818BF1346A4F8C6
:1060A00003309DF80630A4F80530BDF80430A4F89C
:1060B000073003B030BDFFF7C8BC022973B50546F1
:1060C0000C4603D00024204602B070BD0521FEF727
:1060D00098FC0028F6D0E4F7BBFF1B28F2D94FF458
:1060E0000040E8F7E3FF0028ECD105F060F9064630
:1060F0000028E8D0284601A9FEF7F8FC31462846DA
:106100009DF80630BDF80420E6F712FE0028D9D12C
:106110000124D8E730B190FAA0F00123B0FA80F062
:106120008340D8B2704770B50646FDF725FF80F072
:10613000400402060546C4F3801406D40821304604
:10614000FEF78EFC08B144F00204EB0506D40B21E7
:106150003046FEF785FC08B144F00404204670BDCB
:106160004B1E032B10B50C4602D90023184610BD58
:106170000329FAD0FFF7D7FF04EA00038443F4D1E0
:10618000F4E72DE9F7430446884617460193FDF7E7
:10619000F3FEC0F340152046FEF7CCF921468146B8
:1061A0002846FDF7D8FE064607B32046E4F790FBE5
:1061B00080462046FEF7C1F93A460146019B1FFA88
:1061C00088F0E5F74DFE21462846FFF7FCFB20212D
:1061D0002046FDF7D6FE56E8003F43F4805346E8DC
:1061E0000032002AF7D103B0BDE8F08301A804F023
:1061F0001AFF99F80110404601F00F0100F037FA3C
:10620000062818BF01462A4608BF00212046FEF78F
:106210003CF9D8E7032970B506460D4614460CD064
:10622000042919D0012915D12221FDF7F1FE2846B4
:106230003146FFF7F8FB002070BD136812791B6828
:106240000021FFF79EFF00222368314601201A60DB
:10625000FFF7E9FB0120EFE713680C221B68EFE76B
:10626000012910B504460CD1FDF786FE2146C0F386
:106270004010FDF770FE0023817C1A462046FFF790
:1062800080FF012010BD2DE9F7430F460546FDF7BD
:1062900073FE00F02009C0F340182846FEF74AF9C3
:1062A000BB790C333B445E789B781E400378C3F384
:1062B000030000EA13103040FFF72CFF044648B9F2
:1062C000B9F1000F06D12846FFF72DFF3040FFF748
:1062D00021FF04462846FEF730F9E7F783FDA04288
:1062E00023D01CB302212846FDF795FE0021064667
:1062F0002846FDF7ABFF18213846FFF7D9FA384694
:10630000E5F7CAFEB6B2394644708470A0F803605F
:106310002846FFF7CBFA23462246294640460096F8
:10632000E6F740FD03B0BDE8F08300242646E2E72F
:1063300070B504460D46FFF7A6FB28B9294620464E
:10634000BDE87040FFF79FBF402829462046BDE8C2
:1063500070404FF0160314BF2A222322E5F7AEBE89
:1063600038B505460C46FDF707FE830604D42046E3
:10637000BDE83840F6F796BA21462846BDE83840D1
:10638000FFF781BF2DE9F3418C7906460C340C44AC
:106390000D46FDF7F1FDA17807463046FFF7E0FE18
:1063A000617880463046FFF7DBFEB4F803200346F1
:1063B0000092C7F3401042463146E6F7F3FC284608
:1063C00002B0BDE8F041F6F76DBA08B58B790B4421
:1063D0001B7B162B03D0172B05D0002008BDFFF721
:1063E000A7FF0120FAE7FFF7BBFFFAE708B58B79B3
:1063F0000B441B7B162B03D0182B05D0002008BDA7
:10640000E6F7FAFC0120FAE7FFF7BCFFFAE770476E
:106410001FB54A1E042A03460C465FD8012902D143
:10642000008804B010BD022905D100885B8898421D
:1064300038BF1846F5E74A00014601A804F0ECF918
:10644000032C07D10023ADF80A304FF6FF73ADF8E7
:106450000C3001E0042CF8D0BDF80620BDF8043063
:10646000934284BFADF80630ADF80420BDF80A3081
:10647000BDF80C20934288BFADF80A20BDF80A2071
:1064800088BFADF80C30BDF80430934288BFADF83A
:106490000A30BDF80620BDF80C309A4288BFADF82E
:1064A0000630BDF80820BDF80630934284BFADF831
:1064B0000830ADF80620BDF80A30BDF808209A4231
:1064C00088BFADF80830BDF80820BDF806309A4204
:1064D00038BFADF80830BDF80800A2E74FF6FF70EE
:1064E0009FE7830705D410F0040F14BF0320012099
:1064F000704702207047022805D0032805D00128E4
:1065000006D1E8F73BB9E8F729B90020E7F74EB91B
:10651000704710B1012803D070470120E7F746B952
:106520000020FBE7F7B51F468B1E012B05460C46E6
:10653000164613D8FDF761F90023CDE90005F01ADE
:1065400018BF01201A463946FDF765F980B1022CC3
:106550000BD1284600F05BF9002004E00029F8D0B8
:10656000012902D0FF2003B0F0BD284600F05FF9FA
:106570000120F8E770B50D4600219DF81060044633
:10658000817106F10C014173111E18BF012103F046
:106590000F00237B40EAC11003F04003184320732F
:1065A0002B469DF8141004F10E00FFF7BBFF237B70
:1065B0000E3660F3861323732B686361AB882383E5
:1065C000A3793344E37170BD0023F0B51360037DFC
:1065D000044613F00807058903D00D4445600120E7
:1065E000F0BD4668701AB0EB050CF8D513F0010049
:1065F0000AD1D4E90373DB1B13EB0C0FF0D429444D
:106600008E1B16606160EAE73846E9E710B504467C
:10661000E7F79CF96168E0690022E7F71BFABDE83B
:10662000104000F032B938B50C46C94301F0010101
:106630000546E7F759FAA30702D4E869E7F73EFAF7
:10664000BDE8384000F021B910B50446E7F74CFA30
:106650002046E7F77BF9BDE8104000F016B9007D51
:1066600000F00100704700F0F4B8FFF73CB80228D2
:1066700008D0042803D0012818BF0620704701F075
:106680000101C81C704710B50C46E7F7C1FB027941
:10669000408804FB020010BD10B50C46E7F7B8FBBC
:1066A0004388A3429BBFE41A03790020B4FBF3F0B4
:1066B00010BD08B5E9F76CF9BDE808400020E8F71F
:1066C00075BBC94350E8003F0B4040E80032002A48
:1066D000F8D170472DE9F0410F46044624211846B1
:1066E0001E4615469DF8188000F0C8F9C319B8F188
:1066F000000F37D1033E012E94BF0322022240F245
:106700007126520006FB023342F21072608941008A
:106710007143A1F2E2469642A8BF16466A1A921B3E
:10672000D21A002AC2BFB2FBF1F202FB0112AD1A6B
:10673000EA1A09D55242B2FBF1F707FB011C01FB33
:106740001722654402B96D1AEB1A8B4240F2E247F8
:106750000AD8B3FBF7F3022298B2E27120812846EF
:10676000BDE8F0810122CAE75B1ABB42B8BF3B46D5
:10677000B342A8BF3346B3FBF7F107FB1133CAB2EC
:10678000002BEAD00132D2B2E7E7E8F7C9BD37B54E
:106790000546E8F7E3FD04462DB12B680360AB889E
:1067A000A38003B030BD00F0DDF80322CDE9000185
:1067B0000DF105010DEB020004F0ACF80098BDF8F6
:1067C00004302060ECE738B50546E8F7C7FD04461D
:1067D00007F00AFF2B68C4F80630AB886381237B7F
:1067E00043F00103237307F0FAFE012038BD38B5EA
:1067F0000C460546E8F7B2FD014605B10631062212
:10680000204604F077F8B0FA80F0400938BD10B5A2
:106810000446E8F7A3FD036823608388A38010BDC6
:1068200008B5E8F79BFD007B00F0010008BD10B53E
:106830000446E8F793FDD0F8063023604389A3802F
:1068400010BD50E8003F0B4340E80032002AF8D169
:10685000704770B50E461546E4F722FA044648B96B
:106860003046E3F725FE044620B92846E9F766FFDF
:10687000044640B10020E4F713FA0020E3F718FEC5
:106880000020E9F75BFF204670BD4FF40010EDF7E4
:10689000D1BDFFF77CBF112808B502D0122805D062
:1068A00008BD1320BDE80840E8F7FCBAE8F7EAFCA9
:1068B00000F004F8E8F75EFB1420F3E7704708B532
:1068C000E8F760FABDE808401120E8F7EBBA1328B2
:1068D00008B502D0142809D008BDE8F73FFDFFF73E
:1068E00054FFBDE808401220E8F7DCBA0020E8F7C2
:1068F00079FABDE80840FBF7A1BCE9F7FFBF0A2819
:1069000002D80130C0B27047242801D80230F9E71C
:10691000252805D0262805D0272818BFFF20704736
:10692000002070470C20704708B5E9F7EDFF20B153
:10693000BDE808402020E9F77FBA08BD70477047DE
:106940007047704770477047002070477047704726
:106950007047704770477047EEF7E8BB03F00FBB16
:1069600003F014BBDFF756BE704708B5E8F7A8FD83
:1069700018B1BDE80840E9F76BBA08BD03F04ABAA0
:106980001046194670471FB50023CDF80A30ADF800
:106990000E30D0E90023CDE900230389C068ADF8AB
:1069A0000830E9F741FD6846E9F7D2F805B05DF82F
:1069B00004FB1FB5002300F00F008DF80A0001A8AA
:1069C00001918DF808308DF809208DF80B30039374
:1069D000FFF7CBFF05B05DF804FB1FB50023CDE941
:1069E00001330393012300F00F008DF80A0001A882
:1069F0008DF808308DF80910FFF7B7FF05B05DF886
:106A000004FB1FB5CDE9001200228DF80B308DF884
:106A1000082000F00F03C0F340128DF809208DF814
:106A20000C30C0F3001243068DF80A2001D5E8F7B8
:106A3000BDFD6846E8F7FCFD05B05DF804FB1FB539
:106A40000023CDE9003101238DF80830C0F3401355
:106A50008DF80930C0F300138DF80A3000F00F03F1
:106A60008DF80C3043068DF80B2001D5E8F79EFD1C
:106A70006846E8F7DDFD05B05DF804FB10B50C468F
:106A800008B9E9F7D1F92146BDE81040FFF7FBBD91
:106A9000F0B587B00D4616468DF8070002B9A3B3CE
:106AA00029469DF80700FCF7BCFE0446B8B9294604
:106AB0009DF80700FCF7B9FE40BB16B39DF8071020
:106AC000003918BF012128460DF10F02E9F7F6FD44
:106AD000F8B99DF80F40013418BF012416E004AF47
:106AE000012239460DF10700FCF79DFE04464EB128
:106AF0009DF80730191E18BF0121002818BF3D4618
:106B0000E1E70124FCF77CFE00B90124204607B030
:106B1000F0BD4FF0FF34DEE7CB08C25C012301F08B
:106B200007018B401A4214BF0120002070477047B4
:106B30007047024619460020E9F70CBB0020704759
:106B40000020704707B500214FF0FF336A46084622
:106B500000938DF80430E9F733FE03B05DF804FBD1
:106B600038B50546006804F0EDF80446287900F0D1
:106B70001F0004F0E7F82044C0B2012894BF0020B1
:106B8000012038BD012070478160704741EA002034
:106B900008B540F49020FCF7CFF8014640B110F161
:106BA000880F05D0BDE8084040F20740F7F788B8E5
:106BB00008BD0120704770B50C46064611461D46BB
:106BC000E9F7C4FE58B144EA06206FEA40406FEA94
:106BD00050402A46BDE8704080B2EDF7A1BC40F2BB
:106BE000064070BD10B50446E9F7B0FE50B141EA69
:106BF00004206FEA4040BDE810406FEA504080B288
:106C0000EDF7C6BC40F2064010BD837901461A0775
:106C100003D506220020E9F719BF9B0602D50622FC
:106C20000120F8E74FF0FF3070478379532B01D1F3
:106C3000E9F73EBFFFF7E9BF70B5064614461D46AB
:106C4000E9F784FE10B90024204670BD41EA062011
:106C50006FEA40406FEA50402A46214680B2EDF785
:106C60007BFC0028F0D0EEE708B5EBF769FF0020C9
:106C700008BD00207047014608B500F03800EAF76B
:106C80007BFB78B1D0E901324078C1F3074110F0C5
:106C9000020F08BF1346043B53F8040F10B10278EB
:106CA0008A42F9D108BD10B500F1080454F8083C37
:106CB0000BB9184605E054F8040C9847083400282E
:106CC000F4D010BD37B58379019003440446D868E9
:106CD00000F03800EAF750FB054628B901A804F097
:106CE000A2F9022003B030BD204604F0A6F907F057
:106CF0007BFC0446019905F10C0004F07BFA204668
:106D000007F06DFCEDF71EFB0020EBE72DE9F041ED
:106D100007463C681D4614F4004F4FF6FF7308BF4A
:106D2000FF23AB420846114604D24FF0000840460C
:106D3000BDE8F08124F400431E0206F4E066C3F3CC
:106D4000062324F47F441E4324F0C704731944F03F
:106D50008004827944EA13241B029BB20C321C4348
:106D6000845000EB0208FFF7ADFF0028DDD13A6840
:106D700008F10403334412044CBF23F8025C03F807
:106D8000015CD4E77047704770B505460C30F5F7E5
:106D9000E5FD6E689EB9334606EB8304B44210D11C
:106DA0002B69ABB900236B806B7823F00E036B70FB
:106DB00070BD013356F82320002AFAD1ECE70023F6
:106DC000F8E754F8043DDB68002BE7D09847E5E787
:106DD000DC68002CE6D0043C54F8043F002BE1D0E2
:106DE0009847F9E738B54378044623F00C0343F09D
:106DF0000203437003690BB1186810B900252846D7
:106E000038BDFFF750FF05460028F7D02046FFF7B2
:106E1000BBFFF4E7036970B5054653B1586840B14C
:106E2000FFF741FF044620B12846FFF7ADFF20469B
:106E300070BD6E68043E56F8044F2CB9202005F151
:106E40000C01F5F779FDF2E7A368002BF3D0984722
:106E500004460028EFD0E7E74078C0F340007047D1
:106E6000437813F00E0F0CBF012000207047036819
:106E7000186802F0F4BC38B50546EAF741FB044651
:106E80002846FFF7F4FF204638BD052B07D920F42C
:106E90007F4020F0C70040F4007010609180704780
:106EA00008B5EAF769FAC068003818BF012008BDC4
:106EB00008B5EAF761FA20B1BDE80840C06804F0FF
:106EC000E3B808BD38B5EAF757FA044650B107F001
:106ED0008BFB054604F10C0004F0C3F80446284679
:106EE00007F07DFB204638BD026810B501F00400B4
:106EF00022F40044C2F306220021043240F02900AB
:106F000004F016FB10B183790344DC6010BD034626
:106F1000002200681A600179FFF7D4BE10B5002185
:106F2000FFF7E2FF044608B9002010BD0179FFF722
:106F3000C9FE0028F8D1A3790C33E018F5E72DE954
:106F4000F04117461A46036801F0040123F4004398
:106F50001C0204F4E064C3F306231C4341F029053A
:106F6000043406463B462146284604F04BFB804647
:106F700050B1E1B204F097F83B462A46414630460C
:106F8000BDE8F041FFF7C2BEBDE8F0812DE9F34155
:106F9000002401F004010668074641F02905106845
:106FA00029461460019004F048F8019804F0C0F8F4
:106FB00026F40046310201F4E061C6F306263143AF
:106FC00080460122043101A804F02EFA30B101A854
:106FD00004F029F8204602B0BDE8F08143462A4675
:106FE00038460199FFF792FEF5E707B501A9EAF7E0
:106FF000DFFA03B05DF804FBA0F86E1070470123C0
:107000008B4090F87110194380F87110704708B5E3
:107010000120F5F707FCC0B208BD83790C33184492
:1070200070471438704710B50446A1F1140004F0FD
:107030007FF8201A20EAE07080B210BD70B51C46BF
:107040000D461646FFF7EFFFA04207D32246314612
:10705000A5F1140004F0A9FA012070BD0020FCE79E
:1070600070B506460D4614467AB90A4620460821F0
:1070700004F05EFA044690B92A460821292004F05B
:1070800057FA044658B9204670BD104603F0CBFFAE
:10709000204604F080F908231D44A371E571A3790B
:1070A0000C331C442670EEE72DE9F0411646069A93
:1070B000074688461D46FFF7D3FF0446F0B1143853
:1070C0002A463146069004F070FA854217D9069B8D
:1070D00006A81C7904F0200403F0A5FF74B9424609
:1070E0000821292004F024FA2A463146069004F0AB
:1070F0005CFA854206D906A803F095FF00242046D5
:10710000BDE8F081069A93790C33D418D754F6E78A
:1071100011B11439EAF7E4BB1A20704738B50022E0
:1071200004460D4602200321FFF79AFF014608B1ED
:10713000A0F801502046BDE83840FFF7E9BFF8B598
:1071400004460F46164605210120069A1D46FFF704
:1071500087FF014638B14770468005712046BDE87B
:10716000F840FFF7D5BFF8BD38B50D4603210446FA
:107170000846FFF775FFA0F8015001462046BDE81C
:107180003840FFF7C5BF73B50546084611466C8900
:107190001A46641ABDF81830A4B29C4228BF1C4697
:1071A000079B089E00932346FFF77EFF014630B100
:1071B0002846348002B0BDE87040FFF7A9BF1A200E
:1071C00002B070BD012110B5002204461320FFF764
:1071D00047FF014620B12046BDE81040FFF798BFA9
:1071E00010BDF7B54489054618460F46164601936B
:1071F00003F09EFF053CA4B2844203DA011B01A800
:1072000004F038F80521019804F0D5F8014628B9B2
:1072100001A803F008FF1A2003B0F0BD83790C33F6
:10722000C2181720C8542846A2F80170A2F80360BB
:10723000EAF756FBF0E7012110B5002204461920B9
:10724000FFF70EFF014620B12046BDE81040FFF7D2
:107250005FBF10BD73B50E46002144890546033C4F
:10726000A4B2A342009128BF234603211B20FFF7AD
:107270001BFF014670B1012210F80F3CA0F801601D
:1072800062F3071300F80F3C284602B0BDE87040D7
:10729000FFF73EBF1A2002B070BD73B50E46002145
:1072A00044890546033CA4B2A342009128BF23466B
:1072B00003211D20FFF7F8FE014638B1A0F8016058
:1072C000284602B0BDE87040FFF722BF1A2002B086
:1072D00070BD4B88042B07D1836C08885B8998426A
:1072E0008CBF00200120704700207047532838B51C
:1072F00005460C4604D1BDE838400846F6F764BDA3
:107300000620F5F78BFC68B96379142D03F03F0371
:10731000637104D0722D08D163F03F0363710020C4
:10732000A57138BD40F20740FBE72120F9E70023B3
:10733000036083808371704710B5044660B1806C30
:1073400050B1EAF7A1FBA06C0028FAD12046BDE8B5
:1073500010400321EAF71ABA10BD438907B58B42E2
:107360000CD050F80C2B40F2014192F87020ADF88F
:1073700006308DF8042001AA03F083FD03B05DF808
:1073800004FB436943F0040343617047436923F0FE
:107390000403436170474069C0F38000704747F2BF
:1073A000305300220068F5F7EFB8006803F0FCBC2A
:1073B00038B5436904469B070D4603D540F20941A1
:1073C000FFF7F3FFEAF7AAFA08B1A3691D70204698
:1073D000BDE8384040F20941FFF7E1BF07B5027C44
:1073E000012A09D00122027440F20942914206D0DA
:1073F00040F20A4291420ED003B05DF804FB4FF414
:10740000816150F80C3B01AA93F870308DF804307C
:1074100003F037FDF0E750F80C3B01AA93F8703009
:107420008DF80430F4E738B522F000430D461146DC
:1074300040F20322934204461AD0B3F5017F09D2E9
:1074400040F20122934213D040F20222934209D02B
:10745000002038BD6FF481621344012BF8D8FFF788
:10746000BDFFF5E700F020F9204601F00DF9EFE748
:1074700063699B0704D540F209412046FFF795FF59
:107480002846FFF759FFE3E708B5EAF741F900B1ED
:10749000806C08BD08B500B10068EAF747F908B983
:1074A000034602E0836C002BF7D0184608BD10B5E8
:1074B000044642F62A3000F03BFB031B5842584179
:1074C00010BD022806D142F62A330888C31A584252
:1074D000584170470020704710B5044642F62930E5
:1074E00000F026FB031B5842584110BD90F82000C5
:1074F00000F0010070471FB504466846EAF7E8FB54
:107500001022694604F1210003F0F4F9B0FA80F08A
:10751000400904B010BD08B5FFF7EDFFB0FA80F0E8
:10752000400908BD70B5044600F1210591B928460F
:10753000EAF7CEFB236893F97500E9F707FA78B10B
:1075400020682B46BDE8704010220D2190F975008F
:10755000FFF731BB10220021284603F0F5F9E9E7D7
:1075600070BD38B50446002390F8202041FA03F09E
:10757000C50703D442FA03F0C0071ED40133082B19
:10758000F4D101F0010523682A4384F8202093F9FF
:107590007500E9F7DBF940B1234653F8200B0122CF
:1075A0000C2190F97500FFF706FB0DB9002038BDDE
:1075B00000212046FFF7B6FFF8E71320F7E768B190
:1075C0003F290AD800EBA10090F8310001F0030137
:1075D0004900084100F0030070470020704710B5D3
:1075E0000368044693F97500E9F7B0F950B12346F2
:1075F000BDE8104053F8310B10220B2190F97500B3
:10760000FFF7D9BA10BD10B590F87430DB0706D477
:1076100090F97530013314BF0F20052010BD847C14
:10762000F6F7A4FA844234BF0C200020F6E730B508
:10763000044685B06846EAF74BFB1021684603F024
:10764000F6FF2046EAF752FD6B46C26804AD0632EB
:107650001C4603CCAC4210605160234602F1080284
:10766000F6D105B030BD08B5EAF740FD08B1EAF73C
:1076700011FDC0B208BD013810B580B2EAF736FD81
:10768000044608B9002010BD408800F083FB0028A4
:10769000F8D0207BF7E708B5EAF728FD18B1007AA3
:1076A000C31F5842584108BD70B5054655F8213BE7
:1076B000044693F97500E9F749F920B92846BDE871
:1076C0007040EAF705BB234653F8310B10220B211B
:1076D00090F97500FFF7B0FA234653F8200B01220A
:1076E0000C2190F97500FFF7A7FA20682B46BDE83A
:1076F000704010220D2190F97500FFF79DBA0130FE
:107700002DE9F04185B228460E46EAF7EFFC42F635
:107710000217044642F603089CB12046EAF7BAFC79
:1077200078B1204600F045FBB84205D10EB1238860
:107730003380607BBDE8F081204600F03AFB404595
:1077400002D14FF0FF30F5E70135ADB22846EAF738
:10775000CDFC0446E0E72DE9F04707460E4690468B
:107760000D4642F6021942F6030A0135ADB228462B
:10777000EAF7BCFC044678B1EAF78CFC60B120461D
:1077800000F017FB484505D1237A072B04D10320CD
:10779000BDE8F0875045E8D141463046FFF7AFFFDE
:1077A000431C014604D03846BDE8F047FFF707BF49
:1077B0000020EDE770B5054608461646EAF796FC48
:1077C000044608B9012070BDEAF764FC0028F9D02E
:1077D000F00713D4B10734D4720702D5A3885B072E
:1077E00032D516F0060F31D116F40060EBD0A38825
:1077F00013F4006F14BF00200620E4E7A388DA0723
:1078000043D513F0700F0AD1980610D45806E1D56D
:107810002B6893F975300133DCD10820D3E7286851
:10782000FFF7F1FEA388990608D50028CBD12A6876
:1078300092F874209207E9D40520C4E70028C2D149
:10784000E4E7A3889907C7D40320BCE7A38813F40F
:10785000E06F09D198050FD45B05C5D52B6893F966
:1078600075300133C0D1D8E72868FFF7CCFEA38874
:10787000990507D50028A6D12A6892F874209207A6
:10788000EAD4D9E700289ED1E6E702209BE738B585
:1078900004460846EAF72AFC054608B9012038BD27
:1078A000EAF7F8FB0028F9D0AB8813F4E04F0CD1CD
:1078B000980412D413F48040F1D0236893F9750032
:1078C000431C58425841C000E9E72068FFF79BFE7F
:1078D000AB88990408D50028E1D1226892F8742079
:1078E0009207E7D40520DAE70028D8D1E2E72DE9AE
:1078F000F0474FF00009044683F800900846A2F8CC
:107900000090884616461D46EAF7F0FB074620B968
:10791000012300202B70BDE8F08774B1EAF7BAFBB1
:107920000028F5D04046FFF7D7FD30B1012385F898
:10793000009004F120003380EDE72B4632463946B3
:107940002046BDE8F047EAF74FB92DE9FF41074669
:107950000846884616460393EAF7C8FB044638B93A
:1079600003A803F060FB0125284604B0BDE8F081C0
:107970001FB1EAF78FFB0028F2D0237A072B05D836
:10798000DFE803F017262F381C17172126BB0398B2
:10799000002835D13246257A022D62D0032D64D0DD
:1079A000012D3BD0002F7FD1002503A803F03BFB26
:1079B000DAE703A803F037FB0325D5E703A803F0B4
:1079C00032FB0625D0E703A803F02DFB8025CBE78B
:1079D000E3685D88B54209DA03A803F024FB0725B4
:1079E000C2E7E3689A88B242F6D35D88039840B94B
:1079F000024609E0022EEFDC039868B90246CAE7A6
:107A0000354603F095FB82B29319AB42C3DD03A860
:107A100003F009FB0D25A7E70225F2E7E068063031
:107A200000230399304403F0EDFA002FBCD0237AF1
:107A3000032B39D103A803F0F6FA00212046EAF718
:107A400011FB68B30588617B3846FFF7B8FD01225A
:107A5000034629463846CDF8008000F047FC002553
:107A600082E7E068B3188380D9E7039B9A79D979D4
:107A7000891AC9B2481E012810D8134402291A7B5A
:107A800004BF5B7B42EA0322237B32EA03038CD1EF
:107A900001233846617BEAF77DF8C6E70D2584E7C8
:107AA00008F1FF35ADB2CEE7039B4146009338465F
:107AB00033463A7F00F000FCD1E7884270B50446B7
:107AC0000D46164611D8012838BF01242046EAF792
:107AD0000DFB10B14388B34208D00134A4B2204654
:107AE000EAF7E8FA08B1A542F0D20024204670BDBA
:107AF00070B50C4616461D460146B8B1B3B1022C0E
:107B000001D0102C12D1E0B2EAF728FA4FF6FF713B
:107B10008842024602D141F20A1070BD3046FFF79A
:107B2000CCFF0028F7D028800020F6E72120F4E7DA
:107B3000002307B50122ADF80400ADF8063002219C
:107B40000DF1060301A8FFF7D3FFBDF8060003B04F
:107B50005DF804FBF8B50F461646441CA4B2204657
:107B6000EAF7C4FA10B9013CA0B2F8BD00F021F95F
:107B70000546304600F0F9F820B1284600F0F5F847
:107B80000028F0D1304600F0E9F820B1284600F096
:107B9000E5F80028E7D10134A4B22046EAF78AFAD2
:107BA00008B1BC42DBD94FF6FF70DEE72DE9F04F9C
:107BB0009A4687B08B880D460C88814604A902201E
:107BC000ADF810309046EAF7C9F9AB680090A88884
:107BD000AF89059300F0C2F838B1102F05D105A880
:107BE000EAF7A2F9022808BF02279DF840B00BF07F
:107BF000010B38E02046009AFFF75FFF0646A8B366
:107C0000AA886988FFF7A6FF04463046FFF72BFDD8
:107C100040EA0B00C0B200B30DF10F0331464846F5
:107C20000DF11202FFF763FE9DF80F302BB1A8F89B
:107C30000060184607B0BDE8F08FBDF81220BA42C8
:107C40000BD13A460599019302F054FE019B20B9ED
:107C5000A8F80060AAF80040EBE74FF6FF739C42DB
:107C600001D00134A4B26988A142C3D20A23E0E75B
:107C700008B5EAF73BFABDE8084000F09AB838B515
:107C800005460846EAF732FA044610B94FF6FF7087
:107C900038BD0DB96088FBE7EAF7FCF90028F9D197
:107CA000F4E770B5044642F60520FFF741FFB0B196
:107CB0000021FFF724FD054601462046FFF77FFC23
:107CC00006461022002104F1310002F03DFE32464A
:107CD00029462046BDE870400023E9F75BBF70BD30
:107CE0007FB504460D4610220021684602F02CFEA6
:107CF0000026AB575A1C1BD031462046FFF75FFCCD
:107D00001946002BB8BFD91C04AA02EBA10100F050
:107D10000302584200F0030003F0030358BF43423C
:107D20005B0002FA03F311F8102C134301F8103C26
:107D30000136402EDDD16B4604F1310504AE1A4602
:107D400003CAB24228606960134605F10805F6D1FE
:107D5000204604B0BDE87040FFF741BCA0F52050BC
:107D600001288CBF00200120704742F60303C31A8C
:107D700058425841704708B5030409D4EAF7BAF8E5
:107D8000A0F5205080B201288CBF0020012008BD42
:107D90000020FCE7020408B507D4EAF7ABF842F686
:107DA0000303C31A5842584108BD0020FCE7C00B2A
:107DB00070470346B3F902304088002B01DBEAF735
:107DC00099B80020704708B5FFF7F3FF42F60303A8
:107DD000C31A5842584108BD08B5FFF7EAFFA0F59D
:107DE000205080B201288CBF0020012008BD1FB5A3
:107DF00050F80C4BADF80A3094F87040069BADF883
:107E000006108DF8082040F2035101AA8DF80440B5
:107E1000039303F036F810B906A803F004F904B090
:107E200010BD2DE9F0414FF0000886B004460E4623
:107E30001546CDF80C8000F1440712B303A803F0F7
:107E4000F2F8384603F0EFF884F81C80002332463D
:107E5000009318212B462046FFF771F905F5885548
:107E6000204650F80C3B40F2055193F8703004AABC
:107E70008DF81030059503F004F8002006B0BDE839
:107E8000F08143691A0710D4A846384603F0E9F890
:107E900003460390C0B903A803F0C5F8384603F0C1
:107EA000C2F80023237755B1D0E723F008034361DC
:107EB00003A803F0B8F8384603F0B5F82577204654
:107EC000FFF7B9F90025CBE79979204601F10C02BB
:107ED0001A44B2F801600531B2F8032099713146B5
:107EE000FFF733FDCDF80C800028CED00546D2E751
:107EF0002DE9F047089C0E4617469846054610B1F6
:107F0000037C012B61D02846FFF73BFA14F080096F
:107F1000304614BF4FF0200A4FF0100AFFF7ABFBBA
:107F20001AEA000F4DD03046FFF7A2FE42F60523B5
:107F300098420FD114F0010219D031462846FFF7BC
:107F4000A6FC08B300F588542846FFF71FFA204620
:107F5000BDE8F0872846FFF7C9FA0028EAD028468E
:107F6000FFF7D9FA0028E5D041F21214ECE7B9F195
:107F7000000F3146284614BF02240124FFF7EBFB13
:107F80002042DAD10224DFE7B9F1000F11D0EB8BE8
:107F9000CBB943463A4631462846FFF77EF90446B8
:107FA0000028D1D140F20A412846EE83FFF7F7F9C5
:107FB000CAE743463A4631462846FFF74BF904469E
:107FC000C2E72124C0E70524BEE70724BFE72DE967
:107FD000F047002586B09DF8389090F81CA0044624
:107FE0000F4690460F9E0577B9F1000F09D00A465B
:107FF0004B4651460096FFF7A2F8284606B0BDE86A
:10800000F087BAF1080FADF8169026D145893246AF
:10801000043DADB29D424FF002014FF00900A8BFF0
:108020001D46FFF71DF80222814605A93046ADF82E
:10803000147003F0BAFA2A464146304603F0B5FA06
:108040000546831C3146204689F80130E9F748FC93
:10805000ADF81650BDF81600D0E7BAF10A0F0DF1D1
:1080600016020CBF0B210D21CDE901620093012204
:108070004346FFF788F81A28ECD111233A465146B7
:108080002046CDF80090ADF81690FFF758F8E1E7DC
:10809000F0B5002589B01746012204460E46039329
:1080A000ADF81650FFF786FB8DF81500002846D175
:1080B0003046FFF7FCF910B13046FFF7B8FA30460A
:1080C000FFF7E9FAB8B103A802F0ADFF204650F877
:1080D0000C2B237F92F8702040F202518DF818206B
:1080E00006AAADF81A608DF81C30ADF81E7002F0CB
:1080F000C8FE09B0F0BD0DF115030DF116023146B1
:108100002046FFF7F4FB9DF8153002465BB9BDF839
:108110001630BB4235BF0723DB1B8DF81530D21953
:1081200028BFADF81630039B314601939DF81530FA
:1081300020460093BDF81630FFF749FFD9E72A46DD
:10814000F1E72DE9F04F89B00290184615460593E6
:108150000C46FEF762FF8046059802F0E9FF002317
:10816000B0F1010AB5F80A908DF81D3000F0898051
:108170001AF0010740F085805046F4F71FFD0646CF
:10818000002800F08480524608F1010102F044FB0F
:1081900001212046059AFEF763FFB8460AEBDA7A1A
:1081A00009F1FF3B03904FEA6A0ABA4544DD36F80D
:1081B0001740012221462846FFF7FCFA8DF81D00E2
:1081C00068B92046FFF773F910B12046FFF72FFA80
:1081D0002046FFF760FA78B180238DF81D303046D5
:1081E00003F03DFA059B2246009328469DF81D307A
:1081F0000299FEF7A4FF26E00DF11D032146284653
:108200000DF11E02FFF773FB9DF81D300490002B4B
:10821000E5D1029B202B1BD1ABEB0803012B0BDD1F
:108220000DF11E010222059803F0BFF90128014655
:108230000CD805A803F01EF8304603F010FA2846C3
:108240000399FEF765FF09B0BDE8F08F08F1020859
:10825000BDF81E20ABEB08039A42C2BF09F1FF3301
:10826000A3EB0803ADF81E30BDF81E20DDE90410B5
:1082700003F09BF9BDF81E309842DDD398440137D6
:1082800093E7042300248DF81D302646A7E7112329
:10829000F8E770B504460D461646FFF708F940B9F1
:1082A00033462A462146FFF750FB08B100F58850B7
:1082B00070BD41F20310FBE71FB550F80C4BADF851
:1082C0000A3094F87040069BADF806108DF808202F
:1082D00040F2015101AA8DF80440039302F0D1FD50
:1082E00010B906A802F09FFE04B010BD1FB550F8EB
:1082F0000C4BADF80A3094F87040BDF81830ADF86A
:1083000006108DF8082040F2045101AA8DF80440AF
:10831000ADF80C3002F0B5FD04B010BDF0B5122779
:1083200085B003920777022205460E46FFF742FA10
:10833000044668B103A802F076FE00232B770023E1
:1083400032460093122123462846FEF7F8FE0FE03E
:10835000039A3046937903339371FFF79CF948B140
:10836000039B3A460093314623462846FFF73FFDDC
:1083700005B0F0BD42F62930FFF7DAFBB04220D15C
:10838000039830B903A802F04EFE00230D242B778A
:10839000D5E702F0CDFE80B20128F3D1039B284639
:1083A0009A791344197BFFF7DCF8044603A802F01E
:1083B0003AFE00232B77002CC1D12846FEF702FF9E
:1083C000D6E7224631462846039BFFF7BEFA04460D
:1083D000EFE72DE9FF410392042204460D46FFF723
:1083E000E9F9074628B103A802F01DFE04B0BDE874
:1083F000F0814FF05208039A284693790333937122
:1084000084F81C80FFF747F9064640B1039B4246BB
:10841000009329463B462046FFF7E9FCE6E742F693
:108420002930FFF785FBA842039B0BD19A792046A0
:108430001344197BFFF795F803A802F0F4FD00231D
:108440002377D3E7324629462046FFF77EFAF6E740
:108450002DE9FF418B7904460C330B44B3F80170CE
:108460000E463846B3F80380FFF7FDF8002858D0D1
:10847000022239462046FFF79DF90546E8B93846FD
:10848000FFF709F968B116222277B3793946053327
:10849000B371204643460096FFF7A9FC04B0BDE83F
:1084A000F081F4F7A7F933461B680135EDB2002BD4
:1084B000FAD10635A8421DDC092504F1440002F07A
:1084C000B2FD2B463A46162120460096FEF737FEAF
:1084D000092DE3D1204650F80C3B40F2055193F8AA
:1084E000703002AA8DF8083041F20913039302F0AC
:1084F000C8FCD3E70121304603F022F801460028EA
:10850000DAD004F1440002F075FEB3794246053337
:10851000B37139463346204604B0BDE8F041FEF75A
:1085200060BE0125C9E713B5044641B9443002F0E5
:108530007AFD204602B0BDE81040FEF77CBE18224E
:108540004369027713F0080306D00023194600930D
:10855000FFF74DFC02B010BD1A46194602B0BDE847
:108560001040FFF75EBC7FB5C58B04462DB342F6C5
:108570000520FFF7DDFAA84207D100212046FEF7CB
:10858000D1FF636923F001036361002640F20A41D1
:108590002046FEF70AFF29460DF10E022046ADF8EF
:1085A0000E60FFF7D8F8BDF80E200346009229466A
:1085B00002222046FFF79AFEE68304B070BDF7B5AD
:1085C00004461F460E461546FEF7DBFE237C012BB4
:1085D00058D0237F182B2CD063691B0713D5217F1C
:1085E00016292DD008D8122914D002252046FEF7CE
:1085F000CDFE284603B0F0BD18291AD05229F4D177
:108600000023237713E03046FFF745F80028E6D132
:108610002125EBE70023237735B1009332462B4623
:108620002046FEF78CFD02E02046FEF7CBFD00253C
:10863000DCE72A4631462046FFF7F3FB0546D5E73F
:1086400000232377002DE8D105211720BDF8243021
:10865000089A0095FEF728FD20B911233246122111
:108660000095DDE7FEF7DDFC6269034642F0080293
:10867000626182793146053282713A462046FEF7C0
:10868000B0FDD4E70725B1E72DE9F041054688B0F4
:1086900042F60520FFF74CFA064604A8E9F718FB56
:1086A000102205F121010DEB020002F023F950B177
:1086B00001212846FEF736FF2846FFF7F2FA6B69DC
:1086C00023F001036B6142F60303022003A9ADF816
:1086D0000C30E9F743FC012407464FF00008204620
:1086E0003A464FF6FF71FFF7E8F9044610B908B0B3
:1086F000BDE8F081FEF7B7FF0134A4B20028EED048
:10870000A64203D131462846E9F74CFD21462846CA
:108710000DF10E02ADF80E80FFF71DF8034600289C
:10872000DDD0BDF80E202146009228460122FFF739
:10873000DDFDD4E708B5E9F7B9FA0020EAF76CF9EE
:10874000002008BD10B504468069143002F06BFCAF
:10875000A069BDE81040183002F065BC2DE9F04179
:108760000F46144605461E46FFF7ECFF23463A46E1
:1087700008210020D5F8188002F044FFAA69C8F843
:108780001400536923B1002054811682BDE8F081A2
:108790001A20FBE770B50446084602F0C9FCA1693F
:1087A00086B28A894D8912B1521B96420CDA6389CE
:1087B000581E80B225B90A78082A04BF043B98B233
:1087C000831B5842584170BD0020FCE730B5044679
:1087D00054F80C0B8DB09DF8405090F8700042EAB0
:1087E00001428DF804001946029203A82A46079513
:1087F00002F012F840F20241204601AA02F041FBC9
:108800000DB030BD10B550F80C4B86B094F87040E8
:10881000ADF80E10ADF8102040F2064103AA019306
:108820008DF80C40059302F02CFB10B901A802F062
:10883000FAFB06B010BD37B504460D46FFF782FFC0
:10884000204640F20941FEF7B0FD00222046A36910
:1088500040F207411A7050F80C3B6A4693F87030AA
:1088600001958DF8003002F00CFB03B030BD13B55C
:1088700001910021044600F041FF0422002320461C
:108880000DEB0201FFF76AFF02B010BDF0B5044620
:108890000F461E46154685B052B983691B78072BD3
:1088A00030D0082B14BF15460925002E18BF0D2502
:1088B0000A9802F03DFCA3699A894AB15B8981B2AA
:1088C000D21A914204DD92B2891A0AA802F0D2FCAF
:1088D000204650F80C3B40F2054193F8703001AA55
:1088E0008DF804300A9BADF806708DF80850ADF88D
:1088F0000A60039302F0C5FA10B90AA802F093FBCC
:1089000005B0F0BD0B25D0E7B0F80AC02DE9F04165
:10891000ACF1020C9C4505460E4617461C4603DD8D
:10892000BDE8F04100F097BE83692246198100231B
:108930003946FFF713FF044658B9AB690246314682
:1089400028460E3300F0A0FE044610B12846FFF77B
:10895000F9FE2046BDE8F0812DE9F043202A8FB0D2
:10896000054617461C4603910BD941F204142146D3
:108970002846FFF760FF03A802F055FB0FB0BDE8E3
:10898000F083002B46D10846A2F1060802F0D0FB86
:108990004FF6FF765FFA88F81FFA80F94C4510D33E
:1089A000AB69DA88B24239D942F60203ADF8143025
:1089B0000223711C0093284605AB89B200F0F4FD38
:1089C00025E023463A46039906A802F01BFBAB6953
:1089D000BDF818609A88B242C7D8DA88B242C4D3C8
:1089E000BDF81A10BDF81C20B8F1000F09D02846B8
:1089F000CDF800800DF11E033C44FFF7E7FEA4B262
:108A0000CCE728469E8019815A8100F0E6FD044695
:108A10000028B0D041F20A139C42A8D10024A6E756
:108A20002DE9F0471C4696B0836901921B780646F3
:108A3000062B03D0112B60D001A81CE001291046A1
:108A400014BF4FF010084FF002080392002C4CD1D5
:108A500002F06EFB4FF6FF7508F1020987B2A742DC
:108A60000ED8B369DA88AA4237D8002421463046A6
:108A7000FFF7E1FE03A802F0D6FA16B0BDE8F087D2
:108A800023464A46039904A802F0BCFAB369BDF82C
:108A900010509A88AA422DD8DB88AB422AD39DF881
:108AA0001330282BE1D0B2465AF80C3B424693F8DB
:108AB00070300DF112010DA88DF83030ADF8325044
:108AC000CDF844804C4401F0A7FE40F204415046EA
:108AD0000CAA02F0D6F9A4B2C1E7691C304689B2EB
:108AE00000F032FD04460028C4D041F20A139C4233
:108AF000BBD0BBE741F20414B8E70129104614BF0C
:108B000012270427049284BB02F012FB42F60218DB
:108B10004FF6FF7185B2A5420DD8B369DB888B4251
:108B200021D901314FF6FF72304689B200F00CFDB9
:108B30000446A0B119E023463A4604990CA802F075
:108B400061FABDF83220BDF8301042459DF833304F
:108B500007D1B269022330460A32FFF7D5FE04A8D6
:108B600089E7282B06D141F20A1421463046FFF747
:108B700062FEF4E73C44A4B2CDE7F0B5836987B068
:108B800003911B780546022B144653D108460491E5
:108B9000002A47D102F0CCFA4FF6FF7687B2A742FF
:108BA0000DD8A869C288B2422BD800242146284695
:108BB000FFF741FE04A802F036FA07B0F0BD042228
:108BC0000499234605A802F01DFAAA69BDF81410FD
:108BD0009088BDF81660814229D3D388994226D85F
:108BE000864224D39E4222D85069927A83790434F3
:108BF0000C330092034432462846FFF7E7FDA4B247
:108C0000CDE743694089711C0190987989B20C3095
:108C10000344009328464FF4205300F0A9FC044677
:108C20000028C7D041F20A139C42BFD1BDE741F2F0
:108C30000414BBE703A8BEE7F0B587B005461746A6
:108C40001C46039153B9FFF7A5FD38B10123224615
:108C50002846039900F084F807B0F0BDA9690B78A5
:108C6000082B05D8062B44D8032B0FD003A83DE0D2
:108C70000F2BFBD1039B0593002C6DD1002B6BD0E8
:108C8000224628460989FFF7BDFD59E00398059063
:108C900018B3ECB9102683794A890C330989034447
:108CA00000962846FFF792FDAB699988DA889142D1
:108CB00017D242F60203ADF81030022301310093BF
:108CC00028460DEB060389B200F06EFC044660B145
:108CD00041F20A139C4204D101E0002CF8D141F288
:108CE0001F0421462846FFF7A6FD05A802F09BF9C0
:108CF000B2E7039805907CBB70B302F019FA0FB38A
:108D000086B2B7421ED2394605A802F0EDFB38B94B
:108D100005A802F088F91A212846FFF78CFD9BE789
:108D20008379F61BC218023391898371AB690022E3
:108D30005B89B6B200902846FFF7A8FDB742E2D99A
:108D40002146E9E7AA69284653891189059A0092C4
:108D50000022FFF79BFDF3E705A802F064F9EFE7B7
:108D6000F0B585B006461F461446039132BB08464F
:108D700002F0DEF9054608B3B1690B784A89082B81
:108D80000BD8062B0BD9039B098930460093134659
:108D90002246FFF77BFD039401E00F2B19D0B16948
:108DA0004B89EA1892B2B2F5007F4A8117D82FB1E9
:108DB0003046098900F022FC044628B100222346EF
:108DC00011463046FFF738FF03A802F02CF905B032
:108DD000F0BD3046039B0989FFF714FDDBE741F244
:108DE0000414EBE773B5836901911B780446082BE3
:108DF00015460ED8062B0ED9019E20463146FFF7A8
:108E0000C9FC2A46034631462046FFF7A9FF02B0B7
:108E100070BD0F2BF0D001A802F005F9F7E730B5CF
:108E2000836987B003911B780546092B144611D13D
:108E300005915AB9134600910F222146FFF726FDEE
:108E400021462846FFF7F7FC07B030BD05A802F021
:108E5000EAF8F5E703A802F0E6F8F5E770B58369EC
:108E600086B003911B7805460A2B144631D1059133
:108E700032BB059802F05CF908B9044620E00023F3
:108E8000022205A90DF1120002F0C6F8012815D939
:108E9000BDF8126096B1059802F04AF986420FD8E3
:108EA000BDF8121005A802F01FFB48B10023009086
:108EB000212219462846FFF7E9FCDAE741F20D14B2
:108EC00005A802F0B0F821462846FFF7B4FC06B02A
:108ED00070BD03A802F0A7F8F9E72DE9F04F876904
:108EE0009FB003913F780546052F16461C4604D8CF
:108EF000032F16D810D003A867E0082FFBD108462F
:108F00001391002B00F0C28013A802F08CF82146C8
:108F10002846FFF790FC01E0FFF71EFD1FB0BDE8FB
:108F2000F08F202A0846049148D8002B40F0A880F2
:108F3000571F02F0FDF84FF6FF78FFB21FFA80FAD4
:108F40000DF11C0BA24506D8AB69DA88424500F248
:108F50008780002434E02346324604990BA802F0AF
:108F600051F8AB69BDF82C809A88424526D8DA883A
:108F7000424523D35969F1B9A94659F80C1BBDF8EC
:108F80002F2091F870109DF82E308DF84C10ADF810
:108F90004E200DF131013A4615A88DF85030199741
:108FA00001F03AFC40F20341484613AA01F069FF80
:108FB0003444A4B2C6E75A89102A09D941F20414EC
:108FC00021462846FFF737FC04A802F02CF8A5E755
:108FD0000023584602F016F8AB690DF13101102F4D
:108FE000CDE9051B93F80A902BD1B9F1020F34D1CA
:108FF00005A8E8F799FF0228DAD14A46DDE905100D
:1090000001F078FC0028D3D12B4653F80C0BBDF8A7
:109010002F1090F870009DF82E208DF84C00ADF8C0
:109020004E108DF8502059464A4615A80293CDF8A7
:10903000649001F0F1FB029B40F20341184613AA31
:10904000B4E7022F09D1B9F1100F06D106A8E8F74D
:109050006BFF0228ACD13A46D0E73A465846CFE7F4
:1090600042F60303ADF84C30022308F101010093EE
:10907000284613AB89B200F097FA04460028A3D023
:1090800041F20A139C423FF464AF99E759B90021B9
:109090000023AA692846938153811181139932468E
:1090A000FFF7CAFD3AE702F043F816B180B28642F4
:1090B000EDD1139A9379D118023389899371E7E737
:1090C0002DE9F0431C468FB0836903911B78054658
:1090D000012B17465BD10846059102F029F8202F95
:1090E0000BD941F2041421462846FFF7A4FB05A83A
:1090F00001F099FF0FB0BDE8F083002C42D1059834
:1091000002F016F84FF6FF76A7F104081FFA88F868
:109110001FFA80F95FFA88F8A14505D8AB69DA88AB
:10912000B24220D80024DEE723463A46059906A835
:1091300001F068FFAB69BDF818109A88BDF81A6095
:109140009142CED3DB889942CBD89642C9D39E4276
:10915000C7D832462846CDF8008007AB3C44FFF71D
:1091600035FBA4B2D8E74FF42053ADF810300223FA
:10917000711C0093284604AB89B200F053FA0446F0
:109180000028B4D041F20A139C42CBD0ABE703A82D
:10919000AEE783691B780B2B02D0103B012B01D863
:1091A000FFF749BB7047F0B585B001938369174657
:1091B0001A7804460B3A0A9E072A42D8DFE802F0E2
:1091C00004413041410441290198039001F0B0FF6E
:1091D00085B203A801F027FF26B131462046FFF7EC
:1091E00046FB0FE0A1697A194B8992B293420BD9E1
:1091F0000A8201F10E032046098900F045FA014672
:109200000028EBD105B0F0BD0121204600F076FA30
:10921000F5E72EB91A8A0198BA420BD04FF481664D
:10922000019B03A8039301F0FEFE31462046FFF7A1
:1092300002FBE7E7DA89596901F085FF0028EDD1E3
:10924000EEE701A801F0EFFEDCE738B582690446DD
:1092500013780D460E2B12D0102B01D00B2B12D1F0
:10926000536933B1997902F114000B44DD6801F0C0
:10927000DAFE29462046BDE83840FFF78ABFBDE840
:109280003840FFF7D8BA38BD07B5002300921B223B
:10929000FFF7FCFA03B05DF804FB07B5836959805A
:1092A000009200231D22FFF7F1FA03B05DF804FBE2
:1092B00070B506460D461446E2F7A6FB4379C57520
:1092C00023F0030343F00303437140F60943C380D3
:1092D000A0F815602060153070BD13B50C4601AACA
:1092E000FFF7E6FF019BDA791444DC7102B010BD90
:1092F00073B5064610460C46154601F019FF2118B5
:1093000001AA3046C9B2FFF7D3FF019B0646DA79BE
:109310001444DC712B4633B901A8294601F06AFFD9
:10932000304602B070BD5C7924F0030444F00204BE
:109330005C711B68EFE708B5E2F76CFB83790C33CF
:10934000184408BD4B88052B05D108880E288CBF12
:1093500000200120704700207047F8B505460F46F1
:10936000164604210A22002002F0E2F80246B8B1B3
:10937000847905210C3403194FF0060C00209970F4
:10938000D87002F804C013241C7102245F71587055
:10939000D8719C7128461E81BDE8F840E9F7DCBB16
:1093A000F8BD73B50546104601920C4601F0C0FEAB
:1093B000042186B2019801F0FEFF024628B901A8F7
:1093C00001F031FE1A2002B070BD837901900C3398
:1093D000C1184C80C65221462846E9F7BDFB002043
:1093E000F1E72DE9F04106468846174604210A2296
:1093F000002002F09DF80246B8B1857900240C35B2
:109400004319052106209970DC7050550120187110
:1094100002205C70987183F805803046DC711F81F2
:10942000E9F79AFB2046BDE8F0811A20FBE700200F
:1094300070470020704707B501A8019201F0F3FDC5
:1094400003B05DF804FB704708B5E9F7C9FEE9F71A
:1094500011FCE9F717FDE8F711FBBDE8084000F043
:10946000C6B938B505460C46E9F7F8FB28B92846D1
:109470002146BDE83840F3F7C5B828462146F3F742
:10948000C1F800F0B1F9EFE737B5044642F607201E
:10949000FEF74EFB0546C0B10A23002CCBBF0534B6
:1094A000053CB4FBF3F494FBF3F4012300211846CC
:1094B0000DF1070264B28DF8074002F0A3F8002214
:1094C000034629461046FEF740FA03B030BD430874
:1094D00003F05503C01A00F03303C0F3850000F019
:1094E0003300184400EB101000F00F00704700210B
:1094F00010B5421D441E14F8010FFFF7E8FF944217
:109500000144F8D1084610BD10B5F3F7B5FE044686
:1095100028B10124204610BD436ADB06F9D4F3F7D5
:10952000A7FC0028F8D1F5E710B5E6F709F8002800
:1095300014BF03240124E6F713F808B144F004042F
:10954000204610BD0020704770B504460E461546F3
:10955000052100220420FDF783FD014618B1A0F883
:109560000160A0F803502046BDE87040FDF7D0BD73
:10957000F7B51D460023044600930F461646072103
:109580000620BDF82430089AFDF78EFD014628B16B
:10959000A0F80170A0F80360A0F80550204603B0C1
:1095A000BDE8F040FDF7B4BD73B515461A4600237B
:1095B000044600930E46082005219DF81830FDF75B
:1095C00073FD014618B1A0F80160A0F803502046D1
:1095D00002B0BDE87040FDF79BBD38B500220446DF
:1095E0000D460A200321FDF73BFD014608B1A0F816
:1095F00001502046BDE83840FDF78ABD70B50446ED
:109600000E461546052100220C20FDF729FD0146D6
:1096100018B1A0F80160A0F803502046BDE87040E2
:10962000FDF776BD73B515461A4600230446009330
:109630000E46102005219DF81830FDF735FD014636
:1096400018B1A0F80160A0F80350204602B0BDE8B0
:109650007040FDF75DBD73B50E4600214489054697
:10966000033CA4B2A342009128BF23460321122049
:10967000FDF71AFD014608B1A0F80160284602B0C6
:10968000BDE87040FDF744BD2DE9F341054698461D
:1096900083690F465869164601F04AFD6C8980B20D
:1096A000053CA4B2844228BF0446A8692146143070
:1096B00001F01AFF009048B105220821002001F0B6
:1096C00037FF019030B9684601F0ADFC1A2002B0B6
:1096D000BDE8F081009901A801F08CFD1620019AE7
:1096E00093790C33D118D054A8F800402846A1F83B
:1096F0000170A1F80360FDF70BFDE8E738B5002223
:1097000004460D4618200221FDF7AAFC014600B1CF
:1097100045702046BDE83840FDF7FABC70B5857944
:1097200004460C35461901F003FD625D431E013A03
:109730009BB2202A12D8DFE802F0131118111A1177
:109740002B11311142114211421135112711111102
:109750003B1127114011401111114200002070BD32
:10976000042B14BF01200320F9E7022BF9E743B3D0
:109770007278022A0AD0012A23D10222013B023246
:10978000B3FBF2F102FB1133002BEAE71022F5E7FD
:1097900013F0030F14BF01200320E0E78BB17278B0
:1097A000013BEDE76BB17278032A0AD9013BE7E789
:1097B000042B34BF01200320D1E7022BF9E703205B
:1097C000CDE70120CBE708B5FFF7B5FD407940F4C0
:1097D000805008BD022801D1E9F784BD704710B957
:1097E0000120E9F7A3BD70470220E9F795BD0020ED
:1097F000E9F792BD08B5FFF79EFD407940F480502F
:1098000008BD0078F3F75CBA13B50C460DF10702FA
:109810000DF1060101F0EAFF30B19DF80600031BCF
:109820005842584102B010BD0120FBE77047F3F7E2
:10983000F5BC704702F013BAF4F7D0B9EAF776BB7B
:1098400002F00FBA02F00FBA70477047704708B5C0
:1098500003F0D6FD002814BF1420002008BD704777
:1098600070477047704700207047704770477047D7
:1098700070B504460E4615680A46002101F064F8EA
:1098800025F4004520462122314601F013FB290A28
:1098900004312046C9B201F096FBA3791C44E5606F
:1098A00070BD70477047704770477047704713B579
:1098B000044601A92020E7F7A9FE20B9224620206E
:1098C0000199E7F7B3FE02B010BD13B50C4601A92C
:1098D00004F094FC10B9019BC4E9003002B010BD43
:1098E00038B504460D462022002101F02DF8F8F786
:1098F00097FCD5E90232E260EA8B43F4806322826E
:109900002A8CA0806282AA8CA282EA8CE2826A6897
:10991000A3602260FFF7A7FF18B1A36843F0040318
:10992000A360A36843F48032A2602A68920544BF12
:1099300043F41023A36038BD08B52020FDF7B0FA2A
:10994000003818BF012008BD08B5FFF7F5FF20B1AA
:10995000BDE808402020FDF7ABBA08BD08B5F2F716
:10996000CDFC08B1012008BD04F028FCF2F7CEFCC4
:109970000028F7D1E7F73CFE003818BF0120F2E7D6
:1099800008B5EAF7D1FC00280CBF0420012008BD6F
:1099900008B5FCF77EFF002008BDEAF795BDEAF7A1
:1099A000A3BD704702207047022070470020704717
:1099B0000120704700207047704737B504460D46B8
:1099C00001A8ECF791FE01A8FFF7F6FF204601A9D8
:1099D0008DF80650EAF768FF03B030BD084611461F
:1099E000012200F06EB8014608B54FF0FF30EAF7EB
:1099F00083FFB0FA80F0400908BD00F0BABC00F067
:109A0000C2BC7FB56C4605460E460FCA84E80F00FF
:109A10009DF80D30224643F04003314628468DF82C
:109A20000D3000F0ABF804B070BD7047431E012B41
:109A300003D9031F58425841704701207047EDF782
:109A400099BE4FF4D472002100F07EBF70B5044679
:109A5000ECF774FD0546A8B9A169F1B1238AD3B129
:109A6000204604F1100200F023FC38BBE16919B371
:109A7000638AA3B1204604F1120200F0EEFB78B134
:109A8000054603E00023A3612361E3610023284628
:109A90006361236270BDA061E8E72082E6E7E361CD
:109AA000216A0029F2D0A28A002AEFD02046E38A58
:109AB000BDE8704000F090BB6182F1E76582E5612E
:109AC000DEE7EBF73BBEF8B506460D46EAF748FF82
:109AD000D8B94FF6FF734FF0240CEF68C1B28F4234
:109AE00008D81C4621463046EBF7CCF8EDF7C2FE0D
:109AF0002046F8BDAA680CFB0122D4899C4202D200
:109B0000002CEFD023460130E8E70024F0E7808DF9
:109B100070470A7838B505461046FFF787FF60B1F1
:109B20004C782046FFF782FF38B12243530704D414
:109B30002846BDE83840ECF751B8212038BDFFF782
:109B4000E8BF10B504460878FFF770FF58B14A78AF
:109B50001046FFF76BFF30B1042A04D02046BDE861
:109B60001040ECF759B8212010BDFFF7EABF00F014
:109B700070BA084600F03DBCEBF7F2BE70B5044683
:109B80000D46164600F02CF958B129462046EBF751
:109B900079F838B9324629462046BDE87040F0F7DA
:109BA000D3BC0E2070BDECF76BBF08B5EAF774FEAE
:109BB00018B1BDE80840EFF775BF08BDF0B587B034
:109BC00004460E4615461F46ADF80610D3B190F870
:109BD0002C31ABB9D0E9490194F82A310490C0B2D4
:109BE0009842ADF8141005D0204604A98DF8103025
:109BF000ECF72CF820463A7894F82B11ECF794F80F
:109C0000002020E00ABBD0E94901D4F8E0300490FC
:109C1000ADF814102046A4F8406004AA0DF1060126
:109C2000EBF748FA78B9204604A9ECF70FF850B9D9
:109C3000034601222046BDF90610ECF7F5F8BDF801
:109C40000630A4F8423007B0F0BDB2F91230B0F9D6
:109C500040200DF10E019342A8BF134604AAADF8AF
:109C60000E302B46EBF726FABDF90E30B5F912206F
:109C70009A42A8BF1A469DF81030ADF80E200C2B62
:109C80000FD1212384F82C31B4F9423093420DDDF9
:109C9000D4E9490100230490ADF8141084F82C3164
:109CA00004E0C0B284F82C010028EDD19DF810101A
:109CB0002046A4F8422084F82A11DCF719FE84F823
:109CC0002B019DE738B504460D4600F06AFBEDF721
:109CD00089FDD4F8F0302BB929462046BDE838403C
:109CE000ECF74EB8022038BD00F018BA70B5044643
:109CF0000E4600F056FBEDF775FDD4F8F0503DB17F
:109D0000002331462046AC46BDE870401A46604705
:109D10002B46012231462046ECF786F8284670BDD6
:109D200038B5044648880D46EDF75CFDD4F8F030B0
:109D30002BB929462046BDE83840EBF787BF022003
:109D400038BDEDF761BD00F0E0B900F0D6BB38B525
:109D500005460C4604F03FFCD5F88C301C40D5F885
:109D600088302343C5F8883004F030FC211E18BF2A
:109D700001210020490238BDECF772BA3F2B10B523
:109D800002D80024204610BDB3F5805F9BBF4FF082
:109D90000044B3FA83F34FF48054DC4098BFA4B27C
:109DA000A242134628BF2346224600F015FA002897
:109DB000E7D1E7E700F051BAEDF714BCECF75EB974
:109DC00000F0B8B9FFF7FCBF38B50446154609B135
:109DD00000F096FA15B12046ECF760FA002038BD85
:109DE0000346408A18B1188A003818BF012070470E
:109DF00000F094BA00F0A2BA0846EDF7EFBF10B534
:109E0000044600F089F820B92046BDE81040EBF781
:109E100087B810BD00F075BBEEF710BA2DE9FF4111
:109E2000984604460E46174604F0DEFB05462046DB
:109E3000FFF7E5FF0A9B3A46029300233146CDE93E
:109E400000832046EBF7BAF80446284604F0C7FB27
:109E5000204604B0BDE8F08138B5044604F0C4FBE8
:109E600005462046FFF7CBFF2046EBF785F8044672
:109E7000284604F0B4FB204638BD38B5044604F04B
:109E8000B3FB05462046FFF7BAFF204600F053F823
:109E90000446284604F0A3FB204638BD38B50446E6
:109EA00004F0A2FB05462046FFF7A9FF204600F07C
:109EB00048F80446284604F092FB204638BD70B5A9
:109EC00004460E4604F090FB05462046FFF797FF38
:109ED00031462046EBF7C0F80446284604F07FFBE5
:109EE000204670BD134607B500228DF807100DF10E
:109EF0000700194600F0C8FA03B05DF804FB0846F5
:109F000011461A4600F0C0BA002070470120704781
:109F1000EDF712B800F055BAEAF73CBF10B504F0FF
:109F200063FB044600F015F8EAF75AFF2046BDE847
:109F3000104004F054BB024608B5EAF72BFF507DF1
:109F400008BD024608B5EAF725FF507D80F0010004
:109F500008BD00F0D6BAEBF79FBD00F0B7B890F897
:109F6000253003B108470220704710B50446ECF7CE
:109F700045FF2046BDE810400321EBF7B9BB90F840
:109F800025300BB1ECF7FCBE0220704790F825306D
:109F90000BB1ECF71BBF0220704738B590F8254095
:109FA0000D46BCB1053C012C8CBF0024012449683E
:109FB0002246ECF75DFF286890FAA0F0000AEEF761
:109FC000DDFCA97A2889224681F00101ECF780FFA7
:109FD000002038BD0220FCE730B585B005460FC92A
:109FE0006C4684E80F0021462846FFF7D6FF05B0EF
:109FF00030BD1FB5ADF808309DF81830CDE900121E
:10A000008DF80A3000236946ADF80C30FFF7E4FF05
:10A0100005B05DF804FB00207047002070477047D2
:10A02000D0F8903003F06003402B0DD0602B03D0AC
:10A03000203B58425841704749B10B68012B06D963
:10A04000486940F00100704740F20110704700205D
:10A050007047F7B504461046D4E952C7DDE9082633
:10A060008CEA020587EA06010540194085EA0C05DD
:10A070007940C4E95251002523F4004106EA010366
:10A0800020F0010043F40073024043F00203CDE9E5
:10A090000055F0F70BF894F824309A0713D5D4F84C
:10A0A0004C319B050FD54FF488112046FFF74FFE2A
:10A0B00094F82430024665F3410384F824302046A6
:10A0C0000B46EBF703FB002003B0F0BD0220EEF7D8
:10A0D000ABB8D0F8E42008B57AB11368022B0CD9DC
:10A0E000536A13F47F4FC3F3072106D0126ADBB221
:10A0F00053438B42B3FBF1F006D2002040F60652E8
:10A100004C21EAF731FE002008BD0346D0F82401B7
:10A110000860B3F8283100208B80704790F8243114
:10A120000C2B14BF90F82900FF2070474FF480716A
:10A13000F1F7D0B9F8B507460E468C88EBF732FD3B
:10A1400097F825700546082F737C0CD1012B0AD88F
:10A1500001460120EFF73CFE421C01D10220F8BD70
:10A16000E30003330EE0053FFFB2012F8CBF002058
:10A1700001202946EFF72CFE431CEFD0012F4FEAB8
:10A18000C403EED903220344B271002DE6D0B3F527
:10A19000803FE3D84FF224416A0901FB03232D09D4
:10A1A000B3FBF5F332680020D21A3260D7E738B536
:10A1B0004FF03A430546DC6A808AC4F30C04A0429F
:10A1C00034BF0020012041F6F0020821EAF7CCFD5F
:10A1D000A88A001B80B238BD2DE9F041884618F0EE
:10A1E000030706461546194633D1B2F5805F30D8CD
:10A1F0009A422ED33F2A28D9B2FA82F401220120B2
:10A20000C4F11F03DBB29A4092B2AA422CBFC4F140
:10A210001904C4F11A04E2B2931DDBB2984080B273
:10A22000A84214D096F8F530ABB9012096F8243046
:10A2300060F3C71386F824304046ECF785FFC6F874
:10A240002080B5823846BDE8F0813A46EAE7002032
:10A25000ECE72127F6E70E27F4E7F8B511F003063F
:10A2600007460D46144621D102B313883F2B1DD952
:10A27000B3FA83F3C3F11901C9B2062901D8192B26
:10A2800012D0062928BF062101238A1DD2B293408D
:10A290002846238000F0E5F823883846FD617B825C
:10A2A000EDF762F83046F8BD3146EDE72126F9E7D3
:10A2B00038B5148811F003054FEAC4041ED13F2CB1
:10A2C0001CD9B4FA84F4C4F11903DBB2052B01D80C
:10A2D000192C11D0052B28BF052301240633DBB22E
:10A2E00004FA03F3C3F3CF0414808161048203876B
:10A2F000EDF73AF8284638BD2B46EEE72125F9E779
:10A30000EBF780B910B5144608460121EEF734FA90
:10A310002046BDE810400121EEF72EBA70B50E467A
:10A3200010210546F1F7D6F80446102128463201DF
:10A33000F1F7BCF8F1F7D8F8204670BD1021F1F71D
:10A34000C9B8F8B504460E46174604F044F93A4633
:10A35000054631462046EEF703FD0446284604F044
:10A3600035F92046F8BD0220704703207047EDF70D
:10A3700053BF10B50023ECF73DFA044608B9F0F7D7
:10A38000CDF8204610BD38B51D4600230446ECF735
:10A3900031FA28B929462046BDE83840F0F7B8B967
:10A3A00038BD40F2366070478021F1F793B810B5A0
:10A3B0000446EBF7B7F901462046BDE81040EBF73D
:10A3C000B7B9ECF7B9BD38B5054610460C46ECF701
:10A3D00029FE65B1D5F8E0304BB15B693BB122682D
:10A3E000013204BF6FF00102226022681A6000206F
:10A3F00038BDEEF7EFBF002070472DE9F74F01257C
:10A400001C469DF83030064601930368174603F05A
:10A41000070306339D4005F1FF380B46A1B14168A3
:10A4200004EA080BA5EB0B0A41F00059524509EB71
:10A430000B0114D95246184600F0EEF949467A1B32
:10A440005A44504400F0E8F9019B2BB13C4448EADF
:10A45000050804EA0804F46003B0BDE8F08F18466C
:10A46000F0E74FF03A4301225A6740F6FF72D96491
:10A4700018651A67704737B5002514460095FFF731
:10A48000BCFF204603B030BD70B50E4615460446ED
:10A4900008B9002070BD0378042B18D02078EDF7A0
:10A4A00031FAB0B923780C2BF3D10EB1FF233370FE
:10A4B000CDB1FF232B7016E020780130C0B2032805
:10A4C0002070EBD8EDF71EFA0028F5D0E6E7002063
:10A4D000F5E71EB12078EDF74BFA30701DB120780A
:10A4E00000F003F828700120D4E710F0FD0F14BF2E
:10A4F0004FF0FF300020C0B27047704700200021AD
:10A50000704708B5EDF7BEFEBDE80840EDF7E2BEC6
:10A5100038B50446FFF7F5FF0546FFF7F2FF431B8A
:10A52000A342FAD338BD38B50D460446EDF7AAFE6E
:10A5300035B1844200D90139204601F0030138BD0C
:10A54000844238BF0131F7E708B5EDF7B3FEBDE847
:10A550000840EDF7BFBE08B50121FFF7E4FFBDE8F5
:10A560000840EDF7B7BE08B521B1920000F054F9EC
:10A57000002008BD2120FCE700F06F43B3F1804FBD
:10A5800002D0B3F1204F02D120F07040704700F0AC
:10A590006043B3F1204F08BF20F0805070470B0C90
:10A5A00023F48053B3F5284FF7B50D468FB2064616
:10A5B00099B216D04AF60103994214D04AF6020322
:10A5C000994212D0B1F5204F14BF04240324D6F8C9
:10A5D000E0300BB1196851B9D6F8DC3093B928686E
:10A5E0000EE00024F3E70124F1E70224EFE723461D
:10A5F00068463A46EDF7E2FEDDE90003002BEBD1B9
:10A6000003B0F0BD19680029E9D0234668463A46F0
:10A61000EDF7D4FEDDE90003002BE0D1F0E7020402
:10A62000C0F3891307D56FEA83536FEA935313F589
:10A63000007F18B206D0A3F1C8006FF4FF739842F0
:10A64000B8BF184670474FF0384359699A6903F507
:10A6500000530A405A61704700EB8023C0EB83131C
:10A6600053FA81F303EB8322C3EB8213C1F3072276
:10A67000134403EB8322C3EB8213C1F30742134459
:10A6800003EB8322C3EB821303EB1160704738B5F1
:10A690000D46144604B938BD55F8041BFFF7DCFF1E
:10A6A000013CF7E72DE9F0470C4669B1CB1CB3F547
:10A6B000002F09D24FF0000844F6FC7654F8281019
:10A6C0004FEA88094B1C01D1BDE8F087FFF7C4FFB2
:10A6D000C1F30263032B844608F10107C1F3074568
:10A6E00014D18BB2F31AB5EB930F4FEA930A0DD93D
:10A6F00009F1040152462144FFF7C9FF844608F1DD
:10A700000208013D08EB0A07A5EB0A052A46604648
:10A7100004EB8701FFF7BBFF07EB0508CEE7F8B5B1
:10A720000446002850D000F11703B3F5002F05466A
:10A730004AD2EEF797FE217D00EB8023C0EB831316
:10A740000B44A28A03EB8321C3EB811303EB122397
:10A7500004F1100618462968FFF77EFF2A780346A1
:10A760009AB9696861B1CA1CB2F5002F08D26A783B
:10A7700052000132FFF78BFF03460835B542E9D19D
:10A780002069C31A58425841F8BD012AF8D16868B7
:10A790000028F5D0421CB2F5002FF1D2E978AA7852
:10A7A000891A01310029E8D030F8027B03EB8322BB
:10A7B000C3EB821353FA87F303EB8322C3EB8213B9
:10A7C00003EB17230139EDE70020DDE70E2070478A
:10A7D0007047F0F7E5B9F0F7E3B9F0F7E1B9F0F752
:10A7E000DFB908B50846F0F7CDFD08BDF0F7D8B9D8
:10A7F00000228A4202D14FF0FF30704750F82230D9
:10A8000093FAA3F30BB90132F3E7B3FA83F000EB49
:10A8100042107047002070470A44431E914200D105
:10A82000704710B511F8014B914203F8014FF9D16F
:10A8300010BD10B50C46B1F90E10F1F7BDFC0028A3
:10A84000ABBF636DA3891B1823F48053ACBF636552
:10A85000A38110BD2DE9F0411F468B8905460C46AA
:10A86000DB05164605D502230022B1F90E10F1F7DB
:10A8700091FCA3893246B4F90E10284623F4805384
:10A88000A3813B46BDE8F041F1F79EB910B50C46F7
:10A89000B1F90E10F1F77EFC431CA38915BF60656A
:10A8A00023F4805343F48053A38118BFA38110BDC8
:10A8B000B1F90E10F1F734BC2DE9F843074688468C
:10A8C00014460026D4E90195B9F1010905D524689B
:10A8D000002CF7D13046BDE8F883AB89012B07D9AE
:10A8E000B5F90E30013303D029463846C047064338
:10A8F0006835E9E70139024410B5904201D10020E2
:10A9000005E0037811F8014FA34201D0181B10BDD8
:10A910000130F2E7884210B501EB020402D984420B
:10A92000234607D8431EA14208D011F8012B03F893
:10A93000012FF8E7024401468A4200D110BD13F806
:10A94000014D02F8014DF7E702440346934200D15E
:10A95000704703F8011BF9E770477047704770B5FF
:10A960000C46B1F90E1096B0154600291E460CDAB9
:10A97000A389002113F0800F14BF40234FF480639C
:10A98000002031602B6016B070BD6A46F1F7E0FB25
:10A990000028EDDB019901F47041A1F50053594203
:10A9A00059414FF48063EBE78B89F7B59D07064665
:10A9B0000C4607D504F1470323602361012363613B
:10A9C00003B0F0BD01AB6A46FFF7C9FF009F054623
:10A9D00030463946F7F713FB48B9B4F90C309A05FD
:10A9E000EED423F0030343F00203A381E2E7A3893B
:10A9F000206043F08003A381019BC4E904075BB19D
:10AA0000B4F90E103046F1F7B5FB28B1A38923F055
:10AA1000030343F00103A381A3891D43A581CFE76D
:10AA20009368013B002B936010B408DA9469A34249
:10AA300001DB0A2903D15DF8044B00F01AB8136852
:10AA4000581C1060084619705DF8044B7047F8B543
:10AA500006460F461446D518AC4201D1002007E047
:10AA60003A4614F8011B3046FFF7DAFF431CF3D1D6
:10AA7000F8BDF8B50E461446054618B1036A0BB981
:10AA8000F0F7D6FFA369A360A3891A0701D523694C
:10AA900043B921462846F1F7C1F918B14FF0FF3705
:10AAA0003846F8BD2368F6B222693746981A6369BA
:10AAB000834205DC2146284600F00EF90028EDD13E
:10AAC000A368013BA36023685A1C22601E70431CCC
:10AAD00062699A4204D0A389DB07E1D50A2EDFD14F
:10AAE0002146284600F0F8F80028D9D0D6E72DE90D
:10AAF000F047164698468A6807460B690C46DDF80B
:10AB000020909342B8BF1346336091F843200AB1B6
:10AB1000013333602368990642BF336802333360E0
:10AB2000256815F0060506D104F1190AE3683268B4
:10AB30009B1AAB422BDC94F843302268003B18BFD1
:10AB40000123920630D404F1430241463846C847F7
:10AB5000013023D023681A3454F80A2C03F006037A
:10AB6000042B0ABF54F80E5C002533684FF0000632
:10AB700008BFED1A54F8123C08BF25EAE575934268
:10AB8000C4BF9B1AED18B5421AD1002008E001237A
:10AB9000524641463846C847013003D14FF0FF3096
:10ABA000BDE8F0870135C1E7E1185A1C30200233B7
:10ABB000224481F8430094F8451082F84310C2E71C
:10ABC0000123224641463846C8470130E6D00136C7
:10ABD000D9E7B1F90C202DE9F041170705460C46DD
:10ABE00056D44B68002B02DC0B6C002B3DDDE66A73
:10ABF000002E3AD0002312F480522F68216A2B6075
:10AC000025D0626DA389580705D56368D21A636B96
:10AC10000BB1236CD21A216A0023E66A2846B0479A
:10AC2000411C24D00023636023692360A389DA04D4
:10AC300000D56065616B2F60B9B104F1440399429E
:10AC400002D02846F7F7DEF9002363630DE0012305
:10AC50002846B047461C0246D4D12B68002BD1D0E1
:10AC60001D2B01D0162B2AD12F6000202EE02A6840
:10AC7000B4F90C3042B11D2A01D0162A21D100238B
:10AC8000636023692360D5E7626022692260CEE7B2
:10AC90000F69002FE9D093070E680F600CBF4B6956
:10ACA0000023A6EB07088B60B8F1000FDDDD4346FB
:10ACB0003A46216A2846A66AB047002808DCB4F95B
:10ACC0000C3043F040034FF0FF30A381BDE8F0812A
:10ACD0000744A8EB0008E7E738B50B6905460C46C2
:10ACE00013B90025284638BD18B1036A0BB9F0F72F
:10ACF0009FFEB4F90C30002BF3D0626ED00704D461
:10AD0000990502D4A06DFFF728FE28462146FFF7DB
:10AD100060FF636E0546DA07E4D4A3899B05E1D49E
:10AD2000A06DFFF71BFEDDE7C9B20346024410B574
:10AD30009342184601D1002003E0047801338C428D
:10AD4000F6D110BD430803F05533C01A00F0333379
:10AD5000800800F0333018444FF0013300EB10103E
:10AD600000F00F305843000E704710B5044688B10C
:10AD7000836A016A7BB180689847002394F82400B5
:10AD800023620C28636005D82146F1F73BFD0D23B3
:10AD900084F8243010BD0029EFD08368002BECDB51
:10ADA000084600F05CFCE8E7002307B51A4601916D
:10ADB00001A9F1F779FB03B05DF804FB002330B57E
:10ADC00087B004939DF83430DDE90A4503930C9B6A
:10ADD000CDE900450293F1F7E5FA07B030BD052350
:10ADE00030B585B003930A9BDDE908450293CDE9B0
:10ADF0000045FFF7E3FF05B030BD30B50023002468
:10AE0000002585B0CDE900450293FFF7E8FF05B0C6
:10AE100030BD03680B60016070472DE9F0410E46BC
:10AE2000174600240546006808B9BDE8F081D0E95E
:10AE30000083B3420BD18368BB4208D154B9C5F833
:10AE40000080C368DB0701D500F009FC20460446FA
:10AE50004046E9E7C4F80080F3E7002370B51A46DE
:10AE6000194605460468F1F71FFB0CB92C6070BD4C
:10AE7000E3682668DB0702D5204600F0F0FB344685
:10AE8000F3E72DE9F8430E461746054610B90020B2
:10AE9000BDE8F8830468002CF9D0D4E900893B466A
:10AEA00032462946A068C8470028F1D14446F2E757
:10AEB0003020704738B5054614460A460021FFF792
:10AEC00043FD24F01C046B7944F0100443F00403A8
:10AED0002C716B7138BD2DE9F74F1F469DF830304E
:10AEE0008A4680460093002850D0002967D00C681D
:10AEF000002C66D04FF0000BE679A179761AF6B2F5
:10AF0000BE4208D30C31394408EB020945462144BE
:10AF1000F61BC84537E02068A346BF1B002835D084
:10AF20000446E9E7AB19994538BFA9EB0506324657
:10AF30002846FFF771FC009B002B3DD0E279A079F9
:10AF4000F3B237BB1844A071E279A37927689A421B
:10AF500032D1DAF80030A34208BFCAF80070BBF162
:10AF6000000F01D0CBF800702046F1F79BFC3C4667
:10AF700035444CB10027A379E67903F10C01F61AA8
:10AF80002144F6B24D45CDD3A5EB080003B0BDE892
:10AF9000F08F121AD2B2F918914209DA0C3020441B
:10AFA000D21BD21A014438440193FFF7B3FC019B32
:10AFB000E279D31AE371C7E7A3462468D8E70846C5
:10AFC000E4E72046E2E710B5C4790246C4F1450340
:10AFD000D8B2884228BF08460444D47110BD38B5A1
:10AFE0000546C079C0F14504E4B2944288BFD4B2AA
:10AFF0000C3022462844FFF70FFCEB79204623440F
:10B00000EB7138BD1FB503910021009103A9FFF733
:10B0100062FF05B05DF804FB13B501240094FFF74F
:10B020005AFF02B010BD38B50446206800B938BDDB
:10B030000568F1F737FC2560F7E7034610B501F026
:10B04000EC0103B910BD1A7902F013020A431A7118
:10B050001A1A544254415A7964F300025A711B6817
:10B06000EFE710B558B1016802685AB1136823B10F
:10B070005C79E40704D5002414600360084610BD21
:10B080000360F1E71346F8E7034658B10020DA7988
:10B0900099791B68521A50FA82F01BB15A79D2077B
:10B0A000F5D57047704770B50D460446E8B186790E
:10B0B0008E4203D3751A8571012070BDC27906F1E5
:10B0C00045039B1ADBB299420FD806F10C010144EB
:10B0D000921BA81BD2B20844FFF71CFC0023A371EB
:10B0E000E3791D44AD1BE571E6E70020E5E710B507
:10B0F0000C4698B191B18979E279C379521AC3F1BA
:10B100004503D2B2DBB2934208D30C312144FFF79E
:10B1100066FF2046F1F7C6FB012010BD0020FCE7CA
:10B120000346006818B102681A6000230360704784
:10B130000346002003B97047DA7999791B68521ADF
:10B1400050FA82F0F6E72DE9F84F89461446824618
:10B15000FFF7EEFF05464846FFF7EAFFA542074620
:10B1600001D3A04208D2BD4208D10024A346A04684
:10B17000264647B9384604E02746F6E738D24FF06E
:10B18000FF30BDE8F88F5EB99AF806809AF807603C
:10B19000A6EB080608F10C08D044DAF800A0F6B2D5
:10B1A000BBF1000F0BD199F8064099F807B0ABEB53
:10B1B000040B0C344C44D9F800905FFA8BFB5E45CD
:10B1C000354628BF5D46BD4228BF3D4621462A463A
:10B1D0004046FFF78FFB0028D3D1A8442C447F1BA7
:10B1E000EDB2761BABEB0505F6B25FFA85FBC0E767
:10B1F0000120C6E703680BB9016070471A461B6857
:10B20000002BFBD111607047036803B10B60016034
:10B21000704739B10B461A461B68002BFBD10368F7
:10B2200013600160704770B5046806460D4644B16E
:10B230002046FFF77DFFA84211D8236813B9E379B0
:10B24000A37170BD20463360F1F72CFB3468F4E73E
:10B25000ED1A236820463360F1F724FB3468002D93
:10B26000EFD0A279E3799B1ADBB2AB42F0D92A4442
:10B27000A271E6E7F8B5066805460C4646B13046C9
:10B28000FFF756FFA0421DD8336813B9F379B371A5
:10B29000F8BD30462B60F1F705FB2E68F4E7064653
:10B2A00038460768002FFAD1C2798379D31ADBB206
:10B2B000A34202D9121BC271EAE7E41AF1F7F2FACB
:10B2C0003EB13760002CE3D028680028E0D000268B
:10B2D000E7E72E60F6E7F8B504460F46BC4200D11A
:10B2E000F8BDA179E5796D1AEDB2C5F14506B6B2A2
:10B2F0000EB92468F2E749B10C312A46214404F121
:10B300000C00FFF707FB0023E571A3712368BB4224
:10B31000EFD05A79D207ECD49979DD79A0796D1AFA
:10B32000EDB2B54228BF3546E2790C3010440C31FD
:10B330002A4619442044FFF76FFAE379206853FA4C
:10B3400085F3E3718379761B53FA85F5C379EDB202
:10B35000AB42B6B2857103D103682360F1F7A2FA5C
:10B36000002ED3D1C5E738B50C46016809B9046091
:10B3700038BD0D4609680029FBD1236823B120465A
:10B38000FFF7A9FF2C60F3E721462846FFF7AFFE41
:10B390000028EDD1F6E748B100230279436003604D
:10B3A00083604379027143F00403437170470022C4
:10B3B0001146F1F7F9BA38B504460D46FFF773FEAA
:10B3C00098B984B12079FFF7F2FF58B163794279D7
:10B3D000C3F3400363F3410245235D1B04604271E4
:10B3E000C371857138BD0120EDE72046FAE738B515
:10B3F000036804460D469BB11879FFF7D8FF88B162
:10B400002368427903605B79C3F3400363F341022D
:10B4100045235D1B4271C37185712060002038BDDA
:10B420000120EAE71920FAE738B50C46054640B393
:10B43000006830B309B9002038BD4AB9C9B2FFF776
:10B4400032FE0028F7D12B689A799871A41A06E089
:10B45000452918D8C9B2FFF726FE0028EBD1442CA5
:10B4600007D8002CE7D02846E1B2BDE83840FFF706
:10B47000BEBF45212846FFF7BAFF0028DCD1453C76
:10B48000EDE72220D8E72120D6E72DE9F84390F810
:10B49000078090F806900446A8EB0907FFB2B9426E
:10B4A0000D4602D30020BDE8F8830079FFF77FFF47
:10B4B00006460028F6D0A17980790C317F1B2944FB
:10B4C0000C30BAB221443044FFF7A6F9F3790120D9
:10B4D0003B44F371E37999444D442368A5EB080597
:10B4E000E57133602660DEE7F8B5076806460D466D
:10B4F0003C46002305B12CB90BB100221A60346020
:10B500003846F8BDE379A2799B1ADBB2AB4207D883
:10B51000E379A2799B1ADBB2ED1A23462468E9E7A6
:10B520002046E9B2FFF7B1FF0028F1D10746E7E76F
:10B530005318452B02DCC9B2F1F736BA0020704728
:10B54000F7B5002605460F4601960DB9019C09E0A6
:10B55000002238461146F1F727FA044628B901A817
:10B56000FFF761FD204603B0F0BDAB798371EA7946
:10B57000C27168796179D21A60F3000161716979E9
:10B580006079C1F3400161F34100607103F10C0087
:10B590002918D2B22044FFF73FF9019B03B9019467
:10B5A00006B1346026462D68CFE72DE9F8430D46F5
:10B5B0001446064610B319B3DAB1034699461B6820
:10B5C000002BFBD12746C8463A4629464046FFF79E
:10B5D00006FDC145A7EB0007054418BFC9F8008068
:10B5E00037B10022B1793079F1F7DEF9C14618B9E7
:10B5F000E41B2046BDE8F8838046E5E70446F8E70B
:10B600000C46F6E737B51546C9B200221C46F1F7DD
:10B61000CBF9019040B122462946FFF7C6FF84428C
:10B6200002D901A8FFF7FFFC019803B030BD034623
:10B6300010B501391A1A914200D810BD445C1A782D
:10B6400003F8014B42540139F4E7002301448842D6
:10B6500000D1704700F8013BF9E7F1F7AFBAF6F710
:10B66000A6BC70470E207047704710B5044680692D
:10B6700020B10021E6F78AF80023A36110BD07B5C9
:10B6800001228DF807100DF10701FFF78EFF03B0BF
:10B690005DF804FBF7B505464FF428500C46FCF75F
:10B6A00047FA0646FBF7DFFFB0B3022C02D80020B2
:10B6B00003B0F0BD002731460DF105030DF1060280
:10B6C0003846ADF80670FCF712F9BDF80620631E87
:10B6D000934206461EDC072C1AD9023CADF8064000
:10B6E0000824BDF80630002BE1D00133D9B228463A
:10B6F000FFF7C5FF21462846FFF7C1FF3146284620
:10B70000BDF80620FFF751FFBDF806000230CFE775
:10B71000ADF806700924E4E74FF0FF30C8E70229CE
:10B720002DE9F34104460D461746184603D800207C
:10B7300002B0BDE8F081FCF7FBF90646FBF793FF8A
:10B740000028F4D04FF0000831460DF105030DF14B
:10B7500006024046ADF80680FCF7C9F8BDF8063091
:10B76000BDF820200646934228BF1346AB4228BFAF
:10B770002B469DF80500ADF80630C0B9002BD7D098
:10B7800001339AB29542D3D9D9B22046FFF777FF59
:10B7900039462046FFF773FF31462046BDF80620A4
:10B7A000FFF703FFBDF806000230C0B2C0E7404615
:10B7B000BEE707B501A9F1F7D9FA30B9019B586A7C
:10B7C000C0F3C02003B05DF804FB0020FAE70020BE
:10B7D00008B5F1F74DFB08B9FF2006E0C37B012B4C
:10B7E000F7D1436ADB06F4D5007808BD73B50E4681
:10B7F00001A91546F1F7BAFA90B9019A546A14F002
:10B8000010030FD0C4F300343470D37B5A1E042AC3
:10B8100002D8D81E18BF01202870012002B070BDC8
:10B820000020FBE71846F9E738B5436A04465B0792
:10B8300005D5002300781A461946F2F74BF9636ADA
:10B840009D0706D52046F1F7A5FA636A23F00203A7
:10B850006362636A18070DD52146E27911F8010B7E
:10B86000C2F3C002F2F7D8F80546E8B9636A23F0DC
:10B8700008036362204600F0E2F90546A0B9626A57
:10B88000D10611D5D30404D52046FDF75BFE40B1A7
:10B890001BE01206E37B09D4E37B626A023B012BC7
:10B8A00015D9616A48071FD4284638BD03F0FB0349
:10B8B000012BF6D021692078F2F7D4F8636A25616C
:10B8C00023F0800363620028E6D00546ECE7D30549
:10B8D000E7D561692078F2F7E1F800236361636AD4
:10B8E00023F480736362D2E7E37BA28D012B03D143
:10B8F000A2B1802A28BF802211F0400F94F8303086
:10B900004FF0010118BF01232078F2F7E3F8002877
:10B91000DBD1636A23F004036362C5E74022EBE7EF
:10B92000002010B5F1F7A4FA044600B910BD636A0F
:10B93000DA060BD55B0409D42046F1F78DF9636A6A
:10B94000204643F006036362FFF76EFF2046E9E7F7
:10B9500013B50C4601A9F1F709FA50B9022C07D822
:10B9600002462146019802B0BDE81040F1F79EBAA8
:10B97000212002B010BDF7B50E4601A915461F469D
:10B98000F1F7F4F9F8B9019C626A93050BD44FF60C
:10B99000DF73A6F12001994217D8A5F12001994241
:10B9A00013D8AE4211D8E369B34202D1236AAB4245
:10B9B00004D0C4E9076542F0020262629DF82030BB
:10B9C000A78584F8303003B0F0BD2120FBE790F864
:10B9D000393037B55B0704460D462AD4F1F73CF9F8
:10B9E0006B1E042B14D8032D12D0E379142B22D014
:10B9F000A3696BB96846FBF79AFCE5F7C1FF694696
:10BA0000E5F73AFE18B91A25284603B030BDA06103
:10BA1000636AE57343F016036362E7F74DFA204665
:10BA2000FFF702FF05460028EED02046FFF71DFE77
:10BA3000EAE70225E8E72125E6E707B501A9F1F7DE
:10BA400095F930B90198C17B03B05DF804EBFFF7BD
:10BA5000BEBF03B05DF804FB37B50C4601A9F1F792
:10BA600085F918B9052C019D02D9212003B030BDFC
:10BA70002869FFF75DFB1F28F7D86869FFF758FBB7
:10BA80001F28F2D8012CF0D0231F012BEDD921461D
:10BA900028466B6A23F482536B6203B0BDE83040E2
:10BAA000FFF795BF37B5FFF792FEFF28044613D086
:10BAB00001A9F1F75BF978B9019D6B6A284623F07B
:10BAC00010036B62FFF7D1FD204605F1340103B08E
:10BAD000BDE83040E7F7D8BD03B030BD10B504462F
:10BAE000FDF722FD0346204009D014F0050006D0E2
:10BAF000DB4363F0050323420CBF0120002010BD8F
:10BB0000002337B580F8723040F6FF73A0F86E302E
:10BB100083680446DA040D46C16010D443F48063A0
:10BB20006A46A36040F203212046CDE90045FFF7B5
:10BB3000A8F900212046E5F729FE03B030BD90F8B2
:10BB40007600FFF77AFFA36823F48053E8E773B524
:10BB50006E4604464A7930460D460631E5F754FFF5
:10BB600096E80300A4F85010090C11F0800FE0646F
:10BB700084F8521004F1530312D00122184605F143
:10BB80001201E5F741FF0C352846FDF7B0FC28B15E
:10BB90000122294604F15A00E5F736FF02B070BDD4
:10BBA000B4F8501094F85220C4F8530099809A7158
:10BBB000E9E71FB590F87420044602F001030190F4
:10BBC0008DF808300BB102F002038DF8093094F8BB
:10BBD000753020468DF80A30039100F099F84FF443
:10BBE000017101AA2046FFF74CF92046E5F744FE13
:10BBF00004B010BDE5F7A2BD0A460021E7F716BC68
:10BC0000826838B5C2F380320446B0F86E000D4643
:10BC1000E7F7B2FC20B9A3681DB143F40053A36059
:10BC200038BD23F40053FAE783791A0705D413F0DB
:10BC3000100F0CBFFF20012070470020704700202C
:10BC4000704708B5FDF777FB407940F4805008BD98
:10BC5000002070470F2070470F2070477047F2F7A1
:10BC600099BBF2F7B1BBF2F7B9BB10B588B0E5F7F5
:10BC70004FFD0446002847D090F87200022845D1B5
:10BC8000A36813F4407F2AD094F87330012B2FD18E
:10BC900094F97500E4F75AFE10B9A368DB0527D5BF
:10BCA00094F8743013F0010322D1CDE90133CDE9CA
:10BCB0000433CDE90633ADF80C30A36813F4807F6C
:10BCC00001AB0ED0A06AE16A228E03C31A8020461F
:10BCD000BDF8042004AB0DF10601E7F71DFC08B028
:10BCE00010BD0A22022194F97500FAF7A5FFEEE7CC
:10BCF000002345F217021946204600F077F9B0FA02
:10BD000080F040094000EAE72120E8E70220E6E76A
:10BD100038B545F21B020C460B460021054600F0E3
:10BD200065F930B92CB121462846BDE83840F1F715
:10BD3000A9BF38BD00F07CB901F0F2BA01F0FBBA3E
:10BD400010B504464C30FAF770FF84F875002046B1
:10BD5000BDE8104001F0BFBA10B50446FAF729FF5C
:10BD600001280DD094F8733094F97000012B14BFA2
:10BD70000521032184F83210BDE81040FFF771BCA3
:10BD8000A36843F40073A36010BD00F083B938B515
:10BD9000037804463E2B0D4602D0FF2B12D038BD4F
:10BDA0008378052BFBD1B0F80300E5F7A3FC20B1A5
:10BDB000B4F80D10621D00F0D3F92846BDE83840F4
:10BDC000FFF731B98378ED2BE9D1B0F80300E5F73F
:10BDD00091FC0028F1D0B4F80D1004F10F03621D9E
:10BDE00000F0C1F9E9E7CB0448BF41F4806181600C
:10BDF000704710B50446006C30B94FF4B070FFF7CF
:10BE00002CFC206420B910BD4FF4B071FFF71DFC6D
:10BE1000FF23226C82F85E31A3681B0603D5C02382
:10BE200001201370EFE794F87330012B14BF8023C7
:10BE30004023F5E708B5D0B2E5F76AFC28B190F8E1
:10BE4000773003F07F0380F87730012008BD10B50C
:10BE5000044645F21A01FEF7A7FF2046BDE8104050
:10BE600047F23053002245F21A01F0F78DBB10B5AE
:10BE70000A46044608210020FFF75AFB10B18379D7
:10BE800003441C7310BD38B505460C460D20112126
:10BE9000FFF7EDFF024688B12146837903440D3355
:10BEA00004F1100051F8044B814243F8044BF9D1DE
:10BEB0002846BDE838400621FDF773BA38BD38B5CD
:10BEC00005460C4604201121FFF7D1FF024688B138
:10BED0002146837903440D3304F1100051F8044BDB
:10BEE000814243F8044BF9D12846BDE83840062189
:10BEF000FDF757BA38BD38B505460C460320112169
:10BF0000FFF7B5FF024688B12146837903440D331C
:10BF100004F1100051F8044B814243F8044BF9D16D
:10BF20002846BDE838400621FDF73BBA38BD37B595
:10BF30000022054608211046FFF7FAFA0446C0B170
:10BF40000C2301220DF107018DF80730FFF72DFBBF
:10BF5000296C202251312046FFF727FB296C202233
:10BF600071312046FFF721FB224606212846FDF7C6
:10BF700018FA03B030BD036C4BB983681B0608D4B4
:10BF800090F87330012B14BF802040207047187840
:10BF90007047C020704770B50446FFF7ECFFF2F71A
:10BFA00095F90D460346002245F2010120469847C7
:10BFB000236C03B11D702846F2F788F94FF4A041B5
:10BFC000034600222046BDE87040184770B515466C
:10BFD000044648B1FFF7CFFFF2F778F92A46034647
:10BFE0002046BDE870401847022070BD114608B5D4
:10BFF0001A4621F00041FFF7E9FFB0FA80F040094E
:10C0000008BD08B50B4601461846F0F707FE003894
:10C0100018BF012008BD10B50446006838B11A21C8
:10C02000FFF713FB2068FFF71AFB0023236010BD06
:10C0300030B58BB00D46002201A9C0B2F1F764FF04
:10C04000044620BB01460D220DF10B00FEF77CFCDF
:10C05000B5F803206B79ADF8082006A9019A02A86B
:10C060008DF80A30F1F792FF40F20343BDF8182033
:10C07000002818BF1C469DF81A30102102A82A80FB
:10C08000AB70FFF7E2FA102106A8FFF7DEFA2046B0
:10C090000BB030BD10B50446F1F79CFE04F134003E
:10C0A000FFF7B9FFA3685A0606D523F04003002125
:10C0B0002046A360E7F780F9236C63B1D3F89400BE
:10C0C000F6F73AFE0421206CFFF7BFFA206CFFF769
:10C0D000C6FA0023236410BDF7B50D46694616461F
:10C0E000F1F712FF044698B929461022009801ABD7
:10C0F000F6F78DFE074610212846FFF798FA2FB174
:10C1000010212846FFF7A1FA40F2074406B1376034
:10C11000204603B0F0BD38B50446C51C03212846AF
:10C12000FFF76FFFC8B9E27863797AB922791A43C9
:10C13000F4D003F07F0343F0400363715323A371F2
:10C140002146BDE83840FF20FFF772BFFF2AF0D13B
:10C1500022791A40FF2AE1D0EBE740F2074038BDD0
:10C160000021E7F729B9F8B51D46836804465B0648
:10C170000F4616462DD41A20FFF76FFA014660636A
:10C1800020B92046BDE8F840E7F716B9034623F882
:10C19000027B326805F11001C0F8022072685A6013
:10C1A0002A46636B0A3352F8040B8A4243F8040BA5
:10C1B000F9D110212846FFF748FAA36843F040025E
:10C1C00013F4407FA26004D02046BDE8F840F2F7A7
:10C1D0003FB9F8BD38B504460D4605200221FFF7EA
:10C1E00046FE0246B8B18379062103445D732046BA
:10C1F000FDF7D7F845F490512046F1F743FD94F848
:10C2000073302046012B18BF8021BDE8384008BF9D
:10C210004021FFF7C0BE38BDB1F5A04F70B5044650
:10C220000D4616460AD045F20603994218D032460A
:10C2300029462046BDE87040F2F7E0BA836843F033
:10C240008003836090F87330012B14BF802040205E
:10C25000F2F73CF8002203462046BDE8704018473C
:10C2600093791344597C41F49051F1F70BFDDEE7CB
:10C270002DE9F04196B0154605AA1C4606460B4628
:10C2800090461D9F01F1200E9446186859680833A6
:10C29000ACE8030073456246F6D120214046FFF723
:10C2A000C6F90DAB2A469C4605F1200E1D461068C6
:10C2B0005168083203C572452B46F7D120216046EC
:10C2C000FFF7B5F9AEB3336C93F85D31013B022B48
:10C2D0002FD89DF8703043F0800301AA8DF85430B8
:10C2E0001546234604F1100C1446186859680833A3
:10C2F00003C463452246F7D110212846FFF797F97A
:10C300003B46412241462846F1F7EEFE0446102105
:10C310002846FFF79AF941214046FFF796F954B1B4
:10C320001EB108213046FFF755FF204616B0BDE884
:10C33000F0810023D1E710213846FFF778F9002E6D
:10C34000F3D0224645F211013046FFF73FFEECE7FD
:10C350002DE9F34790F873800446B8F1010F056C9E
:10C3600004D195F85031002B40F0A88095F85C314D
:10C3700095F85191032B00F2ED80DFE803F0028382
:10C38000ACD019F0010F78D011210620FFF76FFD16
:10C390008246002800F09280877910210C370744EC
:10C3A0007E1C3046FFF72DFE014658B1204608217D
:10C3B000FFF710FF002140F2074002B0BDE8F04750
:10C3C000F1F77EBCA07CC0F110023044FEF7BCFA4D
:10C3D000FAF7EFFB012895F95E010BD132460521F2
:10C3E000E4F7D2FA10B30821204602B0BDE8F047C6
:10C3F000FFF7F0BE334610220521FAF7DCFB28B127
:10C40000002140F21B40F1F75BFCECE7B8F1010FB3
:10C410000CD004F11803113756F8042BBE4243F830
:10C42000042BF9D1A36843F48073A360524606211C
:10C430002046FCF7B6FF0B210720FFF718FD074643
:10C4400000283BD0867995F95E310C36064443F4DA
:10C450003F430821A6F80130F01CFFF7D2FD0A2265
:10C46000042195F95E01731CFAF7A5FB0028C7D1DA
:10C470003A4606212046FCF794FF95F85C310133DB
:10C4800085F85C3119F0020F20D011210820FFF748
:10C49000EEFC064690B10023817901AA01440D31DA
:10C4A000FF200193FFF718FE58B108212046FFF73F
:10C4B00091FE40F207400199F1F702FC02B0BDE89D
:10C4C000F087324606212046FCF76BFF95F85C3179
:10C4D000013385F85C3119F0020F1BD008210920C7
:10C4E000FFF7C5FC07460028E8D086790C360644DD
:10C4F000E5F742FA83793A4683F00803C3F3C003B1
:10C50000737003680621C6F8023083882046F380E2
:10C51000FCF747FF95F85C31013385F85C3119F081
:10C52000040F12D011210A20FFF7A1FC06460028B3
:10C53000C4D0807910223044AB210D30FEF704FACC
:10C54000324606212046FCF72CFF95F85C3101337A
:10C5500085F85C31B8F1010F08D0236C93F85031A5
:10C56000002BABD195F85C31042BA7D1A36C102222
:10C570000B2195F95E013133FAF71DFB78B140F2DA
:10C580001B412046F1F77EFBB8F1010F14BF80215B
:10C590004021204602B0BDE8F047FFF7FCBCA36C89
:10C5A00001220C2195F95E012033FAF704FB0028E3
:10C5B000E5D1A36C10220D2195F95E012133FAF724
:10C5C000FAFA0028DBD1082295F95E01114604F140
:10C5D0001003FAF7F0FA0028D1D1236C93F85E210A
:10C5E00084F87520FF2283F85E21FAF7E2FA012829
:10C5F00018BFA36820461CBF43F48073A360F1F703
:10C6000019FBC1E7F2F758B970B5B1F5A04F044670
:10C61000154688B077D045F21B06B14240F00A813A
:10C6200090F87430DB0766D5056CB5F850312BB146
:10C630004C21FFF7B0FC002008B070BDD5F8583190
:10C640005E0747D5AB79D80744D56B7BD90741D571
:10C65000A36C10220B2195F95E013133FAF7ABFA86
:10C6600038B140F21B412046F1F70CFB40F21B4071
:10C67000E2E7A36C206C01220C2190F95E012033CB
:10C68000FAF799FA0028ECD1A36C206C10220D2146
:10C6900090F95E012133FAF78EFA0028E1D10822E1
:10C6A000206C114690F95E0104F11003FAF783FA49
:10C6B0000028D6D1236C93F85E2184F87520FF22E0
:10C6C00083F85E2120464021FFF765FC2046F1F704
:10C6D000B1FAB0E705F5987304F1180205F5A075F5
:10C6E00053F8041BAB4242F8041BF9D1A36843F48E
:10C6F0008073A360E6E74021FFF74DFC2946204602
:10C70000F1F7C0FA97E7036CD3F8582112F004024E
:10C7100055D00022CDE90122ADF80C209A79D2073C
:10C720003FD55B7BDB073CD5FAF743FA0128206C49
:10C730000CD100F59872032190F95E01E4F724F919
:10C7400078B308212046FFF745FD8FE700F5987381
:10C750001022032190F95E01FAF72DFA28B1002189
:10C7600040F21B40F1F7ACFAEBE7206C102200F529
:10C770009873052190F95E01FAF71DFA0028EED1B1
:10C78000236C04F1180103F5987203F5A07352F8B5
:10C79000040B9A4241F8040BF9D1A36843F4807367
:10C7A000A3600023BDF80420CDE90433CDE90633AE
:10C7B0000DF1060104AB2046E6F7AEFE3BE7D3F8E9
:10C7C000B810C3F8D010D3F8BC100092C3F8D4103E
:10C7D000006C694600F59870F1F734FC48B1009898
:10C7E000F6F7AAFA20460821FFF7F4FC40F20740CA
:10C7F00022E7206C009A00F59871C830F1F7C6FB6B
:10C8000005460028EBD10098F6F796FA236CA07C39
:10C8100003F59873C0F1100229461844FEF794F806
:10C820002A46CDE90155CDE90455CDE9065504ABBD
:10C8300001A9C0E708B0BDE87040F1F7DFBF2DE9FE
:10C84000F04796B01D46DDE9229705AB06460C463B
:10C850009E46DDF8908002F1100A9C4610685168EF
:10C860000832ACE8030052456346F6D17046102109
:10C87000FEF7DDFE09AA2B46944605F1100E15467B
:10C8800018685968083303C573452A46F7D16046CE
:10C890001021FEF7CCFE0DAA94461E9B03F1100E4C
:10C8A000154618685968083303C573452A46F7D1F9
:10C8B00060461021FEF7BBFE9DF87C30D9F80000E1
:10C8C0008DF844309DF8803006218DF845309DF874
:10C8D000843012908DF8463099F8063012A883F013
:10C8E0000803C3F3C0038DF84730B9F80430ADF83E
:10C8F0004C30FEF79CFEBB79062183F00803C3F39E
:10C90000C0038DF84E303B680DF14F00CDF84F302D
:10C91000BB8804F11007ADF85330FEF788FE01AA7A
:10C9200023461546144618685968083303C4BB42A9
:10C930002246F7D110212846FEF779FE43464122D0
:10C9400005A92846F1F7D0FB044610212846FEF73A
:10C950007CFE412105A8FEF778FE34B1082130465F
:10C96000FFF738FC16B0BDE8F08740461021FEF70F
:10C970005EFE224645F213013046FFF727FBF1E742
:10C980002DE9F0419CB0154608AA1C4606460B4608
:10C990009046239F01F1200E944618685968083389
:10C9A000ACE8030073456246F6D120214046FEF70D
:10C9B0003EFE10AB2A469C4605F1200E1D4610682F
:10C9C0005168083203C572452B46F7D160462021D5
:10C9D000FEF72DFE18AA9446229B03F1100E154671
:10C9E00018685968083303C573452A46F7D160466D
:10C9F0001021FEF71CFE04AA2346154604F1100C74
:10CA0000144618685968083303C463452246F7D1B1
:10CA100010212846FEF70BFE6B4650224146284661
:10CA2000F1F762FB044610212846FEF70EFE502166
:10CA30004046FEF70AFE34B108213046FFF7CAFB34
:10CA40001CB0BDE8F081039B38463B600421FEF733
:10CA5000EEFD68461021FEF7F8FD224645F214016E
:10CA60003046FFF7B3FAEBE72DE9F3411D46089B8B
:10CA700004468846164690F873705BB11021104644
:10CA8000FFF7BFFA30B10821204602B0BDE8F041FF
:10CA9000FFF7A0BB236C013E691E03F1100013F8E1
:10CAA000012F16F801CF834282EA0C0201F8012F10
:10CAB000F5D10022404601A90192F1F7C3FA48B12D
:10CAC0000198F6F739F908212046FFF783FB02B0F9
:10CAD000BDE8F08129462846019AF1F757FA002867
:10CAE000EED1022F0CBF0023062304F159022B4480
:10CAF00004F15F0012F8016F1978904281EA060193
:10CB000003F8011BF6D1022F14BF0023062304F102
:10CB100052022B4404F1580012F8016F1978904228
:10CB200081EA060103F8011BF6D129462846019A3D
:10CB3000F1F72CFA05460198002DC2D1F6F7FCF862
:10CB40002A4645F210012046FFF740FABFE773B5C9
:10CB500045F20406B142044615460DD045F21006D2
:10CB6000B14222D0B1F5A04F38D1FFF770F9236C54
:10CB7000D3F85831D90720D5236CD3F85821D207E0
:10CB80000BD4AA7998330C3215446A1D153552F826
:10CB9000041BAA4243F8041BF9D1216CD1F8583187
:10CBA00013F004030CD0832104E0016CA831FFF7DB
:10CBB000A2F985212046FFF7EEF9002002B070BDF2
:10CBC00081F85C31012301F1B8020093204601F1A4
:10CBD000A80301F59871FFF747FFEEE702B0BDE843
:10CBE0007040F1F70BBE45F21003F0B599420446D0
:10CBF00085B000F087800CD8B1F5A04F1CD045F26D
:10CC0000050399421DD0204605B0BDE8F040F1F77C
:10CC1000F5BD45F21103994200F08D8045F21203F3
:10CC20009942F0D1036C93F85D31042B40F2B3804C
:10CC3000052B03D148217BE0FFF709F9002005B05F
:10CC4000F0BD9179036C0C310A44511DB833153293
:10CC500051F8040B914243F8040BF9D1256C1022D2
:10CC600005F1C80705F1B80631463846FDF742FE22
:10CC700020B904212046FFF7ADFADFE7D5F8583197
:10CC800013F0040332D095F85D31042B13D105F174
:10CC9000F803039305F59873029304F1530301938A
:10CCA00004F15A0300933A463346204605F1D80171
:10CCB000F2F758F8C2E705F5A07005F1110105F18A
:10CCC000510201900BB1052B06D1002300932046A1
:10CCD0003346FFF7CDFAB1E795F85C01D5F82C3172
:10CCE000C34003F0010343F08003EFE785F85C31B4
:10CCF00032460093204605F5A07305F59871FFF7BD
:10CD0000B3FE9BE7056C102205F1A80105F5A070A4
:10CD1000FDF7F0FD0028ACD14B21D5F858319B0729
:10CD200042BF94F8743043F0020384F87430204614
:10CD3000FFF731F982E7056C102205F1A80105F52E
:10CD4000A070FDF7D7FD002893D195F85D31013B28
:10CD5000022B0FD895F85C310133DBB2142B85F828
:10CD60005C3107D0D5F85831432123F00103C5F8D1
:10CD70005831DCE705F1F803039305F59873029346
:10CD800004F15303019304F15A03009305F1C8021F
:10CD900005F1B80389E74921CAE7B1F5A04F70B59D
:10CDA0000446154607D045F20406B1420CD0BDE852
:10CDB0007040F1F723BDFFF74AF8236CD3F85831E0
:10CDC000D90701D4002070BD236CD3F85821D207B5
:10CDD00018D4AA79A8330C3215446A1D153552F8B7
:10CDE000041BAA4243F8041BF9D1206C102200F165
:10CDF000A8019830FDF77EFD20B904212046FFF7F9
:10CE0000E9F9DFE7206C1021C830FFF7FAF858B1D4
:10CE100008212046FFF7DEF940F207400021F0F735
:10CE20004FFF40F20740CEE7216C2046C831FFF7A4
:10CE300046F847212046FFF7AEF8C3E7B1F5A04F0B
:10CE400070B50346144607D045F21806B14207D024
:10CE5000BDE87040F1F7D2BCFEF7F9FF002070BDCD
:10CE60001268551C03D10121FFF7B4F9F6E7016CF4
:10CE7000D1F85801400743BF002281F85C212268A5
:10CE8000C1F8302148BFC1F82C2118464321FFF7D3
:10CE900082F8E3E7B1F5A04F70B51346044607D01A
:10CEA00045F20406B14207D0BDE87040F1F7A6BCD8
:10CEB000FEF7CDFF002070BD9979026C0C310B4458
:10CEC000591DA832153351F8040B994242F8040B4E
:10CED000F9D1256C102205F1A80105F19800FDF7A4
:10CEE00009FD20B904212046FFF774F9E2E7204646
:10CEF00005F1C801FEF7E3FF47212046FFF74BF895
:10CF0000D8E7B1F5A04F13B504460ED0A1F5A04364
:10CF1000103B012B45D8016C9831FEF7ECFF442102
:10CF20002046FFF738F8002017E0016CD1F858319F
:10CF300001F1C80213F0040328D010211046FFF7B6
:10CF400060F860B108212046FFF744F940F207403D
:10CF50000021F0F7B5FE40F2074002B010BD216C91
:10CF6000204601F19803019391F85C21D1F82C310E
:10CF7000D34003F0010343F08003009301F1110259
:10CF800001F1C8035131FFF773F9CCE781F85C3147
:10CF90000123009301F1980301F59871FFF764FDF7
:10CFA000C1E702B0BDE81040F1F728BCB1F5A04FD1
:10CFB00073B50446154677D045F21B06B14240F0E2
:10CFC000F68090F87430DB0766D5056CB5F8503103
:10CFD0002BB18921FEF7DFFF002002B070BDD5F82C
:10CFE00058315E0747D5AB79D80744D56B7BD90755
:10CFF00041D5A36C10220B2195F95E013133F9F76D
:10D00000DAFD38B140F21B412046F0F73BFE40F21A
:10D010001B40E2E7A36C206C01220C2190F95E0119
:10D020002033F9F7C8FD0028ECD1A36C206C102246
:10D030000D2190F95E012133F9F7BDFD0028E1D102
:10D040000822206C114690F95E0104F11003F9F7F3
:10D05000B2FD0028D6D1236C93F85E2184F87520A8
:10D06000FF2283F85E2120468021FEF794FF2046B0
:10D07000F0F7E0FDB0E705F5987304F1180205F547
:10D08000A07553F8041BAB4242F8041BF9D1A36806
:10D0900043F48073A360E6E78021FEF77CFF294616
:10D0A0002046F0F7EFFD97E7036CD3F8582112F014
:10D0B000040245D09A79D2078ED55B7BDB078BD5EE
:10D0C000F9F777FD0128206C0ED100F59872032145
:10D0D00090F95E01E3F758FC00283FF47DAF08218A
:10D0E0002046FFF777F892E700F5987310220321A6
:10D0F00090F95E01F9F75FFD28B1002140F21B4075
:10D10000F0F7DEFDEBE7206C102200F598730521A7
:10D1100090F95E01F9F74FFD0028EED1236C04F180
:10D12000180103F5987203F5A07352F8040B9A42A4
:10D1300041F8040BF9D1A36843F48073A3604BE773
:10D14000D3F8B810C3F8D010D3F8BC100192C3F8CC
:10D15000D410006C01A900F59870F0F773FF48B186
:10D160000198F5F7E9FD20460821FFF733F840F272
:10D17000074032E7206C019A00F59871C830F0F74B
:10D1800005FF05460198002DEBD1F5F7D5FD236C81
:10D19000A07C03F598732946C0F110021844FDF7EE
:10D1A000D3FB216C2046B831FEF789FE14E702B0AC
:10D1B000BDE87040F1F722BBB1F5A04FF7B50446CA
:10D1C00008D045F21105A94236D003B0BDE8F040C1
:10D1D000F1F714BB006C1021B830FEF712FF60B1FC
:10D1E00008212046FEF7F6FF40F207400021F0F745
:10D1F00067FD40F2074003B0F0BD256C95F85D6116
:10D2000005F1A807013E022E01979CBFD5F82C011D
:10D2100095F85C6105F151019EBFF04000F00100FE
:10D2200040F08000009005F11102204605F1B8039E
:10D23000FFF71EF80020DEE7016CA831FEF75BFE69
:10D2400085212046FEF7A7FEF4E770B545F20406F7
:10D25000B1420446134625D045F21806B14206D025
:10D26000B1F5A04F33D1FEF7F2FD002070BD11687B
:10D270004D1C03D10121FEF7ADFFF6E7026CD2F899
:10D280005801400743BF002182F85C111B68C2F8B7
:10D29000301120464FF0840148BFC2F82C31FEF710
:10D2A0007AFEE2E79979026C0C310B44591D9832F1
:10D2B000153351F8040B994242F8040BF9D1226C52
:10D2C000D2F8583143F00103C2F85831CDE7BDE838
:10D2D0007040F1F793BA002310B50364044690F947
:10D2E0007500431C13D0E3F7EBFE082204F1100392
:10D2F000114694F97500F9F79FFC94F91330012B4E
:10D3000007D194F8743043F0020384F8743000209D
:10D3100010BD022BFBD194F8743043F00A03F4E7FC
:10D320004B88062B05D1088841288CBF002001209E
:10D3300070470020704707B58B790A460B4401916E
:10D34000197C4B1E0D2B04D801F5A0410131FEF7CD
:10D350003DFE01A8FDF767FE03B05DF804FB000089
:10D36000014B1868704700BF682B00200A4B1B6FE9
:10D3700003F00703013B032B03D8DFE803F00A03A4
:10D380000608FEE7054B18687047054BFBE70548A4
:10D3900070470548704700BF00800050682B002090
:10D3A000702B002080D54302002D310108B5FFF716
:10D3B000DDFF054B1B6FC3F303330133B0FBF3F009
:10D3C000024B186008BD00BF00800050642B002095
:10D3D0000048704700B4C40400487047002D310174
:10D3E000014B1868704700BF702B00200048704741
:10D3F00080D54302014B1868704700BF6C2B00209A
:10D40000034B5868C0F30800003818BF012070476C
:10D4100000ED00E00A4A08B5127852B107280AD890
:10D42000084A02EB00131B7B3BB1D9F715F800202B
:10D4300008BD0548FCE70548FAE70548F8E700BFDE
:10D440002A28002058110020028000F0018000F0FE
:10D45000078000F00B4A10B512780C4662B107281D
:10D460000CD859B1084A02EB00131B7B43B1D9F722
:10D4700005F82070002010BD0448FCE70448FAE7D6
:10D480000448F8E72A28002058110020028000F004
:10D49000018000F0078000F00B4A10B512780C46AE
:10D4A00062B107280CD859B1084A02EB00131B7B64
:10D4B00043B1D8F7FBFF2060002010BD0448FCE713
:10D4C0000448FAE70448F8E72A2800205811002009
:10D4D000028000F0018000F0078000F030B5154BAD
:10D4E00087B00293144B0390049346F611030D4644
:10D4F000059300F077F91428044616D1684601F028
:10D5000015F94FF0A843032202A95A6319601D615F
:10D510009A63DA6B9207FCD1142C02D1684601F0B1
:10D5200013F900F093F9044601E00028E9D0204601
:10D5300007B030BDF0180020040000202DE9F04FA6
:10D54000B1B005468C469E46E8466F4EDDF8EC903D
:10D55000409C06F1100A474630687168083603C7D8
:10D560005645B846F7D13E9B03EB0208C8F1000AC6
:10D570000AF00F0AB9F1000F00F09D80C9F1000711
:10D5800007F00F070121DDF8FCB044F00050C4F1B2
:10D590001006CDF810B005910690300200F4F85056
:10D5A00040F021000790B9F1000F40F08680CDF8DF
:10D5B00020D047F00050002D00F0848009912121F7
:10D5C0000A9041EA07210B9142F00050CDF830C09B
:10D5D0003D9B08A94FEA0A2C0D910E904CF041009A
:10D5E0000F901093002A75D13E9B119143F0005388
:10D5F00012933C9B1390149310AB1593434B444AE6
:10D60000169340F611031793424B0021002D08BFDB
:10D610001346189314AB19933F4B10221A931123FE
:10D620001B931CAB1846FDF78FF901221D920022B7
:10D6300046F0804603461E96239205B9EB46102C11
:10D64000CDF880B024AE4BD10123224600213046D4
:10D6500021932294FDF778F920AB002125938F4286
:10D6600018BF334647F0804226923A9A2CA8289257
:10D670002993B2FA82F35B0949EA837310222B9152
:10D680002A93FDF761F9B9F1000F00D028AED0441C
:10D6900048F080432CA918A82D962E93FFF71EFF63
:10D6A00030B92DB90346A34225D1002818BF2C203C
:10D6B00031B0BDE8F08F102764E7CDF820E049F0E5
:10D6C000005078E7002C3FF479AF04A909910121BB
:10D6D0000A9076E73E9B0CAA11924120129388E7AC
:10D6E00010220021304621932294FDF72DF9002CC1
:10D6F000B2D10123B1E703F1C0026A4412F8C02C91
:10D7000001331043CFE700BFCAEE03001000002032
:10D71000E0EE0300E4EE030004000020F0B5C029B1
:10D720009FB0DDE9244557D0B1F5807F04D0802932
:10D7300048D029201FB0F0BD01265CB140F234472B
:10D7400002941024039604942124019705940695CD
:10D7500002AC0AE040F214470294102403960494A9
:10D76000212405940124019706950794012510248E
:10D77000089409950A9221220B950C940D92174A50
:10D780000AAD0E92164A0F95109242F611021192AE
:10D79000129313951494159201AA1692D3B112AB59
:10D7A0001793042318931123199316AB1A901B9304
:10D7B00040F61103C9081C911AA806A91D93FFF78A
:10D7C0008DFEB7E7012614B94FF48267C4E74FF422
:10D7D0008667B5E70EABE3E70F20ABE7DCEE0300AF
:10D7E0001000001038B5164B5A6E42F004025A660B
:10D7F000D3F8802242F00102C3F88022114B5B680B
:10D80000C3F3080343B14FF0A842D36B13F0430FA7
:10D81000FBD11424204638BD4FF0A843DC6B14F034
:10D820004304FBD1084D2B681BB904212846F5F7AA
:10D8300018FD2B68013343F000432B60EAE700BF7B
:10D840000080005000ED00E0F0180020014B0020A7
:10D850005B68704700ED00E0B8B1036813F4E07F47
:10D8600003F03F00C3F382120AD0012A0DD1084B06
:10D8700041B103F58053012282401A6000207047B5
:10D88000044BF5E703F50053F5E70E20704700BFA2
:10D8900068800050648000500229F8B596BF104B94
:10D8A00000245C5C012805460E4608D0022809D0F9
:10D8B00008B944F002040B4B1F6837B9F8BD44F0B7
:10D8C0000804F8E744F02004F5E77B681A6814427E
:10D8D00003D0314628465B6898473F68EDE700BFB4
:10D8E00058EF03004C19002038B5104D2B78ABB120
:10D8F0000F4C23781BB100F047FA0023237000205F
:10D9000000F0AFFF0B4C50B100F090FA0023012162
:10D9100020782B70FFF7C0FF0123237038BD012250
:10D92000054B1A702278054B1A70F7E7362800204D
:10D93000342800203C2800203728002038280020E8
:10D940000C4A1378FF2B01D158B170470BB908B9B5
:10D95000704730B101331370074B1B78012B03D88C
:10D960007047013B13707047044B1B780BB9FFF7EE
:10D97000BBBF70473B2800203C28002037280020F0
:10D9800010B500F028FE064B04461B781BB1BDE81D
:10D99000104000F01BBEFFF7A7FF2046F7E700BFCF
:10D9A000332800200228F8B504D0244A1378FF2B2E
:10D9B00001D1E9B1F8BDD3B90029FBD0012313701F
:10D9C0001F4B1B78012BF5D900F005FE1D4E0446B8
:10D9D000337893B920461A4C00F0F8FD20780128DE
:10D9E000E8D00121FFF758FF01232370E2E711B9C6
:10D9F000013B1370DEE70133E1E7134F3B781BB9BE
:10DA000001223A70114A1370114D2B781BB100F0AE
:10DA1000BBF900232B70204600F0D8FD012000F058
:10DA200020FF00F0D8FD3B7804461BB100F0FEF962
:10DA300000233B7000233370CCE700BF3B2800205D
:10DA40003C280020362800203328002037280020DA
:10DA5000342800202DE9FF47EFF3108572B6AFF3AD
:10DA6000008000F06FFD002870D0704E704F33784A
:10DA700023B10020FFF764FF00233370387870B9BA
:10DA800003A900F06BFB044648B96A4B039A1B6874
:10DA90009A4263D80120FFF753FF012333703B788C
:10DAA000654CDFF8BC91002B72D02078012840F043
:10DAB0009480207800F03AF999F8003013B15F4B68
:10DAC0001B782370AFF30080284600F0C5FEEFF30B
:10DAD000108572B65A4B1A7852B100221A70574B01
:10DAE00020781B78984203D101212170FFF7D4FEE2
:10DAF000544800F0E9FA00F034FD80460028B6D121
:10DB0000514B524F18703B789BB189F80000DFF8F9
:10DB10004C9199F800301BB100F036F989F800807B
:10DB2000002000F09EFE002875D000F07FF9002351
:10DB30003B70337823B10020FFF702FF00233370DE
:10DB400000212078FFF7A8FE00232370AFF30080A8
:10DB5000284604B0BDE8F04700F07EBE3C4BD3F849
:10DB6000008000F09DF9039B8044984592D200F01C
:10DB700091F98200039942F0020292B2CDE900428B
:10DB80002346344AA1EB08012E4800F06CFE86E7DC
:10DB90002E4BDFF8B4801B780BB900F0D9F8207851
:10DBA000022831D198F8003023B10022264B1A7098
:10DBB00000F000FFDFF8948098F80030002B7FF42D
:10DBC00078AF254B1B7823B900F0D8F80122234BFE
:10DBD0001A70012388F800306BE74FF0010800232A
:10DBE000DFF864A08AF8003099F8003013B9414694
:10DBF000FFF752FE9AF8003084F800803BB1B8F18C
:10DC0000020F7FF456AFD0E74FF00208E7E7B8F114
:10DC1000020FCFD04DE7012000F088F8284600F031
:10DC20001BFEEFF3108572B67AE700BF352800209F
:10DC30003B280020541900203C28002038280020D0
:10DC400031280020581900203928002036280020CB
:10DC50005019002081D903003A28002034280020E0
:10DC60003728002010B500F0B6FC0022054B1C78C8
:10DC70001A7000F0ABFC00F001FBE4B22043C0B22C
:10DC800010BD00BF3228002038B500F0A4FC094BBD
:10DC900005461B78012B04D800F098FC0024204690
:10DCA00038BD054B1C6800F0FBF80444284600F022
:10DCB0008DFCF4E73C28002050190020164B174932
:10DCC0001A6F10B502F007020A601549154C8969F0
:10DCD000032A01F00200C1F34001134A21700FD062
:10DCE000D3F8201101F00301022909D0D3F824113F
:10DCF00001F00701022903D00021117018B910BDED
:10DD000001231370FBE7D3F8003103F00303591E1E
:10DD10004B424B41F5E700BF00800050B419002092
:10DD200000C001504128002042280020012805D0D1
:10DD30000238012808D80020D8F77EB9034A1369B1
:10DD400023F00403136130BF704700BF00ED00E013
:10DD5000074A0849D2F8203103F003030B60D2F8D8
:10DD60002431054A03F007031360F3F736BB00BF05
:10DD700000800050C0190020BC1900200122014B76
:10DD80001A70704740280020F8B51F4B1B78002BF5
:10DD900039D01E4C2378B3B91D4B9A6DD10302D5EF
:10DDA000DA6D92072FD49B6DDB072CD400F0DFFDDA
:10DDB000184B194A1860136F23F0070343F003034D
:10DDC0001367FFF7F3FA00F0D2FD124B134D1B68F7
:10DDD000134EC01A2B78134F56F8232046F8230011
:10DDE000111A3A681048521A0A213A600932B2FBF5
:10DDF000F1F20133DBB20260B3FBF1F201FB12334B
:10DE00002B7000232370F8BD422800203F280020FB
:10DE100000C00050AC190020008000503E280020B7
:10DE200084190020801900207C19002008B5F3F720
:10DE3000D7FA124B12491A6F096822F007020A43F7
:10DE40001A671049D3F82021096822F003020A4317
:10DE5000C3F820210C49D3F82421096822F00702D5
:10DE60000A43C3F82421094B1B7813B10122084B44
:10DE70009A62BDE80840FFF799BA00BF00800050E1
:10DE8000B4190020C0190020BC190020422800202D
:10DE900000E00050014B1878704700BF4228002076
:10DEA000054B187818B1054B186800EBD000044BEF
:10DEB0001B681844704700BF422800207C190020CE
:10DEC000B019002008B5104B1A78C2B100221A70A0
:10DED0000E4B1A6F22F0070242F001021A67D3F8C4
:10DEE000202142F00302C3F82021D3F8242122F09C
:10DEF000070242F00302C3F82421FFF757FA012278
:10DF0000034B5A6708BD00BF402800200080005026
:10DF100000E000500D490B68A0B10022A3B183427C
:10DF200003D1836822B90B6003E01A469B68F5E7CA
:10DF3000936083680BB9002070475A6941690A44AD
:10DF40005A61F8E72220704702207047CC19002060
:10DF500038B500F028FD0025084B094C1A682368E5
:10DF6000C31A2AB123B15169994203D3C91A516125
:10DF7000206038BD55615B1A9268F2E7CC19002029
:10DF8000C819002038B5154D2B682BB35B69A3B1B8
:10DF9000134A022014681C4400F0A6FA204600F040
:10DFA00065FA00230F492A680B7022B1D0888007D8
:10DFB0000AD501230B70002038BD022000F094FA2E
:10DFC000022000F0B3FAECE79268002AF3D050691F
:10DFD0000344012BEAD9EEE72220EDE7CC1900201B
:10DFE000C819002044280020C38870B504460D4697
:10DFF0003BB9FFF749FE8542064602D2F4F7D9F84D
:10E0000035460E4965610B688BB90C60A3600DE065
:10E01000AD1A9A68184665616AB113465A69AA42F0
:10E02000F6D930B18460521BA3605A6170BD0020E4
:10E03000F4E70C60F7E79C60A260F7E7CC190020DA
:10E0400070B516469DF81420C0E903360271049A93
:10E05000BDF818300260002204460D468260C3807D
:10E06000EEB900F0A0FC2844A0619DB12E4600F05E
:10E07000B2FA0546FFF76CFF31462046FFF7B4FFC2
:10E08000104B1B68A34201D1FFF77CFF284600F02C
:10E090009DFA02E0E36865617BB9002070BD00F085
:10E0A00082FC3044A061002DE0D1E3686561002B63
:10E0B000DDD0204621689847D9E720462168984757
:10E0C000EBE700BFCC19002038B5044618B300F0C8
:10E0D00082FA0546FFF73CFF104B1868A04209D0B2
:10E0E0002046FFF717FF044680B1284600F06EFA7D
:10E0F000204638BDFFF70EFF04460028F5D1FFF794
:10E1000041FF222802D1022000F0FAF9284600F04F
:10E110005DFA0024ECE72224EAE700BFCC190020D6
:10E1200038B50C460546A8B1A1B100230B7000F02C
:10E130005BFA0121084B1B6833B900F050FA00204C
:10E1400038BD9D4204D121702278002AF9D0F4E72D
:10E150009B68F1E72220F3E7CC190020F8B50646CA
:10E160000F4600F041FA00250446124B1B6823B904
:10E17000204600F034FA1B2011E05A691544DA8871
:10E18000B2420DD100F00FFC0B4E3368C01AA8420A
:10E190000AD3002320463B6000F021FA0020F8BD9E
:10E1A000FF2EEFD09B68E2E700F0FDFB33682B44C5
:10E1B0001B1AEFE7CC190020C819002070B500F039
:10E1C00013FA064600F0EFFB084B044601201D68D9
:10E1D00000F0D9FB18B100F0E6FB044601353046EB
:10E1E00000F0FDF92046294670BD00BFD41900207B
:10E1F000014B1868704700BFD0190020F8B50C4BD0
:10E2000005461B680E4683420FD3002440F2E730D8
:10E210002146084B4FF47A721F680023E5FB070183
:10E22000EDF7AAF930602046F8BD2120FCE700BFD9
:10E23000C4190020D01900200F4B10B51A689AB1EC
:10E240004FF47A71531E1342A0FB01010ED1B2FAB2
:10E2500082F2C2F11F04531CD243E04001FA03F3DF
:10E26000184321FA02F20243104610BD0023EDF7D5
:10E2700083F90246F8E700BFD019002010B500F07E
:10E28000B3F9034B1C7800F0AAF9E4B2204610BDA4
:10E29000432800202DE9F0419846002386B00D4622
:10E2A000174606468DF8133080B30DF11301FFF7C2
:10E2B00037FF9DF813305BBB284605A9FFF79EFF8B
:10E2C0000446F8B9134B4FF47A7218680023A5FB83
:10E2D0000001EDF751F9C2F57A7189B2B1F57A7F93
:10E2E00008BF0021BDF83430B183F483059A02934E
:10E2F0009DF830301146CDE9008330463B46FFF7AC
:10E300009FFE0446204606B0BDE8F0812224F9E7CE
:10E310000224F7E7D019002008B5084B1B7803F05A
:10E32000FF004BB100F023FB054B1B689B69C01A33
:10E3300002288CBF0020012008BD00BF4428002017
:10E34000CC190020C2072DE9F843044607D5444AFA
:10E35000136801331360FFF7FBFDFFF713FEA307FC
:10E360007CD500F041F94FF0000805464646FFF71E
:10E37000EFFD3C4F3C680CB16369A3B100223A4BFE
:10E38000012E1A7003D118F0020F18BF1E70FFF78C
:10E39000F9FD222802D1022000F0B2F82846BDE89B
:10E3A000F84300F01CB923465A693AB91A79217921
:10E3B000914288BF1C469B68002BF5D1284600F08F
:10E3C0000EF92569DDB100F0EEFAA269A0EB0208B2
:10E3D0004FEAE873A84573F1000311DB2369134486
:10E3E000A361E36813B1204621689847B4F806801A
:10E3F00000F0FAF801360546FFF7AAFDBAE7A8468D
:10E4000000F0F2F881462046FFF784FD484600F010
:10E41000E6F82369002BE4D0A38BB5EB080533B1F4
:10E42000E28B13449BB2B3F57A7F0FD2E38300F003
:10E43000DBF8804629462046FFF7D6FDA36922690E
:10E4400040461344A36100F0CAF8CAE7A3F57A7303
:10E45000E383A369013D013BA361E8E7BDE8F883DD
:10E46000D4190020CC1900204328002010B5044600
:10E4700000F0B1F84FF0B042936A1907FCD4136A68
:10E48000116C5269520604D4CA1A032A01D899425F
:10E490000ED1E21A022A98BFDC1CB4F1FF3F38BF4C
:10E4A000013C4FF0B04340221C6403F580539A6155
:10E4B00000F08CF8054A13783BB14FF0B041CB6BBC
:10E4C00043F00203CB630023137010BD7D2D0020A9
:10E4D00007B5044B01A9187900F062F9019803B05F
:10E4E0005DF804FB4CEF030000F001038207034AD0
:10E4F00048BF43F040039361704700BF00100058CD
:10E50000820700F001030AD50121064A43F04003C7
:10E5100011704FF0B041CA6B22F00302CA63024A85
:10E52000936170477D2D002000200058830742BF73
:10E530004022014B5A61704700100058012070477B
:10E540000120704738B5D4F7F5FD0546E5F7ECFE38
:10E55000041E18BF2C46FFF7F1FF002818BF204605
:10E5600038BD38B5FFF77EFB0446D4F7D9FD042843
:10E570001ED002284FF0000508BF0124FBF700FA67
:10E58000042817D0022808BF0124D4F783FB0428ED
:10E5900012D0022808BF0124FFF7D2FF04280DD0B3
:10E5A000022808BF0124002D18BF0024204638BDD2
:10E5B0000125E3E70125E8E70125EDE70024F5E77C
:10E5C0004FF4004070474FF47A70704710B962B64C
:10E5D000BFF36F8F7047EFF3108072B6704780F310
:10E5E0001188BFF36F8F7047EFF31180302383F3EF
:10E5F000118870470122417803788A4030214B43CB
:10E6000041F2100103F1A04303F570335A507047F3
:10E61000F0B5154649228FB0149C8DF8242004F1E2
:10E620000C060DF1250254F8047BB44242F8047B39
:10E63000F9D1247814704FF48074ADF834409DF80B
:10E64000544000228DF8364004240694169CCDE9EF
:10E65000001505941324049409ACCDE902340B464B
:10E6600011468DF832208DF83350FEF767FF0FB05A
:10E67000F0BD30B5C02A93B02FD0B2F5807F29D03D
:10E68000802A2CD14FF4807480F001002043019047
:10E6900016980125029010242120039504940590DA
:10E6A000069301AB0795089409900A9306AB0B9368
:10E6B00004230C9311230D930AAB0E910F9340F694
:10E6C0001103D20802A90EA810921193FEF706FFBB
:10E6D00013B030BD4FF48274D6E70F20F8E729203D
:10E6E000F6E708B5FFF77EF8BDE80840FFF7AEB8DB
:10E6F0001FB5079C02949DF81840CDE900341346DD
:10E700000A4601460020FFF783FF04B010BD1FB585
:10E71000079C02949DF81840CDE9003413460A4640
:10E7200001460120FFF774FF04B010BD10B5044688
:10E73000FFF751FF4FF0A8431A6822601B6963601E
:10E74000FFF744FF002010BD10B50446FFF743FF5C
:10E750004FF0A84322681A6062681A61FFF736FF1B
:10E76000002010BD10B40446084611469DF8042050
:10E770000192A2685DF8044BFFF7BABF10B40446DB
:10E78000084611469DF804200192A2685DF8044BEA
:10E79000FFF7BDBF8068FEF7C1BF8968FFF769BF9B
:10E7A00009B100F005B8222070470121FFF754B8E5
:10E7B00070B506460D46FFF717FF04461D2E48D8D4
:10E7C000DFE806F00F18471D20234726292C47476E
:10E7D0002F32473538473B473E474744474747472F
:10E7E0004741FEF7C3FD002628602046FFF7F7FEED
:10E7F000304670BD4FF4C070D6F760FFF3E74FF4BA
:10E800002070F9E74FF44070F6E74FF46070F3E7DB
:10E810004FF40070F0E74FF48060EDE74FF4906044
:10E82000EAE74FF4C060E7E74FF4F060E4E74FF445
:10E83000B060E1E74FF4D060DEE74FF4E060DBE783
:10E840004FF4A060D8E74FF48070D5E74FF408602C
:10E85000D2E700202126C7E710B962B6BFF36F8F59
:10E860007047012070472DE9FF410D4616461F46AF
:10E870000446A8B14FF00008C0F81C80FFF724FC44
:10E88000BDF82C30424602939DF828302946CDE948
:10E89000007320463346FFF7D3FB04B0BDE8F08198
:10E8A0002220FAE7F0B50D4616461F46044685B00D
:10E8B00090B10023C361FFF707FCBDF82C302A4656
:10E8C00002939DF828302946CDE90073204633464F
:10E8D000FFF7B6FB05B0F0BD2220FBE7F0B51F4601
:10E8E000002387B00D46164604468DF81730A8B1B0
:10E8F000C3610DF11701FFF713FC9DF817207AB9DA
:10E90000BDF83430294602939DF830302046CDE9D9
:10E9100000733346FFF794FB07B0F0BD2220FBE7FE
:10E920000320F9E7F0B51F46002387B00D461646D1
:10E9300004468DF81730B0B1C3610DF11701FFF730
:10E94000EFFB9DF8173083B9BDF834302A460293A7
:10E950009DF830302946CDE9007320463346FFF755
:10E960006FFB07B0F0BD2220FBE70220F9E738B5C6
:10E97000FFF73AFE054600F016F804462846FFF772
:10E980002EFE204638BD4FF0B04301285B6904D00D
:10E99000022805D1C3F38010704703F001007047CF
:10E9A0000020704770474FF0B0439A6A1207FCD4BA
:10E9B000186A704702210120E6F764BC00000000DD
:10E9C000F8B500BFF8BC08BC9E467047F8B500BF5C
:10E9D000F8BC08BC9E4670475FF800F04129002053
:10E9E0005FF800F0F92900205FF800F0A12A00206C
:10E9F0004349004E6563756E6F73637574005353BE
:10EA0000430053697374656D756C206120706F727B
:10EA10006E69742E20536520696E697469616C6932
:10EA20007A65617A6120726164696F756C2E2E2E31
:10EA30000D0A005B435D20002E2E2F6170702E6347
:10EA40000025733A2564203A25733A200073630049
:10EA50005374617475733A202573203D20307825F6
:10EA60003034782000417373657274696F6E20666C
:10EA700061696C6564005363616E617265612061F8
:10EA800020666F737420706F726E697461210D0A55
:10EA90000053616C75742C20636F6C6567756C2016
:10EAA0006E756D6172756C202564206465206C61E3
:10EAB0002070726F6772616D756C202573210D0A6D
:10EAC00000AAAAAAAABBBBCCCCDDDDEEEEEEEEEE30
:10EAD000EE00736C5F62745F6F6E5F6576656E7477
:10EAE000002E2E2F736C5F676174745F736572768E
:10EAF0006963655F6465766963655F696E666F7299
:10EB00006D6174696F6E5F6F766572726964652E90
:10EB10006300736C5F676174745F736572766963B9
:10EB2000655F6465766963655F696E666F726D6166
:10EB300074696F6E5F6F766572726964655F6F6E20
:10EB40005F6576656E740041303242524434333131
:10EB5000344131302E312E3278EB03001B001B0084
:10EB600068ED03000E000E0058ED030001000100E7
:10EB70000100FFFFFFFF0000010000000108FFFF90
:10EB80000000000028ED0300020002000108FFFF62
:10EB90000500000020000A0003000A000008FFFF33
:10EBA00001000000F02C002004000D000308FFFF0E
:10EBB0000300000002000000050002000108FFFF42
:10EBC0000500000002000B0006000B000108FFFF1B
:10EBD00001000000FA2C0020070002000108FFFFDE
:10EBE000050000000A000C0008000C000308FFFFED
:10EBF00001000000102D0020090000000108FFFFA7
:10EC0000000000002CED03000A0002000108FFFFD5
:10EC1000050000000A0003000B0003000308FFFFCB
:10EC200001000000182D00200C0002000108FFFF69
:10EC300005000000020004000D0004000108FFFFB1
:10EC40000000000030ED03000E0000000108FFFF8F
:10EC50000000000034ED03000F0002000108FFFF78
:10EC60000500000002000500100005000108FFFF7C
:10EC70000000000038ED0300110002000108FFFF52
:10EC80000500000002000600120006000108FFFF58
:10EC9000020000002C2D0020130002000108FFFFDD
:10ECA0000500000002000700140007000108FFFF34
:10ECB000020000003C2D0020150002000108FFFFAB
:10ECC0000500000002000800160008000108FFFF10
:10ECD00002000000482D0020170002000108FFFF7D
:10ECE0000500000002000900180009000108FFFFEC
:10ECF00001000000562D0020190000000108FFFF50
:10ED00000000000046ED03001A0002000108FFFFAA
:10ED100005000000080000801B0000800208FFFFC3
:10ED200007000000000000000200011802000018A7
:10ED30000200000002000A180C0053696C69636F3E
:10ED40006E204C6162731000F01921B4478FA4BF8C
:10ED5000A14F63FDEED6141D636032E0375EA488D8
:10ED6000534E6DFB6435BFF7002801280328002AA5
:10ED7000012A292A242A272A262A232A052A2A2B55
:10ED8000292B022976636F6D00000000050000004A
:10ED90000000000000C2010000050000001000009B
:10EDA00000000000000000002F686F6D652F747573
:10EDB000646F722F53696D706C69636974795374F1
:10EDC0007564696F2F53444B732F73696D706C6951
:10EDD000636974795F73646B2F6170702F626C75F7
:10EDE00065746F6F74682F636F6D6D6F6E2F696ED2
:10EDF0005F706C6163655F6F74615F6466752F73CC
:10EE00006C5F62745F696E5F706C6163655F6F7485
:10EE1000615F6466752E6300736C5F62745F696E18
:10EE20005F706C6163655F6F74615F6466755F6F6F
:10EE30006E5F6576656E74003F0028002920000033
:10EE400013B779FAC925DDB7ADF3CFE0F1B614B841
:10EE50000102000000000000FFFFFFFF2000000093
:10EE600001000000000000000000000000000000A1
:10EE70000000000000000000000000000000000092
:10EE80000000000000000000000000000000000082
:10EE90001FFF0C1E00000300CF100300CB10030067
:10EEA000A91003007710030007110300D910030015
:10EEB000791003002C000000020202030000000091
:10EEC0000201006C5C4C54801018FFFFFFFFFFFF35
:10EED000FFFFFFFFFFFFFFFFFFFF0000000000003C
:10EEE000012000000020000000000000D9140300F1
:10EEF0000040025C0000000000000010012600003D
:10EF000004000000000000000001000000000000FC
:10EF10000B0000000B000000020000000000202099
:10EF200000000000030000008C8C3C00000000008A
:10EF300000000000000000000103040101010903BA
:10EF40001E000000150000001A000000000000581C
:10EF50001200000040EF0300010410010000000552
:10EF60000002000003000000D0EF0300A8EF030040
:10EF7000000000000000000080EF0300000000001F
:10EF8000C4F303005CF30300B4F303006CF3030069
:10EF900080F3030090F30300E0F3030060F203004A
:10EFA0007CF20300000000008941020030F0030001
:10EFB000DD0D020000000000399803000000000091
:10EFC000313D02005EF00300000000000000000080
:10EFD0003D41020030F003009D3A020030F0030092
:10EFE00035980300000000002537020000000000F3
:10EFF0002F98030000000000039803005CF003005A
:10F00000013D02005EF00300419803000000000093
:10F010004598030000000000696C03000000000038
:10F02000736C0300000000000000000000000000FE
:10F03000000000004E0C0000000000000000000076
:10F0400058EB030000000000000000000400000076
:10F0500000000000E2FF5000000100000100040079
:10F06000FB000000000000003D8C010000000000DB
:10F07000000000000000004000000000010000004F
:10F0800094F00300C0000000000000000000100029
:10F0900020000000FFFFFFFF000000010000000053
:10F0A0000000000000000000FFFFFFFFFFFFFFFF68
:10F0B000FFFFFFFFFFFFFFFF00000000FFFFFFFF5C
:10F0C000FFFFFFFFBCE6FAADA7179E84F3B9CAC2E3
:10F0D000FC6325516B17D1F2E12C4247F8BCE6E501
:10F0E00063A440F277037D812DEB33A0F4A1394571
:10F0F000D898C2964FE342E2FE1A7F9B8EE7EB4A16
:10F100007C0F9E162BCE33576B315ECECBB640684C
:10F1100037BF51F5FFFFFFFF0000000100000000B6
:10F120000000000000000000FFFFFFFFFFFFFFFFE7
:10F13000FFFFFFFC5AC635D8AA3A93E7B3EBBD559B
:10F14000769886BC651D06B0CC53B0F63BCE3C3EEF
:10F1500027D2604B6BC0BCE12A459991E134741A07
:10F160007F9E1925AE2D8A571E03AC9C9EB76FACAF
:10F1700045AF8E5130C81C46A35CE411E5FBC119B4
:10F180001A0A52EFF69F2445DF4F9B17AD2B417BA8
:10F19000E66C37103FF1CAA1681FAC09120ECA30E5
:10F1A0007586E1A72B7E151628AED2A6ABF715887B
:10F1B00009CF4F3C00000000505341004B4559001F
:10F1C00000010102010202030102070B0B070116F5
:10F1D0000C00000108080000050108FFFF02FFFF06
:10F1E0000808020204FF010022FFFF23080F0303A7
:10F1F00004040A0A030A2AFFFF1419191B011C152B
:10F20000120400480C1404131510801A8012808018
:10F210000004030101020404F4010000FA000000EC
:10F2200096000000640000004B0000003200000067
:10F230001E0000001400000000000000500040000C
:10F24000080050002400040090015002400090018A
:10F25000AE0110000F0E0C080C080D181000000075
:10F260000900000000000000000000000000000095
:10F27000A0030906A0870908A08809070A00000062
:10F28000000000000000000000000000A0010A05CE
:10F29000A0030A04A0080A03A0880A08A0060A011D
:10F2A000A003090020040A04DD11020020060A1749
:10F2B000AD11020062676170695F627566666572B2
:10F2C000730001000200000000000000030049720A
:10F2D0005314497207FF000102030405FF14530091
:10F2E000724907CDF6000000FB349B5F8000008070
:10F2F000001000000000000045930300D3720300DB
:10F3000039BD03002F94030001020C00000004002B
:10F310000000080089370200B936020049D1020016
:10F320002D980300AD980300A7980300C1D50200F3
:10F330008FBD030061980300A9980300AB980300F8
:10F3400049980300A3980300A3990300639803005E
:10F35000C1310200DF970300D597030002000000CF
:10F360000000000000000000000000000400000099
:10F37000000000000000000000000000A0010401E7
:10F380005600000000000000000000000000000027
:10F390000500000000000000000000000000000068
:10F3A000A0130500A0880A07A0040903A00509020C
:10F3B000A00609010F00000000000000000000008E
:10F3C000000000000100000000000000000000003C
:10F3D00000000000A0010107A000010402040800D1
:10F3E0000600000000000000000000000000000017
:10F3F000A0030601A0090609A0020608A005060749
:10F40000A0050606A0070605A0020604A001061036
:10F41000A0080602A00D0600000004020503060174
:10F4200007010108090A0000A0015C04A0005C03B8
:10F43000A0015C02A0035C01A0025C00A0020F0915
:10F44000A0030F04A0030F03A0050F02A0010F01EA
:10F45000A0050F00A0040108A00301060101020499
:10F46000200C04033536020020000401613602003E
:10F47000200256020937020020025601DD36020042
:10F4800020010605453D0200200002050936020064
:10F49000200205035D37020020050506393702000A
:10F4A000A01201000009007FDCF403000100000F3E
:10F4B000BCF403006FC2732408070000E1FE56FF8E
:10F4C0008DFFACFFC1FFCFFFDAFFE3FFEAFFF0FFE4
:10F4D000F4FFF8FFFBFFFEFF000003005200F2FE06
:10F4E000FF0064001E0000007F00F80D7F24FDFF78
:10F4F0003300A80323D6FFFF1B0041010A37000099
:10F500001100B900653B00000B00720010350000CF
:10F51000070049002F2C00000500370031260000AD
:10F5200003001400571500009D470200E547020044
:10F5300091470200F1470200D94702001D9E0300D7
:10F54000599E03007B9E03009D9E0300BF9E030007
:10F55000DD5A02008D5A0200995A0200895B0200AE
:10F56000CDA00300A5990300A9990300AD9903005C
:10F57000B1990300B599030000000000A801000044
:10F58000780B002010000000200D0020E1FE00009C
:10F5900002000080FF7F00000080FF7F0C025241CC
:10F5A000494C0000200000000D5302001000000034
:10F5B000855202000000000100000101000101016C
:10F5C000D5550200B9550200C58B0200E58E020038
:10F5D000158E020020C001B80101020300040001E1
:10F5E0001F150F15150F151FFFFFFFFFFFFFFFFF73
:10F5F000FFFFFFFFFFFFFFFFFFFFFFFFFFFFFFFF1B
:10F60000FFFFFFFFFFFFFFFF00A801A802A8000007
:10F6100000B801B802B800B04428040074280400FF
:10F620005C2804008C280400A428040003040408B7
:10F6300008050000000000000000000000000000BD
:10F6400000000000F8330000E0030000D83700009D
:10F6500014000000383E000008000000002F0000E9
:10F66000F8040000EC37000004000000343E000005
:10F670000300000000000000002F0000F037000031
:10F6800001000000403E00003900000001000000C1
:10F69000343E0000C1290000D9290000D92900000A
:10F6A000D9290000D9290000D92900000000000054
:10F6B000000000000000000000000000D929000048
:10F6C000D9290000D9290000192E0000D9290000ED
:10F6D0005523000065230000F123000039240000B9
:10F6E000B32400001D260000D3240000BD26000026
:10F6F0001F2500005D250000D525000031280000F1
:10F700000129000027230000632B00004D2000008A
:10F71000812B0000F52B0000D9290000D52C00001A
:10F720009D2C0000D9290000D9290000212D0000BE
:10F73000D9290000D9290000D92900005D10000056
:10F740005310000067100000711000007B100000D3
:10F750008C488068000200D4704780B58020800209
:10F76000A8490860CF2000F045FA01BDF8B58648E9
:10F770000068864C802292032260854E316809051C
:10F780001DD5110BA023034001D0216017E00240DA
:10F790003FD180277F4A17607F4A1760084038D0E2
:10F7A000784D287A400705D501207C490860000281
:10F7B0007B4908602878002801D0062801DB00205A
:10F7C000F2BD00F051FB716889684E6829780529FF
:10F7D00007D1B905A1606E60B668CC218901704A75
:10F7E000116000F04AFB012E00DA0226BC208005E1
:10F7F0008549086094208005844908606548002197
:10F80000C94301647142416481490F604021016034
:10F81000D5E7AE480160FFF79BFF0120F2BD5A48D3
:10F820000168890504D5C06E0004000F022801D0CC
:10F83000002070470120704738B580245548046087
:10F8400000F012FB05007348006800F05FF9280023
:10F8500000F013FBFFF77CFF4A48007A000705D54C
:10F86000A0004A49086000F0FEFB31BD60039749E3
:10F870000860AD48046031BDFEB50500CC208001B4
:10F8800093494860012693480660FFF7C8FF0028A7
:10F8900077D03C4C2078002873D0310201950528A0
:10F8A00002D02A460A406CD1CC27BF01884A176093
:10F8B0009E4A126853075B0F022805D1022B5ED3C4
:10F8C000080137490860F7BD4D01032804D1022B18
:10F8D00055D933480560F7BD042802D111404ED0F8
:10F8E000F7BD05284BD10198002848D0C005C10FAD
:10F8F000684641700198C004C10F6846017000F06D
:10F90000B3FA0290606869464978002903D0066816
:10F910008021214A11602C04A7496A461278002AE6
:10F920000CD0C2680B68D21AA44B1B68234001D0CC
:10F93000066800E04668964200DD1600684640789A
:10F940006A461278024308D008684242B01E8242DA
:10F9500002DA7042886000E00026029800F08DFA1A
:10F960000198800501D5964804600198054001D0B2
:10F9700094480460002E02D009480760F7BDFFF7E5
:10F980005BFFF7BD403E0000400002A8402002A8F7
:10F99000C83E00000CC001A890E001A894D000A8C7
:10F9A000505201A838B58024874804600120494995
:10F9B0000860864D2878052802D0600084490860D8
:10F9C000FFF72DFF002812D012480068000A80219E
:10F9D0004140A868000EC9B2814208D2534800686D
:10F9E0004007400F022802D2FFF726FF31BD7948B9
:10F9F0000168C0220A4002D1C06F204001D00448F3
:10FA0000046031BD1C1002A808E001A808D001A8BC
:10FA100094D001A818C000A8F1B582B00F008026CC
:10FA2000B600A020384002D06B4806604CE000F0E1
:10FA30001BFA009069480468F80202D5A0680069C2
:10FA4000029000F05FFBB102606800F069F9217874
:10FA500020000022491C43788B4200D20021182349
:10FA60004B43C5180C352B78082BF3DA0C000170CA
:10FA700085605648297801703E4007D0574909688B
:10FA80008968CA68F90201D403218A438260012689
:10FA90001046304003D100F0F6FB00F0B4FFF10453
:10FAA000686900F03DF93C2000F0A4F8E0B200F0F5
:10FAB000A1F8009800F0E1F930054749086048488E
:10FAC00006603002024908600298FEBD401002A89C
:10FAD0004C6201A894E000A810B542480068800577
:10FAE00001D4FE2010BDC02080033F49086000F013
:10FAF000BBF93A4909688A78D20702D589688C78B7
:10FB000000E00C7800F0B9F9200010BD3349096815
:10FB10008A688B78DB0704D5927818235A438A18B1
:10FB20000C32906070470000100002A8084001A845
:10FB3000F1B582B02D4F3C680026200F000702D19E
:10FB4000E00102902AE000F05EFF00F08DF90190E4
:10FB500080210903606800F0E3F825786D1C607867
:10FB6000A84200D20025E80020180C300090006860
:10FB70000290802109030098406800F0D1F83D20F0
:10FB800000F038F8E8B200F035F825700098A06071
:10FB9000019800F072F902A800F09AFF144800687A
:10FBA000800407D5786901F050FC0299081802908A
:10FBB00000D502960298FEBD48C001A8480002A8E0
:10FBC000481002A8482002A894E001A8403E000086
:10FBD000506201A814C001A8402002A8CC3E000039
:10FBE00090E000A8400002A8401002A8D03E00000B
:10FBF000FC0302A841490968002901D54049086071
:10FC00007047F3B581B03F4FB9683F4C4A004CD5BF
:10FC10000125090100D5212501003C4A10685668DC
:10FC200022689206920E94463A689300802213400E
:10FC300062461343802252001A4300920A0023D0E6
:10FC4000890601D5012008E0F021014007D169466D
:10FC5000097A0C220A4002D0022000F03FF82C4919
:10FC6000096809040AD53968090701D5022605E0A3
:10FC70003968490301D5002600E003264835009A7B
:10FC800024490968890003E0009A2249C9690909E1
:10FC90004023194011439A00002E02D016432666D5
:10FCA00008352166024322662566E06D4407640F2D
:10FCB00000F0C4F8A0070BD0052C09D0B8680004E8
:10FCC00006D400F0D1F80221134A116000F0D5F8F3
:10FCD00000F0BDF8002000F001F8F7BD0B490A68FC
:10FCE000F0239A43000110430860C0B2704780209F
:10FCF000C0020A4908607047000000004C0002A8DA
:10FD0000884000A8440002A8284000A8683F0000DE
:10FD1000384101A8084001A87CD40350485000A8ED
:10FD200080B5664A116001F0BBFBFFF7E0FF01BD43
:10FD3000FEB500F099F80290102061490860002398
:10FD4000604803600220604908606048C068400560
:10FD5000C20DD52A01D2D52204E0D1204000824232
:10FD600000D9020010000100594C0194843C246821
:10FD700064011DD5574C0094251D574E3678062733
:10FD80007E43AA530024019D2D7CE540ED070CD550
:10FD9000009D06266643AD19AD888FB2BD4200D2E4
:10FDA000290086B2AE4200D22800641C022CEAD39D
:10FDB00089B246310904494C0C404638C005C00D93
:10FDC000204342490860C020000645490860404879
:10FDD000017D00290CD04349D52A02D98024E405AD
:10FDE0000C60D1246400A24202D2802424060C605C
:10FDF00010213D4C21603D490B604188002900D114
:10FE00000280029800F039F8F7BD80B538483949CA
:10FE100008603948C1680902090A19225143416042
:10FE200005210160FFF784FF01BD33480068C0036E
:10FE300000D4704780B5FFF77BFF01BD8020C00272
:10FE40001E4908602D4800684007FBD47047802099
:10FE5000C0022B490860704701E02A4908602A491E
:10FE600009680140F9D17047284800682021284AD4
:10FE700011601021274A116070473021014002D1E2
:10FE80001020234908607047204800683021014055
:10FE9000102901D101207047002070471E480078CA
:10FEA0000621014007D01D480068022803D003281E
:10FEB00001D001207047002070470000401002A8C8
:10FEC000F41302A8048002A8409002A87C400050CD
:10FED000743F0000643E0000603E00000000FF012F
:10FEE000A0600050A4500050F42302A818E000E0E5
:10FEF0007F1A0601500002A810E000E0400002A8AE
:10FF0000402002A8282002A8280002A85C0002A81D
:10FF10005C2002A85C1002A8BC3E00006C3F000000
:10FF2000F8B553488021490281610221514A51604C
:10FF30000021514A1160514A118003214D4A11603C
:10FF40000221016020204E49086080204D49086050
:10FF5000CC2080014C49086001204C49086046488B
:10FF6000806F00900F24070B274049480068C505A3
:10FF7000ED0D103DC0202843C0B2FFF73BFE3E48C8
:10FF8000006980030AD5092F08D0FFF787FF0028F2
:10FF900002D040480068804701F0D8F8009804403B
:10FFA00000943D4804680098032803D0022806D135
:10FFB000032F3AD000F002FA0098032803D0062F4E
:10FFC00033D1062D31D0354800680104C90F01D066
:10FFD00001F084FB32480068000109D5052D07D1E6
:10FFE000012501202F4908604005FFF735FF00E09B
:10FFF00000252100380000F0E3F904002A4E002D0E
:020000024000BC
:1000000006D000F089FB01203060022027490860FB
:10001000802080037065800925490860FFF73EFF56
:10002000002802D0234800688047124880214902F6
:10003000C161002F08D10221416000200E490861F2
:10004000C020C0001C4908602000F2BD80B5FFF749
:10005000F5FE1A480078800602D40220184908608C
:10006000FFF7F5FE01BD0220164908607047000049
:100070002C1002A8282002A8340002A8743E000018
:1000800094E001A80CC001A8506201A894E000A867
:1000900004ED00E0E8370000B44000A800E200E012
:1000A000F03E0000645000A8646000A82C4000A846
:1000B00080E200E0E43700002C6001A8C83E0000A8
:1000C000081002A8082002A87B480068800700D416
:1000D000704730B581480421904A0123E024E400B0
:1000E0008568254002D01360D160D3600068044069
:1000F00002D013605160536030BD89480121816096
:100100000160704710B5012075498A680240FCD132
:10011000844A0423D3600C680440FCD1536010600F
:1001200010BD814908680122104200D1704710B506
:10013000E023DB000340FF24A41CA34204D37B4B39
:100140001B689B0600D54868024001D000F0B6F855
:1001500010BDFEB50700C820754908600620754926
:100160000860802040037449086074480168744A3C
:100170000A408021090111430160724CC020C00077
:1001800020600225A56168036F4908606F4E7048C2
:10019000F0664C206F49C86638686F4989688142AB
:1001A00001D2009100E000900099401A38600121CE
:1001B000380000F055FB019038680099401838600D
:1001C000FFF782FF6348006863490860634801687D
:1001D000490601D5624900E0624931670199002969
:1001E00008D10321E16100683068054002D0802019
:1001F000800220610198FEBDF1B55B4C8020C001FA
:1002000020605A4D0126AE62594F3E601D20286085
:1002100056206866072001F009FB022028600621AD
:10022000296654490968002902D4082129666966AB
:1002300051492965C021C900504A1268F823DB01E1
:10024000134001D1A96700E07961E16B314008D02A
:10025000216BC90705D44A490968084001D101F05A
:10026000EDFA484848490860206B064001D1FFF785
:100270002BFF009801F0C8FA206B8001FCD4206AA3
:1002800042490860F1BD30B53748414B0121026B4E
:100290000A4001D15961D9603E4A3F4C54663F4CF7
:1002A000146503241C600023CE4D2B601460916202
:1002B000C903016030BD00004C0002A8F021090113
:1002C000374A1160014037480160202036490860F4
:1002D000364909680840C849086070476C0102A89F
:1002E000700102A880B532480821324A13680B40D9
:1002F00001D0016141611178C90602D58621090149
:100300000160FFF70EFF14202B490860BB4801680D
:10031000490701D0FF21416101BD0000681102A819
:100320006C2102A8682102A8783F0000400002A8C2
:10033000548001A80C9001A8942002A8680102A88A
:10034000FFF1FFFF441102A8A01002A8E40002A8D8
:10035000294E0600300002A8A03F0000FC0302A8BE
:10036000CC3F0000C43F0000100002A8E01002A82B
:10037000442102A828C000A80C1E0000A88001A8E3
:10038000483E0000FFFF7F7FB46000A89C3F000054
:10039000602102A8E02002A85E060000041E000002
:1003A0002C6001A82C5001A8442002A8084001A8F4
:1003B000301102A8F84F0000703F000070470000A5
:1003C000F8B586B005000C008D48866AFFF74CFD35
:1003D0000590B00503D58B480068FFF797FB002018
:1003E000019001227306DB0F87498F688860B8206F
:1003F0004000864E30606608B82030400978F0260C
:100400000E40402E02D10100402008430D2D02D1A4
:10041000390004270F43790704D50100142008434D
:1004200010218C437A4909686D462A7004930500AF
:10043000784EC80506D5802040007749086028001E
:10044000012505430498002811D10C2028400828D4
:100450000DD028006A49496BCA0601D41022904386
:10046000890601D420218843B121014067D0684624
:100470000078002865D0B26BB06D012101235207CE
:10048000520F921D9340C004C00C181A80B2082865
:1004900009D2802506205A4A106008049D4A10603F
:1004A00000206A461070812028404DD00820049A10
:1004B000002A00D130623A000827174310208443F5
:1004C000042003900005984A10604008974A106085
:1004D0009748016068460078002832D003980628C3
:1004E00038D39448806BC00634D593480068000E1A
:1004F00001909048006880B202908F48006A000620
:1005000004D002988021490101430291FFF7C6FC03
:10051000002809D089480078C00605D002988021BB
:10052000C901014389B20291029830610298001218
:10053000306137480168C80500D57AE70AE008202D
:1005400030620094049732E090A06906C90E405CC6
:100550000390BFE70094049703982949CB6A764A31
:10056000126834686F463C8128241C400443980C70
:10057000C00120431C001B0E2340102423400343D2
:10058000900040221040184302AA9070086B000AA5
:1005900002A9C870FFF7A0FA02A908710198487172
:1005A00067480068C8800298F0660398F06605986E
:1005B000FFF763FC08240098400601D55A48846080
:1005C000FFF76CFC002805D05E480078002801D0B9
:1005D0005D4804600498C1B2E8B2FFF712FB0098CE
:1005E00007B0F0BD400102A8081A03D257490968B4
:1005F0004018401C70470000441002A80C4000A89E
:10060000180002A81CC000A8683F0000B46000A841
:100610001C0100AA540000AA1C2100AAF8B54C4EE7
:100620000F2401254B491027706B38401BD0012047
:1006300008704948006849490968FFF7D5FF4849EB
:100640000968401801284BDB01F0A4F94549096805
:10065000090B0C40022C41D16905434A1160434902
:10066000CF6335603AE0F06BC0001ED540480068AB
:10067000E0218905014033D03A4D2868210301402B
:10068000780281422CD1FFF7EFFB3A4A3A490968D8
:10069000C90502D53949096811602968090B21404B
:1006A0000229F3D0FFF7E9FBF1BD354E3068002891
:1006B00016D00D7001F0A8F8002811D101F06AF9E8
:1006C00028490968090B0C40022C07D12904264A45
:1006D00011600221254A11600021316001F05EF9AC
:1006E000F1BD8020800427490860704780204004C5
:1006F0002449086070478020C00422490860704780
:10070000802000051F4908607047802040051D4972
:1007100008607047141100AA1B480168490701D0FE
:10072000FF21416170470000401002A8205001A83D
:10073000006101A81C4000A8084001A8C43E0000B8
:10074000448001A8F0370000845000A838C001A8F8
:10075000100002A8773E00001CC101A820C001A81B
:10076000E03E0000AC0002A81C1002A8082002A86D
:10077000204001A8800000AA084000A8904000A8DE
:100780004C3E0000382002A80C4000A803010706D8
:100790000301070605010606050106060302070612
:1007A000030207060502060605020606FF2807D013
:1007B000032805D2A9490978C140C807C00F70476E
:1007C00000207047F0B5802000020821A44A116083
:1007D0000A230121A34A01249C400443B6A5ED5CF1
:1007E00025439560F025A04E35609D4DB5A6F65C7D
:1007F000022737432F6004262E609C4D2D680D4044
:1008000006D1CD026D1E03D0966C3603FAD401E0FA
:100810000220F0BD956CD66C6D036D0BAE4200D21C
:1008200020005B1ED7D508238F4C23609060904B2F
:100830001B685B0112D58F4C63785D1C01262E402E
:1008400066701D000626754365191268AA80E88047
:100850002370824802789940114301700020F0BD56
:10086000F1B582B0FFF749FC0024814800684001DF
:1008700002D4012001901DE07F48826B00207D4959
:10088000C3B206256B43CB189B8895B2AB4204D00C
:10089000401CC3B2022BF3D3FF200870012001904B
:1008A00073480068400105D50878FFF77FFF0028EE
:1008B00000D001947148006871498861714D0298B7
:1008C0000068296D4618002E15DD00F072FD2860C5
:1008D000C001301A00280EDDFFF714FC00F093F879
:1008E00002980068296D401800F08EFF050002D0C4
:1008F0000298046085E0644E802080003060604A89
:10090000106807282ED005210840052805D0116061
:100910000C2000F08BFF050073D15C4D5C48286211
:10092000FFF7F0FB02202860E020C0025949086070
:1009300000025949486080208004706002203060C5
:10094000012000F073FF802040002862022000F0A8
:100950006DFF902040012862022000F067FF802098
:10096000C00028624D4EE02040003060042000F0BE
:100970005DFF05003CD10220474908608002B0625B
:10098000C001B06210203C4908600127F76540268D
:100990004348006830401BD135480068400113D5FA
:1009A000344800786946087068460078FFF7FEFE14
:1009B000002809D02F48694609780622514340187B
:1009C000C0882D49086403E0FFF7FCFE05000FD145
:1009D00029480760C467022000F028FF314C2660D8
:1009E000B0002060022000F021FF8120C002A06240
:1009F0000198002805D02A480068800101D4FFF73B
:100A000014FA2800FEBD70B5FFF777FBFFF77AFBFD
:100A1000022619480660244DF0022862C4082C62A0
:100A2000012000F003FF600828622E601F48286242
:100A3000E02040001B490860174D2E60FFF7FEF9CB
:100A40001B4E3078002800D005200D490860FFF7C4
:100A5000FEF92C6017480068706370BD843F000089
:100A6000889001A8448001A888A001A8140002A8C9
:100A7000F03E0000603E00000C8001A8F80302A8D0
:100A80003C0102A88C3F0000941002A83C1102A86F
:100A9000BD080000142102A8942002A82C9001A8EF
:100AA0004C0002A82CA001A83C2102A8FD6800006F
:100AB000603F0000300002A80000000101020408AD
:100AC0001020200050505040404040302020200056
:100AD000F8B50400FFF716FB2948C021C900294AD0
:100AE0001268F823DB01134002D1274A116000E0AD
:100AF000016000942549AC2252008A640A220A60EF
:100B00002349802252030A60224C626A224B13401E
:100B10008022D2001A436262802222600222426056
:100B20005003C8601D48E0601D4E4C20F0661D4D0E
:100B300068699621C901471800980068874200D368
:100B40000700C01B0099086000210098FFF788FE8D
:100B500000990968C919009A116031682960124921
:100B60000968490601D5114900E011492161F2BD2A
:100B7000802000010F49086000010F49086070479C
:100B8000582102A8AC8001A8581102A80C8001A825
:100B9000941002A8440102A8FFF1FFFF286E06008E
:100BA000300002A8903F0000FC0302A8CC3F0000E8
:100BB000C43F0000401002A8685000A8F1B584B0FE
:100BC000B44800680390B448006B9621C9014018EE
:100BD0000499884205D2081A00F016FE002800D0B9
:100BE00013E2AE4C6068C00700D50EE20420AC49A9
:100BF00088628003AB494862AB480568606B860732
:100C0000B60F032E03D01020A549886224E00846C1
:100C1000802189024162A16B890601D5012062E031
:100C2000290610D5A26B02210A400CD19F4A052348
:100C30001360A36B10273B40194311600021116022
:100C4000616B090A116004218162A06B002803D541
:100C5000C803934948620026606B400705D5606B66
:100C6000C00080214900084003E08B488068C1072C
:100C700001D5FFF723FB0122154008D0B748B10189
:100C80004018006AC004C00C401EB549086000202E
:100C90000021B44BDB6E1B0417D5B34B1B68002B34
:100CA00013D40121AE4B5B69002B0ED0AF4B1A70F1
:100CB000AF4A10601022AF4B1A60CA06AE4B9A675B
:100CC0000723AD4D2B60AB4B5A65AC4AC0239B004C
:100CD00013603502002901D0190000E02900CC4E34
:100CE000316053607560E16B942292050A401500F3
:100CF00000D0012580263602284300062CD06A4801
:100D00002821405CC0210140402902D1FFF79EF913
:100D100001E0FFF7A8F9202020602D0600D174E142
:100D2000944D606B400708D570085E494862022008
:100D3000686000F059FA002806D0042058498862FB
:100D40004002584948626E6057480078000600D457
:100D50005BE130015249FEE00125606828405AD12C
:100D6000AC480068C005400F022803D0032801D01A
:100D7000062802D169464D7005E00020694648709A
:100D8000A548A6494860680446498862FFF756F8B6
:100D90007348406EE16B0E4008D1C00606D5FFF7E0
:100DA00063F802219E4A1160FFF767F8FFF74FF8DA
:100DB000280320609B4EC0200006706028049749DD
:100DC0000860606B4007C10F6846017030200399CE
:100DD00049072CD54021A24A1162904F490139663A
:100DE000032191640021116030607D658020706076
:100DF000062000F01BFD00280DD12802F866022015
:100E000000F014FD280297498866182070600820B9
:100E100000F00CFD002800D0F7E024207060E020F6
:100E2000C0029049C865A020C00238666FE0E16B3F
:100E3000C90246D5BE4949680902090E019149090E
:100E4000022901DB884A01E0B3229200019930298E
:100E500037D311490B88E72B33D395277F00BB424B
:100E600005D8FB1A1B095A43920A534204E07F4FEC
:100E7000DB191B095A43930A5BB2019AD2180F6B14
:100E8000BC46CF6B7B436746FB180B639F2A0FD38F
:100E90009F2210E0FC0302A8743F0000100002A88B
:100EA0001C2002A81C1002A8C83E0000E40000AAF2
:100EB000202A00D821221102114312040A43294991
:100EC0000A606749AA020A629A4A8A6414220A607E
:100ED0003060524F7D65E020C0026249C865A803BA
:100EE000B86640027060062000F0A0FC002833D1F4
:100EF0002D06FD66022000F099FC5A4885666809B7
:100F00007060082000F092FC002825D17560032055
:100F100000F08CFC88481849886700F04AFA874D31
:100F2000401DC001296B401801908548406F802109
:100F3000C901084002900846824908600198049956
:100F400088421FD20846296B401A00F05DFC002839
:100F500016D002987C49086057E000BF0C0000AA38
:100F6000204000A8CC4001A8784201A8763E0000AD
:100F7000703E0000645000A83C6000A8046100A816
:100F800004980190206AE86204270398384001D051
:100F9000402002E0F8057060C0087060012000F099
:100FA00045FCB8011D490860019800F02DFC8A4EEF
:100FB00068460078002805D161480068F06138056E
:100FC000864908600298604908608548854908603C
:100FD00024487902416669464978002900D10760B2
:100FE000206A686268460078002808D0012000F076
:100FF0001DFC3078000602D5780492490860E06B49
:10100000C00202D54A480068286305B0F0BD00BFA1
:10101000045100A8204001A8040000FFB41002A859
:101020007CE40350441102A810B5FEF71DFF864969
:1010300000240C600A22CA61FEF71FFF8348C0210A
:101040008902016082494160824810210160C9051E
:1010500041654020804908608048047010BD000050
:10106000400102A8B82002A833070000D6FEFFFF07
:101070007B48406B800300D47047F8B5794804681A
:101080000027002000257849E20706D5C02080020D
:101090008025ED03EA0A0A6003E0A20701D40320D9
:1010A00040252843C862012000F0C0FB802040009A
:1010B0006E49086708206E4908606E490968090290
:1010C00003D46D4909680140FBD0012000F0AEFB5C
:1010D0006A4EE00702D58020800430643564042025
:1010E00000F0A4FB600702D5E020C002F060644875
:1010F0003064012000F09AFB62483064C32000068F
:1011000030645A488021490201671021B163890285
:1011100071615D490F60012232603022F2638F629B
:10112000802189014E4A116009010160F1BD000072
:10113000F83F0000F3070000FFFF7F7F743F0000CF
:1011400020C001A894E001A894D001A8F8B54F48A8
:1011500000680D2707400424002F00D104274C48C5
:101160001025660308214B4A4B4B1B68234012682D
:1011700014D04260394004D00220FEF7AFFD47484A
:1011800006603C4007D04648006805434448056077
:10119000B008424908600220424915E00260394027
:1011A00005D00220FEF79AFDA0023C4908603C40B1
:1011B00006D03B4801680D43056070093749086057
:1011C00038480660300329490860FFF751FF0021C5
:1011D0000020FEF716FDF1BDC83E00001C1002A85D
:1011E00003000300482102A810B580202E490A6898
:1011F00002400AD02D4B1A680624144005D15C6EBB
:101200002B4A22401B6D9C0101D5002010BD0968AE
:1012100008400DD02748824203D1180501D501208E
:1012200010BD25480068C107C90F481E8041C00F86
:1012300010BD22480321C163A821816310210160F0
:10124000704700001C2002A8D80000AA402002A875
:1012500004000080646000A82C4000A8763E0000D6
:10126000100002A8FC0302A81C1102A8442002A836
:101270004C6201A8C44001A84C4201A8082102A860
:101280002400000198008800600102A8B44000A872
:10129000E83E00001CC101A8440002A8401002A8BA
:1012A000683F0000685000A8400002A814C001A8D0
:1012B0001F1F0000010C000030C101A8082002A877
:1012C0006C4800680121084209D16B4A12686B4BD7
:1012D000000C1840F03291400B40984201D002209F
:1012E000704700207047F8B507000F386A46108035
:1012F000604CA0680A0004D16B461B8882B29A42F7
:101300003AD200226B461A80012502263A0013D0F9
:101310002268324007D000292ED059480088401C4E
:101320005749088000203900E16056490E6080B2BC
:10133000B84201D369460D805348456000E030BF94
:101340002068304003D1FFF7BBFF0028F7D04D489D
:101350004560390010D02168314005D048490A88DD
:101360006B461B88D2180A8006600020E060A068E7
:10137000B84201D244480660FFF7A2FFF2BD38B57B
:10138000050000F007FB0400012199204543A8094E
:101390003E4A12688018123880B2FFF7A4FF050099
:1013A0008020C0013A490860200000F0F7FA2800C8
:1013B00032BD334803883549096802889342F9D120
:1013C000100408187047FEB51238070C69460880EB
:1013D00000F0E0FA0190274C294D2888B8421ADA2B
:1013E00001202C490860274E30BF022021680140AF
:1013F00006D030604003264908602888401C2880B9
:10140000FFF75EFF002802D12988B942ECDB0121F9
:10141000716000280DD12888B8420AD1A0686946B9
:101420000988884205D2002168460088FFF75BFFE3
:1014300001E0FFF745FF04008020C0011449086067
:10144000019800F0ABFA2000FEBD10B512490A6801
:101450000E4B1B680C689442FAD0DB014033141A1F
:1014600002D288692418641C0C4800684443181B85
:1014700010BD0000280002A804ED00E0FF3F0000BE
:10148000743E0000282002A8281002A8300002A8FC
:1014900080E200E02C1002A820C001A8B43F0000A8
:1014A000F0B502E00A601C602E607EC84F1C07D0B9
:1014B0005F1C04D06F1CF5D10A601C60F0BD0A608F
:1014C000F0BD000080B5FEF709FC01207F490860EF
:1014D00001BD80B5EB2000F001F801BD30B57C49BD
:1014E0000B6818401022134210D07A4B7A4C2468B3
:1014F000224008D0A84A14682402FF252D02254066
:10150000DD6200241460802252031A60086030BD3E
:10151000F3B5010016001C00002500959F48019AB4
:10152000330000270BE0BC464F5D4743AE009E5999
:101530007E40575D47433740664637436D1CA542A2
:10154000F1D3390939438A080A4351081143084045
:10155000C10901430F208A0B0A4302405040F6BDE7
:10156000F1B582B00E0000208B490860FD25AD0169
:10157000EF7AA87A01900F21394000910ED00B46E6
:10158000874A88490298FFF7C3FF019901408248C2
:101590000160854841438548084001D1012400E0AD
:1015A0004401380915D032003B0929000298009EF9
:1015B0006D7A75194019FFF7ABFF019909110140C8
:1015C000754802680B0113430360002901D04800ED
:1015D000444377480068204001D10420FEBD00202C
:1015E000FEBD80B50A000021118072495288801822
:1015F000FFF7B6FF02BD70B50F226F4B5C7905781F
:101600000F202040C5402009284001259C79C44076
:101610002C4001D1032070BD2F4C2468254005D0FB
:101620009D684600AD5B6D1E644E3560DD78DE79E9
:10163000C640F00711D5E0060FD5002D0DD060484B
:1016400048600888488008881C7800192A4080185B
:101650005A7880182A09801800E0002008800020AD
:1016600070BD80B557480168574A0820014201D033
:1016700050611061C90602D58621090111605349E4
:10168000534A126812040CD5524A1268530401D509
:10169000C00305E0C0239B0113404202934200D0E7
:1016A00008600D480078C022024002D18020400529
:1016B00008604948006820221040086047480068D8
:1016C000C00101D4FFF705FF01BD00002C4000A8B8
:1016D000703F00001C1002A8C83E0000F8B5404F43
:1016E00038687E6806403F4830403F4908608024A3
:1016F000A4033E4DF00227D53D48016801200A06AB
:1017000005D53C490968A9602870022014E001420F
:1017100002D03949A9600FE00020C9060CD528493C
:10172000A960364A91780B071B0F12789A1809099D
:101730005118A980E880A888A880A888002801D02E
:10174000264301E0FFF7C5FE264023D0264E7460F5
:101750003460A88800280BD0F969814208D3291D7C
:101760002748AA6890470100F3D0FFF7ABFEF1BD10
:1017700001000CD0FC218902B161224902038A6177
:1017800034604C60FA69824204D30C60F1BDEB20F6
:10179000FFF7A4FEF1BD0000503E00000101010171
:1017A000F83E0000383F00001111000021840000C5
:1017B000F43E0000183F0000483F0000204000A811
:1017C000531F0000F84F0000302102A8441002A867
:1017D000384101A8204201A8084001A8CC4000A837
:1017E000B44000A8FFFFDFFFB46000A8543E000033
:1017F000C83E0000EC370000671F0000493F0000B2
:10180000D44000A8B45000A810B5C409FFF7D1FD1A
:10181000201A312806DAC000183801D4C01EFDD5C0
:10182000002010BD2000FFF7CEFD10BDC3214843AE
:101830006F3801D41E38FDD500207047FEB5C0209A
:10184000C0043649086036483649C8651024364811
:1018500004601020FFF7EAFF00285ED1FF2000059A
:101860003249086032483349086033482D490860DE
:1018700025042E480560314807680820FFF7D6FF89
:1018800000284AD108262E4806600120FFF7CEFF27
:101890002A48806802902B4806602B48214908603E
:1018A000224805600820FFF7C1FF002835D12448F1
:1018B00006600120FFF7BAFF204DA868019021487B
:1018C0000660184E214830600299019800F046F8F1
:1018D0000104FC208003084000900298C10B01988D
:1018E000C00B00F03BF80006FC2189050140009880
:1018F000014317480A0C4240FF239B1CD21810409A
:10190000084330602F60E0030849086028682860B9
:1019100010480460104981640020FEBD20E000A84A
:10192000F71700002C0102A8401102A8B02002A85D
:101930000000380EB01002A810103030E04001A8AE
:10194000E05001A8E06001A83030101020202020D5
:101950003F3F0000402102A8F7FFF00010B5490406
:10196000CA104004C310991A00209A18D30F9A186D
:10197000521052188B115B0E5B18DB11D21820230A
:10198000541A01D422001843CC0F611849105B0887
:10199000F6D110BDEFF3108072B67047002800D169
:1019A00062B6704780B5FEF779FA002802D0B748D2
:1019B0000068804701BD80B5FEF7B2FAB448006800
:1019C00000030AD4FEF7FAFCFFF752FBFEF75BFCBC
:1019D0000120FFF729FBFFF716F880208005FEF7AE
:1019E0003BFA01BD80B5FEF79BFA80204002FEF76E
:1019F00033FA01BDF8B5FEF721FA052097490860D2
:101A0000FEF725FA964806680124264201D1FEF722
:101A100074FBFEF785FA9F48016800919E4A406872
:101A20001060B105C80F002126420FD000919B4BDA
:101A30005D6815601D689A4A17687B1BBD4202D31A
:101A40009769DB195B1C974FBB42F5D3964D296014
:101A5000002804D031000098FDF7DEFF00902868D0
:101A6000204004D16846FEF774FB002802D100989C
:101A7000FEF7C2FBA94804606004FEF7EDF9F1BD72
:101A800038B5A74CE06BC00506D580200006206065
:101A900000BF00BF40082060FEF724FCFEF740FABC
:101AA000FDF764FE05009F489F490860FFF77AFF35
:101AB0008020C002FEF7D0F9002D01D080202060E8
:101AC00001209A49087031BDF8B5FEF729FA984F00
:101AD0002C20385C0521014002D0FEF7B7FA01E066
:101AE000FEF7C1FA8E4C0225F86A284001D0012089
:101AF00020601020C0438F4908600026A6638E48EE
:101B00000660FEF7CBF9002803D08C4800688047B8
:101B100000E03E60FEF792F989480068E16B090435
:101B200007D4000705D5FEF79FF986490D60FEF73B
:101B3000A4F9FEF78CF9FFF794FDA804FEF78CF9E1
:101B4000F1BD80B5FEF7ECF951480068000303D4FD
:101B5000FEF799FBFEF757FF80204003FEF77CF964
:101B600001BD38B5FEF7DCF96D4C2025FFF73CFBD5
:101B7000002806D0206B000704D5FFF75AFBFEF7BC
:101B8000F7FF2560FEF77FFBFEF73DFF6E4800780C
:101B90000C210140042902D1FEF758FA01E0FEF7BA
:101BA00062FA6804FEF758F94020206031BD1CB588
:101BB000FEF744F9052029490860FEF748F9FEF7C9
:101BC000AFF9FFF736FBB848006800906846FEF7AB
:101BD0007FFF0400FFF7E6FE002C02D10098FEF71D
:101BE000EDFF80204004FEF737F913BDF8B5FEF78E
:101BF00097F9AE4C256A5020284002D0FEF726FA0D
:101C000001E0FEF730FA464FFFF7EEFA00281BD14D
:101C1000786B40071DD4386BE0214901014018D191
:101C2000A80611D4FEF70AF9256AA14E354207D05D
:101C3000FF20C0432D182562802000059D490860C3
:101C4000FEF705F92E4002D00120386001E00020A7
:101C5000206080208004FEF7FFF8F1BD3C1102A84F
:101C6000400002A880B5FEF75BF993480068400683
:101C700001D5FEF708FB0120FFF7D6F9FEF7C3FEFA
:101C80008020C004FEF7E8F801BD0000DC3700004A
:101C90000C0002A8B83F00004C3E0000D43E0000FB
:101CA00020C001A801FF0000483E000010B52648F2
:101CB0000468FEF735F981490968090328D403212E
:101CC000C00601D5214001E0A0080140012902D150
:101CD000FEF7BCF90BE0200107D50E20FFF7F2FB61
:101CE000A7480421016008210160FEF7BCF9A54C5A
:101CF0002069A5490860FFF755FE2068002807D035
:101D00004000122802D2FFF791FD01E0FFF737FBF8
:101D100080208003FEF7A0F810BD0000402002A83C
:101D2000100002A870012000B46000A8773E0000F7
:101D3000C43E0000442002A8503E0000E0370000EE
:101D4000844000A87CE40350F03E0000F8B584B065
:101D500001266846067000270297FEF7E1F8039017
:101D6000564C2068000300D597E00320A849C863BB
:101D700086480068FB25AD010F210F220240032A8F
:101D800003D0000B014006294DD1A2480068A249AA
:101D90008E6DE16B890701D59F49CE6DFFF755FB2D
:101DA0008619FEF77BF800280ED02879C1060BD0E3
:101DB0002868090D4143890B76189749096800295D
:101DC00002D10002400C3618002E01D5019700E028
:101DD0000196606B0107C80F03212A6B0A40022A93
:101DE0001BD1039AD20618D5AA68D30513D5A66BC2
:101DF0008A4B1E409E4203D11021854AD1630CE0DC
:101E000092050AD4E26B2823134006D16B461F705B
:101E1000284A116001E06A46177002906846067809
:101E2000002E03D10FE07C48406D0190FFF7DCF9F4
:101E3000002808D0FFF7FDF90298002802D0FEF72D
:101E400097FE00E00026022071490860002E10D0A5
:101E50003020285C0C210140042902D0A06BC00670
:101E600002D5FEF7F3F801E0FEF7FDF820206060F0
:101E700013E0FEF708FA802000060E490860684863
:101E80006849086001A8FEF723FE0400FFF78AFDF9
:101E9000002C02D10198FEF791FE80200004FDF78E
:101EA000DBFF05B0F0BD0000CC3F0000D03E0000DD
:101EB00000FFFF00441002A8440102A80C0002A881
:101EC000FEB500240194FEF72BF8FFF76BFD564E8C
:101ED000F06E564D0007000F072807D170680028E4
:101EE00004D40020FFF7A0F8286841E00121032076
:101EF0004F4A73685B070BD44E4B1B680B4007D0EF
:101F00001368DF050BD55B0502D43368DB0503D40A
:101F10000191916A890904E01021474B1960916A87
:101F20000909084000900020FFF77EF8009800287B
:101F300005D17068C00602D4FEF795F801E0FEF7FF
:101F400085F800200199002903D13C480068FFF77B
:101F50007CFA6969401801D5009400E00090684659
:101F6000FEF7F7F8002805D10098FEF745F9A869B3
:101F70000549086080200005FDF76EFFF7BD0000F1
:101F800080E200E0AC3F00004C3E0000AC0002A844
:101F9000F8B5FDF7C5FF002400252948066B80270A
:101FA0007F05300606D5300709D5FFF742F9FEF761
:101FB000DFFD29E001251F480068284019D00020D6
:101FC000FFF732F80220064002D01E490C60C861BB
:101FD0001D480468002D03D02000FDF7A9FD040072
:101FE000FFF727F92000FEF7E9FD3800FDF734FF81
:101FF000F1BD16480078C0210140402902D1FEF70A
:1020000025F801E0FEF72FF820200D490860ECE7E5
:10201000082002A80CC101A86C3F000010000010AD
:10202000FFFF7F7FB46000A8400002A8BC3F000013
:10203000C83E0000B44000A8441002A81CC101A87A
:10204000100002A8180000AAD83F0000F03E0000CF
:1020500000F03CF802480349486000F052F800BF25
:10206000732A00000000000080B5EFF305800B2804
:1020700001D23A2100E02921FF221632002000F08F
:102080003FFAFEE710B5C20018231340FF249C401E
:10209000E2438907090E9940030004D470489B0865
:1020A0009B00C01806E0AD4B0007000F0838800801
:1020B0008000181803681A401143016010BD80B5F4
:1020C00073225421002000F01BFA01BD10B5FFF768
:1020D00061FC0121634A1160634B644A1360644AE6
:1020E00013600323634C2360634C2360634B1960CC
:1020F000634B19608023A44C2360D160FFF74EFC32
:1021000010BDFFF747FC05000024012160B2FFF776
:10211000B9FF641C0E2CF8D301210F20FFF7B2FF8A
:1021200001211120FFF7AEFF01211320FFF7AAFFC5
:1021300001211720FFF7A6FF03210120C043FFF76D
:10214000A1FF01211B20FFF79DFF73487349086021
:102150007348C16AC1620168016002207149086068
:1021600001208A49086047046F4C20693840FCD040
:102170002068800101D4FDF748FE2800FFF70EFC1F
:10218000774D0AE000281BD0FDF76EFE18E02069AD
:102190003840FCD03000FFF701FC206E0004000F37
:1021A000022801D1FEF73AFAFFF7F4FB0600FDF72B
:1021B0006BFE0028A878E5D0002801D1FDF75DFE70
:1021C00001206978002909D12978002905D17049B1
:1021D0000968890601D45349086030BF002169703D
:1021E00029780029D6D102214E4A1160674908603A
:1021F000CDE76848016842680A40674810401B49BB
:102200000860800703D5A4480188491C01807047F5
:1022100070B56248016840680840000E00066049D9
:1022200080221205104218D05E4B1C68641C1C6092
:102230005D4C5E4D2D682D0407D5A568002D04D09A
:1022400007250D600125AC4E3560402525601B68D3
:10225000012B02D910238B62CA67886770BD00000A
:1022600000E400E0040002A80000FF3F282002A8CC
:102270002C1002A840E002A844C002A804C001A893
:10228000044001A8F8B5854C206B616B01400091BA
:10229000834D0846286000988249014007D0FDF729
:1022A000FDFD002803D000989449096888478020E4
:1022B000009901401CD0F821C90123680B4017D0B8
:1022C000C0221201934213D880231B06EB622668BA
:1022D0000E40944F3F683F043F0F022F01D0032F61
:1022E00003D1002E01D09642F1D38F490B602860B4
:1022F0008E48007806280DDA0098CC21890101402B
:1023000008D0FFF747FB04000098FDF7B5FA20005E
:10231000FFF744FBF1BD0000FFFF9B0800E100E078
:10232000E04001A85C2002A84C0002A810B580483B
:10233000016844680C407F48046080210C4205D04D
:1023400041607D4801600020FDF796FA600403D5E6
:10235000802040057949086010BD00001CED00E0B8
:10236000763E000038B57648016844680C40E007C6
:1023700007D5FFF70FFB0500FDF714FB2800FFF75B
:102380000DFB7048046031BD505201A85C1002A8DA
:10239000F40302A8280002A8FFFF00C0B44000A870
:1023A0003C6000A8703E00002C4000A8384101A805
:1023B000FEB5654C206C666C064001273E4216D087
:1023C0003D0662480560206861490F60002802D020
:1023D0000021FDF7A5FC5F480068A021C9018842E3
:1023E0008041C043C00F5C4988705C480560FDF7C0
:1023F0003BFD029002210E4049D06068C2B20192BA
:10240000000A009008224B4B4C03554D0020019EC2
:10241000012E27D0022E38D1009E012E24D1EE7835
:102420000096504E2F780C2047430020F05128781A
:10243000400590277F04C719032038434A4F38606E
:102440001C604A480460301D2B780C246343484CC0
:102450002468009FE419C45028780C235843315055
:10246000444811E00091DCE7002E0ED1424E376067
:102470003C4E361D2D780C277D4370515C601C60EE
:10248000C8043E4B18603E48026031480160029823
:10249000FDF7F3FCF7BD0000743E00001C4201A8EC
:1024A0004C6201A80200060070B5FDF7DDFC0400D7
:1024B000FFF770FA2C490A68D20717D5294A121D6E
:1024C000304B5D7A0C2675435659294D2D681E6098
:1024D000CE685E604968D9818021C9041B4E316095
:1024E000197B69185B7A0C256B43D150FFF756FABC
:1024F0002000FDF7C2FC70BD3C5000A8D83700009A
:10250000002800D0704710B50C00FDF7ADFC1E4947
:102510000C6001221D4B1A600B6C1340FCD1FDF7BF
:10252000ACFC10BDAC0002A8785201A8403E0000EF
:1025300090C001A890E001A80CC001A804ED00E043
:1025400090C000A890E000A800C002A8401002A817
:1025500040E002A8404000A8763E0000402002A8CB
:102560008D3E0000300000A860C101A894D001A8F1
:10257000200000A8F42302A860E101A880E200E0A6
:10258000F41302A8843E0000008002A8409002A834
:10259000232D302B2000686C4C006566674546474C
:1025A00000303132333435363738394142434445CF
:1025B000460030313233343536373839616263643E
:1025C00065660062675F6D6573736167652072653C
:1025D0006365697665727300626762756600616340
:1025E0006C006C6C5F636F6E6E656374696F6E0018
:1025F0006C6C5F6164765F736574006C6C5F7661B0
:102600006C696461746F720062675F6D657373619A
:10261000676500736F66745F74696D65725F6D6581
:102620007373616765006C6C5F6164765F73796E6C
:1026300063006C6C5F7363616E5F73796E630067D8
:1026400061705F706572696F6469635F6164760071
:102650006761705F706572696F6469635F73796EDB
:1026600063006C326361705F636F635F6368616EA8
:102670006E656C006D626564746C735F636F6E741D
:1026800065787400D8250400DE250400E2250400E6
:10269000F0250400FB25040008260400132604008E
:1026A00026260400322604003F260400502604009B
:1026B000622604007426040062676275665F696EB4
:1026C0000062676275665F6F757400626762756647
:1026D0005F6E6F666C6F770062675F6D616C6C6FC9
:1026E000630000000D00030002000100050001026C
:1026F00003E69D350E480103CCDBFDF4AC1191F4EB
:10270000EFB9A5F9E9A7832C5E2CBE97F2D203B0EE
:1027100020008BD28915D08E1C742430ED8FC245D9
:1027200063765C15525ABF9A32636DEB2A65499CF9
:1027300080DC006C888391AAF5A53860370BDB5AE2
:102740006083BE00000001000100050100050202D7
:102750000300020000000000020501000500000166
:10276000000100000100010202030002000000005D
:10277000000202010002000089FF020061FA02006B
:102780004BD20300B9D103004FCB030039F802004C
:1027900085F70200DDF50200ADCF030005C603009A
:1027A000F5FB02001DF1020069EF020003CF0300F8
:1027B00095CE03003DCE03009BCD0300E7CB030085
:1027C000E9EC020015EB0200CDEB020009C60300A4
:1027D000B9E80200BF01FB9D4EF3BC36D874F53951
:1027E0004138684C8BD28915D08E1C742430ED8F03
:1027F000C24563765C15525ABF9A32636DEB2A6507
:10280000499C80DCE69D350E480103CCDBFDF4AC31
:102810001191F4EFB9A5F9E9A7832C5E2CBE97F2CC
:10282000D203B0203F49F6D4A3C55F3874C9B3E3DF
:10283000D2103F504AFF607BEB40B7995899B8A639
:10284000CD3C1ABD5030040000000000BC2804003C
:10285000010000006A6625D900F0490250300400EA
:1028600000000000E0280400010000004E667ECC5D
:1028700000F0490250300400000000000429040068
:1028800001000000C15A6F0400F0490250300400FA
:10289000000000002829040001000000358742EBF9
:1028A00000F0490250300400000000004C290400F0
:1028B000010000006EF10B1B00F0490270290400BA
:1028C000809C2B8F80841E00000000002700520097
:1028D000E82C002000000000083404000000000084
:1028E000D02A0400809C2B8F80841E0000000000F2
:1028F00027005200E82C00200000000008340400EB
:1029000000000000302C0400809C2B8F80841E006F
:102910000000000027005200E82C0020000000000A
:102920000834040000000000902D0400809C2B8FD0
:1029300080841E000000000027005200E82C0020C8
:10294000000000000C34040000000000F02E040021
:10295000809C2B8F80841E00000000002700520006
:10296000E82C0020000000001034040000000000EB
:10297000FC4F0103783204001040010000410000C8
:102980003C40010000000000484001002007040016
:1029900050400100000000005C4001000D0F0000ED
:1029A00004410100FF4C00002040030100000086AC
:1029B0001FC001000020000038400101000000009D
:1029C00058400401180005004008000009000000FC
:1029D0009200040080400F018C002C0200000000D7
:1029E0001200120000808C19000000000002050E89
:1029F0001C2F4353626968615543320416100E0E52
:102A00000D0C0A0807060504030302020201010176
:102A100001010100EC40010180B0B18CFC400301D8
:102A20009C200B00055B60804737414A0C41030145
:102A3000B85512002A1949290908404028410101C6
:102A4000FFDD0000384107014CD4E83B04196F104A
:102A5000080E141A20262C32383E10325476980A6A
:102A60001D00000070410101C0030000344201015B
:102A70000008000E4842010158AA1EC07842010118
:102A80000000008038800101114910009C80030182
:102A9000EB40020070380300D0000000A880011154
:102AA000F0010000A8800131055AFD01AC80011140
:102AB000F0010000AC800131053EFD00E4000102A0
:102AC0006C2C511154010102C43F0000FFFFFFFFB5
:102AD000FC4F0103C8320400104001000041000017
:102AE0003C400100100000004840010020070400A5
:102AF00050400100000400005C4001000D0F000088
:102B00000441010003C001002040030130000046E1
:102B10001FC8010000200010384001010000000023
:102B2000584004011800050040080000090000009A
:102B300092000A0080400F018C002C02000000006F
:102B4000120012005B808C1B000000000002050ECA
:102B50001C2F4353626968615543320416100E0EF0
:102B60000D0C0A0807060504030302020201010115
:102B700001010100EC40010180B0B18CFC40030177
:102B80009C200A0001612080B75635120C410301D8
:102B9000B8551200A01B04290888404028410101B3
:102BA00000000000384107014CD4E83B04196F30A5
:102BB000080E141A20262C32383E10325476980A09
:102BC0001D5F00007041010100000000344201015E
:102BD0000008000E48420101F4811F007842010103
:102BE0000000000038800101114910009C800301A1
:102BF000EB40020070380300D0000000A8800111F3
:102C0000F0010000A8800131055AFD01AC800111DE
:102C1000F0010000AC800131053EFD00E40001023E
:102C20006C2C511154010102C43F0000FFFFFFFF53
:102C3000FC4F010318330400104001000041000064
:102C40003C40010010000000484001002017040033
:102C500050400100010400005C4001000D0F000025
:102C60000441010003C00100204003013000004680
:102C70001FC80100002000103840010100000000C2
:102C80005840040118000500400800000900000039
:102C900092000A0080400F018C002C02000000000E
:102CA000120012005B808C1B000000000002050E69
:102CB0001C2F4353626968615543320416100E0E8F
:102CC0000D0C0A08070605040303020202010101B4
:102CD00001010100EC40010180B0B18CFC40030116
:102CE0009C200A0001612080B75635120C41030177
:102CF000B8551200A01B0429088840402841010152
:102D000000000000384107014CD4E83B04196F3043
:102D10000A10161C22282E343A4010325476980A93
:102D20001D5F80A4704101010000000034420101D8
:102D30000008000E48420101F4811F0078420101A1
:102D40000000000038800101114910009C8003013F
:102D5000EB40020070380300D0000000A880011191
:102D6000F0010000A8800131055AFD01AC8001117D
:102D7000F0010000AC800131053EFD00E4000102DD
:102D80006C2C511154010102C43F0000FFFFFFFFF2
:102D9000FC4F0103683304001040010001410000B2
:102DA0003C4001000000000048400100A007040072
:102DB00050400100000000005C40010000000000E5
:102DC00004410100FF4C0000204003010000008688
:102DD0001FC00100006000003840010100000040F9
:102DE000584004016402FF00400800000100000098
:102DF0009200080080400F018C000C0200000000CF
:102E0000D703220000000000000000000002050DB2
:102E10001A2D3F506068696357463525150D09081E
:102E20000706050504040403030303020202020269
:102E300001010101EC40010190382C8CFC400301A0
:102E40009C200A00055B58804737414A0C4103012A
:102E5000B85552002A194929893B404028410101AF
:102E6000FFDD000038410701E853FA0000000000D0
:102E70000000000000000000000000000000000052
:102E80000000000070410101C10300003442010153
:102E90000000000E4842010158AA1EC078420101FC
:102EA0000000000038800101114910009C800301DE
:102EB0000000000070780300FFC00200A88001112C
:102EC000F0010000A88001310542CB01AC80011166
:102ED000F0010000AC800131050A0D00E4000102A0
:102EE0006C2C511154010102C43F0000FFFFFFFF91
:102EF000FC4F0103B8330400104001000141000001
:102F00003C4001000000000048400100A007040010
:102F100050400100000000005C4001000000000083
:102F200004410100FF4C0000204003010000008626
:102F30001FC0010000600000384001010000004097
:102F400058400401C804FF004008000001000000D0
:102F50009200040080400F018C000C020000000071
:102F6000B603220000000000000000000002050E71
:102F70001C2F4353626968615543320416100E0ECC
:102F80000D0C0A08070605040303020202010101F1
:102F900001010100EC40010190E82B8CFC40030191
:102FA00090200A00055B58804737414A0C410301D5
:102FB000F56252002A194929893B40402841010104
:102FC000FFDD000038410701E853FA00000000006F
:102FD00000000000000000000000000000000000F1
:102FE0000000000070410101C103000034420101F2
:102FF0000000000E4842010158AA1EC0784201019B
:103000000000000038800101552510009C8003015C
:103010000000000070780300D0000000A8800111BB
:10302000F0010000A88001310542CB01AC80011104
:10303000F0010000AC800131053EFD00E40001021A
:103040006E2C511354010102C43F0200FFFFFFFF29
:103050000C4001000181010020400200000000003E
:1030600001000000304003000000000000000000EC
:10307000000000004040020000000000004000008E
:103080006040010001010000A840010007000000AD
:10309000BC40040000000000000000000000000030
:1030A0000000000008410300FF4C0000FF4D00003D
:1030B000FF4D000020C0011000F8070020C00130C3
:1030C000F502080024C00110FF00000024C00130F8
:1030D0000013000028C00700EC80B3834375405103
:1030E000A00F004830400000000000000000000079
:1030F0002E02000050C00400511130040E2D09E6CC
:1031000054060708D1B6020064C00A000430001C4F
:10311000403018090D647920EBFCFB017FF6E803D1
:10312000BD4B721511A3180510325476980A000091
:10313000000000000800010108070000180001015C
:10314000AAAAAA00200001010060DA001C400101C7
:10315000100000002C40030100800000000000036C
:103160000000000068400201294176710000000063
:10317000BC4002010000000000000000E04002012D
:103180003300000000000000F440020164048307E3
:103190008813C83A244101010000000030410201B7
:1031A0006406660C0C01000054410101010100009D
:1031B00068410201640483078813820030420101E0
:1031C0000000000038420201000000000000000082
:1031D00044420101000000005442090100000000C7
:1031E00000003C000000000000000000555555554F
:1031F000170000000000000000000000AAAA06005E
:103200007C4202010000000000000000108001016B
:10321000030000003C80010101000000B0800201B9
:10322000000300023700000198000202000C0004B5
:103230004C000000A400010200040000D0000202C3
:10324000050040AA88010000F4000202000000000E
:103250003D210811FC0001123F000000FC0001327A
:1032600000540400300101026000510268010102B3
:1032700000040000FFFFFFFF1200000000008000BC
:1032800000000000BC3404006C34040000000000A6
:10329000802596000048E80140420F000108F50033
:1032A0001149500200000000143404000000000026
:1032B00000000000000000003E420F00000000007F
:1032C000000000000000000012000000000080006C
:1032D00000000000BC3404007C3404000000000046
:1032E000802596000048E80140420F000108F500E3
:1032F00011495002000000001434040000000000D6
:1033000000000000000000003E420F00000000002E
:10331000000000000000000012000000000080001B
:1033200000000000BC3404008C34040000000000E5
:10333000802596000048E80140420F000102F50098
:103340001149500200000000143404000000000085
:1033500000000000000000003E420F0000000000DE
:1033600000000000000000001200000000008000CB
:1033700000000000BC3404009C3404000000000085
:10338000004786000048E80180841E000101F50026
:103390001149500200000000143404000000000035
:1033A000000000000000000055841E000000000026
:1033B000000000000000000012000000000080007B
:1033C00000000000BC340400AC3404000000000025
:1033D000841743000024F40040420F000101F5006F
:1033E00055255003000000001434040000000000C4
:1033F000000000000000000038420F000000000044
:1034000000000000000000000300000003020000B4
:10341000030100000200000000F049020614000051
:1034200000E0930405380000A008000000005809DF
:1034300001040706100A01040707C80A0004080768
:10344000800B00040808380C00040908610800001B
:103450000000680800000000C709010404032C0BE9
:1034600001040404920C01040504000050C3000090
:10347000E62D0000D0070000D0070000F5DA0200BA
:10348000102700002C0100002C010000E5BF000007
:1034900010270000C2010000C201000050C300005C
:1034A00050140000FA000000FA00000050C30000B1
:1034B000FC210000B3010000B3010000193F010628
:1034C000041001000001010600102700000C00009C
:0834D0000000000000000000F4
:0834D80014EFFC7F010000006D
:0C34E000EC340400202B0020A0000000B1
:1034EC000000000000000000FFFF0000302B002057
:1034FC007C0E002084ED030002010000252B01004E
:10350C0000000000000000000000000000000000AF
:10351C000F1000007C0E002033000000F52B010082
:10352C00E8030000C0EA2101C0EA2101008000008C
:10353C0000F04902782B00200040070000A000009A
:10354C00E0110020C8000000FE0000000000000098
:10355C0098EE0300C80A002049A9030000000000EF
:10356C00010000000000000010000000100000002E
:10357C002115020000000000092F020000000000CD
:10358C0000000000000000003D9803000000000057
:10359C007D3A020000000000000000000000000066
:1035AC00293A0200000000000000000000000000AA
:1035BC00F13A0200000000000000000000000000D2
:1035CC00A53D02000000000000000000000000000B
:1035DC00554402000000000000000000FFFFFFFF48
:1035EC002B9A030078F50300FFFFFFFF8CF5030017
:1035FC001BA0030017A00300FFFFFFFF1FA0030089
:10360C00FFFFFFFFFDA4030067A50300FFFFFFFF03
:10361C00FFFFFFFFFFFFFFFFFFFFFFFF2F2A000051
:10362C00642C002000000000D0250020382600204B
:10363C00A026002000000000000000000000000098
:10364C00000000000000000000000000000000006E
:10365C00000000000000000000000000000000005E
:10366C00000000000000000000000000000000004E
:10367C000000000003000000D02500200000000026
:10368C0000FFFFFFFF00000051BC030055BC03000E
:10369C0059BC03005DBC030000000000B906030028
:1036AC000000000000000000FFFFFFFF0000000012
:1036BC0020000400000000000000020010000000C8
:1036CC0000000000000000000000000000000000EE
:1036DC000A000100000000000A000D000000456D0A
:1036EC00707479204578616D706C650002000A0079
:1036FC00080030303030303030300000020005002F
:10370C000300303030000000020008000500302EAD
:10371C00302E300000000200080000000000000005
:10372C0000000000FFFFFFFF040008070200170065
:10373C00FFFF0C0000000000FF1F04010101BF8F00
:10374C00AF7F8700370F10100004040F05140A0A0E
:10375C0003010FFF0CFF0F7FC9230100A123010000
:04000003100031A90F
:00000001FF
